id,timestamp,event_key,payload_json,region_id,pose_x,pose_y,pose_yaw,pm25,voc,co2,temperature,humidity,fan_level,battery_soc,task_id,decision_id,robot_state,valid_flag,quality_code,source_type,episode_id,scenario_id
265,2026-08-01T09:17:00,A,"{""timestamp"": ""2026-08-01T09:17:00"", ""region_id"": ""A"", ""pose_x"": 0.0, ""pose_y"": 0.0, ""pose_yaw"": 0.0, ""pm25"": 91.73364562505192, ""voc"": 105.97077988030831, ""co2"": 558.4524253100376, ""temperature"": 23.363346852951736, ""humidity"": 46.65764995491871, ""fan_level"": 0, ""battery_soc"": 76.97999999999996, ""task_id"": """", ""decision_id"": """", ""robot_state"": ""SIMULATION"", ""valid_flag"": true, ""quality_code"": ""GOOD"", ""source_type"": ""SIMULATION"", ""episode_id"": ""unified_gui_demo"", ""scenario_id"": ""scenario_3_multi_region""}",A,0.0,0.0,0.0,91.73364562505192,105.97077988030831,558.4524253100376,23.363346852951736,46.65764995491871,0,76.97999999999996,,,SIMULATION,1,GOOD,SIMULATION,unified_gui_demo,scenario_3_multi_region
266,2026-08-01T09:17:00,B,"{""timestamp"": ""2026-08-01T09:17:00"", ""region_id"": ""B"", ""pose_x"": 4.0, ""pose_y"": 0.0, ""pose_yaw"": 0.0, ""pm25"": 12.491805729679271, ""voc"": 198.78283250743513, ""co2"": 661.712157597754, ""temperature"": 23.08092215944654, ""humidity"": 58.85112004379469, ""fan_level"": 0, ""battery_soc"": 76.97999999999996, ""task_id"": """", ""decision_id"": """", ""robot_state"": ""SIMULATION"", ""valid_flag"": true, ""quality_code"": ""GOOD"", ""source_type"": ""SIMULATION"", ""episode_id"": ""unified_gui_demo"", ""scenario_id"": ""scenario_3_multi_region""}",B,4.0,0.0,0.0,12.491805729679271,198.78283250743513,661.712157597754,23.08092215944654,58.85112004379469,0,76.97999999999996,,,SIMULATION,1,GOOD,SIMULATION,unified_gui_demo,scenario_3_multi_region
267,2026-08-01T09:17:00,C,"{""timestamp"": ""2026-08-01T09:17:00"", ""region_id"": ""C"", ""pose_x"": 0.0, ""pose_y"": 4.0, ""pose_yaw"": 0.0, ""pm25"": 15.346146333427349, ""voc"": 116.32167381563075, ""co2"": 553.9678905987635, ""temperature"": 23.947872563746362, ""humidity"": 48.83959841729743, ""fan_level"": 0, ""battery_soc"": 76.97999999999996, ""task_id"": """", ""decision_id"": """", ""robot_state"": ""SIMULATION"", ""valid_flag"": true, ""quality_code"": ""GOOD"", ""source_type"": ""SIMULATION"", ""episode_id"": ""unified_gui_demo"", ""scenario_id"": ""scenario_3_multi_region""}",C,0.0,4.0,0.0,15.346146333427349,116.32167381563075,553.9678905987635,23.947872563746362,48.83959841729743,0,76.97999999999996,,,SIMULATION,1,GOOD,SIMULATION,unified_gui_demo,scenario_3_multi_region
268,2026-08-01T09:17:00,D,"{""timestamp"": ""2026-08-01T09:17:00"", ""region_id"": ""D"", ""pose_x"": 4.0, ""pose_y"": 4.0, ""pose_yaw"": 0.0, ""pm25"": 11.929023121667868, ""voc"": 111.48343442915373, ""co2"": 1064.1721155703126, ""temperature"": 24.182622093955274, ""humidity"": 53.70675557620481, ""fan_level"": 0, ""battery_soc"": 76.97999999999996, ""task_id"": """", ""decision_id"": """", ""robot_state"": ""SIMULATION"", ""valid_flag"": true, ""quality_code"": ""GOOD"", ""source_type"": ""SIMULATION"", ""episode_id"": ""unified_gui_demo"", ""scenario_id"": ""scenario_3_multi_region""}",D,4.0,4.0,0.0,11.929023121667868,111.48343442915373,1064.1721155703126,24.182622093955274,53.70675557620481,0,76.97999999999996,,,SIMULATION,1,GOOD,SIMULATION,unified_gui_demo,scenario_3_multi_region
269,2026-08-01T09:17:30,A,"{""timestamp"": ""2026-08-01T09:17:30"", ""region_id"": ""A"", ""pose_x"": 0.0, ""pose_y"": 0.0, ""pose_yaw"": 0.0, ""pm25"": 92.56352990921407, ""voc"": 103.62688713876295, ""co2"": 587.5968687829234, ""temperature"": 23.63683760224963, ""humidity"": 46.59005715078237, ""fan_level"": 1, ""battery_soc"": 76.94999999999996, ""task_id"": ""task_001"", ""decision_id"": ""demo_decision_001"", ""robot_state"": ""SIMULATION"", ""valid_flag"": true, ""quality_code"": ""GOOD"", ""source_type"": ""SIMULATION"", ""episode_id"": ""unified_gui_demo"", ""scenario_id"": ""scenario_3_multi_region""}",A,0.0,0.0,0.0,92.56352990921407,103.62688713876295,587.5968687829234,23.63683760224963,46.59005715078237,1,76.94999999999996,task_001,demo_decision_001,SIMULATION,1,GOOD,SIMULATION,unified_gui_demo,scenario_3_multi_region
270,2026-08-01T09:17:30,B,"{""timestamp"": ""2026-08-01T09:17:30"", ""region_id"": ""B"", ""pose_x"": 4.0, ""pose_y"": 0.0, ""pose_yaw"": 0.0, ""pm25"": 15.053550337802964, ""voc"": 217.13932592043193, ""co2"": 623.6445321829096, ""temperature"": 23.05330086282414, ""humidity"": 59.0929018669212, ""fan_level"": 0, ""battery_soc"": 76.94999999999996, ""task_id"": ""task_001"", ""decision_id"": ""demo_decision_001"", ""robot_state"": ""SIMULATION"", ""valid_flag"": true, ""quality_code"": ""GOOD"", ""source_type"": ""SIMULATION"", ""episode_id"": ""unified_gui_demo"", ""scenario_id"": ""scenario_3_multi_region""}",B,4.0,0.0,0.0,15.053550337802964,217.13932592043193,623.6445321829096,23.05330086282414,59.0929018669212,0,76.94999999999996,task_001,demo_decision_001,SIMULATION,1,GOOD,SIMULATION,unified_gui_demo,scenario_3_multi_region
271,2026-08-01T09:17:30,C,"{""timestamp"": ""2026-08-01T09:17:30"", ""region_id"": ""C"", ""pose_x"": 0.0, ""pose_y"": 4.0, ""pose_yaw"": 0.0, ""pm25"": 13.866432480254982, ""voc"": 106.68872560880543, ""co2"": 591.1306089226732, ""temperature"": 24.28463827232715, ""humidity"": 48.83302838641128, ""fan_level"": 0, ""battery_soc"": 76.94999999999996, ""task_id"": ""task_001"", ""decision_id"": ""demo_decision_001"", ""robot_state"": ""SIMULATION"", ""valid_flag"": true, ""quality_code"": ""GOOD"", ""source_type"": ""SIMULATION"", ""episode_id"": ""unified_gui_demo"", ""scenario_id"": ""scenario_3_multi_region""}",C,0.0,4.0,0.0,13.866432480254982,106.68872560880543,591.1306089226732,24.28463827232715,48.83302838641128,0,76.94999999999996,task_001,demo_decision_001,SIMULATION,1,GOOD,SIMULATION,unified_gui_demo,scenario_3_multi_region
272,2026-08-01T09:17:30,D,"{""timestamp"": ""2026-08-01T09:17:30"", ""region_id"": ""D"", ""pose_x"": 4.0, ""pose_y"": 4.0, ""pose_yaw"": 0.0, ""pm25"": 18.93424593635672, ""voc"": 127.84678363784433, ""co2"": 1078.7481124773926, ""temperature"": 24.27939239832041, ""humidity"": 53.656798036085554, ""fan_level"": 0, ""battery_soc"": 76.94999999999996, ""task_id"": ""task_001"", ""decision_id"": ""demo_decision_001"", ""robot_state"": ""SIMULATION"", ""valid_flag"": true, ""quality_code"": ""GOOD"", ""source_type"": ""SIMULATION"", ""episode_id"": ""unified_gui_demo"", ""scenario_id"": ""scenario_3_multi_region""}",D,4.0,4.0,0.0,18.93424593635672,127.84678363784433,1078.7481124773926,24.27939239832041,53.656798036085554,0,76.94999999999996,task_001,demo_decision_001,SIMULATION,1,GOOD,SIMULATION,unified_gui_demo,scenario_3_multi_region
273,2026-08-01T09:18:00,A,"{""timestamp"": ""2026-08-01T09:18:00"", ""region_id"": ""A"", ""pose_x"": 0.0, ""pose_y"": 0.0, ""pose_yaw"": 0.0, ""pm25"": 96.070979581937, ""voc"": 99.87329111618344, ""co2"": 599.4633047661595, ""temperature"": 23.280892077091035, ""humidity"": 46.46325439591317, ""fan_level"": 1, ""battery_soc"": 76.91999999999996, ""task_id"": ""task_001"", ""decision_id"": ""demo_decision_001"", ""robot_state"": ""SIMULATION"", ""valid_flag"": true, ""quality_code"": ""GOOD"", ""source_type"": ""SIMULATION"", ""episode_id"": ""unified_gui_demo"", ""scenario_id"": ""scenario_3_multi_region""}",A,0.0,0.0,0.0,96.070979581937,99.87329111618344,599.4633047661595,23.280892077091035,46.46325439591317,1,76.91999999999996,task_001,demo_decision_001,SIMULATION,1,GOOD,SIMULATION,unified_gui_demo,scenario_3_multi_region
274,2026-08-01T09:18:00,B,"{""timestamp"": ""2026-08-01T09:18:00"", ""region_id"": ""B"", ""pose_x"": 4.0, ""pose_y"": 0.0, ""pose_yaw"": 0.0, ""pm25"": 14.224031969045965, ""voc"": 242.06981107109218, ""co2"": 673.3033933484481, ""temperature"": 23.21679566413364, ""humidity"": 59.24452862061933, ""fan_level"": 0, ""battery_soc"": 76.91999999999996, ""task_id"": ""task_001"", ""decision_id"": ""demo_decision_001"", ""robot_state"": ""SIMULATION"", ""valid_flag"": true, ""quality_code"": ""GOOD"", ""source_type"": ""SIMULATION"", ""episode_id"": ""unified_gui_demo"", ""scenario_id"": ""scenario_3_multi_region""}",B,4.0,0.0,0.0,14.224031969045965,242.06981107109218,673.3033933484481,23.21679566413364,59.24452862061933,0,76.91999999999996,task_001,demo_decision_001,SIMULATION,1,GOOD,SIMULATION,unified_gui_demo,scenario_3_multi_region
275,2026-08-01T09:18:00,C,"{""timestamp"": ""2026-08-01T09:18:00"", ""region_id"": ""C"", ""pose_x"": 0.0, ""pose_y"": 4.0, ""pose_yaw"": 0.0, ""pm25"": 12.541481656008946, ""voc"": 114.33052428217364, ""co2"": 584.5519353895373, ""temperature"": 24.004686202699013, ""humidity"": 49.12062852990588, ""fan_level"": 0, ""battery_soc"": 76.91999999999996, ""task_id"": ""task_001"", ""decision_id"": ""demo_decision_001"", ""robot_state"": ""SIMULATION"", ""valid_flag"": true, ""quality_code"": ""GOOD"", ""source_type"": ""SIMULATION"", ""episode_id"": ""unified_gui_demo"", ""scenario_id"": ""scenario_3_multi_region""}",C,0.0,4.0,0.0,12.541481656008946,114.33052428217364,584.5519353895373,24.004686202699013,49.12062852990588,0,76.91999999999996,task_001,demo_decision_001,SIMULATION,1,GOOD,SIMULATION,unified_gui_demo,scenario_3_multi_region
276,2026-08-01T09:18:00,D,"{""timestamp"": ""2026-08-01T09:18:00"", ""region_id"": ""D"", ""pose_x"": 4.0, ""pose_y"": 4.0, ""pose_yaw"": 0.0, ""pm25"": 10.937895608212113, ""voc"": 123.612062039556, ""co2"": 1094.1856586795375, ""temperature"": 23.7452376773957, ""humidity"": 53.61989089324254, ""fan_level"": 0, ""battery_soc"": 76.91999999999996, ""task_id"": ""task_001"", ""decision_id"": ""demo_decision_001"", ""robot_state"": ""SIMULATION"", ""valid_flag"": true, ""quality_code"": ""GOOD"", ""source_type"": ""SIMULATION"", ""episode_id"": ""unified_gui_demo"", ""scenario_id"": ""scenario_3_multi_region""}",D,4.0,4.0,0.0,10.937895608212113,123.612062039556,1094.1856586795375,23.7452376773957,53.61989089324254,0,76.91999999999996,task_001,demo_decision_001,SIMULATION,1,GOOD,SIMULATION,unified_gui_demo,scenario_3_multi_region
277,2026-08-01T09:18:30,A,"{""timestamp"": ""2026-08-01T09:18:30"", ""region_id"": ""A"", ""pose_x"": 0.0, ""pose_y"": 0.0, ""pose_yaw"": 0.0, ""pm25"": 96.38918641256318, ""voc"": 102.22811709541003, ""co2"": 590.0157413567485, ""temperature"": 23.344655385475836, ""humidity"": 46.95170937562586, ""fan_level"": 1, ""battery_soc"": 76.88999999999996, ""task_id"": ""task_001"", ""decision_id"": ""demo_decision_001"", ""robot_state"": ""SIMULATION"", ""valid_flag"": true, ""quality_code"": ""GOOD"", ""source_type"": ""SIMULATION"", ""episode_id"": ""unified_gui_demo"", ""scenario_id"": ""scenario_3_multi_region""}",A,0.0,0.0,0.0,96.38918641256318,102.22811709541003,590.0157413567485,23.344655385475836,46.95170937562586,1,76.88999999999996,task_001,demo_decision_001,SIMULATION,1,GOOD,SIMULATION,unified_gui_demo,scenario_3_multi_region
278,2026-08-01T09:18:30,B,"{""timestamp"": ""2026-08-01T09:18:30"", ""region_id"": ""B"", ""pose_x"": 4.0, ""pose_y"": 0.0, ""pose_yaw"": 0.0, ""pm25"": 13.967009429820376, ""voc"": 219.69778923839692, ""co2"": 661.9845201975306, ""temperature"": 23.013163870085084, ""humidity"": 59.17570153238888, ""fan_level"": 0, ""battery_soc"": 76.88999999999996, ""task_id"": ""task_001"", ""decision_id"": ""demo_decision_001"", ""robot_state"": ""SIMULATION"", ""valid_flag"": true, ""quality_code"": ""GOOD"", ""source_type"": ""SIMULATION"", ""episode_id"": ""unified_gui_demo"", ""scenario_id"": ""scenario_3_multi_region""}",B,4.0,0.0,0.0,13.967009429820376,219.69778923839692,661.9845201975306,23.013163870085084,59.17570153238888,0,76.88999999999996,task_001,demo_decision_001,SIMULATION,1,GOOD,SIMULATION,unified_gui_demo,scenario_3_multi_region
279,2026-08-01T09:18:30,C,"{""timestamp"": ""2026-08-01T09:18:30"", ""region_id"": ""C"", ""pose_x"": 0.0, ""pose_y"": 4.0, ""pose_yaw"": 0.0, ""pm25"": 13.521421435288637, ""voc"": 124.2198476356105, ""co2"": 565.6614867834738, ""temperature"": 24.38251338773048, ""humidity"": 49.30100800659133, ""fan_level"": 0, ""battery_soc"": 76.88999999999996, ""task_id"": ""task_001"", ""decision_id"": ""demo_decision_001"", ""robot_state"": ""SIMULATION"", ""valid_flag"": true, ""quality_code"": ""GOOD"", ""source_type"": ""SIMULATION"", ""episode_id"": ""unified_gui_demo"", ""scenario_id"": ""scenario_3_multi_region""}",C,0.0,4.0,0.0,13.521421435288637,124.2198476356105,565.6614867834738,24.38251338773048,49.30100800659133,0,76.88999999999996,task_001,demo_decision_001,SIMULATION,1,GOOD,SIMULATION,unified_gui_demo,scenario_3_multi_region
280,2026-08-01T09:18:30,D,"{""timestamp"": ""2026-08-01T09:18:30"", ""region_id"": ""D"", ""pose_x"": 4.0, ""pose_y"": 4.0, ""pose_yaw"": 0.0, ""pm25"": 13.69015679281525, ""voc"": 140.26620170117891, ""co2"": 1109.6861032783231, ""temperature"": 24.163209701446842, ""humidity"": 54.45677006888402, ""fan_level"": 0, ""battery_soc"": 76.88999999999996, ""task_id"": ""task_001"", ""decision_id"": ""demo_decision_001"", ""robot_state"": ""SIMULATION"", ""valid_flag"": true, ""quality_code"": ""GOOD"", ""source_type"": ""SIMULATION"", ""episode_id"": ""unified_gui_demo"", ""scenario_id"": ""scenario_3_multi_region""}",D,4.0,4.0,0.0,13.69015679281525,140.26620170117891,1109.6861032783231,24.163209701446842,54.45677006888402,0,76.88999999999996,task_001,demo_decision_001,SIMULATION,1,GOOD,SIMULATION,unified_gui_demo,scenario_3_multi_region
281,2026-08-01T09:19:00,A,"{""timestamp"": ""2026-08-01T09:19:00"", ""region_id"": ""A"", ""pose_x"": 0.0, ""pose_y"": 0.0, ""pose_yaw"": 0.0, ""pm25"": 98.32451562798863, ""voc"": 108.77680372971365, ""co2"": 579.4300693655808, ""temperature"": 23.176088794018103, ""humidity"": 46.63320960464092, ""fan_level"": 1, ""battery_soc"": 76.85999999999996, ""task_id"": ""task_001"", ""decision_id"": ""demo_decision_001"", ""robot_state"": ""SIMULATION"", ""valid_flag"": true, ""quality_code"": ""GOOD"", ""source_type"": ""SIMULATION"", ""episode_id"": ""unified_gui_demo"", ""scenario_id"": ""scenario_3_multi_region""}",A,0.0,0.0,0.0,98.32451562798863,108.77680372971365,579.4300693655808,23.176088794018103,46.63320960464092,1,76.85999999999996,task_001,demo_decision_001,SIMULATION,1,GOOD,SIMULATION,unified_gui_demo,scenario_3_multi_region
282,2026-08-01T09:19:00,B,"{""timestamp"": ""2026-08-01T09:19:00"", ""region_id"": ""B"", ""pose_x"": 4.0, ""pose_y"": 0.0, ""pose_yaw"": 0.0, ""pm25"": 14.390453534306843, ""voc"": 237.28066702469872, ""co2"": 669.1702137988186, ""temperature"": 22.971682586306017, ""humidity"": 58.56320100980914, ""fan_level"": 0, ""battery_soc"": 76.85999999999996, ""task_id"": ""task_001"", ""decision_id"": ""demo_decision_001"", ""robot_state"": ""SIMULATION"", ""valid_flag"": true, ""quality_code"": ""GOOD"", ""source_type"": ""SIMULATION"", ""episode_id"": ""unified_gui_demo"", ""scenario_id"": ""scenario_3_multi_region""}",B,4.0,0.0,0.0,14.390453534306843,237.28066702469872,669.1702137988186,22.971682586306017,58.56320100980914,0,76.85999999999996,task_001,demo_decision_001,SIMULATION,1,GOOD,SIMULATION,unified_gui_demo,scenario_3_multi_region
283,2026-08-01T09:19:00,C,"{""timestamp"": ""2026-08-01T09:19:00"", ""region_id"": ""C"", ""pose_x"": 0.0, ""pose_y"": 4.0, ""pose_yaw"": 0.0, ""pm25"": 15.340417298422997, ""voc"": 122.09878028841202, ""co2"": 588.3879414287121, ""temperature"": 24.005419766411997, ""humidity"": 48.631810437344804, ""fan_level"": 0, ""battery_soc"": 76.85999999999996, ""task_id"": ""task_001"", ""decision_id"": ""demo_decision_001"", ""robot_state"": ""SIMULATION"", ""valid_flag"": true, ""quality_code"": ""GOOD"", ""source_type"": ""SIMULATION"", ""episode_id"": ""unified_gui_demo"", ""scenario_id"": ""scenario_3_multi_region""}",C,0.0,4.0,0.0,15.340417298422997,122.09878028841202,588.3879414287121,24.005419766411997,48.631810437344804,0,76.85999999999996,task_001,demo_decision_001,SIMULATION,1,GOOD,SIMULATION,unified_gui_demo,scenario_3_multi_region
284,2026-08-01T09:19:00,D,"{""timestamp"": ""2026-08-01T09:19:00"", ""region_id"": ""D"", ""pose_x"": 4.0, ""pose_y"": 4.0, ""pose_yaw"": 0.0, ""pm25"": 14.401909346600645, ""voc"": 151.41470758492736, ""co2"": 1123.3206369904124, ""temperature"": 24.2979815330201, ""humidity"": 53.6949528350933, ""fan_level"": 0, ""battery_soc"": 76.85999999999996, ""task_id"": ""task_001"", ""decision_id"": ""demo_decision_001"", ""robot_state"": ""SIMULATION"", ""valid_flag"": true, ""quality_code"": ""GOOD"", ""source_type"": ""SIMULATION"", ""episode_id"": ""unified_gui_demo"", ""scenario_id"": ""scenario_3_multi_region""}",D,4.0,4.0,0.0,14.401909346600645,151.41470758492736,1123.3206369904124,24.2979815330201,53.6949528350933,0,76.85999999999996,task_001,demo_decision_001,SIMULATION,1,GOOD,SIMULATION,unified_gui_demo,scenario_3_multi_region
285,2026-08-01T09:19:30,A,"{""timestamp"": ""2026-08-01T09:19:30"", ""region_id"": ""A"", ""pose_x"": 0.0, ""pose_y"": 0.0, ""pose_yaw"": 0.0, ""pm25"": 96.97258356752278, ""voc"": 100.93632491329744, ""co2"": 583.0140880663772, ""temperature"": 23.164806649622996, ""humidity"": 46.64273040454191, ""fan_level"": 1, ""battery_soc"": 76.82999999999996, ""task_id"": ""task_001"", ""decision_id"": ""demo_decision_001"", ""robot_state"": ""SIMULATION"", ""valid_flag"": true, ""quality_code"": ""GOOD"", ""source_type"": ""SIMULATION"", ""episode_id"": ""unified_gui_demo"", ""scenario_id"": ""scenario_3_multi_region""}",A,0.0,0.0,0.0,96.97258356752278,100.93632491329744,583.0140880663772,23.164806649622996,46.64273040454191,1,76.82999999999996,task_001,demo_decision_001,SIMULATION,1,GOOD,SIMULATION,unified_gui_demo,scenario_3_multi_region
286,2026-08-01T09:19:30,B,"{""timestamp"": ""2026-08-01T09:19:30"", ""region_id"": ""B"", ""pose_x"": 4.0, ""pose_y"": 0.0, ""pose_yaw"": 0.0, ""pm25"": 17.063361451547685, ""voc"": 242.62207511542115, ""co2"": 652.5791597293886, ""temperature"": 23.2089986104699, ""humidity"": 59.15049257073814, ""fan_level"": 0, ""battery_soc"": 76.82999999999996, ""task_id"": ""task_001"", ""decision_id"": ""demo_decision_001"", ""robot_state"": ""SIMULATION"", ""valid_flag"": true, ""quality_code"": ""GOOD"", ""source_type"": ""SIMULATION"", ""episode_id"": ""unified_gui_demo"", ""scenario_id"": ""scenario_3_multi_region""}",B,4.0,0.0,0.0,17.063361451547685,242.62207511542115,652.5791597293886,23.2089986104699,59.15049257073814,0,76.82999999999996,task_001,demo_decision_001,SIMULATION,1,GOOD,SIMULATION,unified_gui_demo,scenario_3_multi_region
287,2026-08-01T09:19:30,C,"{""timestamp"": ""2026-08-01T09:19:30"", ""region_id"": ""C"", ""pose_x"": 0.0, ""pose_y"": 4.0, ""pose_yaw"": 0.0, ""pm25"": 11.79147903577751, ""voc"": 113.91391404034401, ""co2"": 574.883127391973, ""temperature"": 23.81133453995936, ""humidity"": 48.543630693919276, ""fan_level"": 0, ""battery_soc"": 76.82999999999996, ""task_id"": ""task_001"", ""decision_id"": ""demo_decision_001"", ""robot_state"": ""SIMULATION"", ""valid_flag"": true, ""quality_code"": ""GOOD"", ""source_type"": ""SIMULATION"", ""episode_id"": ""unified_gui_demo"", ""scenario_id"": ""scenario_3_multi_region""}",C,0.0,4.0,0.0,11.79147903577751,113.91391404034401,574.883127391973,23.81133453995936,48.543630693919276,0,76.82999999999996,task_001,demo_decision_001,SIMULATION,1,GOOD,SIMULATION,unified_gui_demo,scenario_3_multi_region
288,2026-08-01T09:19:30,D,"{""timestamp"": ""2026-08-01T09:19:30"", ""region_id"": ""D"", ""pose_x"": 4.0, ""pose_y"": 4.0, ""pose_yaw"": 0.0, ""pm25"": 16.11742375436855, ""voc"": 143.66470688080685, ""co2"": 1136.387082397181, ""temperature"": 24.07381437420345, ""humidity"": 54.080247350420926, ""fan_level"": 0, ""battery_soc"": 76.82999999999996, ""task_id"": ""task_001"", ""decision_id"": ""demo_decision_001"", ""robot_state"": ""SIMULATION"", ""valid_flag"": true, ""quality_code"": ""GOOD"", ""source_type"": ""SIMULATION"", ""episode_id"": ""unified_gui_demo"", ""scenario_id"": ""scenario_3_multi_region""}",D,4.0,4.0,0.0,16.11742375436855,143.66470688080685,1136.387082397181,24.07381437420345,54.080247350420926,0,76.82999999999996,task_001,demo_decision_001,SIMULATION,1,GOOD,SIMULATION,unified_gui_demo,scenario_3_multi_region
289,2026-08-01T09:20:00,A,"{""timestamp"": ""2026-08-01T09:20:00"", ""region_id"": ""A"", ""pose_x"": 0.0, ""pose_y"": 0.0, ""pose_yaw"": 0.0, ""pm25"": 96.12955155315643, ""voc"": 93.46377546727679, ""co2"": 591.5532095992173, ""temperature"": 23.310543724174668, ""humidity"": 46.849772189672194, ""fan_level"": 1, ""battery_soc"": 76.79999999999995, ""task_id"": ""task_001"", ""decision_id"": ""demo_decision_001"", ""robot_state"": ""SIMULATION"", ""valid_flag"": true, ""quality_code"": ""GOOD"", ""source_type"": ""SIMULATION"", ""episode_id"": ""unified_gui_demo"", ""scenario_id"": ""scenario_3_multi_region""}",A,0.0,0.0,0.0,96.12955155315643,93.46377546727679,591.5532095992173,23.310543724174668,46.849772189672194,1,76.79999999999995,task_001,demo_decision_001,SIMULATION,1,GOOD,SIMULATION,unified_gui_demo,scenario_3_multi_region
290,2026-08-01T09:20:00,B,"{""timestamp"": ""2026-08-01T09:20:00"", ""region_id"": ""B"", ""pose_x"": 4.0, ""pose_y"": 0.0, ""pose_yaw"": 0.0, ""pm25"": 17.61779202698319, ""voc"": 266.8794054947511, ""co2"": 661.730720470627, ""temperature"": 22.958832466538944, ""humidity"": 58.58870638013065, ""fan_level"": 0, ""battery_soc"": 76.79999999999995, ""task_id"": ""task_001"", ""decision_id"": ""demo_decision_001"", ""robot_state"": ""SIMULATION"", ""valid_flag"": true, ""quality_code"": ""GOOD"", ""source_type"": ""SIMULATION"", ""episode_id"": ""unified_gui_demo"", ""scenario_id"": ""scenario_3_multi_region""}",B,4.0,0.0,0.0,17.61779202698319,266.8794054947511,661.730720470627,22.958832466538944,58.58870638013065,0,76.79999999999995,task_001,demo_decision_001,SIMULATION,1,GOOD,SIMULATION,unified_gui_demo,scenario_3_multi_region
291,2026-08-01T09:20:00,C,"{""timestamp"": ""2026-08-01T09:20:00"", ""region_id"": ""C"", ""pose_x"": 0.0, ""pose_y"": 4.0, ""pose_yaw"": 0.0, ""pm25"": 11.693999381815317, ""voc"": 118.78011013291226, ""co2"": 585.702553331027, ""temperature"": 24.188785306843016, ""humidity"": 49.16276537403974, ""fan_level"": 0, ""battery_soc"": 76.79999999999995, ""task_id"": ""task_001"", ""decision_id"": ""demo_decision_001"", ""robot_state"": ""SIMULATION"", ""valid_flag"": true, ""quality_code"": ""GOOD"", ""source_type"": ""SIMULATION"", ""episode_id"": ""unified_gui_demo"", ""scenario_id"": ""scenario_3_multi_region""}",C,0.0,4.0,0.0,11.693999381815317,118.78011013291226,585.702553331027,24.188785306843016,49.16276537403974,0,76.79999999999995,task_001,demo_decision_001,SIMULATION,1,GOOD,SIMULATION,unified_gui_demo,scenario_3_multi_region
292,2026-08-01T09:20:00,D,"{""timestamp"": ""2026-08-01T09:20:00"", ""region_id"": ""D"", ""pose_x"": 4.0, ""pose_y"": 4.0, ""pose_yaw"": 0.0, ""pm25"": 16.18538224326927, ""voc"": 155.32840204420577, ""co2"": 1149.9511139595058, ""temperature"": 24.167820651022126, ""humidity"": 53.55742084527861, ""fan_level"": 0, ""battery_soc"": 76.79999999999995, ""task_id"": ""task_001"", ""decision_id"": ""demo_decision_001"", ""robot_state"": ""SIMULATION"", ""valid_flag"": true, ""quality_code"": ""GOOD"", ""source_type"": ""SIMULATION"", ""episode_id"": ""unified_gui_demo"", ""scenario_id"": ""scenario_3_multi_region""}",D,4.0,4.0,0.0,16.18538224326927,155.32840204420577,1149.9511139595058,24.167820651022126,53.55742084527861,0,76.79999999999995,task_001,demo_decision_001,SIMULATION,1,GOOD,SIMULATION,unified_gui_demo,scenario_3_multi_region
293,2026-08-01T09:20:30,A,"{""timestamp"": ""2026-08-01T09:20:30"", ""region_id"": ""A"", ""pose_x"": 0.0, ""pose_y"": 0.0, ""pose_yaw"": 0.0, ""pm25"": 102.11554329773409, ""voc"": 106.58139876536401, ""co2"": 591.6272805851376, ""temperature"": 23.343956966093618, ""humidity"": 46.233420597106225, ""fan_level"": 1, ""battery_soc"": 76.76999999999995, ""task_id"": ""task_001"", ""decision_id"": ""demo_decision_001"", ""robot_state"": ""SIMULATION"", ""valid_flag"": true, ""quality_code"": ""GOOD"", ""source_type"": ""SIMULATION"", ""episode_id"": ""unified_gui_demo"", ""scenario_id"": ""scenario_3_multi_region""}",A,0.0,0.0,0.0,102.11554329773409,106.58139876536401,591.6272805851376,23.343956966093618,46.233420597106225,1,76.76999999999995,task_001,demo_decision_001,SIMULATION,1,GOOD,SIMULATION,unified_gui_demo,scenario_3_multi_region
294,2026-08-01T09:20:30,B,"{""timestamp"": ""2026-08-01T09:20:30"", ""region_id"": ""B"", ""pose_x"": 4.0, ""pose_y"": 0.0, ""pose_yaw"": 0.0, ""pm25"": 18.139216923585273, ""voc"": 260.1273985678361, ""co2"": 665.5054933107035, ""temperature"": 22.95969341151608, ""humidity"": 58.96003840148881, ""fan_level"": 0, ""battery_soc"": 76.76999999999995, ""task_id"": ""task_001"", ""decision_id"": ""demo_decision_001"", ""robot_state"": ""SIMULATION"", ""valid_flag"": true, ""quality_code"": ""GOOD"", ""source_type"": ""SIMULATION"", ""episode_id"": ""unified_gui_demo"", ""scenario_id"": ""scenario_3_multi_region""}",B,4.0,0.0,0.0,18.139216923585273,260.1273985678361,665.5054933107035,22.95969341151608,58.96003840148881,0,76.76999999999995,task_001,demo_decision_001,SIMULATION,1,GOOD,SIMULATION,unified_gui_demo,scenario_3_multi_region
295,2026-08-01T09:20:30,C,"{""timestamp"": ""2026-08-01T09:20:30"", ""region_id"": ""C"", ""pose_x"": 0.0, ""pose_y"": 4.0, ""pose_yaw"": 0.0, ""pm25"": 12.87231063905765, ""voc"": 123.43016110089349, ""co2"": 577.1933281938562, ""temperature"": 23.923621074748073, ""humidity"": 49.2099628739813, ""fan_level"": 0, ""battery_soc"": 76.76999999999995, ""task_id"": ""task_001"", ""decision_id"": ""demo_decision_001"", ""robot_state"": ""SIMULATION"", ""valid_flag"": true, ""quality_code"": ""GOOD"", ""source_type"": ""SIMULATION"", ""episode_id"": ""unified_gui_demo"", ""scenario_id"": ""scenario_3_multi_region""}",C,0.0,4.0,0.0,12.87231063905765,123.43016110089349,577.1933281938562,23.923621074748073,49.2099628739813,0,76.76999999999995,task_001,demo_decision_001,SIMULATION,1,GOOD,SIMULATION,unified_gui_demo,scenario_3_multi_region
296,2026-08-01T09:20:30,D,"{""timestamp"": ""2026-08-01T09:20:30"", ""region_id"": ""D"", ""pose_x"": 4.0, ""pose_y"": 4.0, ""pose_yaw"": 0.0, ""pm25"": 16.163552744847372, ""voc"": 161.4099615496212, ""co2"": 1162.8321959874154, ""temperature"": 24.18191982522061, ""humidity"": 53.42642195929955, ""fan_level"": 0, ""battery_soc"": 76.76999999999995, ""task_id"": ""task_001"", ""decision_id"": ""demo_decision_001"", ""robot_state"": ""SIMULATION"", ""valid_flag"": true, ""quality_code"": ""GOOD"", ""source_type"": ""SIMULATION"", ""episode_id"": ""unified_gui_demo"", ""scenario_id"": ""scenario_3_multi_region""}",D,4.0,4.0,0.0,16.163552744847372,161.4099615496212,1162.8321959874154,24.18191982522061,53.42642195929955,0,76.76999999999995,task_001,demo_decision_001,SIMULATION,1,GOOD,SIMULATION,unified_gui_demo,scenario_3_multi_region
297,2026-08-01T09:21:00,A,"{""timestamp"": ""2026-08-01T09:21:00"", ""region_id"": ""A"", ""pose_x"": 0.0, ""pose_y"": 0.0, ""pose_yaw"": 0.0, ""pm25"": 102.08416420358618, ""voc"": 114.46954585959273, ""co2"": 587.5310916030973, ""temperature"": 23.58625442493784, ""humidity"": 46.31675407123728, ""fan_level"": 1, ""battery_soc"": 76.73999999999995, ""task_id"": ""task_001"", ""decision_id"": ""demo_decision_001"", ""robot_state"": ""SIMULATION"", ""valid_flag"": true, ""quality_code"": ""GOOD"", ""source_type"": ""SIMULATION"", ""episode_id"": ""unified_gui_demo"", ""scenario_id"": ""scenario_3_multi_region""}",A,0.0,0.0,0.0,102.08416420358618,114.46954585959273,587.5310916030973,23.58625442493784,46.31675407123728,1,76.73999999999995,task_001,demo_decision_001,SIMULATION,1,GOOD,SIMULATION,unified_gui_demo,scenario_3_multi_region
298,2026-08-01T09:21:00,B,"{""timestamp"": ""2026-08-01T09:21:00"", ""region_id"": ""B"", ""pose_x"": 4.0, ""pose_y"": 0.0, ""pose_yaw"": 0.0, ""pm25"": 15.864954039983356, ""voc"": 270.9395618271211, ""co2"": 645.4362469669866, ""temperature"": 22.950610653217293, ""humidity"": 58.82908013362039, ""fan_level"": 0, ""battery_soc"": 76.73999999999995, ""task_id"": ""task_001"", ""decision_id"": ""demo_decision_001"", ""robot_state"": ""SIMULATION"", ""valid_flag"": true, ""quality_code"": ""GOOD"", ""source_type"": ""SIMULATION"", ""episode_id"": ""unified_gui_demo"", ""scenario_id"": ""scenario_3_multi_region""}",B,4.0,0.0,0.0,15.864954039983356,270.9395618271211,645.4362469669866,22.950610653217293,58.82908013362039,0,76.73999999999995,task_001,demo_decision_001,SIMULATION,1,GOOD,SIMULATION,unified_gui_demo,scenario_3_multi_region
299,2026-08-01T09:21:00,C,"{""timestamp"": ""2026-08-01T09:21:00"", ""region_id"": ""C"", ""pose_x"": 0.0, ""pose_y"": 4.0, ""pose_yaw"": 0.0, ""pm25"": 14.695390255517982, ""voc"": 111.7751577704674, ""co2"": 600.6514725981779, ""temperature"": 24.056972756419814, ""humidity"": 48.80566699288337, ""fan_level"": 0, ""battery_soc"": 76.73999999999995, ""task_id"": ""task_001"", ""decision_id"": ""demo_decision_001"", ""robot_state"": ""SIMULATION"", ""valid_flag"": true, ""quality_code"": ""GOOD"", ""source_type"": ""SIMULATION"", ""episode_id"": ""unified_gui_demo"", ""scenario_id"": ""scenario_3_multi_region""}",C,0.0,4.0,0.0,14.695390255517982,111.7751577704674,600.6514725981779,24.056972756419814,48.80566699288337,0,76.73999999999995,task_001,demo_decision_001,SIMULATION,1,GOOD,SIMULATION,unified_gui_demo,scenario_3_multi_region
300,2026-08-01T09:21:00,D,"{""timestamp"": ""2026-08-01T09:21:00"", ""region_id"": ""D"", ""pose_x"": 4.0, ""pose_y"": 4.0, ""pose_yaw"": 0.0, ""pm25"": 16.747906230524876, ""voc"": 151.94308250908338, ""co2"": 1180.4011681180539, ""temperature"": 24.155845286794147, ""humidity"": 54.198864473792774, ""fan_level"": 0, ""battery_soc"": 76.73999999999995, ""task_id"": ""task_001"", ""decision_id"": ""demo_decision_001"", ""robot_state"": ""SIMULATION"", ""valid_flag"": true, ""quality_code"": ""GOOD"", ""source_type"": ""SIMULATION"", ""episode_id"": ""unified_gui_demo"", ""scenario_id"": ""scenario_3_multi_region""}",D,4.0,4.0,0.0,16.747906230524876,151.94308250908338,1180.4011681180539,24.155845286794147,54.198864473792774,0,76.73999999999995,task_001,demo_decision_001,SIMULATION,1,GOOD,SIMULATION,unified_gui_demo,scenario_3_multi_region
301,2026-08-01T09:21:30,A,"{""timestamp"": ""2026-08-01T09:21:30"", ""region_id"": ""A"", ""pose_x"": 0.0, ""pose_y"": 0.0, ""pose_yaw"": 0.0, ""pm25"": 103.15384807008097, ""voc"": 95.57107775867837, ""co2"": 600.3899272388535, ""temperature"": 23.056510824453394, ""humidity"": 45.87565331515163, ""fan_level"": 0, ""battery_soc"": 75.50999999999995, ""task_id"": ""task_001"", ""decision_id"": ""demo_decision_001"", ""robot_state"": ""SIMULATION"", ""valid_flag"": true, ""quality_code"": ""GOOD"", ""source_type"": ""SIMULATION"", ""episode_id"": ""unified_gui_demo"", ""scenario_id"": ""scenario_3_multi_region""}",A,0.0,0.0,0.0,103.15384807008097,95.57107775867837,600.3899272388535,23.056510824453394,45.87565331515163,0,75.50999999999995,task_001,demo_decision_001,SIMULATION,1,GOOD,SIMULATION,unified_gui_demo,scenario_3_multi_region
302,2026-08-01T09:21:30,B,"{""timestamp"": ""2026-08-01T09:21:30"", ""region_id"": ""B"", ""pose_x"": 4.0, ""pose_y"": 0.0, ""pose_yaw"": 0.0, ""pm25"": 14.44278532701986, ""voc"": 267.1947221709464, ""co2"": 639.3167795688784, ""temperature"": 22.642776616378566, ""humidity"": 59.23906263521173, ""fan_level"": 0, ""battery_soc"": 75.50999999999995, ""task_id"": ""task_001"", ""decision_id"": ""demo_decision_001"", ""robot_state"": ""SIMULATION"", ""valid_flag"": true, ""quality_code"": ""GOOD"", ""source_type"": ""SIMULATION"", ""episode_id"": ""unified_gui_demo"", ""scenario_id"": ""scenario_3_multi_region""}",B,4.0,0.0,0.0,14.44278532701986,267.1947221709464,639.3167795688784,22.642776616378566,59.23906263521173,0,75.50999999999995,task_001,demo_decision_001,SIMULATION,1,GOOD,SIMULATION,unified_gui_demo,scenario_3_multi_region
303,2026-08-01T09:21:30,C,"{""timestamp"": ""2026-08-01T09:21:30"", ""region_id"": ""C"", ""pose_x"": 0.0, ""pose_y"": 4.0, ""pose_yaw"": 0.0, ""pm25"": 15.017838538029384, ""voc"": 119.29733699911377, ""co2"": 605.0421086561036, ""temperature"": 24.221343627263288, ""humidity"": 48.86170600650669, ""fan_level"": 0, ""battery_soc"": 75.50999999999995, ""task_id"": ""task_001"", ""decision_id"": ""demo_decision_001"", ""robot_state"": ""SIMULATION"", ""valid_flag"": true, ""quality_code"": ""GOOD"", ""source_type"": ""SIMULATION"", ""episode_id"": ""unified_gui_demo"", ""scenario_id"": ""scenario_3_multi_region""}",C,0.0,4.0,0.0,15.017838538029384,119.29733699911377,605.0421086561036,24.221343627263288,48.86170600650669,0,75.50999999999995,task_001,demo_decision_001,SIMULATION,1,GOOD,SIMULATION,unified_gui_demo,scenario_3_multi_region
304,2026-08-01T09:21:30,D,"{""timestamp"": ""2026-08-01T09:21:30"", ""region_id"": ""D"", ""pose_x"": 4.0, ""pose_y"": 4.0, ""pose_yaw"": 0.0, ""pm25"": 20.13124117461027, ""voc"": 164.34749091379823, ""co2"": 1179.592216452776, ""temperature"": 23.889134995756436, ""humidity"": 54.15291275084823, ""fan_level"": 0, ""battery_soc"": 75.50999999999995, ""task_id"": ""task_001"", ""decision_id"": ""demo_decision_001"", ""robot_state"": ""SIMULATION"", ""valid_flag"": true, ""quality_code"": ""GOOD"", ""source_type"": ""SIMULATION"", ""episode_id"": ""unified_gui_demo"", ""scenario_id"": ""scenario_3_multi_region""}",D,4.0,4.0,0.0,20.13124117461027,164.34749091379823,1179.592216452776,23.889134995756436,54.15291275084823,0,75.50999999999995,task_001,demo_decision_001,SIMULATION,1,GOOD,SIMULATION,unified_gui_demo,scenario_3_multi_region
305,2026-08-01T09:22:00,A,"{""timestamp"": ""2026-08-01T09:22:00"", ""region_id"": ""A"", ""pose_x"": 0.0, ""pose_y"": 0.0, ""pose_yaw"": 0.0, ""pm25"": 105.93710058011214, ""voc"": 99.06046535521762, ""co2"": 613.8359478097098, ""temperature"": 23.292343545940987, ""humidity"": 46.41170732116505, ""fan_level"": 0, ""battery_soc"": 75.47999999999995, ""task_id"": ""task_001"", ""decision_id"": ""demo_decision_001"", ""robot_state"": ""SIMULATION"", ""valid_flag"": true, ""quality_code"": ""GOOD"", ""source_type"": ""SIMULATION"", ""episode_id"": ""unified_gui_demo"", ""scenario_id"": ""scenario_3_multi_region""}",A,0.0,0.0,0.0,105.93710058011214,99.06046535521762,613.8359478097098,23.292343545940987,46.41170732116505,0,75.47999999999995,task_001,demo_decision_001,SIMULATION,1,GOOD,SIMULATION,unified_gui_demo,scenario_3_multi_region
306,2026-08-01T09:22:00,B,"{""timestamp"": ""2026-08-01T09:22:00"", ""region_id"": ""B"", ""pose_x"": 4.0, ""pose_y"": 0.0, ""pose_yaw"": 0.0, ""pm25"": 15.438862114096004, ""voc"": 268.2653430875765, ""co2"": 677.4948232579459, ""temperature"": 23.055478450240773, ""humidity"": 59.330314931083244, ""fan_level"": 0, ""battery_soc"": 75.47999999999995, ""task_id"": ""task_001"", ""decision_id"": ""demo_decision_001"", ""robot_state"": ""SIMULATION"", ""valid_flag"": true, ""quality_code"": ""GOOD"", ""source_type"": ""SIMULATION"", ""episode_id"": ""unified_gui_demo"", ""scenario_id"": ""scenario_3_multi_region""}",B,4.0,0.0,0.0,15.438862114096004,268.2653430875765,677.4948232579459,23.055478450240773,59.330314931083244,0,75.47999999999995,task_001,demo_decision_001,SIMULATION,1,GOOD,SIMULATION,unified_gui_demo,scenario_3_multi_region
307,2026-08-01T09:22:00,C,"{""timestamp"": ""2026-08-01T09:22:00"", ""region_id"": ""C"", ""pose_x"": 0.0, ""pose_y"": 4.0, ""pose_yaw"": 0.0, ""pm25"": 16.05779002319704, ""voc"": 118.2933669980546, ""co2"": 602.6037810970666, ""temperature"": 24.339791174062906, ""humidity"": 49.07982419791945, ""fan_level"": 0, ""battery_soc"": 75.47999999999995, ""task_id"": ""task_001"", ""decision_id"": ""demo_decision_001"", ""robot_state"": ""SIMULATION"", ""valid_flag"": true, ""quality_code"": ""GOOD"", ""source_type"": ""SIMULATION"", ""episode_id"": ""unified_gui_demo"", ""scenario_id"": ""scenario_3_multi_region""}",C,0.0,4.0,0.0,16.05779002319704,118.2933669980546,602.6037810970666,24.339791174062906,49.07982419791945,0,75.47999999999995,task_001,demo_decision_001,SIMULATION,1,GOOD,SIMULATION,unified_gui_demo,scenario_3_multi_region
308,2026-08-01T09:22:00,D,"{""timestamp"": ""2026-08-01T09:22:00"", ""region_id"": ""D"", ""pose_x"": 4.0, ""pose_y"": 4.0, ""pose_yaw"": 0.0, ""pm25"": 16.175635099175388, ""voc"": 177.0783594204999, ""co2"": 1246.1036363033556, ""temperature"": 24.028787033762082, ""humidity"": 53.92681540712792, ""fan_level"": 0, ""battery_soc"": 75.47999999999995, ""task_id"": ""task_001"", ""decision_id"": ""demo_decision_001"", ""robot_state"": ""SIMULATION"", ""valid_flag"": true, ""quality_code"": ""GOOD"", ""source_type"": ""SIMULATION"", ""episode_id"": ""unified_gui_demo"", ""scenario_id"": ""scenario_3_multi_region""}",D,4.0,4.0,0.0,16.175635099175388,177.0783594204999,1246.1036363033556,24.028787033762082,53.92681540712792,0,75.47999999999995,task_001,demo_decision_001,SIMULATION,1,GOOD,SIMULATION,unified_gui_demo,scenario_3_multi_region
309,2026-08-01T09:22:30,A,"{""timestamp"": ""2026-08-01T09:22:30"", ""region_id"": ""A"", ""pose_x"": 0.0, ""pose_y"": 0.0, ""pose_yaw"": 0.0, ""pm25"": 108.65787153792448, ""voc"": 89.95739714338039, ""co2"": 594.5663229137803, ""temperature"": 23.144029624770713, ""humidity"": 46.67179448962093, ""fan_level"": 0, ""battery_soc"": 75.44999999999995, ""task_id"": ""task_001"", ""decision_id"": ""demo_decision_001"", ""robot_state"": ""SIMULATION"", ""valid_flag"": true, ""quality_code"": ""GOOD"", ""source_type"": ""SIMULATION"", ""episode_id"": ""unified_gui_demo"", ""scenario_id"": ""scenario_3_multi_region""}",A,0.0,0.0,0.0,108.65787153792448,89.95739714338039,594.5663229137803,23.144029624770713,46.67179448962093,0,75.44999999999995,task_001,demo_decision_001,SIMULATION,1,GOOD,SIMULATION,unified_gui_demo,scenario_3_multi_region
310,2026-08-01T09:22:30,B,"{""timestamp"": ""2026-08-01T09:22:30"", ""region_id"": ""B"", ""pose_x"": 4.0, ""pose_y"": 0.0, ""pose_yaw"": 0.0, ""pm25"": 18.538102141813727, ""voc"": 281.6392304353842, ""co2"": 651.754601107682, ""temperature"": 22.771487485138604, ""humidity"": 58.78491977633318, ""fan_level"": 0, ""battery_soc"": 75.44999999999995, ""task_id"": ""task_001"", ""decision_id"": ""demo_decision_001"", ""robot_state"": ""SIMULATION"", ""valid_flag"": true, ""quality_code"": ""GOOD"", ""source_type"": ""SIMULATION"", ""episode_id"": ""unified_gui_demo"", ""scenario_id"": ""scenario_3_multi_region""}",B,4.0,0.0,0.0,18.538102141813727,281.6392304353842,651.754601107682,22.771487485138604,58.78491977633318,0,75.44999999999995,task_001,demo_decision_001,SIMULATION,1,GOOD,SIMULATION,unified_gui_demo,scenario_3_multi_region
311,2026-08-01T09:22:30,C,"{""timestamp"": ""2026-08-01T09:22:30"", ""region_id"": ""C"", ""pose_x"": 0.0, ""pose_y"": 4.0, ""pose_yaw"": 0.0, ""pm25"": 16.473993492275532, ""voc"": 115.32814587652202, ""co2"": 591.9892369642288, ""temperature"": 23.976706845498118, ""humidity"": 49.412055439566515, ""fan_level"": 0, ""battery_soc"": 75.44999999999995, ""task_id"": ""task_001"", ""decision_id"": ""demo_decision_001"", ""robot_state"": ""SIMULATION"", ""valid_flag"": true, ""quality_code"": ""GOOD"", ""source_type"": ""SIMULATION"", ""episode_id"": ""unified_gui_demo"", ""scenario_id"": ""scenario_3_multi_region""}",C,0.0,4.0,0.0,16.473993492275532,115.32814587652202,591.9892369642288,23.976706845498118,49.412055439566515,0,75.44999999999995,task_001,demo_decision_001,SIMULATION,1,GOOD,SIMULATION,unified_gui_demo,scenario_3_multi_region
312,2026-08-01T09:22:30,D,"{""timestamp"": ""2026-08-01T09:22:30"", ""region_id"": ""D"", ""pose_x"": 4.0, ""pose_y"": 4.0, ""pose_yaw"": 0.0, ""pm25"": 15.997105279290958, ""voc"": 166.8744665475, ""co2"": 1242.2577692955547, ""temperature"": 24.20651890238837, ""humidity"": 54.206114516581366, ""fan_level"": 0, ""battery_soc"": 75.44999999999995, ""task_id"": ""task_001"", ""decision_id"": ""demo_decision_001"", ""robot_state"": ""SIMULATION"", ""valid_flag"": true, ""quality_code"": ""GOOD"", ""source_type"": ""SIMULATION"", ""episode_id"": ""unified_gui_demo"", ""scenario_id"": ""scenario_3_multi_region""}",D,4.0,4.0,0.0,15.997105279290958,166.8744665475,1242.2577692955547,24.20651890238837,54.206114516581366,0,75.44999999999995,task_001,demo_decision_001,SIMULATION,1,GOOD,SIMULATION,unified_gui_demo,scenario_3_multi_region
313,2026-08-01T09:23:00,A,"{""timestamp"": ""2026-08-01T09:23:00"", ""region_id"": ""A"", ""pose_x"": 0.0, ""pose_y"": 0.0, ""pose_yaw"": 0.0, ""pm25"": 108.82815568634719, ""voc"": 93.3747057094682, ""co2"": 608.0697340072169, ""temperature"": 23.183755415002487, ""humidity"": 46.8910072770621, ""fan_level"": 1, ""battery_soc"": 75.41999999999994, ""task_id"": ""task_002"", ""decision_id"": ""demo_decision_002"", ""robot_state"": ""SIMULATION"", ""valid_flag"": true, ""quality_code"": ""GOOD"", ""source_type"": ""SIMULATION"", ""episode_id"": ""unified_gui_demo"", ""scenario_id"": ""scenario_3_multi_region""}",A,0.0,0.0,0.0,108.82815568634719,93.3747057094682,608.0697340072169,23.183755415002487,46.8910072770621,1,75.41999999999994,task_002,demo_decision_002,SIMULATION,1,GOOD,SIMULATION,unified_gui_demo,scenario_3_multi_region
314,2026-08-01T09:23:00,B,"{""timestamp"": ""2026-08-01T09:23:00"", ""region_id"": ""B"", ""pose_x"": 4.0, ""pose_y"": 0.0, ""pose_yaw"": 0.0, ""pm25"": 19.13043374301481, ""voc"": 283.1463101354663, ""co2"": 658.6023921462416, ""temperature"": 23.095417748133816, ""humidity"": 59.32182657094129, ""fan_level"": 0, ""battery_soc"": 75.41999999999994, ""task_id"": ""task_002"", ""decision_id"": ""demo_decision_002"", ""robot_state"": ""SIMULATION"", ""valid_flag"": true, ""quality_code"": ""GOOD"", ""source_type"": ""SIMULATION"", ""episode_id"": ""unified_gui_demo"", ""scenario_id"": ""scenario_3_multi_region""}",B,4.0,0.0,0.0,19.13043374301481,283.1463101354663,658.6023921462416,23.095417748133816,59.32182657094129,0,75.41999999999994,task_002,demo_decision_002,SIMULATION,1,GOOD,SIMULATION,unified_gui_demo,scenario_3_multi_region
315,2026-08-01T09:23:00,C,"{""timestamp"": ""2026-08-01T09:23:00"", ""region_id"": ""C"", ""pose_x"": 0.0, ""pose_y"": 4.0, ""pose_yaw"": 0.0, ""pm25"": 15.737603985193353, ""voc"": 109.70899540400107, ""co2"": 587.1377726949249, ""temperature"": 24.37255964920817, ""humidity"": 48.98126956383555, ""fan_level"": 0, ""battery_soc"": 75.41999999999994, ""task_id"": ""task_002"", ""decision_id"": ""demo_decision_002"", ""robot_state"": ""SIMULATION"", ""valid_flag"": true, ""quality_code"": ""GOOD"", ""source_type"": ""SIMULATION"", ""episode_id"": ""unified_gui_demo"", ""scenario_id"": ""scenario_3_multi_region""}",C,0.0,4.0,0.0,15.737603985193353,109.70899540400107,587.1377726949249,24.37255964920817,48.98126956383555,0,75.41999999999994,task_002,demo_decision_002,SIMULATION,1,GOOD,SIMULATION,unified_gui_demo,scenario_3_multi_region
316,2026-08-01T09:23:00,D,"{""timestamp"": ""2026-08-01T09:23:00"", ""region_id"": ""D"", ""pose_x"": 4.0, ""pose_y"": 4.0, ""pose_yaw"": 0.0, ""pm25"": 17.58072211359697, ""voc"": 167.57380687770623, ""co2"": 1272.2422450753784, ""temperature"": 24.084873490303444, ""humidity"": 53.174977885930545, ""fan_level"": 0, ""battery_soc"": 75.41999999999994, ""task_id"": ""task_002"", ""decision_id"": ""demo_decision_002"", ""robot_state"": ""SIMULATION"", ""valid_flag"": true, ""quality_code"": ""GOOD"", ""source_type"": ""SIMULATION"", ""episode_id"": ""unified_gui_demo"", ""scenario_id"": ""scenario_3_multi_region""}",D,4.0,4.0,0.0,17.58072211359697,167.57380687770623,1272.2422450753784,24.084873490303444,53.174977885930545,0,75.41999999999994,task_002,demo_decision_002,SIMULATION,1,GOOD,SIMULATION,unified_gui_demo,scenario_3_multi_region
317,2026-08-01T09:23:30,A,"{""timestamp"": ""2026-08-01T09:23:30"", ""region_id"": ""A"", ""pose_x"": 0.0, ""pose_y"": 0.0, ""pose_yaw"": 0.0, ""pm25"": 103.0893207739488, ""voc"": 96.37416426850156, ""co2"": 604.5962187545546, ""temperature"": 23.18297705099403, ""humidity"": 46.17771749680556, ""fan_level"": 1, ""battery_soc"": 75.38999999999994, ""task_id"": ""task_002"", ""decision_id"": ""demo_decision_002"", ""robot_state"": ""SIMULATION"", ""valid_flag"": true, ""quality_code"": ""GOOD"", ""source_type"": ""SIMULATION"", ""episode_id"": ""unified_gui_demo"", ""scenario_id"": ""scenario_3_multi_region""}",A,0.0,0.0,0.0,103.0893207739488,96.37416426850156,604.5962187545546,23.18297705099403,46.17771749680556,1,75.38999999999994,task_002,demo_decision_002,SIMULATION,1,GOOD,SIMULATION,unified_gui_demo,scenario_3_multi_region
318,2026-08-01T09:23:30,B,"{""timestamp"": ""2026-08-01T09:23:30"", ""region_id"": ""B"", ""pose_x"": 4.0, ""pose_y"": 0.0, ""pose_yaw"": 0.0, ""pm25"": 17.714529511286297, ""voc"": 295.684569010424, ""co2"": 663.6427349522285, ""temperature"": 22.780798000698688, ""humidity"": 58.975601100952034, ""fan_level"": 0, ""battery_soc"": 75.38999999999994, ""task_id"": ""task_002"", ""decision_id"": ""demo_decision_002"", ""robot_state"": ""SIMULATION"", ""valid_flag"": true, ""quality_code"": ""GOOD"", ""source_type"": ""SIMULATION"", ""episode_id"": ""unified_gui_demo"", ""scenario_id"": ""scenario_3_multi_region""}",B,4.0,0.0,0.0,17.714529511286297,295.684569010424,663.6427349522285,22.780798000698688,58.975601100952034,0,75.38999999999994,task_002,demo_decision_002,SIMULATION,1,GOOD,SIMULATION,unified_gui_demo,scenario_3_multi_region
319,2026-08-01T09:23:30,C,"{""timestamp"": ""2026-08-01T09:23:30"", ""region_id"": ""C"", ""pose_x"": 0.0, ""pose_y"": 4.0, ""pose_yaw"": 0.0, ""pm25"": 18.285055031445058, ""voc"": 116.56944748045136, ""co2"": 610.1648904495247, ""temperature"": 24.090312048024845, ""humidity"": 49.617313043783035, ""fan_level"": 0, ""battery_soc"": 75.38999999999994, ""task_id"": ""task_002"", ""decision_id"": ""demo_decision_002"", ""robot_state"": ""SIMULATION"", ""valid_flag"": true, ""quality_code"": ""GOOD"", ""source_type"": ""SIMULATION"", ""episode_id"": ""unified_gui_demo"", ""scenario_id"": ""scenario_3_multi_region""}",C,0.0,4.0,0.0,18.285055031445058,116.56944748045136,610.1648904495247,24.090312048024845,49.617313043783035,0,75.38999999999994,task_002,demo_decision_002,SIMULATION,1,GOOD,SIMULATION,unified_gui_demo,scenario_3_multi_region
320,2026-08-01T09:23:30,D,"{""timestamp"": ""2026-08-01T09:23:30"", ""region_id"": ""D"", ""pose_x"": 4.0, ""pose_y"": 4.0, ""pose_yaw"": 0.0, ""pm25"": 16.714889937899763, ""voc"": 173.04163205215193, ""co2"": 1294.9402232115522, ""temperature"": 24.020607020895522, ""humidity"": 54.40174568027318, ""fan_level"": 0, ""battery_soc"": 75.38999999999994, ""task_id"": ""task_002"", ""decision_id"": ""demo_decision_002"", ""robot_state"": ""SIMULATION"", ""valid_flag"": true, ""quality_code"": ""GOOD"", ""source_type"": ""SIMULATION"", ""episode_id"": ""unified_gui_demo"", ""scenario_id"": ""scenario_3_multi_region""}",D,4.0,4.0,0.0,16.714889937899763,173.04163205215193,1294.9402232115522,24.020607020895522,54.40174568027318,0,75.38999999999994,task_002,demo_decision_002,SIMULATION,1,GOOD,SIMULATION,unified_gui_demo,scenario_3_multi_region
321,2026-08-01T09:24:00,A,"{""timestamp"": ""2026-08-01T09:24:00"", ""region_id"": ""A"", ""pose_x"": 0.0, ""pose_y"": 0.0, ""pose_yaw"": 0.0, ""pm25"": 100.64253601728609, ""voc"": 90.5981121034618, ""co2"": 604.0809980226305, ""temperature"": 23.11911843193718, ""humidity"": 47.00107074327035, ""fan_level"": 1, ""battery_soc"": 75.35999999999994, ""task_id"": ""task_002"", ""decision_id"": ""demo_decision_002"", ""robot_state"": ""SIMULATION"", ""valid_flag"": true, ""quality_code"": ""GOOD"", ""source_type"": ""SIMULATION"", ""episode_id"": ""unified_gui_demo"", ""scenario_id"": ""scenario_3_multi_region""}",A,0.0,0.0,0.0,100.64253601728609,90.5981121034618,604.0809980226305,23.11911843193718,47.00107074327035,1,75.35999999999994,task_002,demo_decision_002,SIMULATION,1,GOOD,SIMULATION,unified_gui_demo,scenario_3_multi_region
322,2026-08-01T09:24:00,B,"{""timestamp"": ""2026-08-01T09:24:00"", ""region_id"": ""B"", ""pose_x"": 4.0, ""pose_y"": 0.0, ""pose_yaw"": 0.0, ""pm25"": 12.413247954444921, ""voc"": 304.08177261287125, ""co2"": 630.6059341352039, ""temperature"": 23.075892937747714, ""humidity"": 58.642792456984125, ""fan_level"": 0, ""battery_soc"": 75.35999999999994, ""task_id"": ""task_002"", ""decision_id"": ""demo_decision_002"", ""robot_state"": ""SIMULATION"", ""valid_flag"": true, ""quality_code"": ""GOOD"", ""source_type"": ""SIMULATION"", ""episode_id"": ""unified_gui_demo"", ""scenario_id"": ""scenario_3_multi_region""}",B,4.0,0.0,0.0,12.413247954444921,304.08177261287125,630.6059341352039,23.075892937747714,58.642792456984125,0,75.35999999999994,task_002,demo_decision_002,SIMULATION,1,GOOD,SIMULATION,unified_gui_demo,scenario_3_multi_region
323,2026-08-01T09:24:00,C,"{""timestamp"": ""2026-08-01T09:24:00"", ""region_id"": ""C"", ""pose_x"": 0.0, ""pose_y"": 4.0, ""pose_yaw"": 0.0, ""pm25"": 18.61792707273102, ""voc"": 105.59714231389273, ""co2"": 579.3483507150592, ""temperature"": 24.310946379922246, ""humidity"": 49.36197966370037, ""fan_level"": 0, ""battery_soc"": 75.35999999999994, ""task_id"": ""task_002"", ""decision_id"": ""demo_decision_002"", ""robot_state"": ""SIMULATION"", ""valid_flag"": true, ""quality_code"": ""GOOD"", ""source_type"": ""SIMULATION"", ""episode_id"": ""unified_gui_demo"", ""scenario_id"": ""scenario_3_multi_region""}",C,0.0,4.0,0.0,18.61792707273102,105.59714231389273,579.3483507150592,24.310946379922246,49.36197966370037,0,75.35999999999994,task_002,demo_decision_002,SIMULATION,1,GOOD,SIMULATION,unified_gui_demo,scenario_3_multi_region
324,2026-08-01T09:24:00,D,"{""timestamp"": ""2026-08-01T09:24:00"", ""region_id"": ""D"", ""pose_x"": 4.0, ""pose_y"": 4.0, ""pose_yaw"": 0.0, ""pm25"": 16.062955609719822, ""voc"": 186.39191807172116, ""co2"": 1307.4607670368625, ""temperature"": 24.407773880357844, ""humidity"": 54.041451132521075, ""fan_level"": 0, ""battery_soc"": 75.35999999999994, ""task_id"": ""task_002"", ""decision_id"": ""demo_decision_002"", ""robot_state"": ""SIMULATION"", ""valid_flag"": true, ""quality_code"": ""GOOD"", ""source_type"": ""SIMULATION"", ""episode_id"": ""unified_gui_demo"", ""scenario_id"": ""scenario_3_multi_region""}",D,4.0,4.0,0.0,16.062955609719822,186.39191807172116,1307.4607670368625,24.407773880357844,54.041451132521075,0,75.35999999999994,task_002,demo_decision_002,SIMULATION,1,GOOD,SIMULATION,unified_gui_demo,scenario_3_multi_region
325,2026-08-01T09:24:30,A,"{""timestamp"": ""2026-08-01T09:24:30"", ""region_id"": ""A"", ""pose_x"": 0.0, ""pose_y"": 0.0, ""pose_yaw"": 0.0, ""pm25"": 98.52930807774254, ""voc"": 95.13712101900346, ""co2"": 602.0718805199775, ""temperature"": 22.92728085313837, ""humidity"": 46.41912205624034, ""fan_level"": 1, ""battery_soc"": 75.32999999999994, ""task_id"": ""task_002"", ""decision_id"": ""demo_decision_002"", ""robot_state"": ""SIMULATION"", ""valid_flag"": true, ""quality_code"": ""GOOD"", ""source_type"": ""SIMULATION"", ""episode_id"": ""unified_gui_demo"", ""scenario_id"": ""scenario_3_multi_region""}",A,0.0,0.0,0.0,98.52930807774254,95.13712101900346,602.0718805199775,22.92728085313837,46.41912205624034,1,75.32999999999994,task_002,demo_decision_002,SIMULATION,1,GOOD,SIMULATION,unified_gui_demo,scenario_3_multi_region
326,2026-08-01T09:24:30,B,"{""timestamp"": ""2026-08-01T09:24:30"", ""region_id"": ""B"", ""pose_x"": 4.0, ""pose_y"": 0.0, ""pose_yaw"": 0.0, ""pm25"": 18.030762874393282, ""voc"": 297.1760165392778, ""co2"": 686.6147220151453, ""temperature"": 22.917638095914185, ""humidity"": 58.461751409249985, ""fan_level"": 0, ""battery_soc"": 75.32999999999994, ""task_id"": ""task_002"", ""decision_id"": ""demo_decision_002"", ""robot_state"": ""SIMULATION"", ""valid_flag"": true, ""quality_code"": ""GOOD"", ""source_type"": ""SIMULATION"", ""episode_id"": ""unified_gui_demo"", ""scenario_id"": ""scenario_3_multi_region""}",B,4.0,0.0,0.0,18.030762874393282,297.1760165392778,686.6147220151453,22.917638095914185,58.461751409249985,0,75.32999999999994,task_002,demo_decision_002,SIMULATION,1,GOOD,SIMULATION,unified_gui_demo,scenario_3_multi_region
327,2026-08-01T09:24:30,C,"{""timestamp"": ""2026-08-01T09:24:30"", ""region_id"": ""C"", ""pose_x"": 0.0, ""pose_y"": 4.0, ""pose_yaw"": 0.0, ""pm25"": 17.157465481919665, ""voc"": 136.10321308099134, ""co2"": 597.7479964186226, ""temperature"": 24.278912287762253, ""humidity"": 49.02368354203341, ""fan_level"": 0, ""battery_soc"": 75.32999999999994, ""task_id"": ""task_002"", ""decision_id"": ""demo_decision_002"", ""robot_state"": ""SIMULATION"", ""valid_flag"": true, ""quality_code"": ""GOOD"", ""source_type"": ""SIMULATION"", ""episode_id"": ""unified_gui_demo"", ""scenario_id"": ""scenario_3_multi_region""}",C,0.0,4.0,0.0,17.157465481919665,136.10321308099134,597.7479964186226,24.278912287762253,49.02368354203341,0,75.32999999999994,task_002,demo_decision_002,SIMULATION,1,GOOD,SIMULATION,unified_gui_demo,scenario_3_multi_region
328,2026-08-01T09:24:30,D,"{""timestamp"": ""2026-08-01T09:24:30"", ""region_id"": ""D"", ""pose_x"": 4.0, ""pose_y"": 4.0, ""pose_yaw"": 0.0, ""pm25"": 17.038355394360952, ""voc"": 182.8458109090649, ""co2"": 1311.603765722261, ""temperature"": 24.329814951447347, ""humidity"": 53.46930012947543, ""fan_level"": 0, ""battery_soc"": 75.32999999999994, ""task_id"": ""task_002"", ""decision_id"": ""demo_decision_002"", ""robot_state"": ""SIMULATION"", ""valid_flag"": true, ""quality_code"": ""GOOD"", ""source_type"": ""SIMULATION"", ""episode_id"": ""unified_gui_demo"", ""scenario_id"": ""scenario_3_multi_region""}",D,4.0,4.0,0.0,17.038355394360952,182.8458109090649,1311.603765722261,24.329814951447347,53.46930012947543,0,75.32999999999994,task_002,demo_decision_002,SIMULATION,1,GOOD,SIMULATION,unified_gui_demo,scenario_3_multi_region
329,2026-08-01T09:25:00,A,"{""timestamp"": ""2026-08-01T09:25:00"", ""region_id"": ""A"", ""pose_x"": 0.0, ""pose_y"": 0.0, ""pose_yaw"": 0.0, ""pm25"": null, ""voc"": 82.33774841196058, ""co2"": 614.103739724678, ""temperature"": 23.285421334503166, ""humidity"": 46.92798905808574, ""fan_level"": 1, ""battery_soc"": 75.29999999999994, ""task_id"": ""task_002"", ""decision_id"": ""demo_decision_002"", ""robot_state"": ""SIMULATION"", ""valid_flag"": false, ""quality_code"": ""MISSING"", ""source_type"": ""SIMULATION"", ""episode_id"": ""unified_gui_demo"", ""scenario_id"": ""scenario_3_multi_region""}",A,0.0,0.0,0.0,,82.33774841196058,614.103739724678,23.285421334503166,46.92798905808574,1,75.29999999999994,task_002,demo_decision_002,SIMULATION,0,MISSING,SIMULATION,unified_gui_demo,scenario_3_multi_region
330,2026-08-01T09:25:00,B,"{""timestamp"": ""2026-08-01T09:25:00"", ""region_id"": ""B"", ""pose_x"": 4.0, ""pose_y"": 0.0, ""pose_yaw"": 0.0, ""pm25"": 17.289013058028946, ""voc"": 308.36775994992246, ""co2"": 677.8278803496404, ""temperature"": 22.90647833129065, ""humidity"": 59.475542780726684, ""fan_level"": 0, ""battery_soc"": 75.29999999999994, ""task_id"": ""task_002"", ""decision_id"": ""demo_decision_002"", ""robot_state"": ""SIMULATION"", ""valid_flag"": true, ""quality_code"": ""GOOD"", ""source_type"": ""SIMULATION"", ""episode_id"": ""unified_gui_demo"", ""scenario_id"": ""scenario_3_multi_region""}",B,4.0,0.0,0.0,17.289013058028946,308.36775994992246,677.8278803496404,22.90647833129065,59.475542780726684,0,75.29999999999994,task_002,demo_decision_002,SIMULATION,1,GOOD,SIMULATION,unified_gui_demo,scenario_3_multi_region
331,2026-08-01T09:25:00,C,"{""timestamp"": ""2026-08-01T09:25:00"", ""region_id"": ""C"", ""pose_x"": 0.0, ""pose_y"": 4.0, ""pose_yaw"": 0.0, ""pm25"": 17.691351746886053, ""voc"": 113.82930150520214, ""co2"": 580.8069652215722, ""temperature"": 24.245143736921165, ""humidity"": 48.64952643514345, ""fan_level"": 0, ""battery_soc"": 75.29999999999994, ""task_id"": ""task_002"", ""decision_id"": ""demo_decision_002"", ""robot_state"": ""SIMULATION"", ""valid_flag"": true, ""quality_code"": ""GOOD"", ""source_type"": ""SIMULATION"", ""episode_id"": ""unified_gui_demo"", ""scenario_id"": ""scenario_3_multi_region""}",C,0.0,4.0,0.0,17.691351746886053,113.82930150520214,580.8069652215722,24.245143736921165,48.64952643514345,0,75.29999999999994,task_002,demo_decision_002,SIMULATION,1,GOOD,SIMULATION,unified_gui_demo,scenario_3_multi_region
332,2026-08-01T09:25:00,D,"{""timestamp"": ""2026-08-01T09:25:00"", ""region_id"": ""D"", ""pose_x"": 4.0, ""pose_y"": 4.0, ""pose_yaw"": 0.0, ""pm25"": 14.033598821012031, ""voc"": 183.55143943682404, ""co2"": 1317.4919803779128, ""temperature"": 24.01639441571908, ""humidity"": 54.20802612214891, ""fan_level"": 0, ""battery_soc"": 75.29999999999994, ""task_id"": ""task_002"", ""decision_id"": ""demo_decision_002"", ""robot_state"": ""SIMULATION"", ""valid_flag"": true, ""quality_code"": ""GOOD"", ""source_type"": ""SIMULATION"", ""episode_id"": ""unified_gui_demo"", ""scenario_id"": ""scenario_3_multi_region""}",D,4.0,4.0,0.0,14.033598821012031,183.55143943682404,1317.4919803779128,24.01639441571908,54.20802612214891,0,75.29999999999994,task_002,demo_decision_002,SIMULATION,1,GOOD,SIMULATION,unified_gui_demo,scenario_3_multi_region
333,2026-08-01T09:25:30,A,"{""timestamp"": ""2026-08-01T09:25:30"", ""region_id"": ""A"", ""pose_x"": 0.0, ""pose_y"": 0.0, ""pose_yaw"": 0.0, ""pm25"": 90.24588228782034, ""voc"": 103.75200435970278, ""co2"": 610.3425726066342, ""temperature"": 23.07564581451831, ""humidity"": 46.11262950622968, ""fan_level"": 1, ""battery_soc"": 75.26999999999994, ""task_id"": ""task_002"", ""decision_id"": ""demo_decision_002"", ""robot_state"": ""SIMULATION"", ""valid_flag"": true, ""quality_code"": ""GOOD"", ""source_type"": ""SIMULATION"", ""episode_id"": ""unified_gui_demo"", ""scenario_id"": ""scenario_3_multi_region""}",A,0.0,0.0,0.0,90.24588228782034,103.75200435970278,610.3425726066342,23.07564581451831,46.11262950622968,1,75.26999999999994,task_002,demo_decision_002,SIMULATION,1,GOOD,SIMULATION,unified_gui_demo,scenario_3_multi_region
334,2026-08-01T09:25:30,B,"{""timestamp"": ""2026-08-01T09:25:30"", ""region_id"": ""B"", ""pose_x"": 4.0, ""pose_y"": 0.0, ""pose_yaw"": 0.0, ""pm25"": 15.921698450993118, ""voc"": 290.6870812653714, ""co2"": 653.661318750503, ""temperature"": 23.149893823320703, ""humidity"": 59.26711163731534, ""fan_level"": 0, ""battery_soc"": 75.26999999999994, ""task_id"": ""task_002"", ""decision_id"": ""demo_decision_002"", ""robot_state"": ""SIMULATION"", ""valid_flag"": true, ""quality_code"": ""GOOD"", ""source_type"": ""SIMULATION"", ""episode_id"": ""unified_gui_demo"", ""scenario_id"": ""scenario_3_multi_region""}",B,4.0,0.0,0.0,15.921698450993118,290.6870812653714,653.661318750503,23.149893823320703,59.26711163731534,0,75.26999999999994,task_002,demo_decision_002,SIMULATION,1,GOOD,SIMULATION,unified_gui_demo,scenario_3_multi_region
335,2026-08-01T09:25:30,C,"{""timestamp"": ""2026-08-01T09:25:30"", ""region_id"": ""C"", ""pose_x"": 0.0, ""pose_y"": 4.0, ""pose_yaw"": 0.0, ""pm25"": 16.23175764906696, ""voc"": 117.85125089319257, ""co2"": 627.4599588371211, ""temperature"": 24.268991190076875, ""humidity"": 49.30017960444258, ""fan_level"": 0, ""battery_soc"": 75.26999999999994, ""task_id"": ""task_002"", ""decision_id"": ""demo_decision_002"", ""robot_state"": ""SIMULATION"", ""valid_flag"": true, ""quality_code"": ""GOOD"", ""source_type"": ""SIMULATION"", ""episode_id"": ""unified_gui_demo"", ""scenario_id"": ""scenario_3_multi_region""}",C,0.0,4.0,0.0,16.23175764906696,117.85125089319257,627.4599588371211,24.268991190076875,49.30017960444258,0,75.26999999999994,task_002,demo_decision_002,SIMULATION,1,GOOD,SIMULATION,unified_gui_demo,scenario_3_multi_region
336,2026-08-01T09:25:30,D,"{""timestamp"": ""2026-08-01T09:25:30"", ""region_id"": ""D"", ""pose_x"": 4.0, ""pose_y"": 4.0, ""pose_yaw"": 0.0, ""pm25"": 17.979491086864837, ""voc"": 184.98798688352275, ""co2"": 1343.788812053653, ""temperature"": 24.08381050660039, ""humidity"": 54.84099960289754, ""fan_level"": 0, ""battery_soc"": 75.26999999999994, ""task_id"": ""task_002"", ""decision_id"": ""demo_decision_002"", ""robot_state"": ""SIMULATION"", ""valid_flag"": true, ""quality_code"": ""GOOD"", ""source_type"": ""SIMULATION"", ""episode_id"": ""unified_gui_demo"", ""scenario_id"": ""scenario_3_multi_region""}",D,4.0,4.0,0.0,17.979491086864837,184.98798688352275,1343.788812053653,24.08381050660039,54.84099960289754,0,75.26999999999994,task_002,demo_decision_002,SIMULATION,1,GOOD,SIMULATION,unified_gui_demo,scenario_3_multi_region
337,2026-08-01T09:26:00,A,"{""timestamp"": ""2026-08-01T09:26:00"", ""region_id"": ""A"", ""pose_x"": 0.0, ""pose_y"": 0.0, ""pose_yaw"": 0.0, ""pm25"": 85.26544169188386, ""voc"": 97.60782843675437, ""co2"": 622.9215680665128, ""temperature"": 23.173595579883195, ""humidity"": 46.78790683120409, ""fan_level"": 1, ""battery_soc"": 75.23999999999994, ""task_id"": ""task_002"", ""decision_id"": ""demo_decision_002"", ""robot_state"": ""SIMULATION"", ""valid_flag"": true, ""quality_code"": ""GOOD"", ""source_type"": ""SIMULATION"", ""episode_id"": ""unified_gui_demo"", ""scenario_id"": ""scenario_3_multi_region""}",A,0.0,0.0,0.0,85.26544169188386,97.60782843675437,622.9215680665128,23.173595579883195,46.78790683120409,1,75.23999999999994,task_002,demo_decision_002,SIMULATION,1,GOOD,SIMULATION,unified_gui_demo,scenario_3_multi_region
338,2026-08-01T09:26:00,B,"{""timestamp"": ""2026-08-01T09:26:00"", ""region_id"": ""B"", ""pose_x"": 4.0, ""pose_y"": 0.0, ""pose_yaw"": 0.0, ""pm25"": 19.237447491715546, ""voc"": 313.2982119385539, ""co2"": 670.6669936354474, ""temperature"": 23.277013470402757, ""humidity"": 59.57449684147862, ""fan_level"": 0, ""battery_soc"": 75.23999999999994, ""task_id"": ""task_002"", ""decision_id"": ""demo_decision_002"", ""robot_state"": ""SIMULATION"", ""valid_flag"": true, ""quality_code"": ""GOOD"", ""source_type"": ""SIMULATION"", ""episode_id"": ""unified_gui_demo"", ""scenario_id"": ""scenario_3_multi_region""}",B,4.0,0.0,0.0,19.237447491715546,313.2982119385539,670.6669936354474,23.277013470402757,59.57449684147862,0,75.23999999999994,task_002,demo_decision_002,SIMULATION,1,GOOD,SIMULATION,unified_gui_demo,scenario_3_multi_region
339,2026-08-01T09:26:00,C,"{""timestamp"": ""2026-08-01T09:26:00"", ""region_id"": ""C"", ""pose_x"": 0.0, ""pose_y"": 4.0, ""pose_yaw"": 0.0, ""pm25"": 18.186119825162464, ""voc"": 118.45075908293296, ""co2"": 624.4838490573364, ""temperature"": 24.203054824670513, ""humidity"": 49.719549358759366, ""fan_level"": 0, ""battery_soc"": 75.23999999999994, ""task_id"": ""task_002"", ""decision_id"": ""demo_decision_002"", ""robot_state"": ""SIMULATION"", ""valid_flag"": true, ""quality_code"": ""GOOD"", ""source_type"": ""SIMULATION"", ""episode_id"": ""unified_gui_demo"", ""scenario_id"": ""scenario_3_multi_region""}",C,0.0,4.0,0.0,18.186119825162464,118.45075908293296,624.4838490573364,24.203054824670513,49.719549358759366,0,75.23999999999994,task_002,demo_decision_002,SIMULATION,1,GOOD,SIMULATION,unified_gui_demo,scenario_3_multi_region
340,2026-08-01T09:26:00,D,"{""timestamp"": ""2026-08-01T09:26:00"", ""region_id"": ""D"", ""pose_x"": 4.0, ""pose_y"": 4.0, ""pose_yaw"": 0.0, ""pm25"": 16.623595853827794, ""voc"": 208.43702156642618, ""co2"": 1356.8520007829, ""temperature"": 24.236499400833125, ""humidity"": 53.862768161322904, ""fan_level"": 0, ""battery_soc"": 75.23999999999994, ""task_id"": ""task_002"", ""decision_id"": ""demo_decision_002"", ""robot_state"": ""SIMULATION"", ""valid_flag"": true, ""quality_code"": ""GOOD"", ""source_type"": ""SIMULATION"", ""episode_id"": ""unified_gui_demo"", ""scenario_id"": ""scenario_3_multi_region""}",D,4.0,4.0,0.0,16.623595853827794,208.43702156642618,1356.8520007829,24.236499400833125,53.862768161322904,0,75.23999999999994,task_002,demo_decision_002,SIMULATION,1,GOOD,SIMULATION,unified_gui_demo,scenario_3_multi_region
341,2026-08-01T09:26:30,A,"{""timestamp"": ""2026-08-01T09:26:30"", ""region_id"": ""A"", ""pose_x"": 0.0, ""pose_y"": 0.0, ""pose_yaw"": 0.0, ""pm25"": 82.70367103126506, ""voc"": 96.57509375908671, ""co2"": 572.0112550380285, ""temperature"": 22.974454417188234, ""humidity"": 46.22324545218976, ""fan_level"": 1, ""battery_soc"": 75.20999999999994, ""task_id"": ""task_002"", ""decision_id"": ""demo_decision_002"", ""robot_state"": ""SIMULATION"", ""valid_flag"": true, ""quality_code"": ""GOOD"", ""source_type"": ""SIMULATION"", ""episode_id"": ""unified_gui_demo"", ""scenario_id"": ""scenario_3_multi_region""}",A,0.0,0.0,0.0,82.70367103126506,96.57509375908671,572.0112550380285,22.974454417188234,46.22324545218976,1,75.20999999999994,task_002,demo_decision_002,SIMULATION,1,GOOD,SIMULATION,unified_gui_demo,scenario_3_multi_region
342,2026-08-01T09:26:30,B,"{""timestamp"": ""2026-08-01T09:26:30"", ""region_id"": ""B"", ""pose_x"": 4.0, ""pose_y"": 0.0, ""pose_yaw"": 0.0, ""pm25"": 15.203811005969559, ""voc"": 317.90841769507, ""co2"": 660.5570814656222, ""temperature"": 22.87884408925935, ""humidity"": 59.09671640051035, ""fan_level"": 0, ""battery_soc"": 75.20999999999994, ""task_id"": ""task_002"", ""decision_id"": ""demo_decision_002"", ""robot_state"": ""SIMULATION"", ""valid_flag"": true, ""quality_code"": ""GOOD"", ""source_type"": ""SIMULATION"", ""episode_id"": ""unified_gui_demo"", ""scenario_id"": ""scenario_3_multi_region""}",B,4.0,0.0,0.0,15.203811005969559,317.90841769507,660.5570814656222,22.87884408925935,59.09671640051035,0,75.20999999999994,task_002,demo_decision_002,SIMULATION,1,GOOD,SIMULATION,unified_gui_demo,scenario_3_multi_region
343,2026-08-01T09:26:30,C,"{""timestamp"": ""2026-08-01T09:26:30"", ""region_id"": ""C"", ""pose_x"": 0.0, ""pose_y"": 4.0, ""pose_yaw"": 0.0, ""pm25"": 16.837155562354127, ""voc"": 129.73181021395564, ""co2"": 591.2707448660517, ""temperature"": 24.148234218487467, ""humidity"": 48.318482978300544, ""fan_level"": 0, ""battery_soc"": 75.20999999999994, ""task_id"": ""task_002"", ""decision_id"": ""demo_decision_002"", ""robot_state"": ""SIMULATION"", ""valid_flag"": true, ""quality_code"": ""GOOD"", ""source_type"": ""SIMULATION"", ""episode_id"": ""unified_gui_demo"", ""scenario_id"": ""scenario_3_multi_region""}",C,0.0,4.0,0.0,16.837155562354127,129.73181021395564,591.2707448660517,24.148234218487467,48.318482978300544,0,75.20999999999994,task_002,demo_decision_002,SIMULATION,1,GOOD,SIMULATION,unified_gui_demo,scenario_3_multi_region
344,2026-08-01T09:26:30,D,"{""timestamp"": ""2026-08-01T09:26:30"", ""region_id"": ""D"", ""pose_x"": 4.0, ""pose_y"": 4.0, ""pose_yaw"": 0.0, ""pm25"": 17.10324615331859, ""voc"": 213.96657721074962, ""co2"": 1378.9975503779103, ""temperature"": 24.414053689492356, ""humidity"": 54.34593602301694, ""fan_level"": 0, ""battery_soc"": 75.20999999999994, ""task_id"": ""task_002"", ""decision_id"": ""demo_decision_002"", ""robot_state"": ""SIMULATION"", ""valid_flag"": true, ""quality_code"": ""GOOD"", ""source_type"": ""SIMULATION"", ""episode_id"": ""unified_gui_demo"", ""scenario_id"": ""scenario_3_multi_region""}",D,4.0,4.0,0.0,17.10324615331859,213.96657721074962,1378.9975503779103,24.414053689492356,54.34593602301694,0,75.20999999999994,task_002,demo_decision_002,SIMULATION,1,GOOD,SIMULATION,unified_gui_demo,scenario_3_multi_region
345,2026-08-01T09:27:00,A,"{""timestamp"": ""2026-08-01T09:27:00"", ""region_id"": ""A"", ""pose_x"": 0.0, ""pose_y"": 0.0, ""pose_yaw"": 0.0, ""pm25"": 78.4442748896785, ""voc"": 107.94036893535923, ""co2"": 638.9266652877769, ""temperature"": 23.10368389292223, ""humidity"": 46.61211617018772, ""fan_level"": 0, ""battery_soc"": 73.97999999999993, ""task_id"": ""task_002"", ""decision_id"": ""demo_decision_002"", ""robot_state"": ""SIMULATION"", ""valid_flag"": true, ""quality_code"": ""GOOD"", ""source_type"": ""SIMULATION"", ""episode_id"": ""unified_gui_demo"", ""scenario_id"": ""scenario_3_multi_region""}",A,0.0,0.0,0.0,78.4442748896785,107.94036893535923,638.9266652877769,23.10368389292223,46.61211617018772,0,73.97999999999993,task_002,demo_decision_002,SIMULATION,1,GOOD,SIMULATION,unified_gui_demo,scenario_3_multi_region
346,2026-08-01T09:27:00,B,"{""timestamp"": ""2026-08-01T09:27:00"", ""region_id"": ""B"", ""pose_x"": 4.0, ""pose_y"": 0.0, ""pose_yaw"": 0.0, ""pm25"": 17.099653911021086, ""voc"": 328.65582782235674, ""co2"": 657.4217056559868, ""temperature"": 23.191036442249736, ""humidity"": 59.112830203915394, ""fan_level"": 0, ""battery_soc"": 73.97999999999993, ""task_id"": ""task_002"", ""decision_id"": ""demo_decision_002"", ""robot_state"": ""SIMULATION"", ""valid_flag"": true, ""quality_code"": ""GOOD"", ""source_type"": ""SIMULATION"", ""episode_id"": ""unified_gui_demo"", ""scenario_id"": ""scenario_3_multi_region""}",B,4.0,0.0,0.0,17.099653911021086,328.65582782235674,657.4217056559868,23.191036442249736,59.112830203915394,0,73.97999999999993,task_002,demo_decision_002,SIMULATION,1,GOOD,SIMULATION,unified_gui_demo,scenario_3_multi_region
347,2026-08-01T09:27:00,C,"{""timestamp"": ""2026-08-01T09:27:00"", ""region_id"": ""C"", ""pose_x"": 0.0, ""pose_y"": 4.0, ""pose_yaw"": 0.0, ""pm25"": 17.0853483116717, ""voc"": 130.9926230469398, ""co2"": 612.1109100565092, ""temperature"": 24.353903890603135, ""humidity"": 48.89333162798728, ""fan_level"": 0, ""battery_soc"": 73.97999999999993, ""task_id"": ""task_002"", ""decision_id"": ""demo_decision_002"", ""robot_state"": ""SIMULATION"", ""valid_flag"": true, ""quality_code"": ""GOOD"", ""source_type"": ""SIMULATION"", ""episode_id"": ""unified_gui_demo"", ""scenario_id"": ""scenario_3_multi_region""}",C,0.0,4.0,0.0,17.0853483116717,130.9926230469398,612.1109100565092,24.353903890603135,48.89333162798728,0,73.97999999999993,task_002,demo_decision_002,SIMULATION,1,GOOD,SIMULATION,unified_gui_demo,scenario_3_multi_region
348,2026-08-01T09:27:00,D,"{""timestamp"": ""2026-08-01T09:27:00"", ""region_id"": ""D"", ""pose_x"": 4.0, ""pose_y"": 4.0, ""pose_yaw"": 0.0, ""pm25"": 19.724618255110347, ""voc"": 216.59803186197198, ""co2"": 1389.5462542955927, ""temperature"": 24.075982085463924, ""humidity"": 54.10784526826801, ""fan_level"": 0, ""battery_soc"": 73.97999999999993, ""task_id"": ""task_002"", ""decision_id"": ""demo_decision_002"", ""robot_state"": ""SIMULATION"", ""valid_flag"": true, ""quality_code"": ""GOOD"", ""source_type"": ""SIMULATION"", ""episode_id"": ""unified_gui_demo"", ""scenario_id"": ""scenario_3_multi_region""}",D,4.0,4.0,0.0,19.724618255110347,216.59803186197198,1389.5462542955927,24.075982085463924,54.10784526826801,0,73.97999999999993,task_002,demo_decision_002,SIMULATION,1,GOOD,SIMULATION,unified_gui_demo,scenario_3_multi_region
349,2026-08-01T09:27:30,A,"{""timestamp"": ""2026-08-01T09:27:30"", ""region_id"": ""A"", ""pose_x"": 0.0, ""pose_y"": 0.0, ""pose_yaw"": 0.0, ""pm25"": 73.50438270133773, ""voc"": 107.1220506570111, ""co2"": 607.6223208359645, ""temperature"": 23.18145740582477, ""humidity"": 46.83084906968534, ""fan_level"": 0, ""battery_soc"": 73.94999999999993, ""task_id"": ""task_002"", ""decision_id"": ""demo_decision_002"", ""robot_state"": ""SIMULATION"", ""valid_flag"": true, ""quality_code"": ""GOOD"", ""source_type"": ""SIMULATION"", ""episode_id"": ""unified_gui_demo"", ""scenario_id"": ""scenario_3_multi_region""}",A,0.0,0.0,0.0,73.50438270133773,107.1220506570111,607.6223208359645,23.18145740582477,46.83084906968534,0,73.94999999999993,task_002,demo_decision_002,SIMULATION,1,GOOD,SIMULATION,unified_gui_demo,scenario_3_multi_region
350,2026-08-01T09:27:30,B,"{""timestamp"": ""2026-08-01T09:27:30"", ""region_id"": ""B"", ""pose_x"": 4.0, ""pose_y"": 0.0, ""pose_yaw"": 0.0, ""pm25"": 16.772805320926285, ""voc"": 313.4734606474039, ""co2"": 696.756757830877, ""temperature"": 22.908363974067665, ""humidity"": 59.6052090817258, ""fan_level"": 0, ""battery_soc"": 73.94999999999993, ""task_id"": ""task_002"", ""decision_id"": ""demo_decision_002"", ""robot_state"": ""SIMULATION"", ""valid_flag"": true, ""quality_code"": ""GOOD"", ""source_type"": ""SIMULATION"", ""episode_id"": ""unified_gui_demo"", ""scenario_id"": ""scenario_3_multi_region""}",B,4.0,0.0,0.0,16.772805320926285,313.4734606474039,696.756757830877,22.908363974067665,59.6052090817258,0,73.94999999999993,task_002,demo_decision_002,SIMULATION,1,GOOD,SIMULATION,unified_gui_demo,scenario_3_multi_region
351,2026-08-01T09:27:30,C,"{""timestamp"": ""2026-08-01T09:27:30"", ""region_id"": ""C"", ""pose_x"": 0.0, ""pose_y"": 4.0, ""pose_yaw"": 0.0, ""pm25"": 21.06267465206414, ""voc"": 120.7847780851885, ""co2"": 615.1233549427112, ""temperature"": 24.04646007713777, ""humidity"": 48.804141687877525, ""fan_level"": 0, ""battery_soc"": 73.94999999999993, ""task_id"": ""task_002"", ""decision_id"": ""demo_decision_002"", ""robot_state"": ""SIMULATION"", ""valid_flag"": true, ""quality_code"": ""GOOD"", ""source_type"": ""SIMULATION"", ""episode_id"": ""unified_gui_demo"", ""scenario_id"": ""scenario_3_multi_region""}",C,0.0,4.0,0.0,21.06267465206414,120.7847780851885,615.1233549427112,24.04646007713777,48.804141687877525,0,73.94999999999993,task_002,demo_decision_002,SIMULATION,1,GOOD,SIMULATION,unified_gui_demo,scenario_3_multi_region
352,2026-08-01T09:27:30,D,"{""timestamp"": ""2026-08-01T09:27:30"", ""region_id"": ""D"", ""pose_x"": 4.0, ""pose_y"": 4.0, ""pose_yaw"": 0.0, ""pm25"": 15.703291753520537, ""voc"": 213.64522007812997, ""co2"": 1398.6995885324418, ""temperature"": 24.127856054864292, ""humidity"": 54.22835427407835, ""fan_level"": 0, ""battery_soc"": 73.94999999999993, ""task_id"": ""task_002"", ""decision_id"": ""demo_decision_002"", ""robot_state"": ""SIMULATION"", ""valid_flag"": true, ""quality_code"": ""GOOD"", ""source_type"": ""SIMULATION"", ""episode_id"": ""unified_gui_demo"", ""scenario_id"": ""scenario_3_multi_region""}",D,4.0,4.0,0.0,15.703291753520537,213.64522007812997,1398.6995885324418,24.127856054864292,54.22835427407835,0,73.94999999999993,task_002,demo_decision_002,SIMULATION,1,GOOD,SIMULATION,unified_gui_demo,scenario_3_multi_region
353,2026-08-01T09:28:00,A,"{""timestamp"": ""2026-08-01T09:28:00"", ""region_id"": ""A"", ""pose_x"": 0.0, ""pose_y"": 0.0, ""pose_yaw"": 0.0, ""pm25"": 74.88217510972892, ""voc"": 104.45657716000585, ""co2"": 626.9722885802452, ""temperature"": 23.327988109489528, ""humidity"": 46.69536034048545, ""fan_level"": 0, ""battery_soc"": 73.91999999999993, ""task_id"": ""task_002"", ""decision_id"": ""demo_decision_002"", ""robot_state"": ""SIMULATION"", ""valid_flag"": true, ""quality_code"": ""GOOD"", ""source_type"": ""SIMULATION"", ""episode_id"": ""unified_gui_demo"", ""scenario_id"": ""scenario_3_multi_region""}",A,0.0,0.0,0.0,74.88217510972892,104.45657716000585,626.9722885802452,23.327988109489528,46.69536034048545,0,73.91999999999993,task_002,demo_decision_002,SIMULATION,1,GOOD,SIMULATION,unified_gui_demo,scenario_3_multi_region
354,2026-08-01T09:28:00,B,"{""timestamp"": ""2026-08-01T09:28:00"", ""region_id"": ""B"", ""pose_x"": 4.0, ""pose_y"": 0.0, ""pose_yaw"": 0.0, ""pm25"": 19.456679954988203, ""voc"": 339.1132843978626, ""co2"": 689.0959879785308, ""temperature"": 23.00513039643058, ""humidity"": 59.41336479637422, ""fan_level"": 0, ""battery_soc"": 73.91999999999993, ""task_id"": ""task_002"", ""decision_id"": ""demo_decision_002"", ""robot_state"": ""SIMULATION"", ""valid_flag"": true, ""quality_code"": ""GOOD"", ""source_type"": ""SIMULATION"", ""episode_id"": ""unified_gui_demo"", ""scenario_id"": ""scenario_3_multi_region""}",B,4.0,0.0,0.0,19.456679954988203,339.1132843978626,689.0959879785308,23.00513039643058,59.41336479637422,0,73.91999999999993,task_002,demo_decision_002,SIMULATION,1,GOOD,SIMULATION,unified_gui_demo,scenario_3_multi_region
355,2026-08-01T09:28:00,C,"{""timestamp"": ""2026-08-01T09:28:00"", ""region_id"": ""C"", ""pose_x"": 0.0, ""pose_y"": 4.0, ""pose_yaw"": 0.0, ""pm25"": 16.95517593101824, ""voc"": 122.10698999348128, ""co2"": 631.1902347937543, ""temperature"": 24.098130627108315, ""humidity"": 48.35404836288607, ""fan_level"": 0, ""battery_soc"": 73.91999999999993, ""task_id"": ""task_002"", ""decision_id"": ""demo_decision_002"", ""robot_state"": ""SIMULATION"", ""valid_flag"": true, ""quality_code"": ""GOOD"", ""source_type"": ""SIMULATION"", ""episode_id"": ""unified_gui_demo"", ""scenario_id"": ""scenario_3_multi_region""}",C,0.0,4.0,0.0,16.95517593101824,122.10698999348128,631.1902347937543,24.098130627108315,48.35404836288607,0,73.91999999999993,task_002,demo_decision_002,SIMULATION,1,GOOD,SIMULATION,unified_gui_demo,scenario_3_multi_region
356,2026-08-01T09:28:00,D,"{""timestamp"": ""2026-08-01T09:28:00"", ""region_id"": ""D"", ""pose_x"": 4.0, ""pose_y"": 4.0, ""pose_yaw"": 0.0, ""pm25"": 16.30476564290967, ""voc"": 200.63732945537154, ""co2"": 1402.725109347285, ""temperature"": 24.142901708458798, ""humidity"": 54.409784133609946, ""fan_level"": 0, ""battery_soc"": 73.91999999999993, ""task_id"": ""task_002"", ""decision_id"": ""demo_decision_002"", ""robot_state"": ""SIMULATION"", ""valid_flag"": true, ""quality_code"": ""GOOD"", ""source_type"": ""SIMULATION"", ""episode_id"": ""unified_gui_demo"", ""scenario_id"": ""scenario_3_multi_region""}",D,4.0,4.0,0.0,16.30476564290967,200.63732945537154,1402.725109347285,24.142901708458798,54.409784133609946,0,73.91999999999993,task_002,demo_decision_002,SIMULATION,1,GOOD,SIMULATION,unified_gui_demo,scenario_3_multi_region
357,2026-08-01T09:28:30,A,"{""timestamp"": ""2026-08-01T09:28:30"", ""region_id"": ""A"", ""pose_x"": 0.0, ""pose_y"": 0.0, ""pose_yaw"": 0.0, ""pm25"": 75.4326617806012, ""voc"": 87.96007033578269, ""co2"": 617.4533578305802, ""temperature"": 23.40065571145013, ""humidity"": 46.458120064542406, ""fan_level"": 1, ""battery_soc"": 73.88999999999993, ""task_id"": ""task_003"", ""decision_id"": ""demo_decision_003"", ""robot_state"": ""SIMULATION"", ""valid_flag"": true, ""quality_code"": ""GOOD"", ""source_type"": ""SIMULATION"", ""episode_id"": ""unified_gui_demo"", ""scenario_id"": ""scenario_3_multi_region""}",A,0.0,0.0,0.0,75.4326617806012,87.96007033578269,617.4533578305802,23.40065571145013,46.458120064542406,1,73.88999999999993,task_003,demo_decision_003,SIMULATION,1,GOOD,SIMULATION,unified_gui_demo,scenario_3_multi_region
358,2026-08-01T09:28:30,B,"{""timestamp"": ""2026-08-01T09:28:30"", ""region_id"": ""B"", ""pose_x"": 4.0, ""pose_y"": 0.0, ""pose_yaw"": 0.0, ""pm25"": 17.288261132800493, ""voc"": 325.86628594834434, ""co2"": 665.8372770833581, ""temperature"": 23.140523803736325, ""humidity"": 58.73849300433942, ""fan_level"": 0, ""battery_soc"": 73.88999999999993, ""task_id"": ""task_003"", ""decision_id"": ""demo_decision_003"", ""robot_state"": ""SIMULATION"", ""valid_flag"": true, ""quality_code"": ""GOOD"", ""source_type"": ""SIMULATION"", ""episode_id"": ""unified_gui_demo"", ""scenario_id"": ""scenario_3_multi_region""}",B,4.0,0.0,0.0,17.288261132800493,325.86628594834434,665.8372770833581,23.140523803736325,58.73849300433942,0,73.88999999999993,task_003,demo_decision_003,SIMULATION,1,GOOD,SIMULATION,unified_gui_demo,scenario_3_multi_region
359,2026-08-01T09:28:30,C,"{""timestamp"": ""2026-08-01T09:28:30"", ""region_id"": ""C"", ""pose_x"": 0.0, ""pose_y"": 4.0, ""pose_yaw"": 0.0, ""pm25"": 12.964282564532752, ""voc"": 127.7023828234411, ""co2"": 618.7358899246497, ""temperature"": 24.30803999282809, ""humidity"": 48.88076244730428, ""fan_level"": 0, ""battery_soc"": 73.88999999999993, ""task_id"": ""task_003"", ""decision_id"": ""demo_decision_003"", ""robot_state"": ""SIMULATION"", ""valid_flag"": true, ""quality_code"": ""GOOD"", ""source_type"": ""SIMULATION"", ""episode_id"": ""unified_gui_demo"", ""scenario_id"": ""scenario_3_multi_region""}",C,0.0,4.0,0.0,12.964282564532752,127.7023828234411,618.7358899246497,24.30803999282809,48.88076244730428,0,73.88999999999993,task_003,demo_decision_003,SIMULATION,1,GOOD,SIMULATION,unified_gui_demo,scenario_3_multi_region
360,2026-08-01T09:28:30,D,"{""timestamp"": ""2026-08-01T09:28:30"", ""region_id"": ""D"", ""pose_x"": 4.0, ""pose_y"": 4.0, ""pose_yaw"": 0.0, ""pm25"": 16.752043957824288, ""voc"": 207.7242939644643, ""co2"": 1438.2951295324035, ""temperature"": 24.147563320467565, ""humidity"": 54.376764546220855, ""fan_level"": 0, ""battery_soc"": 73.88999999999993, ""task_id"": ""task_003"", ""decision_id"": ""demo_decision_003"", ""robot_state"": ""SIMULATION"", ""valid_flag"": true, ""quality_code"": ""GOOD"", ""source_type"": ""SIMULATION"", ""episode_id"": ""unified_gui_demo"", ""scenario_id"": ""scenario_3_multi_region""}",D,4.0,4.0,0.0,16.752043957824288,207.7242939644643,1438.2951295324035,24.147563320467565,54.376764546220855,0,73.88999999999993,task_003,demo_decision_003,SIMULATION,1,GOOD,SIMULATION,unified_gui_demo,scenario_3_multi_region
361,2026-08-01T09:29:00,A,"{""timestamp"": ""2026-08-01T09:29:00"", ""region_id"": ""A"", ""pose_x"": 0.0, ""pose_y"": 0.0, ""pose_yaw"": 0.0, ""pm25"": 71.12918134299368, ""voc"": 106.32587599182824, ""co2"": 617.378726440235, ""temperature"": 22.894481986843257, ""humidity"": 47.002951386727155, ""fan_level"": 1, ""battery_soc"": 73.85999999999993, ""task_id"": ""task_003"", ""decision_id"": ""demo_decision_003"", ""robot_state"": ""SIMULATION"", ""valid_flag"": true, ""quality_code"": ""GOOD"", ""source_type"": ""SIMULATION"", ""episode_id"": ""unified_gui_demo"", ""scenario_id"": ""scenario_3_multi_region""}",A,0.0,0.0,0.0,71.12918134299368,106.32587599182824,617.378726440235,22.894481986843257,47.002951386727155,1,73.85999999999993,task_003,demo_decision_003,SIMULATION,1,GOOD,SIMULATION,unified_gui_demo,scenario_3_multi_region
362,2026-08-01T09:29:00,B,"{""timestamp"": ""2026-08-01T09:29:00"", ""region_id"": ""B"", ""pose_x"": 4.0, ""pose_y"": 0.0, ""pose_yaw"": 0.0, ""pm25"": 18.32305741232165, ""voc"": 330.50151770365585, ""co2"": 689.647543471256, ""temperature"": 22.878246818249675, ""humidity"": 59.07470062315296, ""fan_level"": 0, ""battery_soc"": 73.85999999999993, ""task_id"": ""task_003"", ""decision_id"": ""demo_decision_003"", ""robot_state"": ""SIMULATION"", ""valid_flag"": true, ""quality_code"": ""GOOD"", ""source_type"": ""SIMULATION"", ""episode_id"": ""unified_gui_demo"", ""scenario_id"": ""scenario_3_multi_region""}",B,4.0,0.0,0.0,18.32305741232165,330.50151770365585,689.647543471256,22.878246818249675,59.07470062315296,0,73.85999999999993,task_003,demo_decision_003,SIMULATION,1,GOOD,SIMULATION,unified_gui_demo,scenario_3_multi_region
363,2026-08-01T09:29:00,C,"{""timestamp"": ""2026-08-01T09:29:00"", ""region_id"": ""C"", ""pose_x"": 0.0, ""pose_y"": 4.0, ""pose_yaw"": 0.0, ""pm25"": 17.420826179709223, ""voc"": 112.22302825021083, ""co2"": 616.3571256310624, ""temperature"": 24.018973969216308, ""humidity"": 48.80366921988887, ""fan_level"": 0, ""battery_soc"": 73.85999999999993, ""task_id"": ""task_003"", ""decision_id"": ""demo_decision_003"", ""robot_state"": ""SIMULATION"", ""valid_flag"": true, ""quality_code"": ""GOOD"", ""source_type"": ""SIMULATION"", ""episode_id"": ""unified_gui_demo"", ""scenario_id"": ""scenario_3_multi_region""}",C,0.0,4.0,0.0,17.420826179709223,112.22302825021083,616.3571256310624,24.018973969216308,48.80366921988887,0,73.85999999999993,task_003,demo_decision_003,SIMULATION,1,GOOD,SIMULATION,unified_gui_demo,scenario_3_multi_region
364,2026-08-01T09:29:00,D,"{""timestamp"": ""2026-08-01T09:29:00"", ""region_id"": ""D"", ""pose_x"": 4.0, ""pose_y"": 4.0, ""pose_yaw"": 0.0, ""pm25"": 17.168385517238324, ""voc"": 230.15061243482293, ""co2"": 1441.304932589951, ""temperature"": 24.060067133545058, ""humidity"": 54.01520668383894, ""fan_level"": 0, ""battery_soc"": 73.85999999999993, ""task_id"": ""task_003"", ""decision_id"": ""demo_decision_003"", ""robot_state"": ""SIMULATION"", ""valid_flag"": true, ""quality_code"": ""GOOD"", ""source_type"": ""SIMULATION"", ""episode_id"": ""unified_gui_demo"", ""scenario_id"": ""scenario_3_multi_region""}",D,4.0,4.0,0.0,17.168385517238324,230.15061243482293,1441.304932589951,24.060067133545058,54.01520668383894,0,73.85999999999993,task_003,demo_decision_003,SIMULATION,1,GOOD,SIMULATION,unified_gui_demo,scenario_3_multi_region
365,2026-08-01T09:29:30,A,"{""timestamp"": ""2026-08-01T09:29:30"", ""region_id"": ""A"", ""pose_x"": 0.0, ""pose_y"": 0.0, ""pose_yaw"": 0.0, ""pm25"": 70.76668603225028, ""voc"": 94.66196578223432, ""co2"": 652.3795174268414, ""temperature"": 23.314865907755664, ""humidity"": 46.20213850972513, ""fan_level"": 1, ""battery_soc"": 73.82999999999993, ""task_id"": ""task_003"", ""decision_id"": ""demo_decision_003"", ""robot_state"": ""SIMULATION"", ""valid_flag"": true, ""quality_code"": ""GOOD"", ""source_type"": ""SIMULATION"", ""episode_id"": ""unified_gui_demo"", ""scenario_id"": ""scenario_3_multi_region""}",A,0.0,0.0,0.0,70.76668603225028,94.66196578223432,652.3795174268414,23.314865907755664,46.20213850972513,1,73.82999999999993,task_003,demo_decision_003,SIMULATION,1,GOOD,SIMULATION,unified_gui_demo,scenario_3_multi_region
366,2026-08-01T09:29:30,B,"{""timestamp"": ""2026-08-01T09:29:30"", ""region_id"": ""B"", ""pose_x"": 4.0, ""pose_y"": 0.0, ""pose_yaw"": 0.0, ""pm25"": 15.314440456504274, ""voc"": 312.544085511794, ""co2"": 682.1231441248094, ""temperature"": 23.12981690556912, ""humidity"": 58.88054527327105, ""fan_level"": 0, ""battery_soc"": 73.82999999999993, ""task_id"": ""task_003"", ""decision_id"": ""demo_decision_003"", ""robot_state"": ""SIMULATION"", ""valid_flag"": true, ""quality_code"": ""GOOD"", ""source_type"": ""SIMULATION"", ""episode_id"": ""unified_gui_demo"", ""scenario_id"": ""scenario_3_multi_region""}",B,4.0,0.0,0.0,15.314440456504274,312.544085511794,682.1231441248094,23.12981690556912,58.88054527327105,0,73.82999999999993,task_003,demo_decision_003,SIMULATION,1,GOOD,SIMULATION,unified_gui_demo,scenario_3_multi_region
367,2026-08-01T09:29:30,C,"{""timestamp"": ""2026-08-01T09:29:30"", ""region_id"": ""C"", ""pose_x"": 0.0, ""pose_y"": 4.0, ""pose_yaw"": 0.0, ""pm25"": 15.64393477956525, ""voc"": 134.21744210131533, ""co2"": 647.3337232035991, ""temperature"": 23.988713837233586, ""humidity"": 49.933449142320384, ""fan_level"": 0, ""battery_soc"": 73.82999999999993, ""task_id"": ""task_003"", ""decision_id"": ""demo_decision_003"", ""robot_state"": ""SIMULATION"", ""valid_flag"": true, ""quality_code"": ""GOOD"", ""source_type"": ""SIMULATION"", ""episode_id"": ""unified_gui_demo"", ""scenario_id"": ""scenario_3_multi_region""}",C,0.0,4.0,0.0,15.64393477956525,134.21744210131533,647.3337232035991,23.988713837233586,49.933449142320384,0,73.82999999999993,task_003,demo_decision_003,SIMULATION,1,GOOD,SIMULATION,unified_gui_demo,scenario_3_multi_region
368,2026-08-01T09:29:30,D,"{""timestamp"": ""2026-08-01T09:29:30"", ""region_id"": ""D"", ""pose_x"": 4.0, ""pose_y"": 4.0, ""pose_yaw"": 0.0, ""pm25"": 19.125830009424334, ""voc"": 230.251932980622, ""co2"": 1466.0175096539344, ""temperature"": 24.427630484592278, ""humidity"": 54.195397670567566, ""fan_level"": 0, ""battery_soc"": 73.82999999999993, ""task_id"": ""task_003"", ""decision_id"": ""demo_decision_003"", ""robot_state"": ""SIMULATION"", ""valid_flag"": true, ""quality_code"": ""GOOD"", ""source_type"": ""SIMULATION"", ""episode_id"": ""unified_gui_demo"", ""scenario_id"": ""scenario_3_multi_region""}",D,4.0,4.0,0.0,19.125830009424334,230.251932980622,1466.0175096539344,24.427630484592278,54.195397670567566,0,73.82999999999993,task_003,demo_decision_003,SIMULATION,1,GOOD,SIMULATION,unified_gui_demo,scenario_3_multi_region
369,2026-08-01T09:30:00,A,"{""timestamp"": ""2026-08-01T09:30:00"", ""region_id"": ""A"", ""pose_x"": 0.0, ""pose_y"": 0.0, ""pose_yaw"": 0.0, ""pm25"": 67.58981377792755, ""voc"": 106.88074256762455, ""co2"": 644.9392172302033, ""temperature"": 23.073775449316717, ""humidity"": 46.88741466246227, ""fan_level"": 1, ""battery_soc"": 73.79999999999993, ""task_id"": ""task_003"", ""decision_id"": ""demo_decision_003"", ""robot_state"": ""SIMULATION"", ""valid_flag"": true, ""quality_code"": ""GOOD"", ""source_type"": ""SIMULATION"", ""episode_id"": ""unified_gui_demo"", ""scenario_id"": ""scenario_3_multi_region""}",A,0.0,0.0,0.0,67.58981377792755,106.88074256762455,644.9392172302033,23.073775449316717,46.88741466246227,1,73.79999999999993,task_003,demo_decision_003,SIMULATION,1,GOOD,SIMULATION,unified_gui_demo,scenario_3_multi_region
370,2026-08-01T09:30:00,B,"{""timestamp"": ""2026-08-01T09:30:00"", ""region_id"": ""B"", ""pose_x"": 4.0, ""pose_y"": 0.0, ""pose_yaw"": 0.0, ""pm25"": 18.07582188243258, ""voc"": 308.63843875052714, ""co2"": 695.7454203712205, ""temperature"": 22.78498774063582, ""humidity"": 58.736360740492096, ""fan_level"": 0, ""battery_soc"": 73.79999999999993, ""task_id"": ""task_003"", ""decision_id"": ""demo_decision_003"", ""robot_state"": ""SIMULATION"", ""valid_flag"": true, ""quality_code"": ""GOOD"", ""source_type"": ""SIMULATION"", ""episode_id"": ""unified_gui_demo"", ""scenario_id"": ""scenario_3_multi_region""}",B,4.0,0.0,0.0,18.07582188243258,308.63843875052714,695.7454203712205,22.78498774063582,58.736360740492096,0,73.79999999999993,task_003,demo_decision_003,SIMULATION,1,GOOD,SIMULATION,unified_gui_demo,scenario_3_multi_region
371,2026-08-01T09:30:00,C,"{""timestamp"": ""2026-08-01T09:30:00"", ""region_id"": ""C"", ""pose_x"": 0.0, ""pose_y"": 4.0, ""pose_yaw"": 0.0, ""pm25"": 17.254298548081657, ""voc"": 122.36668449720612, ""co2"": 616.8977684136415, ""temperature"": 24.542982505441753, ""humidity"": 49.26798543597192, ""fan_level"": 0, ""battery_soc"": 73.79999999999993, ""task_id"": ""task_003"", ""decision_id"": ""demo_decision_003"", ""robot_state"": ""SIMULATION"", ""valid_flag"": true, ""quality_code"": ""GOOD"", ""source_type"": ""SIMULATION"", ""episode_id"": ""unified_gui_demo"", ""scenario_id"": ""scenario_3_multi_region""}",C,0.0,4.0,0.0,17.254298548081657,122.36668449720612,616.8977684136415,24.542982505441753,49.26798543597192,0,73.79999999999993,task_003,demo_decision_003,SIMULATION,1,GOOD,SIMULATION,unified_gui_demo,scenario_3_multi_region
372,2026-08-01T09:30:00,D,"{""timestamp"": ""2026-08-01T09:30:00"", ""region_id"": ""D"", ""pose_x"": 4.0, ""pose_y"": 4.0, ""pose_yaw"": 0.0, ""pm25"": 19.26649528369908, ""voc"": 218.08297145637349, ""co2"": 1477.8332383827878, ""temperature"": 23.910435330713405, ""humidity"": 53.37511128254683, ""fan_level"": 0, ""battery_soc"": 73.79999999999993, ""task_id"": ""task_003"", ""decision_id"": ""demo_decision_003"", ""robot_state"": ""SIMULATION"", ""valid_flag"": true, ""quality_code"": ""GOOD"", ""source_type"": ""SIMULATION"", ""episode_id"": ""unified_gui_demo"", ""scenario_id"": ""scenario_3_multi_region""}",D,4.0,4.0,0.0,19.26649528369908,218.08297145637349,1477.8332383827878,23.910435330713405,53.37511128254683,0,73.79999999999993,task_003,demo_decision_003,SIMULATION,1,GOOD,SIMULATION,unified_gui_demo,scenario_3_multi_region
373,2026-08-01T09:30:30,A,"{""timestamp"": ""2026-08-01T09:30:30"", ""region_id"": ""A"", ""pose_x"": 0.0, ""pose_y"": 0.0, ""pose_yaw"": 0.0, ""pm25"": 64.46162937684815, ""voc"": 112.45219164037354, ""co2"": 634.5274865616199, ""temperature"": 22.95944353247224, ""humidity"": 47.13494590202762, ""fan_level"": 1, ""battery_soc"": 73.76999999999992, ""task_id"": ""task_003"", ""decision_id"": ""demo_decision_003"", ""robot_state"": ""SIMULATION"", ""valid_flag"": true, ""quality_code"": ""GOOD"", ""source_type"": ""SIMULATION"", ""episode_id"": ""unified_gui_demo"", ""scenario_id"": ""scenario_3_multi_region""}",A,0.0,0.0,0.0,64.46162937684815,112.45219164037354,634.5274865616199,22.95944353247224,47.13494590202762,1,73.76999999999992,task_003,demo_decision_003,SIMULATION,1,GOOD,SIMULATION,unified_gui_demo,scenario_3_multi_region
374,2026-08-01T09:30:30,B,"{""timestamp"": ""2026-08-01T09:30:30"", ""region_id"": ""B"", ""pose_x"": 4.0, ""pose_y"": 0.0, ""pose_yaw"": 0.0, ""pm25"": 15.69827245154505, ""voc"": 314.5760904879795, ""co2"": 682.2251976980111, ""temperature"": 22.723337150572277, ""humidity"": 59.11850820080943, ""fan_level"": 0, ""battery_soc"": 73.76999999999992, ""task_id"": ""task_003"", ""decision_id"": ""demo_decision_003"", ""robot_state"": ""SIMULATION"", ""valid_flag"": true, ""quality_code"": ""GOOD"", ""source_type"": ""SIMULATION"", ""episode_id"": ""unified_gui_demo"", ""scenario_id"": ""scenario_3_multi_region""}",B,4.0,0.0,0.0,15.69827245154505,314.5760904879795,682.2251976980111,22.723337150572277,59.11850820080943,0,73.76999999999992,task_003,demo_decision_003,SIMULATION,1,GOOD,SIMULATION,unified_gui_demo,scenario_3_multi_region
375,2026-08-01T09:30:30,C,"{""timestamp"": ""2026-08-01T09:30:30"", ""region_id"": ""C"", ""pose_x"": 0.0, ""pose_y"": 4.0, ""pose_yaw"": 0.0, ""pm25"": 16.26202334370517, ""voc"": 117.54793598858946, ""co2"": 639.3892638882181, ""temperature"": 24.341110870630665, ""humidity"": 48.83265300707486, ""fan_level"": 0, ""battery_soc"": 73.76999999999992, ""task_id"": ""task_003"", ""decision_id"": ""demo_decision_003"", ""robot_state"": ""SIMULATION"", ""valid_flag"": true, ""quality_code"": ""GOOD"", ""source_type"": ""SIMULATION"", ""episode_id"": ""unified_gui_demo"", ""scenario_id"": ""scenario_3_multi_region""}",C,0.0,4.0,0.0,16.26202334370517,117.54793598858946,639.3892638882181,24.341110870630665,48.83265300707486,0,73.76999999999992,task_003,demo_decision_003,SIMULATION,1,GOOD,SIMULATION,unified_gui_demo,scenario_3_multi_region
376,2026-08-01T09:30:30,D,"{""timestamp"": ""2026-08-01T09:30:30"", ""region_id"": ""D"", ""pose_x"": 4.0, ""pose_y"": 4.0, ""pose_yaw"": 0.0, ""pm25"": 17.965419030401474, ""voc"": 203.57442761783676, ""co2"": 1481.8162472862082, ""temperature"": 24.140027857157754, ""humidity"": 53.681346854318335, ""fan_level"": 0, ""battery_soc"": 73.76999999999992, ""task_id"": ""task_003"", ""decision_id"": ""demo_decision_003"", ""robot_state"": ""SIMULATION"", ""valid_flag"": true, ""quality_code"": ""GOOD"", ""source_type"": ""SIMULATION"", ""episode_id"": ""unified_gui_demo"", ""scenario_id"": ""scenario_3_multi_region""}",D,4.0,4.0,0.0,17.965419030401474,203.57442761783676,1481.8162472862082,24.140027857157754,53.681346854318335,0,73.76999999999992,task_003,demo_decision_003,SIMULATION,1,GOOD,SIMULATION,unified_gui_demo,scenario_3_multi_region
377,2026-08-01T09:31:00,A,"{""timestamp"": ""2026-08-01T09:31:00"", ""region_id"": ""A"", ""pose_x"": 0.0, ""pose_y"": 0.0, ""pose_yaw"": 0.0, ""pm25"": 63.72389386975512, ""voc"": 103.43995517040373, ""co2"": 640.1539561676881, ""temperature"": 23.025181406874307, ""humidity"": 46.304714314789784, ""fan_level"": 1, ""battery_soc"": 73.73999999999992, ""task_id"": ""task_003"", ""decision_id"": ""demo_decision_003"", ""robot_state"": ""SIMULATION"", ""valid_flag"": true, ""quality_code"": ""GOOD"", ""source_type"": ""SIMULATION"", ""episode_id"": ""unified_gui_demo"", ""scenario_id"": ""scenario_3_multi_region""}",A,0.0,0.0,0.0,63.72389386975512,103.43995517040373,640.1539561676881,23.025181406874307,46.304714314789784,1,73.73999999999992,task_003,demo_decision_003,SIMULATION,1,GOOD,SIMULATION,unified_gui_demo,scenario_3_multi_region
378,2026-08-01T09:31:00,B,"{""timestamp"": ""2026-08-01T09:31:00"", ""region_id"": ""B"", ""pose_x"": 4.0, ""pose_y"": 0.0, ""pose_yaw"": 0.0, ""pm25"": 18.954004236523854, ""voc"": 310.92672193698496, ""co2"": 687.3792454540303, ""temperature"": 22.82919057478674, ""humidity"": 59.3900312537498, ""fan_level"": 0, ""battery_soc"": 73.73999999999992, ""task_id"": ""task_003"", ""decision_id"": ""demo_decision_003"", ""robot_state"": ""SIMULATION"", ""valid_flag"": true, ""quality_code"": ""GOOD"", ""source_type"": ""SIMULATION"", ""episode_id"": ""unified_gui_demo"", ""scenario_id"": ""scenario_3_multi_region""}",B,4.0,0.0,0.0,18.954004236523854,310.92672193698496,687.3792454540303,22.82919057478674,59.3900312537498,0,73.73999999999992,task_003,demo_decision_003,SIMULATION,1,GOOD,SIMULATION,unified_gui_demo,scenario_3_multi_region
379,2026-08-01T09:31:00,C,"{""timestamp"": ""2026-08-01T09:31:00"", ""region_id"": ""C"", ""pose_x"": 0.0, ""pose_y"": 4.0, ""pose_yaw"": 0.0, ""pm25"": 17.992035526864523, ""voc"": 131.90439899038984, ""co2"": 625.4427388672458, ""temperature"": 24.408150898497635, ""humidity"": 49.262616579444, ""fan_level"": 0, ""battery_soc"": 73.73999999999992, ""task_id"": ""task_003"", ""decision_id"": ""demo_decision_003"", ""robot_state"": ""SIMULATION"", ""valid_flag"": true, ""quality_code"": ""GOOD"", ""source_type"": ""SIMULATION"", ""episode_id"": ""unified_gui_demo"", ""scenario_id"": ""scenario_3_multi_region""}",C,0.0,4.0,0.0,17.992035526864523,131.90439899038984,625.4427388672458,24.408150898497635,49.262616579444,0,73.73999999999992,task_003,demo_decision_003,SIMULATION,1,GOOD,SIMULATION,unified_gui_demo,scenario_3_multi_region
380,2026-08-01T09:31:00,D,"{""timestamp"": ""2026-08-01T09:31:00"", ""region_id"": ""D"", ""pose_x"": 4.0, ""pose_y"": 4.0, ""pose_yaw"": 0.0, ""pm25"": 18.244382217283878, ""voc"": 220.7233187354705, ""co2"": 1510.5532671844517, ""temperature"": 24.1099596239365, ""humidity"": 53.74189493027264, ""fan_level"": 0, ""battery_soc"": 73.73999999999992, ""task_id"": ""task_003"", ""decision_id"": ""demo_decision_003"", ""robot_state"": ""SIMULATION"", ""valid_flag"": true, ""quality_code"": ""GOOD"", ""source_type"": ""SIMULATION"", ""episode_id"": ""unified_gui_demo"", ""scenario_id"": ""scenario_3_multi_region""}",D,4.0,4.0,0.0,18.244382217283878,220.7233187354705,1510.5532671844517,24.1099596239365,53.74189493027264,0,73.73999999999992,task_003,demo_decision_003,SIMULATION,1,GOOD,SIMULATION,unified_gui_demo,scenario_3_multi_region
381,2026-08-01T09:31:30,A,"{""timestamp"": ""2026-08-01T09:31:30"", ""region_id"": ""A"", ""pose_x"": 0.0, ""pose_y"": 0.0, ""pose_yaw"": 0.0, ""pm25"": 58.18737434041605, ""voc"": 115.60138912866402, ""co2"": 644.0686309062372, ""temperature"": 23.158267792669925, ""humidity"": 47.1907956232587, ""fan_level"": 1, ""battery_soc"": 73.70999999999992, ""task_id"": ""task_003"", ""decision_id"": ""demo_decision_003"", ""robot_state"": ""SIMULATION"", ""valid_flag"": true, ""quality_code"": ""GOOD"", ""source_type"": ""SIMULATION"", ""episode_id"": ""unified_gui_demo"", ""scenario_id"": ""scenario_3_multi_region""}",A,0.0,0.0,0.0,58.18737434041605,115.60138912866402,644.0686309062372,23.158267792669925,47.1907956232587,1,73.70999999999992,task_003,demo_decision_003,SIMULATION,1,GOOD,SIMULATION,unified_gui_demo,scenario_3_multi_region
382,2026-08-01T09:31:30,B,"{""timestamp"": ""2026-08-01T09:31:30"", ""region_id"": ""B"", ""pose_x"": 4.0, ""pose_y"": 0.0, ""pose_yaw"": 0.0, ""pm25"": 17.709632395577565, ""voc"": 321.105244681426, ""co2"": 673.6133644122643, ""temperature"": 22.839517644096816, ""humidity"": 59.04352363994666, ""fan_level"": 0, ""battery_soc"": 73.70999999999992, ""task_id"": ""task_003"", ""decision_id"": ""demo_decision_003"", ""robot_state"": ""SIMULATION"", ""valid_flag"": true, ""quality_code"": ""GOOD"", ""source_type"": ""SIMULATION"", ""episode_id"": ""unified_gui_demo"", ""scenario_id"": ""scenario_3_multi_region""}",B,4.0,0.0,0.0,17.709632395577565,321.105244681426,673.6133644122643,22.839517644096816,59.04352363994666,0,73.70999999999992,task_003,demo_decision_003,SIMULATION,1,GOOD,SIMULATION,unified_gui_demo,scenario_3_multi_region
383,2026-08-01T09:31:30,C,"{""timestamp"": ""2026-08-01T09:31:30"", ""region_id"": ""C"", ""pose_x"": 0.0, ""pose_y"": 4.0, ""pose_yaw"": 0.0, ""pm25"": 14.804506519658341, ""voc"": 111.61404012621253, ""co2"": 631.7989606183536, ""temperature"": 23.87810760897828, ""humidity"": 49.04158054375667, ""fan_level"": 0, ""battery_soc"": 73.70999999999992, ""task_id"": ""task_003"", ""decision_id"": ""demo_decision_003"", ""robot_state"": ""SIMULATION"", ""valid_flag"": true, ""quality_code"": ""GOOD"", ""source_type"": ""SIMULATION"", ""episode_id"": ""unified_gui_demo"", ""scenario_id"": ""scenario_3_multi_region""}",C,0.0,4.0,0.0,14.804506519658341,111.61404012621253,631.7989606183536,23.87810760897828,49.04158054375667,0,73.70999999999992,task_003,demo_decision_003,SIMULATION,1,GOOD,SIMULATION,unified_gui_demo,scenario_3_multi_region
384,2026-08-01T09:31:30,D,"{""timestamp"": ""2026-08-01T09:31:30"", ""region_id"": ""D"", ""pose_x"": 4.0, ""pose_y"": 4.0, ""pose_yaw"": 0.0, ""pm25"": 516.5812180291296, ""voc"": 221.83489473508425, ""co2"": 1513.6839686893984, ""temperature"": 24.420649759631207, ""humidity"": 54.414617820384926, ""fan_level"": 0, ""battery_soc"": 73.70999999999992, ""task_id"": ""task_003"", ""decision_id"": ""demo_decision_003"", ""robot_state"": ""SIMULATION"", ""valid_flag"": false, ""quality_code"": ""OUTLIER"", ""source_type"": ""SIMULATION"", ""episode_id"": ""unified_gui_demo"", ""scenario_id"": ""scenario_3_multi_region""}",D,4.0,4.0,0.0,516.5812180291296,221.83489473508425,1513.6839686893984,24.420649759631207,54.414617820384926,0,73.70999999999992,task_003,demo_decision_003,SIMULATION,0,OUTLIER,SIMULATION,unified_gui_demo,scenario_3_multi_region
385,2026-08-01T09:32:00,A,"{""timestamp"": ""2026-08-01T09:32:00"", ""region_id"": ""A"", ""pose_x"": 0.0, ""pose_y"": 0.0, ""pose_yaw"": 0.0, ""pm25"": 58.15663198790839, ""voc"": 108.0682155791106, ""co2"": 656.3480669728405, ""temperature"": 23.0692092547984, ""humidity"": 46.8243787485363, ""fan_level"": 1, ""battery_soc"": 73.67999999999992, ""task_id"": ""task_003"", ""decision_id"": ""demo_decision_003"", ""robot_state"": ""SIMULATION"", ""valid_flag"": true, ""quality_code"": ""GOOD"", ""source_type"": ""SIMULATION"", ""episode_id"": ""unified_gui_demo"", ""scenario_id"": ""scenario_3_multi_region""}",A,0.0,0.0,0.0,58.15663198790839,108.0682155791106,656.3480669728405,23.0692092547984,46.8243787485363,1,73.67999999999992,task_003,demo_decision_003,SIMULATION,1,GOOD,SIMULATION,unified_gui_demo,scenario_3_multi_region
386,2026-08-01T09:32:00,B,"{""timestamp"": ""2026-08-01T09:32:00"", ""region_id"": ""B"", ""pose_x"": 4.0, ""pose_y"": 0.0, ""pose_yaw"": 0.0, ""pm25"": 18.710490631194997, ""voc"": 298.95182008200294, ""co2"": 692.0950062830351, ""temperature"": 22.80851470949189, ""humidity"": 59.13653006907146, ""fan_level"": 0, ""battery_soc"": 73.67999999999992, ""task_id"": ""task_003"", ""decision_id"": ""demo_decision_003"", ""robot_state"": ""SIMULATION"", ""valid_flag"": true, ""quality_code"": ""GOOD"", ""source_type"": ""SIMULATION"", ""episode_id"": ""unified_gui_demo"", ""scenario_id"": ""scenario_3_multi_region""}",B,4.0,0.0,0.0,18.710490631194997,298.95182008200294,692.0950062830351,22.80851470949189,59.13653006907146,0,73.67999999999992,task_003,demo_decision_003,SIMULATION,1,GOOD,SIMULATION,unified_gui_demo,scenario_3_multi_region
387,2026-08-01T09:32:00,C,"{""timestamp"": ""2026-08-01T09:32:00"", ""region_id"": ""C"", ""pose_x"": 0.0, ""pose_y"": 4.0, ""pose_yaw"": 0.0, ""pm25"": 16.881569230100773, ""voc"": 122.9896426065302, ""co2"": 631.6345640930929, ""temperature"": 24.260657731643008, ""humidity"": 49.12779291129847, ""fan_level"": 0, ""battery_soc"": 73.67999999999992, ""task_id"": ""task_003"", ""decision_id"": ""demo_decision_003"", ""robot_state"": ""SIMULATION"", ""valid_flag"": true, ""quality_code"": ""GOOD"", ""source_type"": ""SIMULATION"", ""episode_id"": ""unified_gui_demo"", ""scenario_id"": ""scenario_3_multi_region""}",C,0.0,4.0,0.0,16.881569230100773,122.9896426065302,631.6345640930929,24.260657731643008,49.12779291129847,0,73.67999999999992,task_003,demo_decision_003,SIMULATION,1,GOOD,SIMULATION,unified_gui_demo,scenario_3_multi_region
388,2026-08-01T09:32:00,D,"{""timestamp"": ""2026-08-01T09:32:00"", ""region_id"": ""D"", ""pose_x"": 4.0, ""pose_y"": 4.0, ""pose_yaw"": 0.0, ""pm25"": 17.3112201961792, ""voc"": 211.01242667671556, ""co2"": 1542.862722173744, ""temperature"": 24.444061477495104, ""humidity"": 54.012516469059165, ""fan_level"": 0, ""battery_soc"": 73.67999999999992, ""task_id"": ""task_003"", ""decision_id"": ""demo_decision_003"", ""robot_state"": ""SIMULATION"", ""valid_flag"": true, ""quality_code"": ""GOOD"", ""source_type"": ""SIMULATION"", ""episode_id"": ""unified_gui_demo"", ""scenario_id"": ""scenario_3_multi_region""}",D,4.0,4.0,0.0,17.3112201961792,211.01242667671556,1542.862722173744,24.444061477495104,54.012516469059165,0,73.67999999999992,task_003,demo_decision_003,SIMULATION,1,GOOD,SIMULATION,unified_gui_demo,scenario_3_multi_region
389,2026-08-01T09:32:30,A,"{""timestamp"": ""2026-08-01T09:32:30"", ""region_id"": ""A"", ""pose_x"": 0.0, ""pose_y"": 0.0, ""pose_yaw"": 0.0, ""pm25"": 51.32763904578422, ""voc"": 97.72168592254499, ""co2"": 648.5911404886258, ""temperature"": 23.05581775737022, ""humidity"": 46.56204750656548, ""fan_level"": 0, ""battery_soc"": 72.44999999999992, ""task_id"": ""task_003"", ""decision_id"": ""demo_decision_003"", ""robot_state"": ""SIMULATION"", ""valid_flag"": true, ""quality_code"": ""GOOD"", ""source_type"": ""SIMULATION"", ""episode_id"": ""unified_gui_demo"", ""scenario_id"": ""scenario_3_multi_region""}",A,0.0,0.0,0.0,51.32763904578422,97.72168592254499,648.5911404886258,23.05581775737022,46.56204750656548,0,72.44999999999992,task_003,demo_decision_003,SIMULATION,1,GOOD,SIMULATION,unified_gui_demo,scenario_3_multi_region
390,2026-08-01T09:32:30,B,"{""timestamp"": ""2026-08-01T09:32:30"", ""region_id"": ""B"", ""pose_x"": 4.0, ""pose_y"": 0.0, ""pose_yaw"": 0.0, ""pm25"": 13.94579604403927, ""voc"": 301.4278046921678, ""co2"": 698.5713891349482, ""temperature"": 23.018423646871188, ""humidity"": 59.016332933158125, ""fan_level"": 0, ""battery_soc"": 72.44999999999992, ""task_id"": ""task_003"", ""decision_id"": ""demo_decision_003"", ""robot_state"": ""SIMULATION"", ""valid_flag"": true, ""quality_code"": ""GOOD"", ""source_type"": ""SIMULATION"", ""episode_id"": ""unified_gui_demo"", ""scenario_id"": ""scenario_3_multi_region""}",B,4.0,0.0,0.0,13.94579604403927,301.4278046921678,698.5713891349482,23.018423646871188,59.016332933158125,0,72.44999999999992,task_003,demo_decision_003,SIMULATION,1,GOOD,SIMULATION,unified_gui_demo,scenario_3_multi_region
391,2026-08-01T09:32:30,C,"{""timestamp"": ""2026-08-01T09:32:30"", ""region_id"": ""C"", ""pose_x"": 0.0, ""pose_y"": 4.0, ""pose_yaw"": 0.0, ""pm25"": 16.660455445950507, ""voc"": 112.52949268350396, ""co2"": 625.479317935579, ""temperature"": 23.99457087987783, ""humidity"": 48.82104220339949, ""fan_level"": 0, ""battery_soc"": 72.44999999999992, ""task_id"": ""task_003"", ""decision_id"": ""demo_decision_003"", ""robot_state"": ""SIMULATION"", ""valid_flag"": true, ""quality_code"": ""GOOD"", ""source_type"": ""SIMULATION"", ""episode_id"": ""unified_gui_demo"", ""scenario_id"": ""scenario_3_multi_region""}",C,0.0,4.0,0.0,16.660455445950507,112.52949268350396,625.479317935579,23.99457087987783,48.82104220339949,0,72.44999999999992,task_003,demo_decision_003,SIMULATION,1,GOOD,SIMULATION,unified_gui_demo,scenario_3_multi_region
392,2026-08-01T09:32:30,D,"{""timestamp"": ""2026-08-01T09:32:30"", ""region_id"": ""D"", ""pose_x"": 4.0, ""pose_y"": 4.0, ""pose_yaw"": 0.0, ""pm25"": 15.139546170781182, ""voc"": 222.34050229182, ""co2"": 1560.3567641331897, ""temperature"": 23.91322841986022, ""humidity"": 53.80261119009388, ""fan_level"": 0, ""battery_soc"": 72.44999999999992, ""task_id"": ""task_003"", ""decision_id"": ""demo_decision_003"", ""robot_state"": ""SIMULATION"", ""valid_flag"": true, ""quality_code"": ""GOOD"", ""source_type"": ""SIMULATION"", ""episode_id"": ""unified_gui_demo"", ""scenario_id"": ""scenario_3_multi_region""}",D,4.0,4.0,0.0,15.139546170781182,222.34050229182,1560.3567641331897,23.91322841986022,53.80261119009388,0,72.44999999999992,task_003,demo_decision_003,SIMULATION,1,GOOD,SIMULATION,unified_gui_demo,scenario_3_multi_region
393,2026-08-01T09:33:00,A,"{""timestamp"": ""2026-08-01T09:33:00"", ""region_id"": ""A"", ""pose_x"": 0.0, ""pose_y"": 0.0, ""pose_yaw"": 0.0, ""pm25"": 55.019673366284884, ""voc"": 119.74571341895172, ""co2"": 636.0436905706065, ""temperature"": 23.036389982615034, ""humidity"": 46.22729080711739, ""fan_level"": 0, ""battery_soc"": 72.41999999999992, ""task_id"": ""task_003"", ""decision_id"": ""demo_decision_003"", ""robot_state"": ""SIMULATION"", ""valid_flag"": true, ""quality_code"": ""GOOD"", ""source_type"": ""SIMULATION"", ""episode_id"": ""unified_gui_demo"", ""scenario_id"": ""scenario_3_multi_region""}",A,0.0,0.0,0.0,55.019673366284884,119.74571341895172,636.0436905706065,23.036389982615034,46.22729080711739,0,72.41999999999992,task_003,demo_decision_003,SIMULATION,1,GOOD,SIMULATION,unified_gui_demo,scenario_3_multi_region
394,2026-08-01T09:33:00,B,"{""timestamp"": ""2026-08-01T09:33:00"", ""region_id"": ""B"", ""pose_x"": 4.0, ""pose_y"": 0.0, ""pose_yaw"": 0.0, ""pm25"": 15.464255375714398, ""voc"": 305.1129172691098, ""co2"": 670.8230821082632, ""temperature"": 22.940073771416316, ""humidity"": 58.59101162067846, ""fan_level"": 0, ""battery_soc"": 72.41999999999992, ""task_id"": ""task_003"", ""decision_id"": ""demo_decision_003"", ""robot_state"": ""SIMULATION"", ""valid_flag"": true, ""quality_code"": ""GOOD"", ""source_type"": ""SIMULATION"", ""episode_id"": ""unified_gui_demo"", ""scenario_id"": ""scenario_3_multi_region""}",B,4.0,0.0,0.0,15.464255375714398,305.1129172691098,670.8230821082632,22.940073771416316,58.59101162067846,0,72.41999999999992,task_003,demo_decision_003,SIMULATION,1,GOOD,SIMULATION,unified_gui_demo,scenario_3_multi_region
395,2026-08-01T09:33:00,C,"{""timestamp"": ""2026-08-01T09:33:00"", ""region_id"": ""C"", ""pose_x"": 0.0, ""pose_y"": 4.0, ""pose_yaw"": 0.0, ""pm25"": 15.617842451793946, ""voc"": 117.45488801663991, ""co2"": 649.0838628769693, ""temperature"": 24.33687565525332, ""humidity"": 48.2971933437851, ""fan_level"": 0, ""battery_soc"": 72.41999999999992, ""task_id"": ""task_003"", ""decision_id"": ""demo_decision_003"", ""robot_state"": ""SIMULATION"", ""valid_flag"": true, ""quality_code"": ""GOOD"", ""source_type"": ""SIMULATION"", ""episode_id"": ""unified_gui_demo"", ""scenario_id"": ""scenario_3_multi_region""}",C,0.0,4.0,0.0,15.617842451793946,117.45488801663991,649.0838628769693,24.33687565525332,48.2971933437851,0,72.41999999999992,task_003,demo_decision_003,SIMULATION,1,GOOD,SIMULATION,unified_gui_demo,scenario_3_multi_region
396,2026-08-01T09:33:00,D,"{""timestamp"": ""2026-08-01T09:33:00"", ""region_id"": ""D"", ""pose_x"": 4.0, ""pose_y"": 4.0, ""pose_yaw"": 0.0, ""pm25"": 19.079408141874687, ""voc"": 225.86717434626797, ""co2"": 1572.653039971757, ""temperature"": 24.42200927837393, ""humidity"": 53.522516674656075, ""fan_level"": 0, ""battery_soc"": 72.41999999999992, ""task_id"": ""task_003"", ""decision_id"": ""demo_decision_003"", ""robot_state"": ""SIMULATION"", ""valid_flag"": true, ""quality_code"": ""GOOD"", ""source_type"": ""SIMULATION"", ""episode_id"": ""unified_gui_demo"", ""scenario_id"": ""scenario_3_multi_region""}",D,4.0,4.0,0.0,19.079408141874687,225.86717434626797,1572.653039971757,24.42200927837393,53.522516674656075,0,72.41999999999992,task_003,demo_decision_003,SIMULATION,1,GOOD,SIMULATION,unified_gui_demo,scenario_3_multi_region
