id,timestamp,event_key,payload_json,decision_id,region_id,current_risk,predicted_risk,trend,pm25,voc,co2,temperature,humidity,abnormal_duration,waiting_time,data_age,distance,estimated_move_time,estimated_energy,switch_cost,valid_flag,quality_code
265,2026-08-01T09:17:00,A,"{""region_id"": ""A"", ""current_pm25"": 91.73364562505192, ""current_voc"": 105.97077988030831, ""current_co2"": 558.4524253100376, ""current_temperature"": 23.363346852951736, ""current_humidity"": 46.65764995491871, ""rolling_mean_pm25"": 68.46536284163577, ""rolling_mean_voc"": 108.17953015329083, ""rolling_mean_co2"": 570.1818221731395, ""rolling_max_pm25"": 91.73364562505192, ""rolling_max_voc"": 117.42196463824573, ""rolling_max_co2"": 604.7732758559036, ""rolling_std_pm25"": 15.33891660263865, ""rolling_std_voc"": 5.617516271833687, ""rolling_std_co2"": 17.9584166265692, ""slope_pm25"": 3.928128729157441, ""slope_voc"": -0.47118311768252585, ""slope_co2"": 2.357614975559934, ""abnormal_duration"": 150.0, ""neighbor_diff"": 78.04913194172894, ""data_age"": 0.0, ""sample_interval"": 30.0, ""valid_flag"": 1, ""hour"": 9, ""time_period"": 1, ""timestamp"": ""2026-08-01T09:17:00"", ""decision_id"": """"}",,A,,,,,,,,,150.0,,0.0,,,,,1,
266,2026-08-01T09:17:00,B,"{""region_id"": ""B"", ""current_pm25"": 12.491805729679271, ""current_voc"": 198.78283250743513, ""current_co2"": 661.712157597754, ""current_temperature"": 23.08092215944654, ""current_humidity"": 58.85112004379469, ""rolling_mean_pm25"": 12.258710549095724, ""rolling_mean_voc"": 174.290659343638, ""rolling_mean_co2"": 652.6238188785177, ""rolling_max_pm25"": 15.342045240164408, ""rolling_max_voc"": 213.4703727053024, ""rolling_max_co2"": 665.8998877011611, ""rolling_std_pm25"": 2.011295374403408, ""rolling_std_voc"": 22.066653098964167, ""rolling_std_co2"": 12.208459698816885, ""slope_pm25"": 0.05461728497381978, ""slope_voc"": 5.459031017588154, ""slope_co2"": -0.7356111273410568, ""abnormal_duration"": 0.0, ""neighbor_diff"": -27.02006949956708, ""data_age"": 0.0, ""sample_interval"": 30.0, ""valid_flag"": 1, ""hour"": 9, ""time_period"": 1, ""timestamp"": ""2026-08-01T09:17:00"", ""decision_id"": """"}",,B,,,,,,,,,0.0,,0.0,,,,,1,
267,2026-08-01T09:17:00,C,"{""region_id"": ""C"", ""current_pm25"": 15.346146333427349, ""current_voc"": 116.32167381563075, ""current_co2"": 553.9678905987635, ""current_temperature"": 23.947872563746362, ""current_humidity"": 48.83959841729743, ""rolling_mean_pm25"": 12.731691458838176, ""rolling_mean_voc"": 114.5964545620312, ""rolling_mean_co2"": 570.2976143026392, ""rolling_max_pm25"": 16.896648651373336, ""rolling_max_voc"": 122.37332324300812, ""rolling_max_co2"": 589.7079245150301, ""rolling_std_pm25"": 1.7858380907885005, ""rolling_std_voc"": 5.799637251978234, ""rolling_std_co2"": 12.052373744249033, ""slope_pm25"": 0.12968958957209964, ""slope_voc"": -0.8120809357309676, ""slope_co2"": 1.2423403536117663, ""abnormal_duration"": 0.0, ""neighbor_diff"": -24.222470845498123, ""data_age"": 0.0, ""sample_interval"": 30.0, ""valid_flag"": 1, ""hour"": 9, ""time_period"": 1, ""timestamp"": ""2026-08-01T09:17:00"", ""decision_id"": """"}",,C,,,,,,,,,0.0,,0.0,,,,,1,
268,2026-08-01T09:17:00,D,"{""region_id"": ""D"", ""current_pm25"": 11.929023121667868, ""current_voc"": 111.48343442915373, ""current_co2"": 1064.1721155703126, ""current_temperature"": 24.182622093955274, ""current_humidity"": 53.70675557620481, ""rolling_mean_pm25"": 12.678390302636528, ""rolling_mean_voc"": 114.14560277358315, ""rolling_mean_co2"": 929.9670373227814, ""rolling_max_pm25"": 16.225903297606717, ""rolling_max_voc"": 124.30552671779056, ""rolling_max_co2"": 1064.1721155703126, ""rolling_std_pm25"": 1.7327628791634315, ""rolling_std_voc"": 7.137009750459852, ""rolling_std_co2"": 71.25605592299584, ""slope_pm25"": -0.13640042937538077, ""slope_voc"": -0.8036763809935825, ""slope_co2"": 18.626820908131712, ""abnormal_duration"": 30.0, ""neighbor_diff"": -27.928176107718308, ""data_age"": 0.0, ""sample_interval"": 30.0, ""valid_flag"": 1, ""hour"": 9, ""time_period"": 1, ""timestamp"": ""2026-08-01T09:17:00"", ""decision_id"": """"}",,D,,,,,,,,,30.0,,0.0,,,,,1,
269,2026-08-01T09:17:30,A,"{""region_id"": ""A"", ""current_pm25"": 92.56352990921407, ""current_voc"": 103.62688713876295, ""current_co2"": 587.5968687829234, ""current_temperature"": 23.63683760224963, ""current_humidity"": 46.59005715078237, ""rolling_mean_pm25"": 72.58782530316957, ""rolling_mean_voc"": 107.08239584512658, ""rolling_mean_co2"": 575.0687822985826, ""rolling_max_pm25"": 92.56352990921407, ""rolling_max_voc"": 117.42196463824573, ""rolling_max_co2"": 604.7732758559036, ""rolling_std_pm25"": 14.595851571272155, ""rolling_std_voc"": 5.089013930073204, ""rolling_std_co2"": 13.4998916285726, ""slope_pm25"": 3.7464005049551337, ""slope_voc"": -0.28567445645208983, ""slope_co2"": 1.327074642928239, ""abnormal_duration"": 180.0, ""neighbor_diff"": 79.30787151428925, ""data_age"": 0.0, ""sample_interval"": 30.0, ""valid_flag"": 1, ""hour"": 9, ""time_period"": 1, ""timestamp"": ""2026-08-01T09:17:30"", ""decision_id"": ""demo_decision_001""}",demo_decision_001,A,,,,,,,,,180.0,,0.0,,,,,1,
270,2026-08-01T09:17:30,B,"{""region_id"": ""B"", ""current_pm25"": 15.053550337802964, ""current_voc"": 217.13932592043193, ""current_co2"": 623.6445321829096, ""current_temperature"": 23.05330086282414, ""current_humidity"": 59.0929018669212, ""rolling_mean_pm25"": 12.3301582755279, ""rolling_mean_voc"": 181.04663078150466, ""rolling_mean_co2"": 650.5574649862293, ""rolling_max_pm25"": 15.342045240164408, ""rolling_max_voc"": 217.13932592043193, ""rolling_max_co2"": 665.8998877011611, ""rolling_std_pm25"": 2.0924428000370603, ""rolling_std_voc"": 21.738099345998407, ""rolling_std_co2"": 14.604854420013123, ""slope_pm25"": 0.23117930924398622, ""slope_voc"": 5.452255410907127, ""slope_co2"": -1.9021858657266795, ""abnormal_duration"": 0.0, ""neighbor_diff"": -24.892682783633465, ""data_age"": 0.0, ""sample_interval"": 30.0, ""valid_flag"": 1, ""hour"": 9, ""time_period"": 1, ""timestamp"": ""2026-08-01T09:17:30"", ""decision_id"": ""demo_decision_001""}",demo_decision_001,B,,,,,,,,,0.0,,0.0,,,,,1,
271,2026-08-01T09:17:30,C,"{""region_id"": ""C"", ""current_pm25"": 13.866432480254982, ""current_voc"": 106.68872560880543, ""current_co2"": 591.1306089226732, ""current_temperature"": 24.28463827232715, ""current_humidity"": 48.83302838641128, ""rolling_mean_pm25"": 12.89168509102847, ""rolling_mean_voc"": 113.38994705170792, ""rolling_mean_co2"": 572.8586603827442, ""rolling_max_pm25"": 16.896648651373336, ""rolling_max_voc"": 121.7615487489535, ""rolling_max_co2"": 591.1306089226732, ""rolling_std_pm25"": 1.7871622447205262, ""rolling_std_voc"": 5.686652423292492, ""rolling_std_co2"": 12.654755349122292, ""slope_pm25"": 0.13074570357815207, ""slope_voc"": -0.7736649629425976, ""slope_co2"": 1.4498883578473771, ""abnormal_duration"": 0.0, ""neighbor_diff"": -25.982268642639983, ""data_age"": 0.0, ""sample_interval"": 30.0, ""valid_flag"": 1, ""hour"": 9, ""time_period"": 1, ""timestamp"": ""2026-08-01T09:17:30"", ""decision_id"": ""demo_decision_001""}",demo_decision_001,C,,,,,,,,,0.0,,0.0,,,,,1,
272,2026-08-01T09:17:30,D,"{""region_id"": ""D"", ""current_pm25"": 18.93424593635672, ""current_voc"": 127.84678363784433, ""current_co2"": 1078.7481124773926, ""current_temperature"": 24.27939239832041, ""current_humidity"": 53.656798036085554, ""rolling_mean_pm25"": 13.121133174021487, ""rolling_mean_voc"": 114.41800715204883, ""rolling_mean_co2"": 950.6625076797872, ""rolling_max_pm25"": 18.93424593635672, ""rolling_max_voc"": 127.84678363784433, ""rolling_max_co2"": 1078.7481124773926, ""rolling_std_pm25"": 2.4078290357959533, ""rolling_std_voc"": 7.5738083853241855, ""rolling_std_co2"": 72.38355656241748, ""slope_pm25"": 0.08907496591215416, ""slope_voc"": 0.038777205792236945, ""slope_co2"": 18.906305383529734, ""abnormal_duration"": 60.0, ""neighbor_diff"": -21.560258306067286, ""data_age"": 0.0, ""sample_interval"": 30.0, ""valid_flag"": 1, ""hour"": 9, ""time_period"": 1, ""timestamp"": ""2026-08-01T09:17:30"", ""decision_id"": ""demo_decision_001""}",demo_decision_001,D,,,,,,,,,60.0,,0.0,,,,,1,
273,2026-08-01T09:18:00,A,"{""region_id"": ""A"", ""current_pm25"": 96.070979581937, ""current_voc"": 99.87329111618344, ""current_co2"": 599.4633047661595, ""current_temperature"": 23.280892077091035, ""current_humidity"": 46.46325439591317, ""rolling_mean_pm25"": 76.62136068663823, ""rolling_mean_voc"": 106.74513758823913, ""rolling_mean_co2"": 578.6784973503638, ""rolling_max_pm25"": 96.070979581937, ""rolling_max_voc"": 117.42196463824573, ""rolling_max_co2"": 604.7732758559036, ""rolling_std_pm25"": 13.81943741699762, ""rolling_std_voc"": 5.411290257949589, ""rolling_std_co2"": 13.74667479908988, ""slope_pm25"": 3.580768784242801, ""slope_voc"": -0.6551449632104946, ""slope_co2"": 1.3890237435745187, ""abnormal_duration"": 210.0, ""neighbor_diff"": 80.1195699971321, ""data_age"": 0.0, ""sample_interval"": 30.0, ""valid_flag"": 1, ""hour"": 9, ""time_period"": 1, ""timestamp"": ""2026-08-01T09:18:00"", ""decision_id"": ""demo_decision_001""}",demo_decision_001,A,,,,,,,,,210.0,,0.0,,,,,1,
274,2026-08-01T09:18:00,B,"{""region_id"": ""B"", ""current_pm25"": 14.224031969045965, ""current_voc"": 242.06981107109218, ""current_co2"": 673.3033933484481, ""current_temperature"": 23.21679566413364, ""current_humidity"": 59.24452862061933, ""rolling_mean_pm25"": 12.801344371214952, ""rolling_mean_voc"": 188.9677122800774, ""rolling_mean_co2"": 651.5768342783849, ""rolling_max_pm25"": 15.342045240164408, ""rolling_max_voc"": 242.06981107109218, ""rolling_max_co2"": 673.3033933484481, ""rolling_std_pm25"": 1.8102039653527537, ""rolling_std_voc"": 24.97234899918172, ""rolling_std_co2"": 15.689687556434746, ""slope_pm25"": 0.13953411505597776, ""slope_voc"": 6.287837043030305, ""slope_co2"": -0.7388195002364625, ""abnormal_duration"": 0.0, ""neighbor_diff"": -28.7331873638036, ""data_age"": 0.0, ""sample_interval"": 30.0, ""valid_flag"": 1, ""hour"": 9, ""time_period"": 1, ""timestamp"": ""2026-08-01T09:18:00"", ""decision_id"": ""demo_decision_001""}",demo_decision_001,B,,,,,,,,,0.0,,0.0,,,,,1,
275,2026-08-01T09:18:00,C,"{""region_id"": ""C"", ""current_pm25"": 12.541481656008946, ""current_voc"": 114.33052428217364, ""current_co2"": 584.5519353895373, ""current_temperature"": 24.004686202699013, ""current_humidity"": 49.12062852990588, ""rolling_mean_pm25"": 12.95203462973171, ""rolling_mean_voc"": 112.81832978503256, ""rolling_mean_co2"": 574.5407718473006, ""rolling_max_pm25"": 16.896648651373336, ""rolling_max_voc"": 119.46553952698694, ""rolling_max_co2"": 591.1306089226732, ""rolling_std_pm25"": 1.7608778270906145, ""rolling_std_voc"": 5.166068836003505, ""rolling_std_co2"": 12.643916763872129, ""slope_pm25"": 0.07555640315371023, ""slope_voc"": -0.4206722417145034, ""slope_co2"": 1.4440665546258802, ""abnormal_duration"": 0.0, ""neighbor_diff"": -30.534937506437615, ""data_age"": 0.0, ""sample_interval"": 30.0, ""valid_flag"": 1, ""hour"": 9, ""time_period"": 1, ""timestamp"": ""2026-08-01T09:18:00"", ""decision_id"": ""demo_decision_001""}",demo_decision_001,C,,,,,,,,,0.0,,0.0,,,,,1,
276,2026-08-01T09:18:00,D,"{""region_id"": ""D"", ""current_pm25"": 10.937895608212113, ""current_voc"": 123.612062039556, ""current_co2"": 1094.1856586795375, ""current_temperature"": 23.7452376773957, ""current_humidity"": 53.61989089324254, ""rolling_mean_pm25"": 12.71436335176036, ""rolling_mean_voc"": 114.62490383743679, ""rolling_mean_co2"": 970.5855525740167, ""rolling_max_pm25"": 18.93424593635672, ""rolling_max_voc"": 127.84678363784433, ""rolling_max_co2"": 1094.1856586795375, ""rolling_std_pm25"": 2.2928862471970564, ""rolling_std_voc"": 7.782526908573091, ""rolling_std_co2"": 73.49304437889668, ""slope_pm25"": 0.13651433662776058, ""slope_voc"": 0.5920470693487572, ""slope_co2"": 19.19643657925418, ""abnormal_duration"": 90.0, ""neighbor_diff"": -30.007602127451857, ""data_age"": 0.0, ""sample_interval"": 30.0, ""valid_flag"": 1, ""hour"": 9, ""time_period"": 1, ""timestamp"": ""2026-08-01T09:18:00"", ""decision_id"": ""demo_decision_001""}",demo_decision_001,D,,,,,,,,,90.0,,0.0,,,,,1,
277,2026-08-01T09:18:30,A,"{""region_id"": ""A"", ""current_pm25"": 96.38918641256318, ""current_voc"": 102.22811709541003, ""current_co2"": 590.0157413567485, ""current_temperature"": 23.344655385475836, ""current_humidity"": 46.95170937562586, ""rolling_mean_pm25"": 80.2058362721631, ""rolling_mean_voc"": 105.79656327288016, ""rolling_mean_co2"": 579.730407229688, ""rolling_max_pm25"": 96.38918641256318, ""rolling_max_voc"": 117.42196463824573, ""rolling_max_co2"": 604.7732758559036, ""rolling_std_pm25"": 12.870951014100724, ""rolling_std_voc"": 5.1141186421329685, ""rolling_std_co2"": 14.086798744083957, ""slope_pm25"": 3.3748366472965574, ""slope_voc"": -0.5375484630920784, ""slope_co2"": 1.7570463339538407, ""abnormal_duration"": 240.0, ""neighbor_diff"": 83.8213833348075, ""data_age"": 0.0, ""sample_interval"": 30.0, ""valid_flag"": 1, ""hour"": 9, ""time_period"": 1, ""timestamp"": ""2026-08-01T09:18:30"", ""decision_id"": ""demo_decision_001""}",demo_decision_001,A,,,,,,,,,240.0,,0.0,,,,,1,
278,2026-08-01T09:18:30,B,"{""region_id"": ""B"", ""current_pm25"": 13.967009429820376, ""current_voc"": 219.69778923839692, ""current_co2"": 661.9845201975306, ""current_temperature"": 23.013163870085084, ""current_humidity"": 59.17570153238888, ""rolling_mean_pm25"": 13.133124814936652, ""rolling_mean_voc"": 194.8694363928637, ""rolling_mean_co2"": 651.4240025190369, ""rolling_max_pm25"": 15.342045240164408, ""rolling_max_voc"": 242.06981107109218, ""rolling_max_co2"": 673.3033933484481, ""rolling_std_pm25"": 1.6184284723331506, ""rolling_std_voc"": 23.09858370847782, ""rolling_std_co2"": 15.57823473993004, ""slope_pm25"": 0.05552536126857503, ""slope_voc"": 5.871767966686373, ""slope_co2"": 0.17585583103993968, ""abnormal_duration"": 0.0, ""neighbor_diff"": -25.989178462441036, ""data_age"": 0.0, ""sample_interval"": 30.0, ""valid_flag"": 1, ""hour"": 9, ""time_period"": 1, ""timestamp"": ""2026-08-01T09:18:30"", ""decision_id"": ""demo_decision_001""}",demo_decision_001,B,,,,,,,,,0.0,,0.0,,,,,1,
279,2026-08-01T09:18:30,C,"{""region_id"": ""C"", ""current_pm25"": 13.521421435288637, ""current_voc"": 124.2198476356105, ""current_co2"": 565.6614867834738, ""current_temperature"": 24.38251338773048, ""current_humidity"": 49.30100800659133, ""rolling_mean_pm25"": 13.140659896733014, ""rolling_mean_voc"": 113.66570867663314, ""rolling_mean_co2"": 574.5818611067356, ""rolling_max_pm25"": 16.896648651373336, ""rolling_max_voc"": 124.2198476356105, ""rolling_max_co2"": 591.1306089226732, ""rolling_std_pm25"": 1.6785050847320553, ""rolling_std_voc"": 5.996529373969359, ""rolling_std_co2"": 12.614091646059258, ""slope_pm25"": 0.02191425576426684, ""slope_voc"": -0.029967555330666834, ""slope_co2"": 0.7892872774921147, ""abnormal_duration"": 0.0, ""neighbor_diff"": -26.909942381576585, ""data_age"": 0.0, ""sample_interval"": 30.0, ""valid_flag"": 1, ""hour"": 9, ""time_period"": 1, ""timestamp"": ""2026-08-01T09:18:30"", ""decision_id"": ""demo_decision_001""}",demo_decision_001,C,,,,,,,,,0.0,,0.0,,,,,1,
280,2026-08-01T09:18:30,D,"{""region_id"": ""D"", ""current_pm25"": 13.69015679281525, ""current_voc"": 140.26620170117891, ""current_co2"": 1109.6861032783231, ""current_temperature"": 24.163209701446842, ""current_humidity"": 54.45677006888402, ""rolling_mean_pm25"": 12.618762419115543, ""rolling_mean_voc"": 116.01606086132361, ""rolling_mean_co2"": 988.5669667348545, ""rolling_max_pm25"": 18.93424593635672, ""rolling_max_voc"": 140.26620170117891, ""rolling_max_co2"": 1109.6861032783231, ""rolling_std_pm25"": 2.2232409406095597, ""rolling_std_voc"": 10.237940135621376, ""rolling_std_co2"": 76.661849856222, ""slope_pm25"": 0.25401433445409055, ""slope_voc"": 1.727989833386938, ""slope_co2"": 20.141483120571554, ""abnormal_duration"": 120.0, ""neighbor_diff"": -27.602382299742146, ""data_age"": 0.0, ""sample_interval"": 30.0, ""valid_flag"": 1, ""hour"": 9, ""time_period"": 1, ""timestamp"": ""2026-08-01T09:18:30"", ""decision_id"": ""demo_decision_001""}",demo_decision_001,D,,,,,,,,,120.0,,0.0,,,,,1,
281,2026-08-01T09:19:00,A,"{""region_id"": ""A"", ""current_pm25"": 98.32451562798863, ""current_voc"": 108.77680372971365, ""current_co2"": 579.4300693655808, ""current_temperature"": 23.176088794018103, ""current_humidity"": 46.63320960464092, ""rolling_mean_pm25"": 83.61565608758147, ""rolling_mean_voc"": 105.52332967058733, ""rolling_mean_co2"": 580.0173497189031, ""rolling_max_pm25"": 98.32451562798863, ""rolling_max_voc"": 117.42196463824573, ""rolling_max_co2"": 604.7732758559036, ""rolling_std_pm25"": 11.75052843678675, ""rolling_std_voc"": 4.853356570033591, ""rolling_std_co2"": 14.042619825735507, ""slope_pm25"": 3.1384269252980532, ""slope_voc"": -0.18100226615591686, ""slope_co2"": 1.6609062737199776, ""abnormal_duration"": 270.0, ""neighbor_diff"": 84.59831974201387, ""data_age"": 0.0, ""sample_interval"": 30.0, ""valid_flag"": 1, ""hour"": 9, ""time_period"": 1, ""timestamp"": ""2026-08-01T09:19:00"", ""decision_id"": ""demo_decision_001""}",demo_decision_001,A,,,,,,,,,270.0,,0.0,,,,,1,
282,2026-08-01T09:19:00,B,"{""region_id"": ""B"", ""current_pm25"": 14.390453534306843, ""current_voc"": 237.28066702469872, ""current_co2"": 669.1702137988186, ""current_temperature"": 22.971682586306017, ""current_humidity"": 58.56320100980914, ""rolling_mean_pm25"": 13.221459480287384, ""rolling_mean_voc"": 201.10466606043497, ""rolling_mean_co2"": 652.0892841642549, ""rolling_max_pm25"": 15.342045240164408, ""rolling_max_voc"": 242.06981107109218, ""rolling_max_co2"": 673.3033933484481, ""rolling_std_pm25"": 1.655295433766233, ""rolling_std_voc"": 23.601206307930806, ""rolling_std_co2"": 16.141253334500718, ""slope_pm25"": 0.11885984163242436, ""slope_voc"": 6.29237796483638, ""slope_co2"": 1.3850936903925894, ""abnormal_duration"": 0.0, ""neighbor_diff"": -27.45491108439066, ""data_age"": 0.0, ""sample_interval"": 30.0, ""valid_flag"": 1, ""hour"": 9, ""time_period"": 1, ""timestamp"": ""2026-08-01T09:19:00"", ""decision_id"": ""demo_decision_001""}",demo_decision_001,B,,,,,,,,,0.0,,0.0,,,,,1,
283,2026-08-01T09:19:00,C,"{""region_id"": ""C"", ""current_pm25"": 15.340417298422997, ""current_voc"": 122.09878028841202, ""current_co2"": 588.3879414287121, ""current_temperature"": 24.005419766411997, ""current_humidity"": 48.631810437344804, ""rolling_mean_pm25"": 13.020949792659913, ""rolling_mean_voc"": 113.86826565828122, ""rolling_mean_co2"": 575.4046769077947, ""rolling_max_pm25"": 15.346146333427349, ""rolling_max_voc"": 124.2198476356105, ""rolling_max_co2"": 591.1306089226732, ""rolling_std_pm25"": 1.4457129100367354, ""rolling_std_voc"": 6.228989401571022, ""rolling_std_co2"": 13.128467859571161, ""slope_pm25"": 0.23889483649295964, ""slope_voc"": 0.4711162118294985, ""slope_co2"": 1.3640279713894732, ""abnormal_duration"": 0.0, ""neighbor_diff"": -26.794624686613908, ""data_age"": 0.0, ""sample_interval"": 30.0, ""valid_flag"": 1, ""hour"": 9, ""time_period"": 1, ""timestamp"": ""2026-08-01T09:19:00"", ""decision_id"": ""demo_decision_001""}",demo_decision_001,C,,,,,,,,,0.0,,0.0,,,,,1,
284,2026-08-01T09:19:00,D,"{""region_id"": ""D"", ""current_pm25"": 14.401909346600645, ""current_voc"": 151.41470758492736, ""current_co2"": 1123.3206369904124, ""current_temperature"": 24.2979815330201, ""current_humidity"": 53.6949528350933, ""rolling_mean_pm25"": 12.857601245835088, ""rolling_mean_voc"": 119.37691627969151, ""rolling_mean_co2"": 1007.4301685294666, ""rolling_max_pm25"": 18.93424593635672, ""rolling_max_voc"": 151.41470758492736, ""rolling_max_co2"": 1123.3206369904124, ""rolling_std_pm25"": 2.2351630651873964, ""rolling_std_voc"": 13.58749415837872, ""rolling_std_co2"": 77.32609666437801, ""slope_pm25"": 0.26196255877182467, ""slope_voc"": 2.576036890174672, ""slope_co2"": 20.335144384376733, ""abnormal_duration"": 150.0, ""neighbor_diff"": -28.283219473638844, ""data_age"": 0.0, ""sample_interval"": 30.0, ""valid_flag"": 1, ""hour"": 9, ""time_period"": 1, ""timestamp"": ""2026-08-01T09:19:00"", ""decision_id"": ""demo_decision_001""}",demo_decision_001,D,,,,,,,,,150.0,,0.0,,,,,1,
285,2026-08-01T09:19:30,A,"{""region_id"": ""A"", ""current_pm25"": 96.97258356752278, ""current_voc"": 100.93632491329744, ""current_co2"": 583.0140880663772, ""current_temperature"": 23.164806649622996, ""current_humidity"": 46.64273040454191, ""rolling_mean_pm25"": 86.48661933304506, ""rolling_mean_voc"": 105.47310267476486, ""rolling_mean_co2"": 580.9804799646641, ""rolling_max_pm25"": 98.32451562798863, ""rolling_max_voc"": 117.42196463824573, ""rolling_max_co2"": 604.7732758559036, ""rolling_std_pm25"": 10.373901138904586, ""rolling_std_voc"": 4.897249959827535, ""rolling_std_co2"": 13.816968261467947, ""slope_pm25"": 2.8074360113527095, ""slope_voc"": -0.5484619626266322, ""slope_co2"": 1.4635927254458798, ""abnormal_duration"": 300.0, ""neighbor_diff"": 82.26165684107929, ""data_age"": 0.0, ""sample_interval"": 30.0, ""valid_flag"": 1, ""hour"": 9, ""time_period"": 1, ""timestamp"": ""2026-08-01T09:19:30"", ""decision_id"": ""demo_decision_001""}",demo_decision_001,A,,,,,,,,,300.0,,0.0,,,,,1,
286,2026-08-01T09:19:30,B,"{""region_id"": ""B"", ""current_pm25"": 17.063361451547685, ""current_voc"": 242.62207511542115, ""current_co2"": 652.5791597293886, ""current_temperature"": 23.2089986104699, ""current_humidity"": 59.15049257073814, ""rolling_mean_pm25"": 13.51699040115356, ""rolling_mean_voc"": 204.2983129108185, ""rolling_mean_co2"": 652.1269669000344, ""rolling_max_pm25"": 17.063361451547685, ""rolling_max_voc"": 242.62207511542115, ""rolling_max_co2"": 673.3033933484481, ""rolling_std_pm25"": 1.8913740549765103, ""rolling_std_voc"": 25.230181227814413, ""rolling_std_co2"": 15.508563958516588, ""slope_pm25"": 0.22004598451098134, ""slope_voc"": 6.312717051107251, ""slope_co2"": 1.1044376434997065, ""abnormal_duration"": 0.0, ""neighbor_diff"": -25.174941952634455, ""data_age"": 0.0, ""sample_interval"": 30.0, ""valid_flag"": 1, ""hour"": 9, ""time_period"": 1, ""timestamp"": ""2026-08-01T09:19:30"", ""decision_id"": ""demo_decision_001""}",demo_decision_001,B,,,,,,,,,0.0,,0.0,,,,,1,
287,2026-08-01T09:19:30,C,"{""region_id"": ""C"", ""current_pm25"": 11.79147903577751, ""current_voc"": 113.91391404034401, ""current_co2"": 574.883127391973, ""current_temperature"": 23.81133453995936, ""current_humidity"": 48.543630693919276, ""rolling_mean_pm25"": 12.92045232227547, ""rolling_mean_voc"": 113.52972273659458, ""rolling_mean_co2"": 576.4461522825254, ""rolling_max_pm25"": 15.346146333427349, ""rolling_max_voc"": 124.2198476356105, ""rolling_max_co2"": 591.1306089226732, ""rolling_std_pm25"": 1.4818255087735988, ""rolling_std_voc"": 6.0962974627292175, ""rolling_std_co2"": 12.493394774781766, ""slope_pm25"": 0.20132423190786686, ""slope_voc"": 0.643648271391591, ""slope_co2"": 0.8060367471796851, ""abnormal_duration"": 0.0, ""neighbor_diff"": -31.02113908611285, ""data_age"": 0.0, ""sample_interval"": 30.0, ""valid_flag"": 1, ""hour"": 9, ""time_period"": 1, ""timestamp"": ""2026-08-01T09:19:30"", ""decision_id"": ""demo_decision_001""}",demo_decision_001,C,,,,,,,,,0.0,,0.0,,,,,1,
288,2026-08-01T09:19:30,D,"{""region_id"": ""D"", ""current_pm25"": 16.11742375436855, ""current_voc"": 143.66470688080685, ""current_co2"": 1136.387082397181, ""current_temperature"": 24.07381437420345, ""current_humidity"": 54.080247350420926, ""rolling_mean_pm25"": 13.144008740043018, ""rolling_mean_voc"": 121.72542442666946, ""rolling_mean_co2"": 1027.8464124514828, ""rolling_max_pm25"": 18.93424593635672, ""rolling_max_voc"": 151.41470758492736, ""rolling_max_co2"": 1136.387082397181, ""rolling_std_pm25"": 2.3905688825262397, ""rolling_std_voc"": 14.882314284804572, ""rolling_std_co2"": 73.54885873275246, ""slope_pm25"": 0.3516032765631062, ""slope_voc"": 3.1366250024796467, ""slope_co2"": 19.33823055677675, ""abnormal_duration"": 180.0, ""neighbor_diff"": -25.825050930580776, ""data_age"": 0.0, ""sample_interval"": 30.0, ""valid_flag"": 1, ""hour"": 9, ""time_period"": 1, ""timestamp"": ""2026-08-01T09:19:30"", ""decision_id"": ""demo_decision_001""}",demo_decision_001,D,,,,,,,,,180.0,,0.0,,,,,1,
289,2026-08-01T09:20:00,A,"{""region_id"": ""A"", ""current_pm25"": 96.12955155315643, ""current_voc"": 93.46377546727679, ""current_co2"": 591.5532095992173, ""current_temperature"": 23.310543724174668, ""current_humidity"": 46.849772189672194, ""rolling_mean_pm25"": 89.02283429709651, ""rolling_mean_voc"": 104.5708195934077, ""rolling_mean_co2"": 583.6818449645178, ""rolling_max_pm25"": 98.32451562798863, ""rolling_max_voc"": 117.42196463824573, ""rolling_max_co2"": 604.7732758559036, ""rolling_std_pm25"": 8.538729434600086, ""rolling_std_voc"": 5.922093449016521, ""rolling_std_co2"": 12.37595928815846, ""slope_pm25"": 2.3218000059827997, ""slope_voc"": -1.118053674257187, ""slope_co2"": 0.8465562352867791, ""abnormal_duration"": 330.0, ""neighbor_diff"": 81.13879680592518, ""data_age"": 0.0, ""sample_interval"": 30.0, ""valid_flag"": 1, ""hour"": 9, ""time_period"": 1, ""timestamp"": ""2026-08-01T09:20:00"", ""decision_id"": ""demo_decision_001""}",demo_decision_001,A,,,,,,,,,330.0,,0.0,,,,,1,
290,2026-08-01T09:20:00,B,"{""region_id"": ""B"", ""current_pm25"": 17.61779202698319, ""current_voc"": 266.8794054947511, ""current_co2"": 661.730720470627, ""current_temperature"": 22.958832466538944, ""current_humidity"": 58.58870638013065, ""rolling_mean_pm25"": 13.692047846293466, ""rolling_mean_voc"": 211.84149145461373, ""rolling_mean_co2"": 651.8062617284548, ""rolling_max_pm25"": 17.61779202698319, ""rolling_max_voc"": 266.8794054947511, ""rolling_max_co2"": 673.3033933484481, ""rolling_std_pm25"": 2.1410315270308717, ""rolling_std_voc"": 28.001592076721412, ""rolling_std_co2"": 15.26157540632619, ""slope_pm25"": 0.4254316637860019, ""slope_voc"": 7.011205820919117, ""slope_co2"": 1.9507726271889954, ""abnormal_duration"": 0.0, ""neighbor_diff"": -23.728359420784308, ""data_age"": 0.0, ""sample_interval"": 30.0, ""valid_flag"": 1, ""hour"": 9, ""time_period"": 1, ""timestamp"": ""2026-08-01T09:20:00"", ""decision_id"": ""demo_decision_001""}",demo_decision_001,B,,,,,,,,,0.0,,0.0,,,,,1,
291,2026-08-01T09:20:00,C,"{""region_id"": ""C"", ""current_pm25"": 11.693999381815317, ""current_voc"": 118.78011013291226, ""current_co2"": 585.702553331027, ""current_temperature"": 24.188785306843016, ""current_humidity"": 49.16276537403974, ""rolling_mean_pm25"": 12.980833081979519, ""rolling_mean_voc"": 113.75899915289091, ""rolling_mean_co2"": 578.837600134568, ""rolling_max_pm25"": 15.346146333427349, ""rolling_max_voc"": 124.2198476356105, ""rolling_max_co2"": 591.1306089226732, ""rolling_std_pm25"": 1.4130310725123887, ""rolling_std_voc"": 6.231891792697731, ""rolling_std_co2"": 10.967725115180835, ""slope_pm25"": 0.08353007059440389, ""slope_voc"": 0.9040377344089763, ""slope_co2"": 0.27148432462280714, ""abnormal_duration"": 0.0, ""neighbor_diff"": -31.594256396354076, ""data_age"": 0.0, ""sample_interval"": 30.0, ""valid_flag"": 1, ""hour"": 9, ""time_period"": 1, ""timestamp"": ""2026-08-01T09:20:00"", ""decision_id"": ""demo_decision_001""}",demo_decision_001,C,,,,,,,,,0.0,,0.0,,,,,1,
292,2026-08-01T09:20:00,D,"{""region_id"": ""D"", ""current_pm25"": 16.18538224326927, ""current_voc"": 155.32840204420577, ""current_co2"": 1149.9511139595058, ""current_temperature"": 24.167820651022126, ""current_humidity"": 53.55742084527861, ""rolling_mean_pm25"": 13.541491379919913, ""rolling_mean_voc"": 124.72452008453963, ""rolling_mean_co2"": 1046.650200798514, ""rolling_max_pm25"": 18.93424593635672, ""rolling_max_voc"": 155.32840204420577, ""rolling_max_co2"": 1149.9511139595058, ""rolling_std_pm25"": 2.4332512475865897, ""rolling_std_voc"": 17.237062403131272, ""rolling_std_co2"": 71.07279480053995, ""slope_pm25"": 0.37010292114081994, ""slope_voc"": 4.037289860511447, ""slope_co2"": 18.6581007766913, ""abnormal_duration"": 210.0, ""neighbor_diff"": -25.62839874404904, ""data_age"": 0.0, ""sample_interval"": 30.0, ""valid_flag"": 1, ""hour"": 9, ""time_period"": 1, ""timestamp"": ""2026-08-01T09:20:00"", ""decision_id"": ""demo_decision_001""}",demo_decision_001,D,,,,,,,,,210.0,,0.0,,,,,1,
293,2026-08-01T09:20:30,A,"{""region_id"": ""A"", ""current_pm25"": 102.11554329773409, ""current_voc"": 106.58139876536401, ""current_co2"": 591.6272805851376, ""current_temperature"": 23.343956966093618, ""current_humidity"": 46.233420597106225, ""rolling_mean_pm25"": 90.02996575868403, ""rolling_mean_voc"": 104.72547952971203, ""rolling_mean_co2"": 584.2930323199502, ""rolling_max_pm25"": 102.11554329773409, ""rolling_max_voc"": 117.42196463824573, ""rolling_max_co2"": 604.7732758559036, ""rolling_std_pm25"": 8.914774918902866, ""rolling_std_voc"": 5.714931605934699, ""rolling_std_co2"": 12.07746221764565, ""slope_pm25"": 2.255899202523992, ""slope_voc"": -0.8121879142144967, ""slope_co2"": 0.9270887657677337, ""abnormal_duration"": 360.0, ""neighbor_diff"": 86.94981874704483, ""data_age"": 0.0, ""sample_interval"": 30.0, ""valid_flag"": 1, ""hour"": 9, ""time_period"": 1, ""timestamp"": ""2026-08-01T09:20:30"", ""decision_id"": ""demo_decision_001""}",demo_decision_001,A,,,,,,,,,360.0,,0.0,,,,,1,
294,2026-08-01T09:20:30,B,"{""region_id"": ""B"", ""current_pm25"": 18.139216923585273, ""current_voc"": 260.1273985678361, ""current_co2"": 665.5054933107035, ""current_temperature"": 22.95969341151608, ""current_humidity"": 58.96003840148881, ""rolling_mean_pm25"": 14.17181657177526, ""rolling_mean_voc"": 218.84642080628913, ""rolling_mean_co2"": 654.1840191696728, ""rolling_max_pm25"": 18.139216923585273, ""rolling_max_voc"": 266.8794054947511, ""rolling_max_co2"": 673.3033933484481, ""rolling_std_pm25"": 2.372498442752467, ""rolling_std_voc"": 27.81369090471428, ""rolling_std_co2"": 14.795619529460522, ""slope_pm25"": 0.5032022351373784, ""slope_voc"": 6.957734510311587, ""slope_co2"": 1.7404104481691478, ""abnormal_duration"": 0.0, ""neighbor_diff"": -25.192424717354285, ""data_age"": 0.0, ""sample_interval"": 30.0, ""valid_flag"": 1, ""hour"": 9, ""time_period"": 1, ""timestamp"": ""2026-08-01T09:20:30"", ""decision_id"": ""demo_decision_001""}",demo_decision_001,B,,,,,,,,,0.0,,0.0,,,,,1,
295,2026-08-01T09:20:30,C,"{""region_id"": ""C"", ""current_pm25"": 12.87231063905765, ""current_voc"": 123.43016110089349, ""current_co2"": 577.1933281938562, ""current_temperature"": 23.923621074748073, ""current_humidity"": 49.2099628739813, ""rolling_mean_pm25"": 13.201569054891674, ""rolling_mean_voc"": 115.04232699089174, ""rolling_mean_co2"": 578.4952116310395, ""rolling_max_pm25"": 15.346146333427349, ""rolling_max_voc"": 124.2198476356105, ""rolling_max_co2"": 591.1306089226732, ""rolling_std_pm25"": 1.125435925105699, ""rolling_std_voc"": 6.371969339712417, ""rolling_std_co2"": 10.944210131281197, ""slope_pm25"": -0.03458951892752162, ""slope_voc"": 0.9531710974087505, ""slope_co2"": 0.32523058062199045, ""abnormal_duration"": 0.0, ""neighbor_diff"": -32.60773684913856, ""data_age"": 0.0, ""sample_interval"": 30.0, ""valid_flag"": 1, ""hour"": 9, ""time_period"": 1, ""timestamp"": ""2026-08-01T09:20:30"", ""decision_id"": ""demo_decision_001""}",demo_decision_001,C,,,,,,,,,0.0,,0.0,,,,,1,
296,2026-08-01T09:20:30,D,"{""region_id"": ""D"", ""current_pm25"": 16.163552744847372, ""current_voc"": 161.4099615496212, ""current_co2"": 1162.8321959874154, ""current_temperature"": 24.18191982522061, ""current_humidity"": 53.42642195929955, ""rolling_mean_pm25"": 13.973410526431994, ""rolling_mean_voc"": 129.1001447124315, ""rolling_mean_co2"": 1062.276611285746, ""rolling_max_pm25"": 18.93424593635672, ""rolling_max_voc"": 161.4099615496212, ""rolling_max_co2"": 1162.8321959874154, ""rolling_std_pm25"": 2.3609300201050196, ""rolling_std_voc"": 18.711346563778896, ""rolling_std_co2"": 72.55185311787605, ""slope_pm25"": 0.34143344537959724, ""slope_voc"": 4.469866222642763, ""slope_co2"": 19.14360947513985, ""abnormal_duration"": 240.0, ""neighbor_diff"": -28.21213754194497, ""data_age"": 0.0, ""sample_interval"": 30.0, ""valid_flag"": 1, ""hour"": 9, ""time_period"": 1, ""timestamp"": ""2026-08-01T09:20:30"", ""decision_id"": ""demo_decision_001""}",demo_decision_001,D,,,,,,,,,240.0,,0.0,,,,,1,
297,2026-08-01T09:21:00,A,"{""region_id"": ""A"", ""current_pm25"": 102.08416420358618, ""current_voc"": 114.46954585959273, ""current_co2"": 587.5310916030973, ""current_temperature"": 23.58625442493784, ""current_humidity"": 46.31675407123728, ""rolling_mean_pm25"": 92.37519036169462, ""rolling_mean_voc"": 105.13223875628827, ""rolling_mean_co2"": 585.1748354870596, ""rolling_max_pm25"": 102.11554329773409, ""rolling_max_voc"": 117.42196463824573, ""rolling_max_co2"": 604.7732758559036, ""rolling_std_pm25"": 7.681908567529681, ""rolling_std_voc"": 6.186362264767764, ""rolling_std_co2"": 11.861268057153723, ""slope_pm25"": 1.9443010756545613, ""slope_voc"": -0.31956278965399987, ""slope_co2"": 0.7174771310093017, ""abnormal_duration"": 390.0, ""neighbor_diff"": 86.35913743442275, ""data_age"": 0.0, ""sample_interval"": 30.0, ""valid_flag"": 1, ""hour"": 9, ""time_period"": 1, ""timestamp"": ""2026-08-01T09:21:00"", ""decision_id"": ""demo_decision_001""}",demo_decision_001,A,,,,,,,,,390.0,,0.0,,,,,1,
298,2026-08-01T09:21:00,B,"{""region_id"": ""B"", ""current_pm25"": 15.864954039983356, ""current_voc"": 270.9395618271211, ""current_co2"": 645.4362469669866, ""current_temperature"": 22.950610653217293, ""current_humidity"": 58.82908013362039, ""rolling_mean_pm25"": 14.302466751004998, ""rolling_mean_voc"": 225.00241856336262, ""rolling_mean_co2"": 655.3080605433879, ""rolling_max_pm25"": 18.139216923585273, ""rolling_max_voc"": 270.9395618271211, ""rolling_max_co2"": 673.3033933484481, ""rolling_std_pm25"": 2.41499352329735, ""rolling_std_voc"": 29.739260295407153, ""rolling_std_co2"": 13.474274576232919, ""slope_pm25"": 0.5588155361088016, ""slope_voc"": 7.600674276119981, ""slope_co2"": 0.5535488896911013, ""abnormal_duration"": 0.0, ""neighbor_diff"": -27.84172182251371, ""data_age"": 0.0, ""sample_interval"": 30.0, ""valid_flag"": 1, ""hour"": 9, ""time_period"": 1, ""timestamp"": ""2026-08-01T09:21:00"", ""decision_id"": ""demo_decision_001""}",demo_decision_001,B,,,,,,,,,0.0,,0.0,,,,,1,
299,2026-08-01T09:21:00,C,"{""region_id"": ""C"", ""current_pm25"": 14.695390255517982, ""current_voc"": 111.7751577704674, ""current_co2"": 600.6514725981779, ""current_temperature"": 24.056972756419814, ""current_humidity"": 48.80566699288337, ""rolling_mean_pm25"": 13.383686475212773, ""rolling_mean_voc"": 115.1596685913393, ""rolling_mean_co2"": 580.6119994728159, ""rolling_max_pm25"": 15.346146333427349, ""rolling_max_voc"": 124.2198476356105, ""rolling_max_co2"": 600.6514725981779, ""rolling_std_pm25"": 1.160333220025528, ""rolling_std_voc"": 6.296227189276259, ""rolling_std_co2"": 12.281892049976314, ""slope_pm25"": -0.018946714757621906, ""slope_voc"": 0.6611310671546627, ""slope_co2"": 0.8494267288150631, ""abnormal_duration"": 0.0, ""neighbor_diff"": -30.008833407287657, ""data_age"": 0.0, ""sample_interval"": 30.0, ""valid_flag"": 1, ""hour"": 9, ""time_period"": 1, ""timestamp"": ""2026-08-01T09:21:00"", ""decision_id"": ""demo_decision_001""}",demo_decision_001,C,,,,,,,,,0.0,,0.0,,,,,1,
300,2026-08-01T09:21:00,D,"{""region_id"": ""D"", ""current_pm25"": 16.747906230524876, ""current_voc"": 151.94308250908338, ""current_co2"": 1180.4011681180539, ""current_temperature"": 24.155845286794147, ""current_humidity"": 54.198864473792774, ""rolling_mean_pm25"": 14.205681662826676, ""rolling_mean_voc"": 131.38751393959504, ""rolling_mean_co2"": 1080.082131739403, ""rolling_max_pm25"": 18.93424593635672, ""rolling_max_voc"": 161.4099615496212, ""rolling_max_co2"": 1180.4011681180539, ""rolling_std_pm25"": 2.471348370591982, ""rolling_std_voc"": 19.52859811760022, ""rolling_std_co2"": 70.93516755173799, ""slope_pm25"": 0.4234761417603196, ""slope_voc"": 4.957820023107559, ""slope_co2"": 18.67831759347617, ""abnormal_duration"": 270.0, ""neighbor_diff"": -27.466929935837634, ""data_age"": 0.0, ""sample_interval"": 30.0, ""valid_flag"": 1, ""hour"": 9, ""time_period"": 1, ""timestamp"": ""2026-08-01T09:21:00"", ""decision_id"": ""demo_decision_001""}",demo_decision_001,D,,,,,,,,,270.0,,0.0,,,,,1,
301,2026-08-01T09:21:30,A,"{""region_id"": ""A"", ""current_pm25"": 103.15384807008097, ""current_voc"": 95.57107775867837, ""current_co2"": 600.3899272388535, ""current_temperature"": 23.056510824453394, ""current_humidity"": 45.87565331515163, ""rolling_mean_pm25"": 94.42714190830718, ""rolling_mean_voc"": 104.00883280534883, ""rolling_mean_co2"": 587.7687370090562, ""rolling_max_pm25"": 103.15384807008097, ""rolling_max_voc"": 117.42196463824573, ""rolling_max_co2"": 604.7732758559036, ""rolling_std_pm25"": 6.655765459743001, ""rolling_std_voc"": 6.487267172520843, ""rolling_std_co2"": 11.199376221326728, ""slope_pm25"": 1.6882294243758782, ""slope_voc"": -0.44079988544213244, ""slope_co2"": 0.5073186379962583, ""abnormal_duration"": 420.0, ""neighbor_diff"": 87.38443122807223, ""data_age"": 0.0, ""sample_interval"": 30.0, ""valid_flag"": 1, ""hour"": 9, ""time_period"": 1, ""timestamp"": ""2026-08-01T09:21:30"", ""decision_id"": ""demo_decision_001""}",demo_decision_001,A,,,,,,,,,420.0,,0.0,,,,,1,
302,2026-08-01T09:21:30,B,"{""region_id"": ""B"", ""current_pm25"": 14.44278532701986, ""current_voc"": 267.1947221709464, ""current_co2"": 639.3167795688784, ""current_temperature"": 22.642776616378566, ""current_humidity"": 59.23906263521173, ""rolling_mean_pm25"": 14.477274356449929, ""rolling_mean_voc"": 231.5188879675007, ""rolling_mean_co2"": 653.9525165967407, ""rolling_max_pm25"": 18.139216923585273, ""rolling_max_voc"": 270.9395618271211, ""rolling_max_co2"": 673.3033933484481, ""rolling_std_pm25"": 2.3352608936077948, ""rolling_std_voc"": 28.979511470776778, ""rolling_std_co2"": 14.113286368733965, ""slope_pm25"": 0.4814344888159691, ""slope_voc"": 7.356175546021219, ""slope_co2"": 0.08908650769265437, ""abnormal_duration"": 0.0, ""neighbor_diff"": -30.42292952502141, ""data_age"": 0.0, ""sample_interval"": 30.0, ""valid_flag"": 1, ""hour"": 9, ""time_period"": 1, ""timestamp"": ""2026-08-01T09:21:30"", ""decision_id"": ""demo_decision_001""}",demo_decision_001,B,,,,,,,,,0.0,,0.0,,,,,1,
303,2026-08-01T09:21:30,C,"{""region_id"": ""C"", ""current_pm25"": 15.017838538029384, ""current_voc"": 119.29733699911377, ""current_co2"": 605.0421086561036, ""current_temperature"": 24.221343627263288, ""current_humidity"": 48.86170600650669, ""rolling_mean_pm25"": 13.48516631439468, ""rolling_mean_voc"": 116.04671255966551, ""rolling_mean_co2"": 582.2615288908254, ""rolling_max_pm25"": 15.346146333427349, ""rolling_max_voc"": 124.2198476356105, ""rolling_max_co2"": 605.0421086561036, ""rolling_std_pm25"": 1.2384934194077222, ""rolling_std_voc"": 5.997266577589089, ""rolling_std_co2"": 13.904962340150465, ""slope_pm25"": 0.047038512995468566, ""slope_voc"": 0.5131568264040127, ""slope_co2"": 1.769669818616608, ""abnormal_duration"": 0.0, ""neighbor_diff"": -29.763674671179178, ""data_age"": 0.0, ""sample_interval"": 30.0, ""valid_flag"": 1, ""hour"": 9, ""time_period"": 1, ""timestamp"": ""2026-08-01T09:21:30"", ""decision_id"": ""demo_decision_001""}",demo_decision_001,C,,,,,,,,,0.0,,0.0,,,,,1,
304,2026-08-01T09:21:30,D,"{""region_id"": ""D"", ""current_pm25"": 20.13124117461027, ""current_voc"": 164.34749091379823, ""current_co2"": 1179.592216452776, ""current_temperature"": 23.889134995756436, ""current_humidity"": 54.15291275084823, ""rolling_mean_pm25"": 14.97335170117831, ""rolling_mean_voc"": 135.77972112095986, ""rolling_mean_co2"": 1096.8490460051942, ""rolling_max_pm25"": 20.13124117461027, ""rolling_max_voc"": 164.34749091379823, ""rolling_max_co2"": 1180.4011681180539, ""rolling_std_pm25"": 2.637208701487252, ""rolling_std_voc"": 20.020476133941226, ""rolling_std_co2"": 66.58032980982553, ""slope_pm25"": 0.462895373426189, ""slope_voc"": 5.1160005020110875, ""slope_co2"": 17.402723654392936, ""abnormal_duration"": 300.0, ""neighbor_diff"": -24.073582803766467, ""data_age"": 0.0, ""sample_interval"": 30.0, ""valid_flag"": 1, ""hour"": 9, ""time_period"": 1, ""timestamp"": ""2026-08-01T09:21:30"", ""decision_id"": ""demo_decision_001""}",demo_decision_001,D,,,,,,,,,300.0,,0.0,,,,,1,
305,2026-08-01T09:22:00,A,"{""region_id"": ""A"", ""current_pm25"": 105.93710058011214, ""current_voc"": 99.06046535521762, ""current_co2"": 613.8359478097098, ""current_temperature"": 23.292343545940987, ""current_humidity"": 46.41170732116505, ""rolling_mean_pm25"": 96.3369496891897, ""rolling_mean_voc"": 102.59640978357749, ""rolling_mean_co2"": 588.4658656208874, ""rolling_max_pm25"": 105.93710058011214, ""rolling_max_voc"": 114.46954585959273, ""rolling_max_co2"": 613.8359478097098, ""rolling_std_pm25"": 6.099156537943213, ""rolling_std_voc"": 5.304136921983447, ""rolling_std_co2"": 12.448557686988881, ""slope_pm25"": 1.555465439063553, ""slope_voc"": -0.08804319242295756, ""slope_co2"": 2.0206979606987696, ""abnormal_duration"": 450.0, ""neighbor_diff"": 89.40647890022564, ""data_age"": 0.0, ""sample_interval"": 30.0, ""valid_flag"": 1, ""hour"": 9, ""time_period"": 1, ""timestamp"": ""2026-08-01T09:22:00"", ""decision_id"": ""demo_decision_001""}",demo_decision_001,A,,,,,,,,,450.0,,0.0,,,,,1,
306,2026-08-01T09:22:00,B,"{""region_id"": ""B"", ""current_pm25"": 15.438862114096004, ""current_voc"": 268.2653430875765, ""current_co2"": 677.4948232579459, ""current_temperature"": 23.055478450240773, ""current_humidity"": 59.330314931083244, ""rolling_mean_pm25"": 14.896817038807841, ""rolling_mean_voc"": 237.66018667649035, ""rolling_mean_co2"": 655.0537718650953, ""rolling_max_pm25"": 18.139216923585273, ""rolling_max_voc"": 270.9395618271211, ""rolling_max_co2"": 677.4948232579459, ""rolling_std_pm25"": 1.9483512986788614, ""rolling_std_voc"": 27.624921759166863, ""rolling_std_co2"": 15.2989655297518, ""slope_pm25"": 0.34034798746887635, ""slope_voc"": 6.910272985817539, ""slope_co2"": 1.2200522064585664, ""abnormal_duration"": 0.0, ""neighbor_diff"": -31.589864650154595, ""data_age"": 0.0, ""sample_interval"": 30.0, ""valid_flag"": 1, ""hour"": 9, ""time_period"": 1, ""timestamp"": ""2026-08-01T09:22:00"", ""decision_id"": ""demo_decision_001""}",demo_decision_001,B,,,,,,,,,0.0,,0.0,,,,,1,
307,2026-08-01T09:22:00,C,"{""region_id"": ""C"", ""current_pm25"": 16.05779002319704, ""current_voc"": 118.2933669980546, ""current_co2"": 602.6037810970666, ""current_temperature"": 24.339791174062906, ""current_humidity"": 49.07982419791945, ""rolling_mean_pm25"": 13.687676446299367, ""rolling_mean_voc"": 116.00682093840712, ""rolling_mean_co2"": 585.1295685927419, ""rolling_max_pm25"": 16.05779002319704, ""rolling_max_voc"": 124.2198476356105, ""rolling_max_co2"": 605.0421086561036, ""rolling_std_pm25"": 1.4148094337404111, ""rolling_std_voc"": 5.9804416430983585, ""rolling_std_co2"": 13.959714443498845, ""slope_pm25"": 0.12954228338615154, ""slope_voc"": 0.6935779540610009, ""slope_co2"": 1.7886679823898533, ""abnormal_duration"": 0.0, ""neighbor_diff"": -31.111277933075765, ""data_age"": 0.0, ""sample_interval"": 30.0, ""valid_flag"": 1, ""hour"": 9, ""time_period"": 1, ""timestamp"": ""2026-08-01T09:22:00"", ""decision_id"": ""demo_decision_001""}",demo_decision_001,C,,,,,,,,,0.0,,0.0,,,,,1,
308,2026-08-01T09:22:00,D,"{""region_id"": ""D"", ""current_pm25"": 16.175635099175388, ""current_voc"": 177.0783594204999, ""current_co2"": 1246.1036363033556, ""current_temperature"": 24.028787033762082, ""current_humidity"": 53.92681540712792, ""rolling_mean_pm25"": 15.222254222103695, ""rolling_mean_voc"": 141.60375171632998, ""rolling_mean_co2"": 1117.3874044128374, ""rolling_max_pm25"": 20.13124117461027, ""rolling_max_voc"": 177.0783594204999, ""rolling_max_co2"": 1246.1036363033556, ""rolling_std_pm25"": 2.5857374119454457, ""rolling_std_voc"": 20.174188394473262, ""rolling_std_co2"": 68.25167054008995, ""slope_pm25"": 0.4243214985347157, ""slope_voc"": 5.1538879400074675, ""slope_co2"": 17.794586614725734, ""abnormal_duration"": 330.0, ""neighbor_diff"": -29.63561580662634, ""data_age"": 0.0, ""sample_interval"": 30.0, ""valid_flag"": 1, ""hour"": 9, ""time_period"": 1, ""timestamp"": ""2026-08-01T09:22:00"", ""decision_id"": ""demo_decision_001""}",demo_decision_001,D,,,,,,,,,330.0,,0.0,,,,,1,
309,2026-08-01T09:22:30,A,"{""region_id"": ""A"", ""current_pm25"": 108.65787153792448, ""current_voc"": 89.95739714338039, ""current_co2"": 594.5663229137803, ""current_temperature"": 23.144029624770713, ""current_humidity"": 46.67179448962093, ""rolling_mean_pm25"": 98.19314735779814, ""rolling_mean_voc"": 101.74578520005421, ""rolling_mean_co2"": 589.0439782895236, ""rolling_max_pm25"": 108.65787153792448, ""rolling_max_voc"": 114.46954585959273, ""rolling_max_co2"": 613.8359478097098, ""rolling_std_pm25"": 5.890947827517021, ""rolling_std_voc"": 6.285388425885551, ""rolling_std_co2"": 12.543567760822826, ""slope_pm25"": 1.50743245109752, ""slope_voc"": -0.565517517818262, ""slope_co2"": 2.167388575873054, ""abnormal_duration"": 480.0, ""neighbor_diff"": 92.76710912576833, ""data_age"": 0.0, ""sample_interval"": 30.0, ""valid_flag"": 1, ""hour"": 9, ""time_period"": 1, ""timestamp"": ""2026-08-01T09:22:30"", ""decision_id"": ""demo_decision_001""}",demo_decision_001,A,,,,,,,,,480.0,,0.0,,,,,1,
310,2026-08-01T09:22:30,B,"{""region_id"": ""B"", ""current_pm25"": 18.538102141813727, ""current_voc"": 281.6392304353842, ""current_co2"": 651.754601107682, ""current_temperature"": 22.771487485138604, ""current_humidity"": 58.78491977633318, ""rolling_mean_pm25"": 15.498729693305101, ""rolling_mean_voc"": 245.08527193587648, ""rolling_mean_co2"": 655.3174410755405, ""rolling_max_pm25"": 18.538102141813727, ""rolling_max_voc"": 281.6392304353842, ""rolling_max_co2"": 677.4948232579459, ""rolling_std_pm25"": 1.7627705852752584, ""rolling_std_voc"": 25.38476168381468, ""rolling_std_co2"": 15.210038344710313, ""slope_pm25"": 0.2994834532920947, ""slope_voc"": 6.339090624616891, ""slope_co2"": 0.8525625471350935, ""abnormal_duration"": 0.0, ""neighbor_diff"": -28.425663411618576, ""data_age"": 0.0, ""sample_interval"": 30.0, ""valid_flag"": 1, ""hour"": 9, ""time_period"": 1, ""timestamp"": ""2026-08-01T09:22:30"", ""decision_id"": ""demo_decision_001""}",demo_decision_001,B,,,,,,,,,0.0,,0.0,,,,,1,
311,2026-08-01T09:22:30,C,"{""region_id"": ""C"", ""current_pm25"": 16.473993492275532, ""current_voc"": 115.32814587652202, ""current_co2"": 591.9892369642288, ""current_temperature"": 23.976706845498118, ""current_humidity"": 49.412055439566515, ""rolling_mean_pm25"": 13.964636957670404, ""rolling_mean_voc"": 115.95884661258243, ""rolling_mean_co2"": 585.4979535285095, ""rolling_max_pm25"": 16.473993492275532, ""rolling_max_voc"": 124.2198476356105, ""rolling_max_co2"": 605.0421086561036, ""rolling_std_pm25"": 1.572000500498319, ""rolling_std_voc"": 5.983191347472038, ""rolling_std_co2"": 14.072232227911027, ""slope_pm25"": 0.1900846738417873, ""slope_voc"": 0.6690883268386834, ""slope_co2"": 2.0944518267551353, ""abnormal_duration"": 0.0, ""neighbor_diff"": -31.31654276736233, ""data_age"": 0.0, ""sample_interval"": 30.0, ""valid_flag"": 1, ""hour"": 9, ""time_period"": 1, ""timestamp"": ""2026-08-01T09:22:30"", ""decision_id"": ""demo_decision_001""}",demo_decision_001,C,,,,,,,,,0.0,,0.0,,,,,1,
312,2026-08-01T09:22:30,D,"{""region_id"": ""D"", ""current_pm25"": 15.997105279290958, ""current_voc"": 166.8744665475, ""current_co2"": 1242.2577692955547, ""current_temperature"": 24.20651890238837, ""current_humidity"": 54.206114516581366, ""rolling_mean_pm25"": 15.530144424137271, ""rolling_mean_voc"": 145.72552458563467, ""rolling_mean_co2"": 1136.9389712170596, ""rolling_max_pm25"": 20.13124117461027, ""rolling_max_voc"": 177.0783594204999, ""rolling_max_co2"": 1246.1036363033556, ""rolling_std_pm25"": 2.415786991749294, ""rolling_std_voc"": 19.42863887996007, ""rolling_std_co2"": 64.72573205656025, ""slope_pm25"": 0.32572290160273326, ""slope_voc"": 4.898052564724395, ""slope_co2"": 16.93811498995163, ""abnormal_duration"": 360.0, ""neighbor_diff"": -31.892883778046958, ""data_age"": 0.0, ""sample_interval"": 30.0, ""valid_flag"": 1, ""hour"": 9, ""time_period"": 1, ""timestamp"": ""2026-08-01T09:22:30"", ""decision_id"": ""demo_decision_001""}",demo_decision_001,D,,,,,,,,,360.0,,0.0,,,,,1,
313,2026-08-01T09:23:00,A,"{""region_id"": ""A"", ""current_pm25"": 108.82815568634719, ""current_voc"": 93.3747057094682, ""current_co2"": 608.0697340072169, ""current_temperature"": 23.183755415002487, ""current_humidity"": 46.8910072770621, ""rolling_mean_pm25"": 99.92005197332453, ""rolling_mean_voc"": 101.06850537943491, ""rolling_mean_co2"": 591.1958470311415, ""rolling_max_pm25"": 108.82815568634719, ""rolling_max_voc"": 114.46954585959273, ""rolling_max_co2"": 613.8359478097098, ""rolling_std_pm25"": 5.448280694698506, ""rolling_std_voc"": 6.665082349074953, ""rolling_std_co2"": 13.205885167732824, ""slope_pm25"": 1.403623595373541, ""slope_voc"": -0.8248118568361873, ""slope_co2"": 2.450436756327863, ""abnormal_duration"": 510.0, ""neighbor_diff"": 91.82508871522045, ""data_age"": 0.0, ""sample_interval"": 30.0, ""valid_flag"": 1, ""hour"": 9, ""time_period"": 1, ""timestamp"": ""2026-08-01T09:23:00"", ""decision_id"": ""demo_decision_002""}",demo_decision_002,A,,,,,,,,,510.0,,0.0,,,,,1,
314,2026-08-01T09:23:00,B,"{""region_id"": ""B"", ""current_pm25"": 19.13043374301481, ""current_voc"": 283.1463101354663, ""current_co2"": 658.6023921462416, ""current_temperature"": 23.095417748133816, ""current_humidity"": 59.32182657094129, ""rolling_mean_pm25"": 15.874027597592256, ""rolling_mean_voc"": 250.4449594305045, ""rolling_mean_co2"": 657.0950025910704, ""rolling_max_pm25"": 19.13043374301481, ""rolling_max_voc"": 283.1463101354663, ""rolling_max_co2"": 677.4948232579459, ""rolling_std_pm25"": 1.965050313995421, ""rolling_std_voc"": 25.499199323211357, ""rolling_std_co2"": 14.099202902079586, ""slope_pm25"": 0.3712419332706395, ""slope_voc"": 6.377892462987883, ""slope_co2"": 0.19842115156305581, ""abnormal_duration"": 0.0, ""neighbor_diff"": -27.969317742956424, ""data_age"": 0.0, ""sample_interval"": 30.0, ""valid_flag"": 1, ""hour"": 9, ""time_period"": 1, ""timestamp"": ""2026-08-01T09:23:00"", ""decision_id"": ""demo_decision_002""}",demo_decision_002,B,,,,,,,,,0.0,,0.0,,,,,1,
315,2026-08-01T09:23:00,C,"{""region_id"": ""C"", ""current_pm25"": 15.737603985193353, ""current_voc"": 109.70899540400107, ""current_co2"": 587.1377726949249, ""current_temperature"": 24.37255964920817, ""current_humidity"": 48.98126956383555, ""rolling_mean_pm25"": 14.227408042635897, ""rolling_mean_voc"": 116.47590307330314, ""rolling_mean_co2"": 585.3002495423475, ""rolling_max_pm25"": 16.473993492275532, ""rolling_max_voc"": 124.2198476356105, ""rolling_max_co2"": 605.0421086561036, ""rolling_std_pm25"": 1.5608566587333585, ""rolling_std_voc"": 5.058919196682424, ""rolling_std_co2"": 14.029686603009605, ""slope_pm25"": 0.18533963332496445, ""slope_voc"": -0.035857846991762074, ""slope_co2"": 2.3104337602943246, ""abnormal_duration"": 0.0, ""neighbor_diff"": -32.24762758435763, ""data_age"": 0.0, ""sample_interval"": 30.0, ""valid_flag"": 1, ""hour"": 9, ""time_period"": 1, ""timestamp"": ""2026-08-01T09:23:00"", ""decision_id"": ""demo_decision_002""}",demo_decision_002,C,,,,,,,,,0.0,,0.0,,,,,1,
316,2026-08-01T09:23:00,D,"{""region_id"": ""D"", ""current_pm25"": 17.58072211359697, ""current_voc"": 167.57380687770623, ""current_co2"": 1272.2422450753784, ""current_temperature"": 24.084873490303444, ""current_humidity"": 53.174977885930545, ""rolling_mean_pm25"": 15.768630726564329, ""rolling_mean_voc"": 149.44949739506782, ""rolling_mean_co2"": 1156.9138503527079, ""rolling_max_pm25"": 20.13124117461027, ""rolling_max_voc"": 177.0783594204999, ""rolling_max_co2"": 1272.2422450753784, ""rolling_std_pm25"": 2.4531278281548663, ""rolling_std_voc"": 18.60229013614508, ""rolling_std_co2"": 63.31518240864464, ""slope_pm25"": 0.35294958535061144, ""slope_voc"": 4.5966577522986505, ""slope_co2"": 16.615194983436037, ""abnormal_duration"": 390.0, ""neighbor_diff"": -30.31800902458815, ""data_age"": 0.0, ""sample_interval"": 30.0, ""valid_flag"": 1, ""hour"": 9, ""time_period"": 1, ""timestamp"": ""2026-08-01T09:23:00"", ""decision_id"": ""demo_decision_002""}",demo_decision_002,D,,,,,,,,,390.0,,0.0,,,,,1,
317,2026-08-01T09:23:30,A,"{""region_id"": ""A"", ""current_pm25"": 103.0893207739488, ""current_voc"": 96.37416426850156, ""current_co2"": 604.5962187545546, ""current_temperature"": 23.18297705099403, ""current_humidity"": 46.17771749680556, ""rolling_mean_pm25"": 100.7935654463166, ""rolling_mean_voc"": 100.33030417852669, ""rolling_mean_co2"": 594.7453696037967, ""rolling_max_pm25"": 108.82815568634719, ""rolling_max_voc"": 114.46954585959273, ""rolling_max_co2"": 613.8359478097098, ""rolling_std_pm25"": 4.953604697288688, ""rolling_std_voc"": 6.612479491746309, ""rolling_std_co2"": 9.65078753153112, ""slope_pm25"": 1.1932432017792383, ""slope_voc"": -0.791021335734467, ""slope_co2"": 1.632844878815532, ""abnormal_duration"": 540.0, ""neighbor_diff"": 85.60640082668041, ""data_age"": 0.0, ""sample_interval"": 30.0, ""valid_flag"": 1, ""hour"": 9, ""time_period"": 1, ""timestamp"": ""2026-08-01T09:23:30"", ""decision_id"": ""demo_decision_002""}",demo_decision_002,A,,,,,,,,,540.0,,0.0,,,,,1,
318,2026-08-01T09:23:30,B,"{""region_id"": ""B"", ""current_pm25"": 17.714529511286297, ""current_voc"": 295.684569010424, ""current_co2"": 663.6427349522285, ""current_temperature"": 22.780798000698688, ""current_humidity"": 58.975601100952034, ""rolling_mean_pm25"": 16.275775580792796, ""rolling_mean_voc"": 257.89893916150356, ""rolling_mean_co2"": 657.2435085414146, ""rolling_max_pm25"": 19.13043374301481, ""rolling_max_voc"": 295.684569010424, ""rolling_max_co2"": 677.4948232579459, ""rolling_std_pm25"": 1.755174752627302, ""rolling_std_voc"": 23.38319991354664, ""rolling_std_co2"": 14.157101421751877, ""slope_pm25"": 0.3018323640770866, ""slope_voc"": 5.8823032817682845, ""slope_co2"": 0.5918633450451042, ""abnormal_duration"": 0.0, ""neighbor_diff"": -27.754686112960076, ""data_age"": 0.0, ""sample_interval"": 30.0, ""valid_flag"": 1, ""hour"": 9, ""time_period"": 1, ""timestamp"": ""2026-08-01T09:23:30"", ""decision_id"": ""demo_decision_002""}",demo_decision_002,B,,,,,,,,,0.0,,0.0,,,,,1,
319,2026-08-01T09:23:30,C,"{""region_id"": ""C"", ""current_pm25"": 18.285055031445058, ""current_voc"": 116.56944748045136, ""current_co2"": 610.1648904495247, ""current_temperature"": 24.090312048024845, ""current_humidity"": 49.617313043783035, ""rolling_mean_pm25"": 14.453477942483413, ""rolling_mean_voc"": 116.49496258598165, ""rolling_mean_co2"": 589.6230956847138, ""rolling_max_pm25"": 18.285055031445058, ""rolling_max_voc"": 124.2198476356105, ""rolling_max_co2"": 610.1648904495247, ""rolling_std_pm25"": 1.8855743982210473, ""rolling_std_voc"": 5.058768975735148, ""rolling_std_co2"": 12.255046203278965, ""slope_pm25"": 0.36213661117328955, ""slope_voc"": -0.03870585996328564, ""slope_co2"": 1.9250564681952835, ""abnormal_duration"": 0.0, ""neighbor_diff"": -27.843135768165627, ""data_age"": 0.0, ""sample_interval"": 30.0, ""valid_flag"": 1, ""hour"": 9, ""time_period"": 1, ""timestamp"": ""2026-08-01T09:23:30"", ""decision_id"": ""demo_decision_002""}",demo_decision_002,C,,,,,,,,,0.0,,0.0,,,,,1,
320,2026-08-01T09:23:30,D,"{""region_id"": ""D"", ""current_pm25"": 16.714889937899763, ""current_voc"": 173.04163205215193, ""current_co2"": 1294.9402232115522, ""current_temperature"": 24.020607020895522, ""current_humidity"": 54.40174568027318, ""rolling_mean_pm25"": 16.136774327812937, ""rolling_mean_voc"": 154.18474336606772, ""rolling_mean_co2"": 1174.6652432481876, ""rolling_max_pm25"": 20.13124117461027, ""rolling_max_voc"": 177.0783594204999, ""rolling_max_co2"": 1294.9402232115522, ""rolling_std_pm25"": 2.1947981075386163, ""rolling_std_voc"": 15.986198978857416, ""rolling_std_co2"": 67.06389323872358, ""slope_pm25"": 0.2364677283931248, ""slope_voc"": 3.9141872423047257, ""slope_co2"": 17.59852516847066, ""abnormal_duration"": 420.0, ""neighbor_diff"": -29.64807850099362, ""data_age"": 0.0, ""sample_interval"": 30.0, ""valid_flag"": 1, ""hour"": 9, ""time_period"": 1, ""timestamp"": ""2026-08-01T09:23:30"", ""decision_id"": ""demo_decision_002""}",demo_decision_002,D,,,,,,,,,420.0,,0.0,,,,,1,
321,2026-08-01T09:24:00,A,"{""region_id"": ""A"", ""current_pm25"": 100.64253601728609, ""current_voc"": 90.5981121034618, ""current_co2"": 604.0809980226305, ""current_temperature"": 23.11911843193718, ""current_humidity"": 47.00107074327035, ""rolling_mean_pm25"": 101.41502745462986, ""rolling_mean_voc"": 99.32809071427278, ""rolling_mean_co2"": 596.0133795453125, ""rolling_max_pm25"": 108.82815568634719, ""rolling_max_voc"": 114.46954585959273, ""rolling_max_co2"": 613.8359478097098, ""rolling_std_pm25"": 4.352409792697271, ""rolling_std_voc"": 7.012154255746965, ""rolling_std_co2"": 9.710980913612753, ""slope_pm25"": 0.8717243812633015, ""slope_voc"": -0.9850711803978499, ""slope_co2"": 1.665670509402817, ""abnormal_duration"": 570.0, ""neighbor_diff"": 83.07104452374239, ""data_age"": 0.0, ""sample_interval"": 30.0, ""valid_flag"": 1, ""hour"": 9, ""time_period"": 1, ""timestamp"": ""2026-08-01T09:24:00"", ""decision_id"": ""demo_decision_002""}",demo_decision_002,A,,,,,,,,,570.0,,0.0,,,,,1,
322,2026-08-01T09:24:00,B,"{""region_id"": ""B"", ""current_pm25"": 12.413247954444921, ""current_voc"": 304.08177261287125, ""current_co2"": 630.6059341352039, ""current_temperature"": 23.075892937747714, ""current_humidity"": 58.642792456984125, ""rolling_mean_pm25"": 16.072675397457562, ""rolling_mean_voc"": 264.5868196763066, ""rolling_mean_co2"": 657.7790009992834, ""rolling_max_pm25"": 19.13043374301481, ""rolling_max_voc"": 304.08177261287125, ""rolling_max_co2"": 677.4948232579459, ""rolling_std_pm25"": 2.017945234084996, ""rolling_std_voc"": 23.20164091586046, ""rolling_std_co2"": 12.956872688685293, ""slope_pm25"": 0.12748762529128305, ""slope_voc"": 5.8371368423216, ""slope_co2"": -1.5785667700471981, ""abnormal_duration"": 0.0, ""neighbor_diff"": -32.80091237443205, ""data_age"": 0.0, ""sample_interval"": 30.0, ""valid_flag"": 1, ""hour"": 9, ""time_period"": 1, ""timestamp"": ""2026-08-01T09:24:00"", ""decision_id"": ""demo_decision_002""}",demo_decision_002,B,,,,,,,,,0.0,,0.0,,,,,1,
323,2026-08-01T09:24:00,C,"{""region_id"": ""C"", ""current_pm25"": 18.61792707273102, ""current_voc"": 105.59714231389273, ""current_co2"": 579.3483507150592, ""current_temperature"": 24.310946379922246, ""current_humidity"": 49.36197966370037, ""rolling_mean_pm25"": 14.818977526520033, ""rolling_mean_voc"": 116.41099464021916, ""rolling_mean_co2"": 588.7167681302819, ""rolling_max_pm25"": 18.61792707273102, ""rolling_max_voc"": 124.2198476356105, ""rolling_max_co2"": 610.1648904495247, ""rolling_std_pm25"": 2.1747046737172853, ""rolling_std_voc"": 5.2270995867799535, ""rolling_std_co2"": 12.542356696534522, ""slope_pm25"": 0.47684747131552335, ""slope_voc"": -0.7751376208026679, ""slope_co2"": 1.6443098904359044, ""abnormal_duration"": 0.0, ""neighbor_diff"": -24.63896423047924, ""data_age"": 0.0, ""sample_interval"": 30.0, ""valid_flag"": 1, ""hour"": 9, ""time_period"": 1, ""timestamp"": ""2026-08-01T09:24:00"", ""decision_id"": ""demo_decision_002""}",demo_decision_002,C,,,,,,,,,0.0,,0.0,,,,,1,
324,2026-08-01T09:24:00,D,"{""region_id"": ""D"", ""current_pm25"": 16.062955609719822, ""current_voc"": 186.39191807172116, ""current_co2"": 1307.4607670368625, ""current_temperature"": 24.407773880357844, ""current_humidity"": 54.041451132521075, ""rolling_mean_pm25"": 15.91590584114856, ""rolling_mean_voc"": 158.6882152455967, ""rolling_mean_co2"": 1192.258524368147, ""rolling_max_pm25"": 20.13124117461027, ""rolling_max_voc"": 186.39191807172116, ""rolling_max_co2"": 1307.4607670368625, ""rolling_std_pm25"": 2.04127086697008, ""rolling_std_voc"": 16.177426971792528, ""rolling_std_co2"": 69.54749579521109, ""slope_pm25"": 0.3416292061472342, ""slope_voc"": 3.9629637815154806, ""slope_co2"": 18.287279164824938, ""abnormal_duration"": 450.0, ""neighbor_diff"": -27.82828140510086, ""data_age"": 0.0, ""sample_interval"": 30.0, ""valid_flag"": 1, ""hour"": 9, ""time_period"": 1, ""timestamp"": ""2026-08-01T09:24:00"", ""decision_id"": ""demo_decision_002""}",demo_decision_002,D,,,,,,,,,450.0,,0.0,,,,,1,
325,2026-08-01T09:24:30,A,"{""region_id"": ""A"", ""current_pm25"": 98.52930807774254, ""current_voc"": 95.13712101900346, ""current_co2"": 602.0718805199775, ""current_temperature"": 22.92728085313837, ""current_humidity"": 46.41912205624034, ""rolling_mean_pm25"": 101.6041296466149, ""rolling_mean_voc"": 98.96376993756661, ""rolling_mean_co2"": 596.2140392186832, ""rolling_max_pm25"": 108.82815568634719, ""rolling_max_voc"": 114.46954585959273, ""rolling_max_co2"": 613.8359478097098, ""rolling_std_pm25"": 4.16550649238856, ""rolling_std_voc"": 7.096887147101774, ""rolling_std_co2"": 9.8066734265343, ""slope_pm25"": 0.5710504726359744, ""slope_voc"": -1.1022657702782994, ""slope_co2"": 1.9980907423364478, ""abnormal_duration"": 600.0, ""neighbor_diff"": 82.83126453211062, ""data_age"": 0.0, ""sample_interval"": 30.0, ""valid_flag"": 1, ""hour"": 9, ""time_period"": 1, ""timestamp"": ""2026-08-01T09:24:30"", ""decision_id"": ""demo_decision_002""}",demo_decision_002,A,,,,,,,,,600.0,,0.0,,,,,1,
326,2026-08-01T09:24:30,B,"{""region_id"": ""B"", ""current_pm25"": 18.030762874393282, ""current_voc"": 297.1760165392778, ""current_co2"": 686.6147220151453, ""current_temperature"": 22.917638095914185, ""current_humidity"": 58.461751409249985, ""rolling_mean_pm25"": 16.365500851715048, ""rolling_mean_voc"": 268.8257585584748, ""rolling_mean_co2"": 658.80294935826, ""rolling_max_pm25"": 19.13043374301481, ""rolling_max_voc"": 304.08177261287125, ""rolling_max_co2"": 686.6147220151453, ""rolling_std_pm25"": 2.0045957757937387, ""rolling_std_voc"": 23.728525634267626, ""rolling_std_co2"": 14.568958264511826, ""slope_pm25"": 0.12093828937223484, ""slope_voc"": 6.0454671771640545, ""slope_co2"": -0.030846591259701916, ""abnormal_duration"": 0.0, ""neighbor_diff"": -26.372634045671177, ""data_age"": 0.0, ""sample_interval"": 30.0, ""valid_flag"": 1, ""hour"": 9, ""time_period"": 1, ""timestamp"": ""2026-08-01T09:24:30"", ""decision_id"": ""demo_decision_002""}",demo_decision_002,B,,,,,,,,,0.0,,0.0,,,,,1,
327,2026-08-01T09:24:30,C,"{""region_id"": ""C"", ""current_pm25"": 17.157465481919665, ""current_voc"": 136.10321308099134, ""current_co2"": 597.7479964186226, ""current_temperature"": 24.278912287762253, ""current_humidity"": 49.02368354203341, ""rolling_mean_pm25"": 15.174053205436243, ""rolling_mean_voc"": 118.0858168555128, ""rolling_mean_co2"": 589.7318497479039, ""rolling_max_pm25"": 18.61792707273102, ""rolling_max_voc"": 136.10321308099134, ""rolling_max_co2"": 610.1648904495247, ""rolling_std_pm25"": 2.1505623650757753, ""rolling_std_voc"": 7.3494277040039195, ""rolling_std_co2"": 12.697248106464347, ""slope_pm25"": 0.4663444858145354, ""slope_voc"": -0.20596169696577613, ""slope_co2"": 1.7818568165064255, ""abnormal_duration"": 0.0, ""neighbor_diff"": -27.05021003869888, ""data_age"": 0.0, ""sample_interval"": 30.0, ""valid_flag"": 1, ""hour"": 9, ""time_period"": 1, ""timestamp"": ""2026-08-01T09:24:30"", ""decision_id"": ""demo_decision_002""}",demo_decision_002,C,,,,,,,,,0.0,,0.0,,,,,1,
328,2026-08-01T09:24:30,D,"{""region_id"": ""D"", ""current_pm25"": 17.038355394360952, ""current_voc"": 182.8458109090649, ""current_co2"": 1311.603765722261, ""current_temperature"": 24.329814951447347, ""current_humidity"": 53.46930012947543, ""rolling_mean_pm25"": 16.385171978544626, ""rolling_mean_voc"": 163.24465746632814, ""rolling_mean_co2"": 1208.982994140664, ""rolling_max_pm25"": 20.13124117461027, ""rolling_max_voc"": 186.39191807172116, ""rolling_max_co2"": 1311.603765722261, ""rolling_std_pm25"": 1.4619480076130993, ""rolling_std_voc"": 13.827443767390742, ""rolling_std_co2"": 70.09219276082342, ""slope_pm25"": 0.1871711055358009, ""slope_voc"": 3.410285218540343, ""slope_co2"": 18.449704375288814, ""abnormal_duration"": 480.0, ""neighbor_diff"": -27.53415675032421, ""data_age"": 0.0, ""sample_interval"": 30.0, ""valid_flag"": 1, ""hour"": 9, ""time_period"": 1, ""timestamp"": ""2026-08-01T09:24:30"", ""decision_id"": ""demo_decision_002""}",demo_decision_002,D,,,,,,,,,480.0,,0.0,,,,,1,
329,2026-08-01T09:25:00,A,"{""region_id"": ""A"", ""current_pm25"": 98.52930807774254, ""current_voc"": 95.13712101900346, ""current_co2"": 602.0718805199775, ""current_temperature"": 22.92728085313837, ""current_humidity"": 46.41912205624034, ""rolling_mean_pm25"": 102.03870824945254, ""rolling_mean_voc"": 98.69174100774633, ""rolling_mean_co2"": 596.730564040511, ""rolling_max_pm25"": 108.82815568634719, ""rolling_max_voc"": 114.46954585959273, ""rolling_max_co2"": 613.8359478097098, ""rolling_std_pm25"": 4.042553243483552, ""rolling_std_voc"": 7.321267730001003, ""rolling_std_co2"": 10.03577142420629, ""slope_pm25"": 0.4897486363525259, ""slope_voc"": -1.254504291361317, ""slope_co2"": 2.2612837692493213, ""abnormal_duration"": 0.0, ""neighbor_diff"": 81.12044682751791, ""data_age"": 30.0, ""sample_interval"": 30.0, ""valid_flag"": 0, ""hour"": 9, ""time_period"": 1, ""timestamp"": ""2026-08-01T09:25:00"", ""decision_id"": ""demo_decision_002""}",demo_decision_002,A,,,,,,,,,0.0,,30.0,,,,,0,
330,2026-08-01T09:25:00,B,"{""region_id"": ""B"", ""current_pm25"": 17.289013058028946, ""current_voc"": 308.36775994992246, ""current_co2"": 677.8278803496404, ""current_temperature"": 22.90647833129065, ""current_humidity"": 59.475542780726684, ""rolling_mean_pm25"": 16.621039592346477, ""rolling_mean_voc"": 275.6465255362844, ""rolling_mean_co2"": 660.0216693699608, ""rolling_max_pm25"": 19.13043374301481, ""rolling_max_voc"": 308.36775994992246, ""rolling_max_co2"": 686.6147220151453, ""rolling_std_pm25"": 1.8910816600981468, ""rolling_std_voc"": 21.239972060070475, ""rolling_std_co2"": 15.421827862385548, ""slope_pm25"": 0.05913407665037049, ""slope_voc"": 5.45951235907692, ""slope_co2"": 0.7187170451313926, ""abnormal_duration"": 0.0, ""neighbor_diff"": -26.952696593312115, ""data_age"": 0.0, ""sample_interval"": 30.0, ""valid_flag"": 1, ""hour"": 9, ""time_period"": 1, ""timestamp"": ""2026-08-01T09:25:00"", ""decision_id"": ""demo_decision_002""}",demo_decision_002,B,,,,,,,,,0.0,,0.0,,,,,1,
331,2026-08-01T09:25:00,C,"{""region_id"": ""C"", ""current_pm25"": 17.691351746886053, ""current_voc"": 113.82930150520214, ""current_co2"": 580.8069652215722, ""current_temperature"": 24.245143736921165, ""current_humidity"": 48.64952643514345, ""rolling_mean_pm25"": 15.494817075559123, ""rolling_mean_voc"": 117.28654407625062, ""rolling_mean_co2"": 590.8968865508347, ""rolling_max_pm25"": 18.61792707273102, ""rolling_max_voc"": 136.10321308099134, ""rolling_max_co2"": 610.1648904495247, ""rolling_std_pm25"": 2.1907493890524434, ""rolling_std_voc"": 7.202402628639788, ""rolling_std_co2"": 11.019170616538577, ""slope_pm25"": 0.4857695894280828, ""slope_voc"": -0.11036211807115978, ""slope_co2"": 0.5618466631602388, ""abnormal_duration"": 0.0, ""neighbor_diff"": -26.594207096491427, ""data_age"": 0.0, ""sample_interval"": 30.0, ""valid_flag"": 1, ""hour"": 9, ""time_period"": 1, ""timestamp"": ""2026-08-01T09:25:00"", ""decision_id"": ""demo_decision_002""}",demo_decision_002,C,,,,,,,,,0.0,,0.0,,,,,1,
332,2026-08-01T09:25:00,D,"{""region_id"": ""D"", ""current_pm25"": 14.033598821012031, ""current_voc"": 183.55143943682404, ""current_co2"": 1317.4919803779128, ""current_temperature"": 24.01639441571908, ""current_humidity"": 54.20802612214891, ""rolling_mean_pm25"": 16.41159059609822, ""rolling_mean_voc"": 166.57429113830085, ""rolling_mean_co2"": 1224.968061609863, ""rolling_max_pm25"": 20.13124117461027, ""rolling_max_voc"": 186.39191807172116, ""rolling_max_co2"": 1317.4919803779128, ""rolling_std_pm25"": 1.4153692614365274, ""rolling_std_voc"": 13.084954937775441, ""rolling_std_co2"": 69.31557595610224, ""slope_pm25"": 0.0059922855066743405, ""slope_voc"": 3.1959528090179865, ""slope_co2"": 18.20781251477842, ""abnormal_duration"": 510.0, ""neighbor_diff"": -30.46962547320714, ""data_age"": 0.0, ""sample_interval"": 30.0, ""valid_flag"": 1, ""hour"": 9, ""time_period"": 1, ""timestamp"": ""2026-08-01T09:25:00"", ""decision_id"": ""demo_decision_002""}",demo_decision_002,D,,,,,,,,,510.0,,0.0,,,,,1,
333,2026-08-01T09:25:30,A,"{""region_id"": ""A"", ""current_pm25"": 90.24588228782034, ""current_voc"": 103.75200435970278, ""current_co2"": 610.3425726066342, ""current_temperature"": 23.07564581451831, ""current_humidity"": 46.11262950622968, ""rolling_mean_pm25"": 101.3654888044385, ""rolling_mean_voc"": 98.2730077269121, ""rolling_mean_co2"": 599.3066059772656, ""rolling_max_pm25"": 108.82815568634719, ""rolling_max_voc"": 114.46954585959273, ""rolling_max_co2"": 613.8359478097098, ""rolling_std_pm25"": 5.131144000083072, ""rolling_std_voc"": 6.861761547710426, ""rolling_std_co2"": 9.196685333291256, ""slope_pm25"": -0.19422278437891483, ""slope_voc"": -0.519832776137682, ""slope_co2"": 1.9159486435200919, ""abnormal_duration"": 0.0, ""neighbor_diff"": 73.90789441251133, ""data_age"": 0.0, ""sample_interval"": 30.0, ""valid_flag"": 1, ""hour"": 9, ""time_period"": 1, ""timestamp"": ""2026-08-01T09:25:30"", ""decision_id"": ""demo_decision_002""}",demo_decision_002,A,,,,,,,,,0.0,,0.0,,,,,1,
334,2026-08-01T09:25:30,B,"{""region_id"": ""B"", ""current_pm25"": 15.921698450993118, ""current_voc"": 290.6870812653714, ""current_co2"": 653.661318750503, ""current_temperature"": 23.149893823320703, ""current_humidity"": 59.26711163731534, ""rolling_mean_pm25"": 16.738827662860807, ""rolling_mean_voc"": 279.7547112471054, ""rolling_mean_co2"": 658.8286774431673, ""rolling_max_pm25"": 19.13043374301481, ""rolling_max_voc"": 308.36775994992246, ""rolling_max_co2"": 686.6147220151453, ""rolling_std_pm25"": 1.7936569750206204, ""rolling_std_voc"": 18.39659065387788, ""rolling_std_co2"": 15.267064294575656, ""slope_pm25"": -0.0497128972748908, ""slope_voc"": 4.479744912886937, ""slope_co2"": 0.8609022499954332, ""abnormal_duration"": 0.0, ""neighbor_diff"": -24.735245834246356, ""data_age"": 0.0, ""sample_interval"": 30.0, ""valid_flag"": 1, ""hour"": 9, ""time_period"": 1, ""timestamp"": ""2026-08-01T09:25:30"", ""decision_id"": ""demo_decision_002""}",demo_decision_002,B,,,,,,,,,0.0,,0.0,,,,,1,
335,2026-08-01T09:25:30,C,"{""region_id"": ""C"", ""current_pm25"": 16.23175764906696, ""current_voc"": 117.85125089319257, ""current_co2"": 627.4599588371211, ""current_temperature"": 24.268991190076875, ""current_humidity"": 49.30017960444258, ""rolling_mean_pm25"": 15.56338171791635, ""rolling_mean_voc"": 116.95981104584914, ""rolling_mean_co2"": 593.9024263514814, ""rolling_max_pm25"": 18.61792707273102, ""rolling_max_voc"": 136.10321308099134, ""rolling_max_co2"": 627.4599588371211, ""rolling_std_pm25"": 2.198777723375831, ""rolling_std_voc"": 7.0718473019209664, ""rolling_std_co2"": 14.654005805625276, ""slope_pm25"": 0.5041258806428864, ""slope_voc"": 0.09334059833972963, ""slope_co2"": 1.670724783285872, ""abnormal_duration"": 0.0, ""neighbor_diff"": -23.8353022042082, ""data_age"": 0.0, ""sample_interval"": 30.0, ""valid_flag"": 1, ""hour"": 9, ""time_period"": 1, ""timestamp"": ""2026-08-01T09:25:30"", ""decision_id"": ""demo_decision_002""}",demo_decision_002,C,,,,,,,,,0.0,,0.0,,,,,1,
336,2026-08-01T09:25:30,D,"{""region_id"": ""D"", ""current_pm25"": 17.979491086864837, ""current_voc"": 184.98798688352275, ""current_co2"": 1343.788812053653, ""current_temperature"": 24.08381050660039, ""current_humidity"": 54.84099960289754, ""rolling_mean_pm25"": 16.68678919150316, ""rolling_mean_voc"": 169.15685108434667, ""rolling_mean_co2"": 1241.927151999343, ""rolling_max_pm25"": 20.13124117461027, ""rolling_max_voc"": 186.39191807172116, ""rolling_max_co2"": 1343.788812053653, ""rolling_std_pm25"": 1.3438595294995836, ""rolling_std_voc"": 13.151059640017639, ""rolling_std_co2"": 69.34177895201837, ""slope_pm25"": -0.01961411999817927, ""slope_voc"": 3.2199368177966434, ""slope_co2"": 18.2154637803091, ""abnormal_duration"": 540.0, ""neighbor_diff"": -22.820288375761972, ""data_age"": 0.0, ""sample_interval"": 30.0, ""valid_flag"": 1, ""hour"": 9, ""time_period"": 1, ""timestamp"": ""2026-08-01T09:25:30"", ""decision_id"": ""demo_decision_002""}",demo_decision_002,D,,,,,,,,,540.0,,0.0,,,,,1,
337,2026-08-01T09:26:00,A,"{""region_id"": ""A"", ""current_pm25"": 85.26544169188386, ""current_voc"": 97.60782843675437, ""current_co2"": 622.9215680665128, ""current_temperature"": 23.173595579883195, ""current_humidity"": 46.78790683120409, ""rolling_mean_pm25"": 100.38989364813527, ""rolling_mean_voc"": 97.9956330205335, ""rolling_mean_co2"": 602.6322293106101, ""rolling_max_pm25"": 108.82815568634719, ""rolling_max_voc"": 114.46954585959273, ""rolling_max_co2"": 622.9215680665128, ""rolling_std_pm25"": 6.735701737093367, ""rolling_std_voc"": 6.815614564925801, ""rolling_std_co2"": 9.892974364717228, ""slope_pm25"": -0.9798057467954586, ""slope_voc"": -0.40681041598234924, ""slope_co2"": 2.051155978854005, ""abnormal_duration"": 30.0, ""neighbor_diff"": 68.55445929624223, ""data_age"": 0.0, ""sample_interval"": 30.0, ""valid_flag"": 1, ""hour"": 9, ""time_period"": 1, ""timestamp"": ""2026-08-01T09:26:00"", ""decision_id"": ""demo_decision_002""}",demo_decision_002,A,,,,,,,,,30.0,,0.0,,,,,1,
338,2026-08-01T09:26:00,B,"{""region_id"": ""B"", ""current_pm25"": 19.237447491715546, ""current_voc"": 313.2982119385539, ""current_co2"": 670.6669936354474, ""current_temperature"": 23.277013470402757, ""current_humidity"": 59.57449684147862, ""rolling_mean_pm25"": 16.906065050566028, ""rolling_mean_voc"": 285.1913371565771, ""rolling_mean_co2"": 660.2200492820949, ""rolling_max_pm25"": 19.237447491715546, ""rolling_max_voc"": 313.2982119385539, ""rolling_max_co2"": 686.6147220151453, ""rolling_std_pm25"": 1.9134716711469388, ""rolling_std_voc"": 17.010727782191413, ""rolling_std_co2"": 15.45714829446151, ""slope_pm25"": 0.045141253790695245, ""slope_voc"": 4.157396293254517, ""slope_co2"": 1.0108103442659238, ""abnormal_duration"": 0.0, ""neighbor_diff"": -20.588115984223013, ""data_age"": 0.0, ""sample_interval"": 30.0, ""valid_flag"": 1, ""hour"": 9, ""time_period"": 1, ""timestamp"": ""2026-08-01T09:26:00"", ""decision_id"": ""demo_decision_002""}",demo_decision_002,B,,,,,,,,,0.0,,0.0,,,,,1,
339,2026-08-01T09:26:00,C,"{""region_id"": ""C"", ""current_pm25"": 18.186119825162464, ""current_voc"": 118.45075908293296, ""current_co2"": 624.4838490573364, ""current_temperature"": 24.203054824670513, ""current_humidity"": 49.719549358759366, ""rolling_mean_pm25"": 16.055277163253656, ""rolling_mean_voc"": 117.30879912604829, ""rolling_mean_co2"": 597.7178664795863, ""rolling_max_pm25"": 18.61792707273102, ""rolling_max_voc"": 136.10321308099134, ""rolling_max_co2"": 627.4599588371211, ""rolling_std_pm25"": 2.0068366967288367, ""rolling_std_voc"": 7.024711590255416, ""rolling_std_co2"": 15.629999798082904, ""slope_pm25"": 0.44551659420609946, ""slope_voc"": 0.025342846603281486, ""slope_co2"": 1.947392055365917, ""abnormal_duration"": 0.0, ""neighbor_diff"": -22.641340264992287, ""data_age"": 0.0, ""sample_interval"": 30.0, ""valid_flag"": 1, ""hour"": 9, ""time_period"": 1, ""timestamp"": ""2026-08-01T09:26:00"", ""decision_id"": ""demo_decision_002""}",demo_decision_002,C,,,,,,,,,0.0,,0.0,,,,,1,
340,2026-08-01T09:26:00,D,"{""region_id"": ""D"", ""current_pm25"": 16.623595853827794, ""current_voc"": 208.43702156642618, ""current_co2"": 1356.8520007829, ""current_temperature"": 24.236499400833125, ""current_humidity"": 53.862768161322904, ""rolling_mean_pm25"": 16.725725506846178, ""rolling_mean_voc"": 174.1393368293943, ""rolling_mean_co2"": 1258.8859918751677, ""rolling_max_pm25"": 20.13124117461027, ""rolling_max_voc"": 208.43702156642618, ""rolling_max_co2"": 1356.8520007829, ""rolling_std_pm25"": 1.3340962822995035, ""rolling_std_voc"": 14.724939722826186, ""rolling_std_co2"": 68.409319728411, ""slope_pm25"": -0.043596087503643785, ""slope_voc"": 3.5344204082785016, ""slope_co2"": 17.94496161265085, ""abnormal_duration"": 570.0, ""neighbor_diff"": -24.272740482426165, ""data_age"": 0.0, ""sample_interval"": 30.0, ""valid_flag"": 1, ""hour"": 9, ""time_period"": 1, ""timestamp"": ""2026-08-01T09:26:00"", ""decision_id"": ""demo_decision_002""}",demo_decision_002,D,,,,,,,,,570.0,,0.0,,,,,1,
341,2026-08-01T09:26:30,A,"{""region_id"": ""A"", ""current_pm25"": 82.70367103126506, ""current_voc"": 96.57509375908671, ""current_co2"": 572.0112550380285, ""current_temperature"": 22.974454417188234, ""current_humidity"": 46.22324545218976, ""rolling_mean_pm25"": 99.27107027131098, ""rolling_mean_voc"": 98.25490954485099, ""rolling_mean_co2"": 601.0037330971778, ""rolling_max_pm25"": 108.82815568634719, ""rolling_max_voc"": 114.46954585959273, ""rolling_max_co2"": 622.9215680665128, ""rolling_std_pm25"": 8.286871652388351, ""rolling_std_voc"": 6.6964214939093925, ""rolling_std_co2"": 12.772126845864205, ""slope_pm25"": -1.7453558595192835, ""slope_voc"": -0.6180349726189718, ""slope_co2"": 0.41563161448917485, ""abnormal_duration"": 60.0, ""neighbor_diff"": 64.68794997436312, ""data_age"": 0.0, ""sample_interval"": 30.0, ""valid_flag"": 1, ""hour"": 9, ""time_period"": 1, ""timestamp"": ""2026-08-01T09:26:30"", ""decision_id"": ""demo_decision_002""}",demo_decision_002,A,,,,,,,,,60.0,,0.0,,,,,1,
342,2026-08-01T09:26:30,B,"{""region_id"": ""B"", ""current_pm25"": 15.203811005969559, ""current_voc"": 317.90841769507, ""current_co2"": 660.5570814656222, ""current_temperature"": 22.87884408925935, ""current_humidity"": 59.09671640051035, ""rolling_mean_pm25"": 16.720374202795746, ""rolling_mean_voc"": 289.11664578737094, ""rolling_mean_co2"": 660.129769358633, ""rolling_max_pm25"": 19.237447491715546, ""rolling_max_voc"": 317.90841769507, ""rolling_max_co2"": 686.6147220151453, ""rolling_std_pm25"": 1.952133334679227, ""rolling_std_voc"": 18.17969931121756, ""rolling_std_co2"": 15.451487708741324, ""slope_pm25"": 0.016397103061801057, ""slope_voc"": 4.5316763020357085, ""slope_co2"": 1.0800240333917193, ""abnormal_duration"": 0.0, ""neighbor_diff"": -23.967317897448883, ""data_age"": 0.0, ""sample_interval"": 30.0, ""valid_flag"": 1, ""hour"": 9, ""time_period"": 1, ""timestamp"": ""2026-08-01T09:26:30"", ""decision_id"": ""demo_decision_002""}",demo_decision_002,B,,,,,,,,,0.0,,0.0,,,,,1,
343,2026-08-01T09:26:30,C,"{""region_id"": ""C"", ""current_pm25"": 16.837155562354127, ""current_voc"": 129.73181021395564, ""current_co2"": 591.2707448660517, ""current_temperature"": 24.148234218487467, ""current_humidity"": 48.318482978300544, ""rolling_mean_pm25"": 16.450904561756637, ""rolling_mean_voc"": 118.15123759382087, ""rolling_mean_co2"": 598.1461889053573, ""rolling_max_pm25"": 18.61792707273102, ""rolling_max_voc"": 136.10321308099134, ""rolling_max_co2"": 627.4599588371211, ""rolling_std_pm25"": 1.5667686565200836, ""rolling_std_voc"": 7.768010155151927, ""rolling_std_co2"": 15.36898040680357, ""slope_pm25"": 0.3035513520332121, ""slope_voc"": 0.4914815475675253, ""slope_co2"": 1.2727221557993262, ""abnormal_duration"": 0.0, ""neighbor_diff"": -21.339870401333343, ""data_age"": 0.0, ""sample_interval"": 30.0, ""valid_flag"": 1, ""hour"": 9, ""time_period"": 1, ""timestamp"": ""2026-08-01T09:26:30"", ""decision_id"": ""demo_decision_002""}",demo_decision_002,C,,,,,,,,,0.0,,0.0,,,,,1,
344,2026-08-01T09:26:30,D,"{""region_id"": ""D"", ""current_pm25"": 17.10324615331859, ""current_voc"": 213.96657721074962, ""current_co2"": 1378.9975503779103, ""current_temperature"": 24.414053689492356, ""current_humidity"": 54.34593602301694, ""rolling_mean_pm25"": 16.796330423003816, ""rolling_mean_voc"": 178.6499656883592, ""rolling_mean_co2"": 1276.504948522737, ""rolling_max_pm25"": 20.13124117461027, ""rolling_max_voc"": 213.96657721074962, ""rolling_max_co2"": 1378.9975503779103, ""rolling_std_pm25"": 1.3279050263593775, ""rolling_std_voc"": 17.066775667021385, ""rolling_std_co2"": 67.57461685487038, ""slope_pm25"": -0.0519327851201486, ""slope_voc"": 4.123908863178572, ""slope_co2"": 17.71488032477621, ""abnormal_duration"": 600.0, ""neighbor_diff"": -21.144966379877655, ""data_age"": 0.0, ""sample_interval"": 30.0, ""valid_flag"": 1, ""hour"": 9, ""time_period"": 1, ""timestamp"": ""2026-08-01T09:26:30"", ""decision_id"": ""demo_decision_002""}",demo_decision_002,D,,,,,,,,,600.0,,0.0,,,,,1,
345,2026-08-01T09:27:00,A,"{""region_id"": ""A"", ""current_pm25"": 78.4442748896785, ""current_voc"": 107.94036893535923, ""current_co2"": 638.9266652877769, ""current_temperature"": 23.10368389292223, ""current_humidity"": 46.61211617018772, ""rolling_mean_pm25"": 97.29846457063968, ""rolling_mean_voc"": 98.36815705901728, ""rolling_mean_co2"": 604.9453484890643, ""rolling_max_pm25"": 108.82815568634719, ""rolling_max_voc"": 114.46954585959273, ""rolling_max_co2"": 638.9266652877769, ""rolling_std_pm25"": 10.012647008760055, ""rolling_std_voc"": 6.846097007062898, ""rolling_std_co2"": 16.127930305977703, ""slope_pm25"": -2.30562224751429, ""slope_voc"": 0.0572316240976818, ""slope_co2"": 1.358601511850941, ""abnormal_duration"": 90.0, ""neighbor_diff"": 62.06287064913107, ""data_age"": 0.0, ""sample_interval"": 30.0, ""valid_flag"": 1, ""hour"": 9, ""time_period"": 1, ""timestamp"": ""2026-08-01T09:27:00"", ""decision_id"": ""demo_decision_002""}",demo_decision_002,A,,,,,,,,,90.0,,0.0,,,,,1,
346,2026-08-01T09:27:00,B,"{""region_id"": ""B"", ""current_pm25"": 17.099653911021086, ""current_voc"": 328.65582782235674, ""current_co2"": 657.4217056559868, ""current_temperature"": 23.191036442249736, ""current_humidity"": 59.112830203915394, ""rolling_mean_pm25"": 16.640407817213887, ""rolling_mean_voc"": 294.38806342233397, ""rolling_mean_co2"": 659.5079395390393, ""rolling_max_pm25"": 19.237447491715546, ""rolling_max_voc"": 328.65582782235674, ""rolling_max_co2"": 686.6147220151453, ""rolling_std_pm25"": 1.9132800584495766, ""rolling_std_voc"": 18.92952021573617, ""rolling_std_co2"": 15.385154188282023, ""slope_pm25"": 0.08347170358311266, ""slope_voc"": 4.720194772767418, ""slope_co2"": 1.197505821570937, ""abnormal_duration"": 0.0, ""neighbor_diff"": -20.361904957429317, ""data_age"": 0.0, ""sample_interval"": 30.0, ""valid_flag"": 1, ""hour"": 9, ""time_period"": 1, ""timestamp"": ""2026-08-01T09:27:00"", ""decision_id"": ""demo_decision_002""}",demo_decision_002,B,,,,,,,,,0.0,,0.0,,,,,1,
347,2026-08-01T09:27:00,C,"{""region_id"": ""C"", ""current_pm25"": 17.0853483116717, ""current_voc"": 130.9926230469398, ""current_co2"": 612.1109100565092, ""current_temperature"": 24.353903890603135, ""current_humidity"": 48.89333162798728, ""rolling_mean_pm25"": 16.77498438272695, ""rolling_mean_voc"": 118.73296543582443, ""rolling_mean_co2"": 600.8321567409461, ""rolling_max_pm25"": 18.61792707273102, ""rolling_max_voc"": 136.10321308099134, ""rolling_max_co2"": 627.4599588371211, ""rolling_std_pm25"": 1.1813537284776616, ""rolling_std_voc"": 8.399087016826973, ""rolling_std_co2"": 14.49900746400221, ""slope_pm25"": 0.1868288522562752, ""slope_voc"": 1.1178594446456673, ""slope_co2"": 0.9272183202300971, ""abnormal_duration"": 0.0, ""neighbor_diff"": -20.463710006334352, ""data_age"": 0.0, ""sample_interval"": 30.0, ""valid_flag"": 1, ""hour"": 9, ""time_period"": 1, ""timestamp"": ""2026-08-01T09:27:00"", ""decision_id"": ""demo_decision_002""}",demo_decision_002,C,,,,,,,,,0.0,,0.0,,,,,1,
348,2026-08-01T09:27:00,D,"{""region_id"": ""D"", ""current_pm25"": 19.724618255110347, ""current_voc"": 216.59803186197198, ""current_co2"": 1389.5462542955927, ""current_temperature"": 24.075982085463924, ""current_humidity"": 54.10784526826801, ""rolling_mean_pm25"": 17.070258539177892, ""rolling_mean_voc"": 182.8952018662323, ""rolling_mean_co2"": 1293.94449146952, ""rolling_max_pm25"": 20.13124117461027, ""rolling_max_voc"": 216.59803186197198, ""rolling_max_co2"": 1389.5462542955927, ""rolling_std_pm25"": 1.5222023250310153, ""rolling_std_voc"": 19.004299923612077, ""rolling_std_co2"": 65.20106626395925, ""slope_pm25"": 0.020266573371851875, ""slope_voc"": 4.711866929500055, ""slope_co2"": 17.069487835160224, ""abnormal_duration"": 630.0, ""neighbor_diff"": -17.81847411568008, ""data_age"": 0.0, ""sample_interval"": 30.0, ""valid_flag"": 1, ""hour"": 9, ""time_period"": 1, ""timestamp"": ""2026-08-01T09:27:00"", ""decision_id"": ""demo_decision_002""}",demo_decision_002,D,,,,,,,,,630.0,,0.0,,,,,1,
349,2026-08-01T09:27:30,A,"{""region_id"": ""A"", ""current_pm25"": 73.50438270133773, ""current_voc"": 107.1220506570111, ""current_co2"": 607.6223208359645, ""current_temperature"": 23.18145740582477, ""current_humidity"": 46.83084906968534, ""rolling_mean_pm25"": 94.91681611211898, ""rolling_mean_voc"": 97.75586579213548, ""rolling_mean_co2"": 606.6196175918034, ""rolling_max_pm25"": 108.82815568634719, ""rolling_max_voc"": 107.94036893535923, ""rolling_max_co2"": 638.9266652877769, ""rolling_std_pm25"": 11.82590947852409, ""rolling_std_voc"": 5.592447700791748, ""rolling_std_co2"": 15.25230404771868, ""slope_pm25"": -2.881318073986622, ""slope_voc"": 0.966129583453508, ""slope_co2"": 0.7584403883254466, ""abnormal_duration"": 120.0, ""neighbor_diff"": 55.534509208736694, ""data_age"": 0.0, ""sample_interval"": 30.0, ""valid_flag"": 1, ""hour"": 9, ""time_period"": 1, ""timestamp"": ""2026-08-01T09:27:30"", ""decision_id"": ""demo_decision_002""}",demo_decision_002,A,,,,,,,,,120.0,,0.0,,,,,1,
350,2026-08-01T09:27:30,B,"{""region_id"": ""B"", ""current_pm25"": 16.772805320926285, ""current_voc"": 313.4734606474039, ""current_co2"": 696.756757830877, ""current_temperature"": 22.908363974067665, ""current_humidity"": 59.6052090817258, ""rolling_mean_pm25"": 16.71024253113257, ""rolling_mean_voc"": 297.65990179312496, ""rolling_mean_co2"": 663.455671143954, ""rolling_max_pm25"": 19.237447491715546, ""rolling_max_voc"": 328.65582782235674, ""rolling_max_co2"": 696.756757830877, ""rolling_std_pm25"": 1.9002252613566517, ""rolling_std_voc"": 18.25777743810523, ""rolling_std_co2"": 17.680934825055047, ""slope_pm25"": 0.05801131117465486, ""slope_voc"": 4.447518246305476, ""slope_co2"": 1.884269897101992, ""abnormal_duration"": 0.0, ""neighbor_diff"": -19.998644435113643, ""data_age"": 0.0, ""sample_interval"": 30.0, ""valid_flag"": 1, ""hour"": 9, ""time_period"": 1, ""timestamp"": ""2026-08-01T09:27:30"", ""decision_id"": ""demo_decision_002""}",demo_decision_002,B,,,,,,,,,0.0,,0.0,,,,,1,
351,2026-08-01T09:27:30,C,"{""region_id"": ""C"", ""current_pm25"": 21.06267465206414, ""current_voc"": 120.7847780851885, ""current_co2"": 615.1233549427112, ""current_temperature"": 24.04646007713777, ""current_humidity"": 48.804141687877525, ""rolling_mean_pm25"": 17.26477549015358, ""rolling_mean_voc"": 119.42601315234143, ""rolling_mean_co2"": 601.9453784597564, ""rolling_max_pm25"": 21.06267465206414, ""rolling_max_voc"": 136.10321308099134, ""rolling_max_co2"": 627.4599588371211, ""rolling_std_pm25"": 1.4957296405538392, ""rolling_std_voc"": 8.16481836514348, ""rolling_std_co2"": 14.989665958920293, ""slope_pm25"": 0.24819688920990404, ""slope_voc"": 0.9178936327703114, ""slope_co2"": 1.3914073323796308, ""abnormal_duration"": 0.0, ""neighbor_diff"": -15.604594107060649, ""data_age"": 0.0, ""sample_interval"": 30.0, ""valid_flag"": 1, ""hour"": 9, ""time_period"": 1, ""timestamp"": ""2026-08-01T09:27:30"", ""decision_id"": ""demo_decision_002""}",demo_decision_002,C,,,,,,,,,0.0,,0.0,,,,,1,
352,2026-08-01T09:27:30,D,"{""region_id"": ""D"", ""current_pm25"": 15.703291753520537, ""current_voc"": 213.64522007812997, ""current_co2"": 1398.6995885324418, ""current_temperature"": 24.127856054864292, ""current_humidity"": 54.22835427407835, ""rolling_mean_pm25"": 16.989903579408328, ""rolling_mean_voc"": 187.6415201407744, ""rolling_mean_co2"": 1310.7366776552424, ""rolling_max_pm25"": 20.13124117461027, ""rolling_max_voc"": 216.59803186197198, ""rolling_max_co2"": 1398.6995885324418, ""rolling_std_pm25"": 1.5640934008656668, ""rolling_std_voc"": 18.375980030037528, ""rolling_std_co2"": 61.81931731248531, ""slope_pm25"": -0.037196431433176545, ""slope_voc"": 4.535137664507436, ""slope_co2"": 16.155901675364944, ""abnormal_duration"": 660.0, ""neighbor_diff"": -21.409995804588846, ""data_age"": 0.0, ""sample_interval"": 30.0, ""valid_flag"": 1, ""hour"": 9, ""time_period"": 1, ""timestamp"": ""2026-08-01T09:27:30"", ""decision_id"": ""demo_decision_002""}",demo_decision_002,D,,,,,,,,,660.0,,0.0,,,,,1,
353,2026-08-01T09:28:00,A,"{""region_id"": ""A"", ""current_pm25"": 74.88217510972892, ""current_voc"": 104.45657716000585, ""current_co2"": 626.9722885802452, ""current_temperature"": 23.327988109489528, ""current_humidity"": 46.69536034048545, ""rolling_mean_pm25"": 92.56084336542297, ""rolling_mean_voc"": 98.49632407557942, ""rolling_mean_co2"": 608.8348143702525, ""rolling_max_pm25"": 108.82815568634719, ""rolling_max_voc"": 107.94036893535923, ""rolling_max_co2"": 638.9266652877769, ""rolling_std_pm25"": 12.731707379449091, ""rolling_std_voc"": 5.837040830500872, ""rolling_std_co2"": 16.093814439176537, ""slope_pm25"": -3.2078411201136574, ""slope_voc"": 1.0972510757114669, ""slope_co2"": 1.1852895625341417, ""abnormal_duration"": 150.0, ""neighbor_diff"": 57.035917867558595, ""data_age"": 0.0, ""sample_interval"": 30.0, ""valid_flag"": 1, ""hour"": 9, ""time_period"": 1, ""timestamp"": ""2026-08-01T09:28:00"", ""decision_id"": ""demo_decision_002""}",demo_decision_002,A,,,,,,,,,150.0,,0.0,,,,,1,
354,2026-08-01T09:28:00,B,"{""region_id"": ""B"", ""current_pm25"": 19.456679954988203, ""current_voc"": 339.1132843978626, ""current_co2"": 689.0959879785308, ""current_temperature"": 23.00513039643058, ""current_humidity"": 59.41336479637422, ""rolling_mean_pm25"": 17.095926733283985, ""rolling_mean_voc"": 303.19209888750316, ""rolling_mean_co2"": 667.2848410216195, ""rolling_max_pm25"": 19.456679954988203, ""rolling_max_voc"": 339.1132843978626, ""rolling_max_co2"": 696.756757830877, ""rolling_std_pm25"": 1.909669825914061, ""rolling_std_voc"": 19.066466292968105, ""rolling_std_co2"": 17.427051578309825, ""slope_pm25"": 0.061343311802923545, ""slope_voc"": 4.642375599454798, ""slope_co2"": 1.8011361607389627, ""abnormal_duration"": 0.0, ""neighbor_diff"": -17.75936721678299, ""data_age"": 0.0, ""sample_interval"": 30.0, ""valid_flag"": 1, ""hour"": 9, ""time_period"": 1, ""timestamp"": ""2026-08-01T09:28:00"", ""decision_id"": ""demo_decision_002""}",demo_decision_002,B,,,,,,,,,0.0,,0.0,,,,,1,
355,2026-08-01T09:28:00,C,"{""region_id"": ""C"", ""current_pm25"": 16.95517593101824, ""current_voc"": 122.10698999348128, ""current_co2"": 631.1902347937543, ""current_temperature"": 24.098130627108315, ""current_humidity"": 48.35404836288607, ""rolling_mean_pm25"": 17.41380144346041, ""rolling_mean_voc"": 119.6421403057543, ""rolling_mean_co2"": 603.9567727780371, ""rolling_max_pm25"": 21.06267465206414, ""rolling_max_voc"": 136.10321308099134, ""rolling_max_co2"": 631.1902347937543, ""rolling_std_pm25"": 1.3542555638128735, ""rolling_std_voc"": 8.195679927356492, ""rolling_std_co2"": 16.902546016731485, ""slope_pm25"": 0.15156965833253347, ""slope_voc"": 1.0013284018595738, ""slope_co2"": 2.4746284828105085, ""abnormal_duration"": 0.0, ""neighbor_diff"": -19.72553967506098, ""data_age"": 0.0, ""sample_interval"": 30.0, ""valid_flag"": 1, ""hour"": 9, ""time_period"": 1, ""timestamp"": ""2026-08-01T09:28:00"", ""decision_id"": ""demo_decision_002""}",demo_decision_002,C,,,,,,,,,0.0,,0.0,,,,,1,
356,2026-08-01T09:28:00,D,"{""region_id"": ""D"", ""current_pm25"": 16.30476564290967, ""current_voc"": 200.63732945537154, ""current_co2"": 1402.725109347285, ""current_temperature"": 24.142901708458798, ""current_humidity"": 54.409784133609946, ""rolling_mean_pm25"": 16.69555930773905, ""rolling_mean_voc"": 190.43304618243386, ""rolling_mean_co2"": 1327.900746339435, ""rolling_max_pm25"": 19.724618255110347, ""rolling_max_voc"": 216.59803186197198, ""rolling_max_co2"": 1402.725109347285, ""rolling_std_pm25"": 1.279367545606682, ""rolling_std_voc"": 17.353278518912, ""rolling_std_co2"": 53.43169433275395, ""slope_pm25"": 0.06103728036584312, ""slope_voc"": 4.067646737577496, ""slope_co2"": 14.144469596985829, ""abnormal_duration"": 690.0, ""neighbor_diff"": -20.79324468900212, ""data_age"": 0.0, ""sample_interval"": 30.0, ""valid_flag"": 1, ""hour"": 9, ""time_period"": 1, ""timestamp"": ""2026-08-01T09:28:00"", ""decision_id"": ""demo_decision_002""}",demo_decision_002,D,,,,,,,,,690.0,,0.0,,,,,1,
357,2026-08-01T09:28:30,A,"{""region_id"": ""A"", ""current_pm25"": 75.4326617806012, ""current_voc"": 87.96007033578269, ""current_co2"": 617.4533578305802, ""current_temperature"": 23.40065571145013, ""current_humidity"": 46.458120064542406, ""rolling_mean_pm25"": 90.01880679879706, ""rolling_mean_voc"": 97.57129115729317, ""rolling_mean_co2"": 609.1362652053251, ""rolling_max_pm25"": 108.82815568634719, ""rolling_max_voc"": 107.94036893535923, ""rolling_max_co2"": 638.9266652877769, ""rolling_std_pm25"": 12.851924051827691, ""rolling_std_voc"": 6.514590704527816, ""rolling_std_co2"": 16.21806565443424, ""slope_pm25"": -3.263493337449098, ""slope_voc"": 0.7813331840615022, ""slope_co2"": 1.6700531241877914, ""abnormal_duration"": 180.0, ""neighbor_diff"": 57.860454604295825, ""data_age"": 0.0, ""sample_interval"": 30.0, ""valid_flag"": 1, ""hour"": 9, ""time_period"": 1, ""timestamp"": ""2026-08-01T09:28:30"", ""decision_id"": ""demo_decision_003""}",demo_decision_003,A,,,,,,,,,180.0,,0.0,,,,,1,
358,2026-08-01T09:28:30,B,"{""region_id"": ""B"", ""current_pm25"": 17.288261132800493, ""current_voc"": 325.86628594834434, ""current_co2"": 665.8372770833581, ""current_temperature"": 23.140523803736325, ""current_humidity"": 58.73849300433942, ""rolling_mean_pm25"": 17.238188196261255, ""rolling_mean_voc"": 307.6229406460238, ""rolling_mean_co2"": 666.3881067004975, ""rolling_max_pm25"": 19.456679954988203, ""rolling_max_voc"": 339.1132843978626, ""rolling_max_co2"": 696.756757830877, ""rolling_std_pm25"": 1.8488444651297007, ""rolling_std_voc"": 17.01789014518413, ""rolling_std_co2"": 17.176741048478586, ""slope_pm25"": 0.003950751708325746, ""slope_voc"": 4.0465395102546005, ""slope_co2"": 2.146105897138481, ""abnormal_duration"": 0.0, ""neighbor_diff"": -18.942606652042542, ""data_age"": 0.0, ""sample_interval"": 30.0, ""valid_flag"": 1, ""hour"": 9, ""time_period"": 1, ""timestamp"": ""2026-08-01T09:28:30"", ""decision_id"": ""demo_decision_003""}",demo_decision_003,B,,,,,,,,,0.0,,0.0,,,,,1,
359,2026-08-01T09:28:30,C,"{""region_id"": ""C"", ""current_pm25"": 12.964282564532752, ""current_voc"": 127.7023828234411, ""current_co2"": 618.7358899246497, ""current_temperature"": 24.30803999282809, ""current_humidity"": 48.88076244730428, ""rolling_mean_pm25"": 17.175839331255467, ""rolling_mean_voc"": 120.36591075386094, ""rolling_mean_co2"": 605.1977042263128, ""rolling_max_pm25"": 21.06267465206414, ""rolling_max_voc"": 136.10321308099134, ""rolling_max_co2"": 631.1902347937543, ""rolling_std_pm25"": 1.7773233858075437, ""rolling_std_voc"": 8.455938084428478, ""rolling_std_co2"": 17.344078306650232, ""slope_pm25"": -0.04727206263125499, ""slope_voc"": 1.215174786212445, ""slope_co2"": 2.909813983430714, ""abnormal_duration"": 0.0, ""neighbor_diff"": -23.37761362090437, ""data_age"": 0.0, ""sample_interval"": 30.0, ""valid_flag"": 1, ""hour"": 9, ""time_period"": 1, ""timestamp"": ""2026-08-01T09:28:30"", ""decision_id"": ""demo_decision_003""}",demo_decision_003,C,,,,,,,,,0.0,,0.0,,,,,1,
360,2026-08-01T09:28:30,D,"{""region_id"": ""D"", ""current_pm25"": 16.752043957824288, ""current_voc"": 207.7242939644643, ""current_co2"": 1438.2951295324035, ""current_temperature"": 24.147563320467565, ""current_humidity"": 54.376764546220855, ""rolling_mean_pm25"": 16.739898450712044, ""rolling_mean_voc"": 192.7904257627388, ""rolling_mean_co2"": 1342.6847073570543, ""rolling_max_pm25"": 19.724618255110347, ""rolling_max_voc"": 216.59803186197198, ""rolling_max_co2"": 1438.2951295324035, ""rolling_std_pm25"": 1.2705380137207114, ""rolling_std_voc"": 17.460212067288694, ""rolling_std_co2"": 55.3096865608549, ""slope_pm25"": 0.04290232674257886, ""slope_voc"": 4.124046074712908, ""slope_co2"": 14.63780217338827, ""abnormal_duration"": 720.0, ""neighbor_diff"": -18.47635786815386, ""data_age"": 0.0, ""sample_interval"": 30.0, ""valid_flag"": 1, ""hour"": 9, ""time_period"": 1, ""timestamp"": ""2026-08-01T09:28:30"", ""decision_id"": ""demo_decision_003""}",demo_decision_003,D,,,,,,,,,720.0,,0.0,,,,,1,
361,2026-08-01T09:29:00,A,"{""region_id"": ""A"", ""current_pm25"": 71.12918134299368, ""current_voc"": 106.32587599182824, ""current_co2"": 617.378726440235, ""current_temperature"": 22.894481986843257, ""current_humidity"": 47.002951386727155, ""rolling_mean_pm25"": 86.89141594921949, ""rolling_mean_voc"": 98.9353310613305, ""rolling_mean_co2"": 611.0372988325297, ""rolling_max_pm25"": 108.82815568634719, ""rolling_max_voc"": 107.94036893535923, ""rolling_max_co2"": 638.9266652877769, ""rolling_std_pm25"": 12.496998823738508, ""rolling_std_voc"": 6.491165918786234, ""rolling_std_co2"": 15.728412839686458, ""slope_pm25"": -3.1915376406863416, ""slope_voc"": 0.7759382719598847, ""slope_co2"": 1.38350965383797, ""abnormal_duration"": 210.0, ""neighbor_diff"": 55.46098545794116, ""data_age"": 0.0, ""sample_interval"": 30.0, ""valid_flag"": 1, ""hour"": 9, ""time_period"": 1, ""timestamp"": ""2026-08-01T09:29:00"", ""decision_id"": ""demo_decision_003""}",demo_decision_003,A,,,,,,,,,210.0,,0.0,,,,,1,
362,2026-08-01T09:29:00,B,"{""region_id"": ""B"", ""current_pm25"": 18.32305741232165, ""current_voc"": 330.50151770365585, ""current_co2"": 689.647543471256, ""current_temperature"": 22.878246818249675, ""current_humidity"": 59.07470062315296, ""rolling_mean_pm25"": 17.22164629399263, ""rolling_mean_voc"": 311.3815781281985, ""rolling_mean_co2"": 669.3029484207723, ""rolling_max_pm25"": 19.456679954988203, ""rolling_max_voc"": 339.1132843978626, ""rolling_max_co2"": 696.756757830877, ""rolling_std_pm25"": 1.8380705567846984, ""rolling_std_voc"": 16.242233818508737, ""rolling_std_co2"": 17.654669491834802, ""slope_pm25"": 0.0897123611326647, ""slope_voc"": 3.801404844712379, ""slope_co2"": 2.350073377769506, ""abnormal_duration"": 0.0, ""neighbor_diff"": -15.29211187612859, ""data_age"": 0.0, ""sample_interval"": 30.0, ""valid_flag"": 1, ""hour"": 9, ""time_period"": 1, ""timestamp"": ""2026-08-01T09:29:00"", ""decision_id"": ""demo_decision_003""}",demo_decision_003,B,,,,,,,,,0.0,,0.0,,,,,1,
363,2026-08-01T09:29:00,C,"{""region_id"": ""C"", ""current_pm25"": 17.420826179709223, ""current_voc"": 112.22302825021083, ""current_co2"": 616.3571256310624, ""current_temperature"": 24.018973969216308, ""current_humidity"": 48.80366921988887, ""rolling_mean_pm25"": 17.248672614904216, ""rolling_mean_voc"": 120.127055551837, ""rolling_mean_co2"": 607.0721572006846, ""rolling_max_pm25"": 21.06267465206414, ""rolling_max_voc"": 136.10321308099134, ""rolling_max_co2"": 631.1902347937543, ""rolling_std_pm25"": 1.7664368627513578, ""rolling_std_voc"": 8.636787786737989, ""rolling_std_co2"": 17.130751245995583, ""slope_pm25"": -0.06618964385178831, ""slope_voc"": 0.7529679226779751, ""slope_co2"": 2.7696890251555226, ""abnormal_duration"": 0.0, ""neighbor_diff"": -17.98060139133731, ""data_age"": 0.0, ""sample_interval"": 30.0, ""valid_flag"": 1, ""hour"": 9, ""time_period"": 1, ""timestamp"": ""2026-08-01T09:29:00"", ""decision_id"": ""demo_decision_003""}",demo_decision_003,C,,,,,,,,,0.0,,0.0,,,,,1,
364,2026-08-01T09:29:00,D,"{""region_id"": ""D"", ""current_pm25"": 17.168385517238324, ""current_voc"": 230.15061243482293, ""current_co2"": 1441.304932589951, ""current_temperature"": 24.060067133545058, ""current_humidity"": 54.01520668383894, ""rolling_mean_pm25"": 16.829996930554152, ""rolling_mean_voc"": 197.65782160022522, ""rolling_mean_co2"": 1357.9960276104696, ""rolling_max_pm25"": 19.724618255110347, ""rolling_max_voc"": 230.15061243482293, ""rolling_max_co2"": 1441.304932589951, ""rolling_std_pm25"": 1.256117273976995, ""rolling_std_voc"": 18.354047190813535, ""rolling_std_co2"": 52.88725499430535, ""slope_pm25"": 0.028459305859117292, ""slope_voc"": 4.3589329182614405, ""slope_co2"": 14.026443849030482, ""abnormal_duration"": 750.0, ""neighbor_diff"": -18.45596946110319, ""data_age"": 0.0, ""sample_interval"": 30.0, ""valid_flag"": 1, ""hour"": 9, ""time_period"": 1, ""timestamp"": ""2026-08-01T09:29:00"", ""decision_id"": ""demo_decision_003""}",demo_decision_003,D,,,,,,,,,750.0,,0.0,,,,,1,
365,2026-08-01T09:29:30,A,"{""region_id"": ""A"", ""current_pm25"": 70.76668603225028, ""current_voc"": 94.66196578223432, ""current_co2"": 652.3795174268414, ""current_temperature"": 23.314865907755664, ""current_humidity"": 46.20213850972513, ""rolling_mean_pm25"": 83.71962681137808, ""rolling_mean_voc"": 99.042602734061, ""rolling_mean_co2"": 614.7297807841652, ""rolling_max_pm25"": 103.0893207739488, ""rolling_max_voc"": 107.94036893535923, ""rolling_max_co2"": 652.3795174268414, ""rolling_std_pm25"": 11.2995691797956, ""rolling_std_voc"": 6.408495856973183, ""rolling_std_co2"": 19.376435790277466, ""slope_pm25"": -2.906854502701517, ""slope_voc"": 0.4236399544987082, ""slope_co2"": 2.682185546776901, ""abnormal_duration"": 240.0, ""neighbor_diff"": 53.12926299582722, ""data_age"": 0.0, ""sample_interval"": 30.0, ""valid_flag"": 1, ""hour"": 9, ""time_period"": 1, ""timestamp"": ""2026-08-01T09:29:30"", ""decision_id"": ""demo_decision_003""}",demo_decision_003,A,,,,,,,,,240.0,,0.0,,,,,1,
366,2026-08-01T09:29:30,B,"{""region_id"": ""B"", ""current_pm25"": 15.314440456504274, ""current_voc"": 312.544085511794, ""current_co2"": 682.1231441248094, ""current_temperature"": 23.12981690556912, ""current_humidity"": 58.88054527327105, ""rolling_mean_pm25"": 16.92810834887644, ""rolling_mean_voc"": 313.6429454648391, ""rolling_mean_co2"": 671.1122370345084, ""rolling_max_pm25"": 19.456679954988203, ""rolling_max_voc"": 339.1132843978626, ""rolling_max_co2"": 696.756757830877, ""rolling_std_pm25"": 1.8143523868025644, ""rolling_std_voc"": 14.052577010274383, ""rolling_std_co2"": 17.670565046516185, ""slope_pm25"": 0.10025234529873657, ""slope_voc"": 2.753757418077473, ""slope_co2"": 2.3611573354755713, ""abnormal_duration"": 0.0, ""neighbor_diff"": -19.804192119895, ""data_age"": 0.0, ""sample_interval"": 30.0, ""valid_flag"": 1, ""hour"": 9, ""time_period"": 1, ""timestamp"": ""2026-08-01T09:29:30"", ""decision_id"": ""demo_decision_003""}",demo_decision_003,B,,,,,,,,,0.0,,0.0,,,,,1,
367,2026-08-01T09:29:30,C,"{""region_id"": ""C"", ""current_pm25"": 15.64393477956525, ""current_voc"": 134.21744210131533, ""current_co2"": 647.3337232035991, ""current_temperature"": 23.988713837233586, ""current_humidity"": 49.933449142320384, ""rolling_mean_pm25"": 17.241467291394358, ""rolling_mean_voc"": 122.01232068239963, ""rolling_mean_co2"": 611.702614932121, ""rolling_max_pm25"": 21.06267465206414, ""rolling_max_voc"": 136.10321308099134, ""rolling_max_co2"": 647.3337232035991, ""rolling_std_pm25"": 1.7727655420203643, ""rolling_std_voc"": 8.829676527126688, ""rolling_std_co2"": 19.134932823800888, ""slope_pm25"": -0.17721111319250143, ""slope_voc"": 0.8167915395022499, ""slope_co2"": 3.330286302502582, ""abnormal_duration"": 0.0, ""neighbor_diff"": -18.772569222432374, ""data_age"": 0.0, ""sample_interval"": 30.0, ""valid_flag"": 1, ""hour"": 9, ""time_period"": 1, ""timestamp"": ""2026-08-01T09:29:30"", ""decision_id"": ""demo_decision_003""}",demo_decision_003,C,,,,,,,,,0.0,,0.0,,,,,1,
368,2026-08-01T09:29:30,D,"{""region_id"": ""D"", ""current_pm25"": 19.125830009424334, ""current_voc"": 230.251932980622, ""current_co2"": 1466.0175096539344, ""current_temperature"": 24.427630484592278, ""current_humidity"": 54.195397670567566, ""rolling_mean_pm25"": 16.948851384079333, ""rolling_mean_voc"": 202.47921591583412, ""rolling_mean_co2"": 1372.9018171934354, ""rolling_max_pm25"": 19.724618255110347, ""rolling_max_voc"": 230.251932980622, ""rolling_max_co2"": 1466.0175096539344, ""rolling_std_pm25"": 1.3877324101616013, ""rolling_std_voc"": 18.04791874133817, ""rolling_std_co2"": 53.914718037930555, ""slope_pm25"": 0.13302015615868198, ""slope_voc"": 4.276386573342472, ""slope_co2"": 14.289369203509338, ""abnormal_duration"": 780.0, ""neighbor_diff"": -14.782523746682266, ""data_age"": 0.0, ""sample_interval"": 30.0, ""valid_flag"": 1, ""hour"": 9, ""time_period"": 1, ""timestamp"": ""2026-08-01T09:29:30"", ""decision_id"": ""demo_decision_003""}",demo_decision_003,D,,,,,,,,,780.0,,0.0,,,,,1,
369,2026-08-01T09:30:00,A,"{""region_id"": ""A"", ""current_pm25"": 67.58981377792755, ""current_voc"": 106.88074256762455, ""current_co2"": 644.9392172302033, ""current_temperature"": 23.073775449316717, ""current_humidity"": 46.88741466246227, ""rolling_mean_pm25"": 80.76133456170965, ""rolling_mean_voc"": 99.91815092565459, ""rolling_mean_co2"": 618.0916973238026, ""rolling_max_pm25"": 100.64253601728609, ""rolling_max_voc"": 107.94036893535923, ""rolling_max_co2"": 652.3795174268414, ""rolling_std_pm25"": 10.456780382702577, ""rolling_std_voc"": 6.6954131460929664, ""rolling_std_co2"": 20.77588013451005, ""slope_pm25"": -2.733179390006307, ""slope_voc"": 0.5940459056993448, ""slope_co2"": 3.394011004510508, ""abnormal_duration"": 270.0, ""neighbor_diff"": 50.89507869609626, ""data_age"": 0.0, ""sample_interval"": 30.0, ""valid_flag"": 1, ""hour"": 9, ""time_period"": 1, ""timestamp"": ""2026-08-01T09:30:00"", ""decision_id"": ""demo_decision_003""}",demo_decision_003,A,,,,,,,,,270.0,,0.0,,,,,1,
370,2026-08-01T09:30:00,B,"{""region_id"": ""B"", ""current_pm25"": 18.07582188243258, ""current_voc"": 308.63843875052714, ""current_co2"": 695.7454203712205, ""current_temperature"": 22.78498774063582, ""current_humidity"": 58.736360740492096, ""rolling_mean_pm25"": 16.955900069733843, ""rolling_mean_voc"": 314.63939698330853, ""rolling_mean_co2"": 673.5816743744308, ""rolling_max_pm25"": 19.456679954988203, ""rolling_max_voc"": 339.1132843978626, ""rolling_max_co2"": 696.756757830877, ""rolling_std_pm25"": 1.828894511807299, ""rolling_std_voc"": 13.175758240007175, ""rolling_std_co2"": 18.669102379803324, ""slope_pm25"": 0.1683360229811869, ""slope_voc"": 1.8980668935347418, ""slope_co2"": 2.8859517609938092, ""abnormal_duration"": 0.0, ""neighbor_diff"": -16.044037639873128, ""data_age"": 0.0, ""sample_interval"": 30.0, ""valid_flag"": 1, ""hour"": 9, ""time_period"": 1, ""timestamp"": ""2026-08-01T09:30:00"", ""decision_id"": ""demo_decision_003""}",demo_decision_003,B,,,,,,,,,0.0,,0.0,,,,,1,
371,2026-08-01T09:30:00,C,"{""region_id"": ""C"", ""current_pm25"": 17.254298548081657, ""current_voc"": 122.36668449720612, ""current_co2"": 616.8977684136415, ""current_temperature"": 24.542982505441753, ""current_humidity"": 49.26798543597192, ""rolling_mean_pm25"": 17.162178331135635, ""rolling_mean_voc"": 122.45826199138077, ""rolling_mean_co2"": 612.2205286216684, ""rolling_max_pm25"": 21.06267465206414, ""rolling_max_voc"": 136.10321308099134, ""rolling_max_co2"": 647.3337232035991, ""rolling_std_pm25"": 1.747183036749993, ""rolling_std_voc"": 8.68879435743368, ""rolling_std_co2"": 19.177373441862226, ""slope_pm25"": -0.1366501147283326, ""slope_voc"": 0.6191325860692847, ""slope_co2"": 3.442411849266052, ""abnormal_duration"": 0.0, ""neighbor_diff"": -17.67619000851316, ""data_age"": 0.0, ""sample_interval"": 30.0, ""valid_flag"": 1, ""hour"": 9, ""time_period"": 1, ""timestamp"": ""2026-08-01T09:30:00"", ""decision_id"": ""demo_decision_003""}",demo_decision_003,C,,,,,,,,,0.0,,0.0,,,,,1,
372,2026-08-01T09:30:00,D,"{""region_id"": ""D"", ""current_pm25"": 19.26649528369908, ""current_voc"": 218.08297145637349, ""current_co2"": 1477.8332383827878, ""current_temperature"": 23.910435330713405, ""current_humidity"": 53.37511128254683, ""rolling_mean_pm25"": 17.145128718371584, ""rolling_mean_voc"": 205.94393433154343, ""rolling_mean_co2"": 1386.9705106681456, ""rolling_max_pm25"": 19.724618255110347, ""rolling_max_voc"": 230.251932980622, ""rolling_max_co2"": 1477.8332383827878, ""rolling_std_pm25"": 1.5153402547708015, ""rolling_std_voc"": 16.30315237746478, ""rolling_std_co2"": 55.572465457922455, ""slope_pm25"": 0.20042748184253698, ""slope_voc"": 3.6585813326691845, ""slope_co2"": 14.750123979679275, ""abnormal_duration"": 810.0, ""neighbor_diff"": -15.040149452448183, ""data_age"": 0.0, ""sample_interval"": 30.0, ""valid_flag"": 1, ""hour"": 9, ""time_period"": 1, ""timestamp"": ""2026-08-01T09:30:00"", ""decision_id"": ""demo_decision_003""}",demo_decision_003,D,,,,,,,,,810.0,,0.0,,,,,1,
373,2026-08-01T09:30:30,A,"{""region_id"": ""A"", ""current_pm25"": 64.46162937684815, ""current_voc"": 112.45219164037354, ""current_co2"": 634.5274865616199, ""current_temperature"": 22.95944353247224, ""current_humidity"": 47.13494590202762, ""rolling_mean_pm25"": 77.74625900833982, ""rolling_mean_voc"": 101.73932422039724, ""rolling_mean_co2"": 620.6289047020517, ""rolling_max_pm25"": 98.52930807774254, ""rolling_max_voc"": 112.45219164037354, ""rolling_max_co2"": 652.3795174268414, ""rolling_std_pm25"": 9.458070285699256, ""rolling_std_voc"": 6.882233608597699, ""rolling_std_co2"": 20.769032961682687, ""slope_pm25"": -2.5408368975211766, ""slope_voc"": 0.6369725564136196, ""slope_co2"": 3.5292153771071386, ""abnormal_duration"": 300.0, ""neighbor_diff"": 46.26275747211038, ""data_age"": 0.0, ""sample_interval"": 30.0, ""valid_flag"": 1, ""hour"": 9, ""time_period"": 1, ""timestamp"": ""2026-08-01T09:30:30"", ""decision_id"": ""demo_decision_003""}",demo_decision_003,A,,,,,,,,,300.0,,0.0,,,,,1,
374,2026-08-01T09:30:30,B,"{""region_id"": ""B"", ""current_pm25"": 15.69827245154505, ""current_voc"": 314.5760904879795, ""current_co2"": 682.2251976980111, ""current_temperature"": 22.723337150572277, ""current_humidity"": 59.11850820080943, ""rolling_mean_pm25"": 17.20859426181847, ""rolling_mean_voc"": 315.44665220447075, ""rolling_mean_co2"": 677.5523869561852, ""rolling_max_pm25"": 19.456679954988203, ""rolling_max_voc"": 339.1132843978626, ""rolling_max_co2"": 696.756757830877, ""rolling_std_pm25"": 1.3473320969566414, ""rolling_std_voc"": 12.82088695496653, ""rolling_std_co2"": 14.015900242017858, ""slope_pm25"": -0.0478416172174691, ""slope_voc"": 1.4899173904301426, ""slope_co2"": 1.5179899932294945, ""abnormal_duration"": 0.0, ""neighbor_diff"": -17.962535284664575, ""data_age"": 0.0, ""sample_interval"": 30.0, ""valid_flag"": 1, ""hour"": 9, ""time_period"": 1, ""timestamp"": ""2026-08-01T09:30:30"", ""decision_id"": ""demo_decision_003""}",demo_decision_003,B,,,,,,,,,0.0,,0.0,,,,,1,
375,2026-08-01T09:30:30,C,"{""region_id"": ""C"", ""current_pm25"": 16.26202334370517, ""current_voc"": 117.54793598858946, ""current_co2"": 639.3892638882181, ""current_temperature"": 24.341110870630665, ""current_humidity"": 48.83265300707486, ""rolling_mean_pm25"": 16.98095496736442, ""rolling_mean_voc"": 123.3775538125113, ""rolling_mean_co2"": 616.8390604042193, ""rolling_max_pm25"": 21.06267465206414, ""rolling_max_voc"": 136.10321308099134, ""rolling_max_co2"": 647.3337232035991, ""rolling_std_pm25"": 1.7085432646878818, ""rolling_std_voc"": 7.391599149392893, ""rolling_std_co2"": 17.891318710456783, ""slope_pm25"": -0.11033521765918455, ""slope_voc"": -0.19125089612392188, ""slope_co2"": 3.073769905601392, ""abnormal_duration"": 0.0, ""neighbor_diff"": -16.880109026992255, ""data_age"": 0.0, ""sample_interval"": 30.0, ""valid_flag"": 1, ""hour"": 9, ""time_period"": 1, ""timestamp"": ""2026-08-01T09:30:30"", ""decision_id"": ""demo_decision_003""}",demo_decision_003,C,,,,,,,,,0.0,,0.0,,,,,1,
376,2026-08-01T09:30:30,D,"{""region_id"": ""D"", ""current_pm25"": 17.965419030401474, ""current_voc"": 203.57442761783676, ""current_co2"": 1481.8162472862082, ""current_temperature"": 24.140027857157754, ""current_humidity"": 53.681346854318335, ""rolling_mean_pm25"": 17.29147205842402, ""rolling_mean_voc"": 207.26566583509077, ""rolling_mean_co2"": 1400.3824706873263, ""rolling_max_pm25"": 19.724618255110347, ""rolling_max_voc"": 230.251932980622, ""rolling_max_co2"": 1481.8162472862082, ""rolling_std_pm25"": 1.4954982151080014, ""rolling_std_voc"": 15.332039517152168, ""rolling_std_co2"": 55.80415728517905, ""slope_pm25"": 0.18584797696131167, ""slope_voc"": 2.8284651013450315, ""slope_co2"": 14.818839442807757, ""abnormal_duration"": 840.0, ""neighbor_diff"": -14.175222693631316, ""data_age"": 0.0, ""sample_interval"": 30.0, ""valid_flag"": 1, ""hour"": 9, ""time_period"": 1, ""timestamp"": ""2026-08-01T09:30:30"", ""decision_id"": ""demo_decision_003""}",demo_decision_003,D,,,,,,,,,840.0,,0.0,,,,,1,
377,2026-08-01T09:31:00,A,"{""region_id"": ""A"", ""current_pm25"": 63.72389386975512, ""current_voc"": 103.43995517040373, ""current_co2"": 640.1539561676881, ""current_temperature"": 23.025181406874307, ""current_humidity"": 46.304714314789784, ""rolling_mean_pm25"": 74.84580782434087, ""rolling_mean_voc"": 102.43122706634726, ""rolling_mean_co2"": 623.8024110060275, ""rolling_max_pm25"": 90.24588228782034, ""rolling_max_voc"": 112.45219164037354, ""rolling_max_co2"": 652.3795174268414, ""rolling_std_pm25"": 7.837948886455082, ""rolling_std_voc"": 6.595073775532267, ""rolling_std_co2"": 20.599845353518873, ""slope_pm25"": -2.2018749856598, ""slope_voc"": 0.4091930867994787, ""slope_co2"": 3.6010096773819744, ""abnormal_duration"": 330.0, ""neighbor_diff"": 47.08198892787122, ""data_age"": 0.0, ""sample_interval"": 30.0, ""valid_flag"": 1, ""hour"": 9, ""time_period"": 1, ""timestamp"": ""2026-08-01T09:31:00"", ""decision_id"": ""demo_decision_003""}",demo_decision_003,A,,,,,,,,,330.0,,0.0,,,,,1,
378,2026-08-01T09:31:00,B,"{""region_id"": ""B"", ""current_pm25"": 18.954004236523854, ""current_voc"": 310.92672193698496, ""current_co2"": 687.3792454540303, ""current_temperature"": 22.82919057478674, ""current_humidity"": 59.3900312537498, ""rolling_mean_pm25"": 17.279612828136205, ""rolling_mean_voc"": 316.50439877352517, ""rolling_mean_co2"": 677.611196451484, ""rolling_max_pm25"": 19.456679954988203, ""rolling_max_voc"": 339.1132843978626, ""rolling_max_co2"": 696.756757830877, ""rolling_std_pm25"": 1.411596930042182, ""rolling_std_voc"": 11.796171903867188, ""rolling_std_co2"": 14.055350048189371, ""slope_pm25"": 0.04132124067404839, ""slope_voc"": 0.638191943939684, ""slope_co2"": 2.1905037097118356, ""abnormal_duration"": 0.0, ""neighbor_diff"": -13.696441178096737, ""data_age"": 0.0, ""sample_interval"": 30.0, ""valid_flag"": 1, ""hour"": 9, ""time_period"": 1, ""timestamp"": ""2026-08-01T09:31:00"", ""decision_id"": ""demo_decision_003""}",demo_decision_003,B,,,,,,,,,0.0,,0.0,,,,,1,
379,2026-08-01T09:31:00,C,"{""region_id"": ""C"", ""current_pm25"": 17.992035526864523, ""current_voc"": 131.90439899038984, ""current_co2"": 625.4427388672458, ""current_temperature"": 24.408150898497635, ""current_humidity"": 49.262616579444, ""rolling_mean_pm25"": 17.045152663129407, ""rolling_mean_voc"": 123.05456811323425, ""rolling_mean_co2"": 618.9694252079595, ""rolling_max_pm25"": 21.06267465206414, ""rolling_max_voc"": 134.21744210131533, ""rolling_max_co2"": 647.3337232035991, ""rolling_std_pm25"": 1.729519977807199, ""rolling_std_voc"": 6.904141019226995, ""rolling_std_co2"": 17.123634952941142, ""slope_pm25"": -0.07021402557738615, ""slope_voc"": 0.5793023233630632, ""slope_co2"": 2.6231359653760347, ""abnormal_duration"": 0.0, ""neighbor_diff"": -15.55573685202896, ""data_age"": 0.0, ""sample_interval"": 30.0, ""valid_flag"": 1, ""hour"": 9, ""time_period"": 1, ""timestamp"": ""2026-08-01T09:31:00"", ""decision_id"": ""demo_decision_003""}",demo_decision_003,C,,,,,,,,,0.0,,0.0,,,,,1,
380,2026-08-01T09:31:00,D,"{""region_id"": ""D"", ""current_pm25"": 18.244382217283878, ""current_voc"": 220.7233187354705, ""current_co2"": 1510.5532671844517, ""current_temperature"": 24.1099596239365, ""current_humidity"": 53.74189493027264, ""rolling_mean_pm25"": 17.384243352495016, ""rolling_mean_voc"": 210.1793202832758, ""rolling_mean_co2"": 1415.6862784921104, ""rolling_max_pm25"": 19.724618255110347, ""rolling_max_voc"": 230.251932980622, ""rolling_max_co2"": 1510.5532671844517, ""rolling_std_pm25"": 1.5142090828159673, ""rolling_std_voc"": 13.95141515467732, ""rolling_std_co2"": 56.632834065868806, ""slope_pm25"": 0.2075273412729472, ""slope_voc"": 2.332898798708196, ""slope_co2"": 15.036278147353407, ""abnormal_duration"": 870.0, ""neighbor_diff"": -15.312262327097287, ""data_age"": 0.0, ""sample_interval"": 30.0, ""valid_flag"": 1, ""hour"": 9, ""time_period"": 1, ""timestamp"": ""2026-08-01T09:31:00"", ""decision_id"": ""demo_decision_003""}",demo_decision_003,D,,,,,,,,,870.0,,0.0,,,,,1,
381,2026-08-01T09:31:30,A,"{""region_id"": ""A"", ""current_pm25"": 58.18737434041605, ""current_voc"": 115.60138912866402, ""current_co2"": 644.0686309062372, ""current_temperature"": 23.158267792669925, ""current_humidity"": 47.1907956232587, ""rolling_mean_pm25"": 73.56438986403896, ""rolling_mean_voc"": 103.44431645575625, ""rolling_mean_co2"": 625.3613509983513, ""rolling_max_pm25"": 90.24588228782034, ""rolling_max_voc"": 115.60138912866402, ""rolling_max_co2"": 652.3795174268414, ""rolling_std_pm25"": 8.741405903654265, ""rolling_std_voc"": 7.2433024478432655, ""rolling_std_co2"": 20.51522772406785, ""slope_pm25"": -2.2792237574335146, ""slope_voc"": 0.7556900208034433, ""slope_co2"": 3.4974818860817853, ""abnormal_duration"": 360.0, ""neighbor_diff"": 39.7905670135253, ""data_age"": 0.0, ""sample_interval"": 30.0, ""valid_flag"": 1, ""hour"": 9, ""time_period"": 1, ""timestamp"": ""2026-08-01T09:31:30"", ""decision_id"": ""demo_decision_003""}",demo_decision_003,A,,,,,,,,,360.0,,0.0,,,,,1,
382,2026-08-01T09:31:30,B,"{""region_id"": ""B"", ""current_pm25"": 17.709632395577565, ""current_voc"": 321.105244681426, ""current_co2"": 673.6133644122643, ""current_temperature"": 22.839517644096816, ""current_humidity"": 59.04352363994666, ""rolling_mean_pm25"": 17.311968161793793, ""rolling_mean_voc"": 317.48420529133307, ""rolling_mean_co2"": 677.2870029178398, ""rolling_max_pm25"": 19.456679954988203, ""rolling_max_voc"": 339.1132843978626, ""rolling_max_co2"": 696.756757830877, ""rolling_std_pm25"": 1.4162544260996723, ""rolling_std_voc"": 11.60712099656167, ""rolling_std_co2"": 14.095161840396306, ""slope_pm25"": 0.05585925723392459, ""slope_voc"": 0.4769205356000448, ""slope_co2"": 2.067041045161137, ""abnormal_duration"": 0.0, ""neighbor_diff"": -13.764964965943914, ""data_age"": 0.0, ""sample_interval"": 30.0, ""valid_flag"": 1, ""hour"": 9, ""time_period"": 1, ""timestamp"": ""2026-08-01T09:31:30"", ""decision_id"": ""demo_decision_003""}",demo_decision_003,B,,,,,,,,,0.0,,0.0,,,,,1,
383,2026-08-01T09:31:30,C,"{""region_id"": ""C"", ""current_pm25"": 14.804506519658341, ""current_voc"": 111.61404012621253, ""current_co2"": 631.7989606183536, ""current_temperature"": 23.87810760897828, ""current_humidity"": 49.04158054375667, ""rolling_mean_pm25"": 16.82308764565035, ""rolling_mean_voc"": 122.88416339177353, ""rolling_mean_co2"": 622.8918863923273, ""rolling_max_pm25"": 21.06267465206414, ""rolling_max_voc"": 134.21744210131533, ""rolling_max_co2"": 647.3337232035991, ""rolling_std_pm25"": 1.8154881976568036, ""rolling_std_voc"": 7.152599137097763, ""rolling_std_co2"": 13.359107714322306, ""slope_pm25"": -0.11922766994293402, ""slope_voc"": -0.15267588640812285, ""slope_co2"": 1.5783007596488483, ""abnormal_duration"": 0.0, ""neighbor_diff"": -16.575956464767494, ""data_age"": 0.0, ""sample_interval"": 30.0, ""valid_flag"": 1, ""hour"": 9, ""time_period"": 1, ""timestamp"": ""2026-08-01T09:31:30"", ""decision_id"": ""demo_decision_003""}",demo_decision_003,C,,,,,,,,,0.0,,0.0,,,,,1,
384,2026-08-01T09:31:30,D,"{""region_id"": ""D"", ""current_pm25"": 18.244382217283878, ""current_voc"": 220.7233187354705, ""current_co2"": 1510.5532671844517, ""current_temperature"": 24.1099596239365, ""current_humidity"": 53.74189493027264, ""rolling_mean_pm25"": 17.663463730118597, ""rolling_mean_voc"": 212.39831035381349, ""rolling_mean_co2"": 1423.8691366682933, ""rolling_max_pm25"": 19.724618255110347, ""rolling_max_voc"": 230.251932980622, ""rolling_max_co2"": 1510.5532671844517, ""rolling_std_pm25"": 1.2125864882057884, ""rolling_std_voc"": 12.118218932202554, ""rolling_std_co2"": 51.03020545797754, ""slope_pm25"": 0.11182368291634229, ""slope_voc"": 1.7587857053353493, ""slope_co2"": 14.673704091440772, ""abnormal_duration"": 0.0, ""neighbor_diff"": -11.989455534600108, ""data_age"": 30.0, ""sample_interval"": 30.0, ""valid_flag"": 0, ""hour"": 9, ""time_period"": 1, ""timestamp"": ""2026-08-01T09:31:30"", ""decision_id"": ""demo_decision_003""}",demo_decision_003,D,,,,,,,,,0.0,,30.0,,,,,0,
385,2026-08-01T09:32:00,A,"{""region_id"": ""A"", ""current_pm25"": 58.15663198790839, ""current_voc"": 108.0682155791106, ""current_co2"": 656.3480669728405, ""current_temperature"": 23.0692092547984, ""current_humidity"": 46.8243787485363, ""rolling_mean_pm25"": 71.09598599481497, ""rolling_mean_voc"": 103.77633270340299, ""rolling_mean_co2"": 628.9002351803673, ""rolling_max_pm25"": 85.26544169188386, ""rolling_max_voc"": 115.60138912866402, ""rolling_max_co2"": 656.3480669728405, ""rolling_std_pm25"": 8.19603978913329, ""rolling_std_voc"": 7.347963158724918, ""rolling_std_co2"": 21.560601778422804, ""slope_pm25"": -2.145575956830842, ""slope_voc"": 0.9199604057910927, ""slope_co2"": 3.941376650394509, ""abnormal_duration"": 390.0, ""neighbor_diff"": 41.237124943735125, ""data_age"": 0.0, ""sample_interval"": 30.0, ""valid_flag"": 1, ""hour"": 9, ""time_period"": 1, ""timestamp"": ""2026-08-01T09:32:00"", ""decision_id"": ""demo_decision_003""}",demo_decision_003,A,,,,,,,,,390.0,,0.0,,,,,1,
386,2026-08-01T09:32:00,B,"{""region_id"": ""B"", ""current_pm25"": 18.710490631194997, ""current_voc"": 298.95182008200294, ""current_co2"": 692.0950062830351, ""current_temperature"": 22.80851470949189, ""current_humidity"": 59.13653006907146, ""rolling_mean_pm25"": 17.526490637193934, ""rolling_mean_voc"": 318.11995443107395, ""rolling_mean_co2"": 680.2434404203424, ""rolling_max_pm25"": 19.456679954988203, ""rolling_max_voc"": 339.1132843978626, ""rolling_max_co2"": 696.756757830877, ""rolling_std_pm25"": 1.4005452899492303, ""rolling_std_voc"": 10.271459699523138, ""rolling_std_co2"": 12.800943027457555, ""slope_pm25"": 0.048492481633938024, ""slope_voc"": -1.164695834936854, ""slope_co2"": 1.646536819995306, ""abnormal_duration"": 0.0, ""neighbor_diff"": -11.69134961042187, ""data_age"": 0.0, ""sample_interval"": 30.0, ""valid_flag"": 1, ""hour"": 9, ""time_period"": 1, ""timestamp"": ""2026-08-01T09:32:00"", ""decision_id"": ""demo_decision_003""}",demo_decision_003,B,,,,,,,,,0.0,,0.0,,,,,1,
387,2026-08-01T09:32:00,C,"{""region_id"": ""C"", ""current_pm25"": 16.881569230100773, ""current_voc"": 122.9896426065302, ""current_co2"": 631.6345640930929, ""current_temperature"": 24.260657731643008, ""current_humidity"": 49.12779291129847, ""rolling_mean_pm25"": 16.873073151883723, ""rolling_mean_voc"": 123.2794242927995, ""rolling_mean_co2"": 623.2130098735558, ""rolling_max_pm25"": 21.06267465206414, ""rolling_max_voc"": 134.21744210131533, ""rolling_max_co2"": 647.3337232035991, ""rolling_std_pm25"": 1.807446858796028, ""rolling_std_voc"": 7.0039861162499495, ""rolling_std_co2"": 13.514326955389807, ""slope_pm25"": -0.140043167027447, ""slope_voc"": -0.3427721072956311, ""slope_co2"": 2.0422159976606746, ""abnormal_duration"": 0.0, ""neighbor_diff"": -14.822265715361649, ""data_age"": 0.0, ""sample_interval"": 30.0, ""valid_flag"": 1, ""hour"": 9, ""time_period"": 1, ""timestamp"": ""2026-08-01T09:32:00"", ""decision_id"": ""demo_decision_003""}",demo_decision_003,C,,,,,,,,,0.0,,0.0,,,,,1,
388,2026-08-01T09:32:00,D,"{""region_id"": ""D"", ""current_pm25"": 17.3112201961792, ""current_voc"": 211.01242667671556, ""current_co2"": 1542.862722173744, ""current_temperature"": 24.444061477495104, ""current_humidity"": 54.012516469059165, ""rolling_mean_pm25"": 17.607774489228124, ""rolling_mean_voc"": 214.56701366991294, ""rolling_mean_co2"": 1440.4586291783007, ""rolling_max_pm25"": 19.724618255110347, ""rolling_max_voc"": 230.251932980622, ""rolling_max_co2"": 1542.862722173744, ""rolling_std_pm25"": 1.2121392458146596, ""rolling_std_voc"": 8.927347091040247, ""rolling_std_co2"": 54.53826049143731, ""slope_pm25"": 0.10206177996453078, ""slope_voc"": 0.4012628687821135, ""slope_co2"": 15.070595298695762, ""abnormal_duration"": 0.0, ""neighbor_diff"": -13.938343753555522, ""data_age"": 0.0, ""sample_interval"": 30.0, ""valid_flag"": 1, ""hour"": 9, ""time_period"": 1, ""timestamp"": ""2026-08-01T09:32:00"", ""decision_id"": ""demo_decision_003""}",demo_decision_003,D,,,,,,,,,0.0,,0.0,,,,,1,
389,2026-08-01T09:32:30,A,"{""region_id"": ""A"", ""current_pm25"": 51.32763904578422, ""current_voc"": 97.72168592254499, ""current_co2"": 648.5911404886258, ""current_temperature"": 23.05581775737022, ""current_humidity"": 46.56204750656548, ""rolling_mean_pm25"": 68.48538579126883, ""rolling_mean_voc"": 103.78509097154074, ""rolling_mean_co2"": 630.8748176743759, ""rolling_max_pm25"": 82.70367103126506, ""rolling_max_voc"": 115.60138912866402, ""rolling_max_co2"": 656.3480669728405, ""rolling_std_pm25"": 8.65888569299221, ""rolling_std_voc"": 7.340669740586055, ""rolling_std_co2"": 22.09154857664874, ""slope_pm25"": -2.2523006371314067, ""slope_voc"": 0.48310650166093577, ""slope_co2"": 4.360578639694359, ""abnormal_duration"": 420.0, ""neighbor_diff"": 33.69321235995923, ""data_age"": 0.0, ""sample_interval"": 30.0, ""valid_flag"": 1, ""hour"": 9, ""time_period"": 1, ""timestamp"": ""2026-08-01T09:32:30"", ""decision_id"": ""demo_decision_003""}",demo_decision_003,A,,,,,,,,,420.0,,0.0,,,,,1,
390,2026-08-01T09:32:30,B,"{""region_id"": ""B"", ""current_pm25"": 13.94579604403927, ""current_voc"": 301.4278046921678, ""current_co2"": 698.5713891349482, ""current_temperature"": 23.018423646871188, ""current_humidity"": 59.016332933158125, ""rolling_mean_pm25"": 17.119440525834218, ""rolling_mean_voc"": 317.20684618135203, ""rolling_mean_co2"": 682.3899323818423, ""rolling_max_pm25"": 19.456679954988203, ""rolling_max_voc"": 339.1132843978626, ""rolling_max_co2"": 698.5713891349482, ""rolling_std_pm25"": 1.5990354188588385, ""rolling_std_voc"": 11.149602242383498, ""rolling_std_co2"": 13.343228364777657, ""slope_pm25"": -0.0037463621972526435, ""slope_voc"": -1.9004381199977143, ""slope_co2"": 1.882430033145734, ""abnormal_duration"": 0.0, ""neighbor_diff"": -14.561013446648797, ""data_age"": 0.0, ""sample_interval"": 30.0, ""valid_flag"": 1, ""hour"": 9, ""time_period"": 1, ""timestamp"": ""2026-08-01T09:32:30"", ""decision_id"": ""demo_decision_003""}",demo_decision_003,B,,,,,,,,,0.0,,0.0,,,,,1,
391,2026-08-01T09:32:30,C,"{""region_id"": ""C"", ""current_pm25"": 16.660455445950507, ""current_voc"": 112.52949268350396, ""current_co2"": 625.479317935579, ""current_temperature"": 23.99457087987783, ""current_humidity"": 48.82104220339949, ""rolling_mean_pm25"": 16.7557143534828, ""rolling_mean_voc"": 122.82394226207421, ""rolling_mean_co2"": 623.2895844026514, ""rolling_max_pm25"": 21.06267465206414, ""rolling_max_voc"": 134.21744210131533, ""rolling_max_co2"": 647.3337232035991, ""rolling_std_pm25"": 1.7674688224905937, ""rolling_std_voc"": 7.479580773770089, ""rolling_std_co2"": 13.52412750543851, ""slope_pm25"": -0.096550746822216, ""slope_voc"": -0.8828833497397967, ""slope_co2"": 2.1658078804002496, ""abnormal_duration"": 0.0, ""neighbor_diff"": -10.867762982717053, ""data_age"": 0.0, ""sample_interval"": 30.0, ""valid_flag"": 1, ""hour"": 9, ""time_period"": 1, ""timestamp"": ""2026-08-01T09:32:30"", ""decision_id"": ""demo_decision_003""}",demo_decision_003,C,,,,,,,,,0.0,,0.0,,,,,1,
392,2026-08-01T09:32:30,D,"{""region_id"": ""D"", ""current_pm25"": 15.139546170781182, ""current_voc"": 222.34050229182, ""current_co2"": 1560.3567641331897, ""current_temperature"": 23.91322841986022, ""current_humidity"": 53.80261119009388, ""rolling_mean_pm25"": 17.484103682307577, ""rolling_mean_voc"": 215.72563706369576, ""rolling_mean_co2"": 1457.4173594574916, ""rolling_max_pm25"": 19.724618255110347, ""rolling_max_voc"": 230.251932980622, ""rolling_max_co2"": 1560.3567641331897, ""rolling_std_pm25"": 1.3714769544400538, ""rolling_std_voc"": 8.958756131803476, ""rolling_std_co2"": 57.46547829712521, ""slope_pm25"": -0.0387584990283059, ""slope_voc"": 0.42830639678740084, ""slope_co2"": 15.404840407497371, ""abnormal_duration"": 30.0, ""neighbor_diff"": -12.171750674476817, ""data_age"": 0.0, ""sample_interval"": 30.0, ""valid_flag"": 1, ""hour"": 9, ""time_period"": 1, ""timestamp"": ""2026-08-01T09:32:30"", ""decision_id"": ""demo_decision_003""}",demo_decision_003,D,,,,,,,,,30.0,,0.0,,,,,1,
393,2026-08-01T09:33:00,A,"{""region_id"": ""A"", ""current_pm25"": 55.019673366284884, ""current_voc"": 119.74571341895172, ""current_co2"": 636.0436905706065, ""current_temperature"": 23.036389982615034, ""current_humidity"": 46.22729080711739, ""rolling_mean_pm25"": 66.35584750934729, ""rolling_mean_voc"": 105.5674463299919, ""rolling_mean_co2"": 635.8003896384204, ""rolling_max_pm25"": 78.4442748896785, ""rolling_max_voc"": 119.74571341895172, ""rolling_max_co2"": 656.3480669728405, ""rolling_std_pm25"": 8.296911204215318, ""rolling_std_voc"": 8.142810656884981, ""rolling_std_co2"": 14.117301475121405, ""slope_pm25"": -2.1493680979551977, ""slope_voc"": 0.7319732829647149, ""slope_co2"": 2.266997864545742, ""abnormal_duration"": 450.0, ""neighbor_diff"": 39.7710741460279, ""data_age"": 0.0, ""sample_interval"": 30.0, ""valid_flag"": 1, ""hour"": 9, ""time_period"": 1, ""timestamp"": ""2026-08-01T09:33:00"", ""decision_id"": ""demo_decision_003""}",demo_decision_003,A,,,,,,,,,450.0,,0.0,,,,,1,
394,2026-08-01T09:33:00,B,"{""region_id"": ""B"", ""current_pm25"": 15.464255375714398, ""current_voc"": 305.1129172691098, ""current_co2"": 670.8230821082632, ""current_temperature"": 22.940073771416316, ""current_humidity"": 58.59101162067846, ""rolling_mean_pm25"": 17.139474708122286, ""rolling_mean_voc"": 316.2225769178166, ""rolling_mean_co2"": 683.1796247389685, ""rolling_max_pm25"": 19.456679954988203, ""rolling_max_voc"": 339.1132843978626, ""rolling_max_co2"": 698.5713891349482, ""rolling_std_pm25"": 1.5763802048648499, ""rolling_std_voc"": 11.59991342238381, ""rolling_std_co2"": 12.289940618889062, ""slope_pm25"": -0.1319909640641301, ""slope_voc"": -2.2721555533901654, ""slope_co2"": 0.6613802636126486, ""abnormal_duration"": 0.0, ""neighbor_diff"": -13.475636285291131, ""data_age"": 0.0, ""sample_interval"": 30.0, ""valid_flag"": 1, ""hour"": 9, ""time_period"": 1, ""timestamp"": ""2026-08-01T09:33:00"", ""decision_id"": ""demo_decision_003""}",demo_decision_003,B,,,,,,,,,0.0,,0.0,,,,,1,
395,2026-08-01T09:33:00,C,"{""region_id"": ""C"", ""current_pm25"": 15.617842451793946, ""current_voc"": 117.45488801663991, ""current_co2"": 649.0838628769693, ""current_temperature"": 24.33687565525332, ""current_humidity"": 48.2971933437851, ""rolling_mean_pm25"": 16.66192103728586, ""rolling_mean_voc"": 121.87956363151146, ""rolling_mean_co2"": 627.7367473265682, ""rolling_max_pm25"": 21.06267465206414, ""rolling_max_voc"": 134.21744210131533, ""rolling_max_co2"": 649.0838628769693, ""rolling_std_pm25"": 1.79282876770891, ""rolling_std_voc"": 7.3211375326995345, ""rolling_std_co2"": 11.638003674929099, ""slope_pm25"": -0.13093065313009417, ""slope_voc"": -0.7941979091323039, ""slope_co2"": 1.7846748808931547, ""abnormal_duration"": 0.0, ""neighbor_diff"": -12.923315852466208, ""data_age"": 0.0, ""sample_interval"": 30.0, ""valid_flag"": 1, ""hour"": 9, ""time_period"": 1, ""timestamp"": ""2026-08-01T09:33:00"", ""decision_id"": ""demo_decision_003""}",demo_decision_003,C,,,,,,,,,0.0,,0.0,,,,,1,
396,2026-08-01T09:33:00,D,"{""region_id"": ""D"", ""current_pm25"": 19.079408141874687, ""current_voc"": 225.86717434626797, ""current_co2"": 1572.653039971757, ""current_temperature"": 24.42200927837393, ""current_humidity"": 53.522516674656075, ""rolling_mean_pm25"": 17.64878384802058, ""rolling_mean_voc"": 216.71735349165556, ""rolling_mean_co2"": 1473.5553169236455, ""rolling_max_pm25"": 19.724618255110347, ""rolling_max_voc"": 230.251932980622, ""rolling_max_co2"": 1572.653039971757, ""rolling_std_pm25"": 1.4331171624672427, ""rolling_std_voc"": 9.358891522482988, ""rolling_std_co2"": 60.299091966880354, ""slope_pm25"": 0.005907876410012148, ""slope_voc"": 0.7084977688225629, ""slope_co2"": 15.83485057974781, ""abnormal_duration"": 60.0, ""neighbor_diff"": -9.62118225605639, ""data_age"": 0.0, ""sample_interval"": 30.0, ""valid_flag"": 1, ""hour"": 9, ""time_period"": 1, ""timestamp"": ""2026-08-01T09:33:00"", ""decision_id"": ""demo_decision_003""}",demo_decision_003,D,,,,,,,,,60.0,,0.0,,,,,1,
