decision_id,episode_id,scenario_id,step_index,timestamp,region_id,robot_region,battery_soc,distance,estimated_move_time,estimated_energy,switch_cost,scene_weight,reachable,counterfactual_risk_gain
scenario_1_kitchen_pm_spike_ep00_d012,scenario_1_kitchen_pm_spike_ep00,scenario_1_kitchen_pm_spike,12,2026-08-01T09:06:00,A,A,93.04000000000002,0.0,0.0,0.0,0.0,1.0,1,47.64942394567811
scenario_1_kitchen_pm_spike_ep00_d012,scenario_1_kitchen_pm_spike_ep00,scenario_1_kitchen_pm_spike,12,2026-08-01T09:06:00,B,A,93.04000000000002,4.0,8.88888888888889,0.6577777777777778,1.0,1.0,1,17.41889540464763
scenario_1_kitchen_pm_spike_ep00_d012,scenario_1_kitchen_pm_spike_ep00,scenario_1_kitchen_pm_spike,12,2026-08-01T09:06:00,C,A,93.04000000000002,4.0,8.88888888888889,0.6577777777777778,1.0,1.0,1,204.9875933821478
scenario_1_kitchen_pm_spike_ep00_d012,scenario_1_kitchen_pm_spike_ep00,scenario_1_kitchen_pm_spike,12,2026-08-01T09:06:00,D,A,93.04000000000002,5.656854249492381,12.570787221094179,0.9302382543609693,1.0,1.0,1,27.826228406326777
scenario_1_kitchen_pm_spike_ep00_d015,scenario_1_kitchen_pm_spike_ep00,scenario_1_kitchen_pm_spike,15,2026-08-01T09:07:30,A,B,92.80000000000003,4.0,8.88888888888889,0.6577777777777778,1.0,1.0,1,47.964804432941264
scenario_1_kitchen_pm_spike_ep00_d015,scenario_1_kitchen_pm_spike_ep00,scenario_1_kitchen_pm_spike,15,2026-08-01T09:07:30,B,B,92.80000000000003,0.0,0.0,0.0,0.0,1.0,1,19.653959604261672
scenario_1_kitchen_pm_spike_ep00_d015,scenario_1_kitchen_pm_spike_ep00,scenario_1_kitchen_pm_spike,15,2026-08-01T09:07:30,C,B,92.80000000000003,5.656854249492381,12.570787221094179,0.9302382543609693,1.0,1.0,1,314.2295526535902
scenario_1_kitchen_pm_spike_ep00_d015,scenario_1_kitchen_pm_spike_ep00,scenario_1_kitchen_pm_spike,15,2026-08-01T09:07:30,D,B,92.80000000000003,4.0,8.88888888888889,0.6577777777777778,1.0,1.0,1,29.411077490884054
scenario_1_kitchen_pm_spike_ep00_d018,scenario_1_kitchen_pm_spike_ep00,scenario_1_kitchen_pm_spike,18,2026-08-01T09:09:00,A,D,92.56000000000003,5.656854249492381,12.570787221094179,0.9302382543609693,1.0,1.0,1,49.54332221544337
scenario_1_kitchen_pm_spike_ep00_d018,scenario_1_kitchen_pm_spike_ep00,scenario_1_kitchen_pm_spike,18,2026-08-01T09:09:00,B,D,92.56000000000003,4.0,8.88888888888889,0.6577777777777778,1.0,1.0,1,23.03008980995469
scenario_1_kitchen_pm_spike_ep00_d018,scenario_1_kitchen_pm_spike_ep00,scenario_1_kitchen_pm_spike,18,2026-08-01T09:09:00,C,D,92.56000000000003,4.0,8.88888888888889,0.6577777777777778,1.0,1.0,1,449.60742685122364
scenario_1_kitchen_pm_spike_ep00_d018,scenario_1_kitchen_pm_spike_ep00,scenario_1_kitchen_pm_spike,18,2026-08-01T09:09:00,D,D,92.56000000000003,0.0,0.0,0.0,0.0,1.0,1,32.1777387197169
scenario_1_kitchen_pm_spike_ep00_d021,scenario_1_kitchen_pm_spike_ep00,scenario_1_kitchen_pm_spike,21,2026-08-01T09:10:30,A,A,92.32000000000004,0.0,0.0,0.0,0.0,1.0,1,51.85564036025812
scenario_1_kitchen_pm_spike_ep00_d021,scenario_1_kitchen_pm_spike_ep00,scenario_1_kitchen_pm_spike,21,2026-08-01T09:10:30,B,A,92.32000000000004,4.0,8.88888888888889,0.6577777777777778,1.0,1.0,1,27.025721001146167
scenario_1_kitchen_pm_spike_ep00_d021,scenario_1_kitchen_pm_spike_ep00,scenario_1_kitchen_pm_spike,21,2026-08-01T09:10:30,C,A,92.32000000000004,4.0,8.88888888888889,0.6577777777777778,1.0,1.0,1,558.2187878915208
scenario_1_kitchen_pm_spike_ep00_d021,scenario_1_kitchen_pm_spike_ep00,scenario_1_kitchen_pm_spike,21,2026-08-01T09:10:30,D,A,92.32000000000004,5.656854249492381,12.570787221094179,0.9302382543609693,1.0,1.0,1,35.60208665707046
scenario_1_kitchen_pm_spike_ep00_d024,scenario_1_kitchen_pm_spike_ep00,scenario_1_kitchen_pm_spike,24,2026-08-01T09:12:00,A,C,92.08000000000004,4.0,8.88888888888889,0.6577777777777778,1.0,1.0,1,55.48232010810352
scenario_1_kitchen_pm_spike_ep00_d024,scenario_1_kitchen_pm_spike_ep00,scenario_1_kitchen_pm_spike,24,2026-08-01T09:12:00,B,C,92.08000000000004,5.656854249492381,12.570787221094179,0.9302382543609693,1.0,1.0,1,32.22869098308911
scenario_1_kitchen_pm_spike_ep00_d024,scenario_1_kitchen_pm_spike_ep00,scenario_1_kitchen_pm_spike,24,2026-08-01T09:12:00,C,C,92.08000000000004,0.0,0.0,0.0,0.0,1.0,1,656.5569074971132
scenario_1_kitchen_pm_spike_ep00_d024,scenario_1_kitchen_pm_spike_ep00,scenario_1_kitchen_pm_spike,24,2026-08-01T09:12:00,D,C,92.08000000000004,4.0,8.88888888888889,0.6577777777777778,1.0,1.0,1,40.26955998625249
scenario_1_kitchen_pm_spike_ep00_d027,scenario_1_kitchen_pm_spike_ep00,scenario_1_kitchen_pm_spike,27,2026-08-01T09:13:30,A,D,91.84000000000005,5.656854249492381,12.570787221094179,0.9302382543609693,1.0,1.0,1,59.07343104220945
scenario_1_kitchen_pm_spike_ep00_d027,scenario_1_kitchen_pm_spike_ep00,scenario_1_kitchen_pm_spike,27,2026-08-01T09:13:30,B,D,91.84000000000005,4.0,8.88888888888889,0.6577777777777778,1.0,1.0,1,37.29588215700164
scenario_1_kitchen_pm_spike_ep00_d027,scenario_1_kitchen_pm_spike_ep00,scenario_1_kitchen_pm_spike,27,2026-08-01T09:13:30,C,D,91.84000000000005,4.0,8.88888888888889,0.6577777777777778,1.0,1.0,1,695.4916667768439
scenario_1_kitchen_pm_spike_ep00_d027,scenario_1_kitchen_pm_spike_ep00,scenario_1_kitchen_pm_spike,27,2026-08-01T09:13:30,D,D,91.84000000000005,0.0,0.0,0.0,0.0,1.0,1,44.834793096277735
scenario_1_kitchen_pm_spike_ep00_d030,scenario_1_kitchen_pm_spike_ep00,scenario_1_kitchen_pm_spike,30,2026-08-01T09:15:00,A,B,91.60000000000005,4.0,8.88888888888889,0.6577777777777778,1.0,1.0,1,63.27427558494469
scenario_1_kitchen_pm_spike_ep00_d030,scenario_1_kitchen_pm_spike_ep00,scenario_1_kitchen_pm_spike,30,2026-08-01T09:15:00,B,B,91.60000000000005,0.0,0.0,0.0,0.0,1.0,1,42.87897560025931
scenario_1_kitchen_pm_spike_ep00_d030,scenario_1_kitchen_pm_spike_ep00,scenario_1_kitchen_pm_spike,30,2026-08-01T09:15:00,C,B,91.60000000000005,5.656854249492381,12.570787221094179,0.9302382543609693,1.0,1.0,1,721.8799374918808
scenario_1_kitchen_pm_spike_ep00_d030,scenario_1_kitchen_pm_spike_ep00,scenario_1_kitchen_pm_spike,30,2026-08-01T09:15:00,D,B,91.60000000000005,4.0,8.88888888888889,0.6577777777777778,1.0,1.0,1,49.94736062281345
scenario_1_kitchen_pm_spike_ep00_d033,scenario_1_kitchen_pm_spike_ep00,scenario_1_kitchen_pm_spike,33,2026-08-01T09:16:30,A,C,91.36000000000006,4.0,8.88888888888889,0.6577777777777778,1.0,1.0,1,66.6678407524746
scenario_1_kitchen_pm_spike_ep00_d033,scenario_1_kitchen_pm_spike_ep00,scenario_1_kitchen_pm_spike,33,2026-08-01T09:16:30,B,C,91.36000000000006,5.656854249492381,12.570787221094179,0.9302382543609693,1.0,1.0,1,47.566930515800095
scenario_1_kitchen_pm_spike_ep00_d033,scenario_1_kitchen_pm_spike_ep00,scenario_1_kitchen_pm_spike,33,2026-08-01T09:16:30,C,C,91.36000000000006,0.0,0.0,0.0,0.0,1.0,1,685.9667605369333
scenario_1_kitchen_pm_spike_ep00_d033,scenario_1_kitchen_pm_spike_ep00,scenario_1_kitchen_pm_spike,33,2026-08-01T09:16:30,D,C,91.36000000000006,4.0,8.88888888888889,0.6577777777777778,1.0,1.0,1,54.19424796174894
scenario_1_kitchen_pm_spike_ep00_d036,scenario_1_kitchen_pm_spike_ep00,scenario_1_kitchen_pm_spike,36,2026-08-01T09:18:00,A,A,91.12000000000006,0.0,0.0,0.0,0.0,1.0,1,69.84393180278562
scenario_1_kitchen_pm_spike_ep00_d036,scenario_1_kitchen_pm_spike_ep00,scenario_1_kitchen_pm_spike,36,2026-08-01T09:18:00,B,A,91.12000000000006,4.0,8.88888888888889,0.6577777777777778,1.0,1.0,1,51.95514380678719
scenario_1_kitchen_pm_spike_ep00_d036,scenario_1_kitchen_pm_spike_ep00,scenario_1_kitchen_pm_spike,36,2026-08-01T09:18:00,C,A,91.12000000000006,4.0,8.88888888888889,0.6577777777777778,1.0,1.0,1,649.6727917627995
scenario_1_kitchen_pm_spike_ep00_d036,scenario_1_kitchen_pm_spike_ep00,scenario_1_kitchen_pm_spike,36,2026-08-01T09:18:00,D,A,91.12000000000006,5.656854249492381,12.570787221094179,0.9302382543609693,1.0,1.0,1,58.16900247321041
scenario_1_kitchen_pm_spike_ep00_d039,scenario_1_kitchen_pm_spike_ep00,scenario_1_kitchen_pm_spike,39,2026-08-01T09:19:30,A,B,90.88000000000007,4.0,8.88888888888889,0.6577777777777778,1.0,1.0,1,72.60315107192127
scenario_1_kitchen_pm_spike_ep00_d039,scenario_1_kitchen_pm_spike_ep00,scenario_1_kitchen_pm_spike,39,2026-08-01T09:19:30,B,B,90.88000000000007,0.0,0.0,0.0,0.0,1.0,1,55.84945318435052
scenario_1_kitchen_pm_spike_ep00_d039,scenario_1_kitchen_pm_spike_ep00,scenario_1_kitchen_pm_spike,39,2026-08-01T09:19:30,C,B,90.88000000000007,5.656854249492381,12.570787221094179,0.9302382543609693,1.0,1.0,1,615.4799121649064
scenario_1_kitchen_pm_spike_ep00_d039,scenario_1_kitchen_pm_spike_ep00,scenario_1_kitchen_pm_spike,39,2026-08-01T09:19:30,D,B,90.88000000000007,4.0,8.88888888888889,0.6577777777777778,1.0,1.0,1,61.67572874800385
scenario_1_kitchen_pm_spike_ep00_d042,scenario_1_kitchen_pm_spike_ep00,scenario_1_kitchen_pm_spike,42,2026-08-01T09:21:00,A,D,90.64000000000007,5.656854249492381,12.570787221094179,0.9302382543609693,1.0,1.0,1,74.97834953070833
scenario_1_kitchen_pm_spike_ep00_d042,scenario_1_kitchen_pm_spike_ep00,scenario_1_kitchen_pm_spike,42,2026-08-01T09:21:00,B,D,90.64000000000007,4.0,8.88888888888889,0.6577777777777778,1.0,1.0,1,59.28761144639566
scenario_1_kitchen_pm_spike_ep00_d042,scenario_1_kitchen_pm_spike_ep00,scenario_1_kitchen_pm_spike,42,2026-08-01T09:21:00,C,D,90.64000000000007,4.0,8.88888888888889,0.6577777777777778,1.0,1.0,1,583.2602068919142
scenario_1_kitchen_pm_spike_ep00_d042,scenario_1_kitchen_pm_spike_ep00,scenario_1_kitchen_pm_spike,42,2026-08-01T09:21:00,D,D,90.64000000000007,0.0,0.0,0.0,0.0,1.0,1,64.75055554097298
scenario_1_kitchen_pm_spike_ep00_d045,scenario_1_kitchen_pm_spike_ep00,scenario_1_kitchen_pm_spike,45,2026-08-01T09:22:30,A,A,90.40000000000008,0.0,0.0,0.0,0.0,1.0,1,77.00009660048909
scenario_1_kitchen_pm_spike_ep00_d045,scenario_1_kitchen_pm_spike_ep00,scenario_1_kitchen_pm_spike,45,2026-08-01T09:22:30,B,A,90.40000000000008,4.0,8.88888888888889,0.6577777777777778,1.0,1.0,1,62.30477756500136
scenario_1_kitchen_pm_spike_ep00_d045,scenario_1_kitchen_pm_spike_ep00,scenario_1_kitchen_pm_spike,45,2026-08-01T09:22:30,C,A,90.40000000000008,4.0,8.88888888888889,0.6577777777777778,1.0,1.0,1,552.8937515977924
scenario_1_kitchen_pm_spike_ep00_d045,scenario_1_kitchen_pm_spike_ep00,scenario_1_kitchen_pm_spike,45,2026-08-01T09:22:30,D,A,90.40000000000008,5.656854249492381,12.570787221094179,0.9302382543609693,1.0,1.0,1,67.427119977335
scenario_1_kitchen_pm_spike_ep00_d048,scenario_1_kitchen_pm_spike_ep00,scenario_1_kitchen_pm_spike,48,2026-08-01T09:24:00,A,C,90.16000000000008,4.0,8.88888888888889,0.6577777777777778,1.0,1.0,1,78.69683139496055
scenario_1_kitchen_pm_spike_ep00_d048,scenario_1_kitchen_pm_spike_ep00,scenario_1_kitchen_pm_spike,48,2026-08-01T09:24:00,B,C,90.16000000000008,5.656854249492381,12.570787221094179,0.9302382543609693,1.0,1.0,1,64.9336878421584
scenario_1_kitchen_pm_spike_ep00_d048,scenario_1_kitchen_pm_spike_ep00,scenario_1_kitchen_pm_spike,48,2026-08-01T09:24:00,C,C,90.16000000000008,0.0,0.0,0.0,0.0,1.0,1,524.2681069334691
scenario_1_kitchen_pm_spike_ep00_d048,scenario_1_kitchen_pm_spike_ep00,scenario_1_kitchen_pm_spike,48,2026-08-01T09:24:00,D,C,90.16000000000008,4.0,8.88888888888889,0.6577777777777778,1.0,1.0,1,69.73673226237725
scenario_1_kitchen_pm_spike_ep00_d051,scenario_1_kitchen_pm_spike_ep00,scenario_1_kitchen_pm_spike,51,2026-08-01T09:25:30,A,D,89.92000000000009,5.656854249492381,12.570787221094179,0.9302382543609693,1.0,1.0,1,80.09500412836155
scenario_1_kitchen_pm_spike_ep00_d051,scenario_1_kitchen_pm_spike_ep00,scenario_1_kitchen_pm_spike,51,2026-08-01T09:25:30,B,D,89.92000000000009,4.0,8.88888888888889,0.6577777777777778,1.0,1.0,1,67.20481596082755
scenario_1_kitchen_pm_spike_ep00_d051,scenario_1_kitchen_pm_spike_ep00,scenario_1_kitchen_pm_spike,51,2026-08-01T09:25:30,C,D,89.92000000000009,4.0,8.88888888888889,0.6577777777777778,1.0,1.0,1,497.27784521817796
scenario_1_kitchen_pm_spike_ep00_d051,scenario_1_kitchen_pm_spike_ep00,scenario_1_kitchen_pm_spike,51,2026-08-01T09:25:30,D,D,89.92000000000009,0.0,0.0,0.0,0.0,1.0,1,71.7085296939033
scenario_1_kitchen_pm_spike_ep00_d054,scenario_1_kitchen_pm_spike_ep00,scenario_1_kitchen_pm_spike,54,2026-08-01T09:27:00,A,B,89.68000000000009,4.0,8.88888888888889,0.6577777777777778,1.0,1.0,1,81.21920832406613
scenario_1_kitchen_pm_spike_ep00_d054,scenario_1_kitchen_pm_spike_ep00,scenario_1_kitchen_pm_spike,54,2026-08-01T09:27:00,B,B,89.68000000000009,0.0,0.0,0.0,0.0,1.0,1,69.14652264655228
scenario_1_kitchen_pm_spike_ep00_d054,scenario_1_kitchen_pm_spike_ep00,scenario_1_kitchen_pm_spike,54,2026-08-01T09:27:00,C,B,89.68000000000009,5.656854249492381,12.570787221094179,0.9302382543609693,1.0,1.0,1,471.8241072355828
scenario_1_kitchen_pm_spike_ep00_d054,scenario_1_kitchen_pm_spike_ep00,scenario_1_kitchen_pm_spike,54,2026-08-01T09:27:00,D,B,89.68000000000009,4.0,8.88888888888889,0.6577777777777778,1.0,1.0,1,73.36962066689262
scenario_1_kitchen_pm_spike_ep00_d057,scenario_1_kitchen_pm_spike_ep00,scenario_1_kitchen_pm_spike,57,2026-08-01T09:28:30,A,C,89.4400000000001,4.0,8.88888888888889,0.6577777777777778,1.0,1.0,1,82.09230441692102
scenario_1_kitchen_pm_spike_ep00_d057,scenario_1_kitchen_pm_spike_ep00,scenario_1_kitchen_pm_spike,57,2026-08-01T09:28:30,B,C,89.4400000000001,5.656854249492381,12.570787221094179,0.9302382543609693,1.0,1.0,1,70.7851956089728
scenario_1_kitchen_pm_spike_ep00_d057,scenario_1_kitchen_pm_spike_ep00,scenario_1_kitchen_pm_spike,57,2026-08-01T09:28:30,C,C,89.4400000000001,0.0,0.0,0.0,0.0,1.0,1,447.81418723122783
scenario_1_kitchen_pm_spike_ep00_d057,scenario_1_kitchen_pm_spike_ep00,scenario_1_kitchen_pm_spike,57,2026-08-01T09:28:30,D,C,89.4400000000001,4.0,8.88888888888889,0.6577777777777778,1.0,1.0,1,74.74521931552795
scenario_1_kitchen_pm_spike_ep00_d060,scenario_1_kitchen_pm_spike_ep00,scenario_1_kitchen_pm_spike,60,2026-08-01T09:30:00,A,A,89.2000000000001,0.0,0.0,0.0,0.0,1.0,1,82.73553530454728
scenario_1_kitchen_pm_spike_ep00_d060,scenario_1_kitchen_pm_spike_ep00,scenario_1_kitchen_pm_spike,60,2026-08-01T09:30:00,B,A,89.2000000000001,4.0,8.88888888888889,0.6577777777777778,1.0,1.0,1,72.14538038959017
scenario_1_kitchen_pm_spike_ep00_d060,scenario_1_kitchen_pm_spike_ep00,scenario_1_kitchen_pm_spike,60,2026-08-01T09:30:00,C,A,89.2000000000001,4.0,8.88888888888889,0.6577777777777778,1.0,1.0,1,425.16114431084327
scenario_1_kitchen_pm_spike_ep00_d060,scenario_1_kitchen_pm_spike_ep00,scenario_1_kitchen_pm_spike,60,2026-08-01T09:30:00,D,A,89.2000000000001,5.656854249492381,12.570787221094179,0.9302382543609693,1.0,1.0,1,75.85877139632544
scenario_1_kitchen_pm_spike_ep00_d063,scenario_1_kitchen_pm_spike_ep00,scenario_1_kitchen_pm_spike,63,2026-08-01T09:31:30,A,B,88.96000000000011,4.0,8.88888888888889,0.6577777777777778,1.0,1.0,1,83.16863436711424
scenario_1_kitchen_pm_spike_ep00_d063,scenario_1_kitchen_pm_spike_ep00,scenario_1_kitchen_pm_spike,63,2026-08-01T09:31:30,B,B,88.96000000000011,0.0,0.0,0.0,0.0,1.0,1,73.24990270191552
scenario_1_kitchen_pm_spike_ep00_d063,scenario_1_kitchen_pm_spike_ep00,scenario_1_kitchen_pm_spike,63,2026-08-01T09:31:30,C,B,88.96000000000011,5.656854249492381,12.570787221094179,0.9302382543609693,1.0,1.0,1,403.7834385542287
scenario_1_kitchen_pm_spike_ep00_d063,scenario_1_kitchen_pm_spike_ep00,scenario_1_kitchen_pm_spike,63,2026-08-01T09:31:30,D,B,88.96000000000011,4.0,8.88888888888889,0.6577777777777778,1.0,1.0,1,76.73207197728584
scenario_1_kitchen_pm_spike_ep00_d066,scenario_1_kitchen_pm_spike_ep00,scenario_1_kitchen_pm_spike,66,2026-08-01T09:33:00,A,D,88.72000000000011,5.656854249492381,12.570787221094179,0.9302382543609693,1.0,1.0,1,83.40992644176549
scenario_1_kitchen_pm_spike_ep00_d066,scenario_1_kitchen_pm_spike_ep00,scenario_1_kitchen_pm_spike,66,2026-08-01T09:33:00,B,D,88.72000000000011,4.0,8.88888888888889,0.6577777777777778,1.0,1.0,1,74.1199828124636
scenario_1_kitchen_pm_spike_ep00_d066,scenario_1_kitchen_pm_spike_ep00,scenario_1_kitchen_pm_spike,66,2026-08-01T09:33:00,C,D,88.72000000000011,4.0,8.88888888888889,0.6577777777777778,1.0,1.0,1,383.60459026717206
scenario_1_kitchen_pm_spike_ep00_d066,scenario_1_kitchen_pm_spike_ep00,scenario_1_kitchen_pm_spike,66,2026-08-01T09:33:00,D,D,88.72000000000011,0.0,0.0,0.0,0.0,1.0,1,77.38537546169732
scenario_1_kitchen_pm_spike_ep00_d069,scenario_1_kitchen_pm_spike_ep00,scenario_1_kitchen_pm_spike,69,2026-08-01T09:34:30,A,A,88.48000000000012,0.0,0.0,0.0,0.0,1.0,1,83.47642220653051
scenario_1_kitchen_pm_spike_ep00_d069,scenario_1_kitchen_pm_spike_ep00,scenario_1_kitchen_pm_spike,69,2026-08-01T09:34:30,B,A,88.48000000000012,4.0,8.88888888888889,0.6577777777777778,1.0,1.0,1,74.7753424758514
scenario_1_kitchen_pm_spike_ep00_d069,scenario_1_kitchen_pm_spike_ep00,scenario_1_kitchen_pm_spike,69,2026-08-01T09:34:30,C,A,88.48000000000012,4.0,8.88888888888889,0.6577777777777778,1.0,1.0,1,364.5528608947635
scenario_1_kitchen_pm_spike_ep00_d069,scenario_1_kitchen_pm_spike_ep00,scenario_1_kitchen_pm_spike,69,2026-08-01T09:34:30,D,A,88.48000000000012,5.656854249492381,12.570787221094179,0.9302382543609693,1.0,1.0,1,77.83749844122758
scenario_1_kitchen_pm_spike_ep00_d072,scenario_1_kitchen_pm_spike_ep00,scenario_1_kitchen_pm_spike,72,2026-08-01T09:36:00,A,C,88.24000000000012,4.0,8.88888888888889,0.6577777777777778,1.0,1.0,1,83.38390639943168
scenario_1_kitchen_pm_spike_ep00_d072,scenario_1_kitchen_pm_spike_ep00,scenario_1_kitchen_pm_spike,72,2026-08-01T09:36:00,B,C,88.24000000000012,5.656854249492381,12.570787221094179,0.9302382543609693,1.0,1.0,1,75.234304904272
scenario_1_kitchen_pm_spike_ep00_d072,scenario_1_kitchen_pm_spike_ep00,scenario_1_kitchen_pm_spike,72,2026-08-01T09:36:00,C,C,88.24000000000012,0.0,0.0,0.0,0.0,1.0,1,346.56095421385953
scenario_1_kitchen_pm_spike_ep00_d072,scenario_1_kitchen_pm_spike_ep00,scenario_1_kitchen_pm_spike,72,2026-08-01T09:36:00,D,C,88.24000000000012,4.0,8.88888888888889,0.6577777777777778,1.0,1.0,1,78.10591584118379
scenario_1_kitchen_pm_spike_ep00_d075,scenario_1_kitchen_pm_spike_ep00,scenario_1_kitchen_pm_spike,75,2026-08-01T09:37:30,A,D,88.00000000000013,5.656854249492381,12.570787221094179,0.9302382543609693,1.0,1.0,1,83.14702027103522
scenario_1_kitchen_pm_spike_ep00_d075,scenario_1_kitchen_pm_spike_ep00,scenario_1_kitchen_pm_spike,75,2026-08-01T09:37:30,B,D,88.00000000000013,4.0,8.88888888888889,0.6577777777777778,1.0,1.0,1,75.5138882207657
scenario_1_kitchen_pm_spike_ep00_d075,scenario_1_kitchen_pm_spike_ep00,scenario_1_kitchen_pm_spike,75,2026-08-01T09:37:30,C,D,88.00000000000013,4.0,8.88888888888889,0.6577777777777778,1.0,1.0,1,329.5657365108701
scenario_1_kitchen_pm_spike_ep00_d075,scenario_1_kitchen_pm_spike_ep00,scenario_1_kitchen_pm_spike,75,2026-08-01T09:37:30,D,D,88.00000000000013,0.0,0.0,0.0,0.0,1.0,1,78.20685079103305
scenario_1_kitchen_pm_spike_ep00_d078,scenario_1_kitchen_pm_spike_ep00,scenario_1_kitchen_pm_spike,78,2026-08-01T09:39:00,A,B,87.76000000000013,4.0,8.88888888888889,0.6577777777777778,1.0,1.0,1,82.7793386431199
scenario_1_kitchen_pm_spike_ep00_d078,scenario_1_kitchen_pm_spike_ep00,scenario_1_kitchen_pm_spike,78,2026-08-01T09:39:00,B,B,87.76000000000013,0.0,0.0,0.0,0.0,1.0,1,75.62989281681655
scenario_1_kitchen_pm_spike_ep00_d078,scenario_1_kitchen_pm_spike_ep00,scenario_1_kitchen_pm_spike,78,2026-08-01T09:39:00,C,B,87.76000000000013,5.656854249492381,12.570787221094179,0.9302382543609693,1.0,1.0,1,313.5079745336907
scenario_1_kitchen_pm_spike_ep00_d078,scenario_1_kitchen_pm_spike_ep00,scenario_1_kitchen_pm_spike,78,2026-08-01T09:39:00,D,B,87.76000000000013,4.0,8.88888888888889,0.6577777777777778,1.0,1.0,1,78.15535862545164
scenario_1_kitchen_pm_spike_ep00_d081,scenario_1_kitchen_pm_spike_ep00,scenario_1_kitchen_pm_spike,81,2026-08-01T09:40:30,A,C,87.52000000000014,4.0,8.88888888888889,0.6577777777777778,1.0,1.0,1,82.29344192218275
scenario_1_kitchen_pm_spike_ep00_d081,scenario_1_kitchen_pm_spike_ep00,scenario_1_kitchen_pm_spike,81,2026-08-01T09:40:30,B,C,87.52000000000014,5.656854249492381,12.570787221094179,0.9302382543609693,1.0,1.0,1,75.59698300780224
scenario_1_kitchen_pm_spike_ep00_d081,scenario_1_kitchen_pm_spike_ep00,scenario_1_kitchen_pm_spike,81,2026-08-01T09:40:30,C,C,87.52000000000014,0.0,0.0,0.0,0.0,1.0,1,298.33209008410074
scenario_1_kitchen_pm_spike_ep00_d081,scenario_1_kitchen_pm_spike_ep00,scenario_1_kitchen_pm_spike,81,2026-08-01T09:40:30,D,C,87.52000000000014,4.0,8.88888888888889,0.6577777777777778,1.0,1.0,1,77.96540539509658
scenario_1_kitchen_pm_spike_ep00_d084,scenario_1_kitchen_pm_spike_ep00,scenario_1_kitchen_pm_spike,84,2026-08-01T09:42:00,A,A,87.28000000000014,0.0,0.0,0.0,0.0,1.0,1,81.70098339405104
scenario_1_kitchen_pm_spike_ep00_d084,scenario_1_kitchen_pm_spike_ep00,scenario_1_kitchen_pm_spike,84,2026-08-01T09:42:00,B,A,87.28000000000014,4.0,8.88888888888889,0.6577777777777778,1.0,1.0,1,75.4287633545074
scenario_1_kitchen_pm_spike_ep00_d084,scenario_1_kitchen_pm_spike_ep00,scenario_1_kitchen_pm_spike,84,2026-08-01T09:42:00,C,A,87.28000000000014,4.0,8.88888888888889,0.6577777777777778,1.0,1.0,1,283.9859301893641
scenario_1_kitchen_pm_spike_ep00_d084,scenario_1_kitchen_pm_spike_ep00,scenario_1_kitchen_pm_spike,84,2026-08-01T09:42:00,D,A,87.28000000000014,5.656854249492381,12.570787221094179,0.9302382543609693,1.0,1.0,1,77.64994124193765
scenario_1_kitchen_pm_spike_ep00_d087,scenario_1_kitchen_pm_spike_ep00,scenario_1_kitchen_pm_spike,87,2026-08-01T09:43:30,A,B,87.04000000000015,4.0,8.88888888888889,0.6577777777777778,1.0,1.0,1,81.01275210489473
scenario_1_kitchen_pm_spike_ep00_d087,scenario_1_kitchen_pm_spike_ep00,scenario_1_kitchen_pm_spike,87,2026-08-01T09:43:30,B,B,87.04000000000015,0.0,0.0,0.0,0.0,1.0,1,75.13784999527456
scenario_1_kitchen_pm_spike_ep00_d087,scenario_1_kitchen_pm_spike_ep00,scenario_1_kitchen_pm_spike,87,2026-08-01T09:43:30,C,B,87.04000000000015,5.656854249492381,12.570787221094179,0.9302382543609693,1.0,1.0,1,270.42055185963216
scenario_1_kitchen_pm_spike_ep00_d087,scenario_1_kitchen_pm_spike_ep00,scenario_1_kitchen_pm_spike,87,2026-08-01T09:43:30,D,B,87.04000000000015,4.0,8.88888888888889,0.6577777777777778,1.0,1.0,1,77.22096897114238
scenario_1_kitchen_pm_spike_ep01_d012,scenario_1_kitchen_pm_spike_ep01,scenario_1_kitchen_pm_spike,12,2026-08-01T09:06:00,A,B,92.34000000000002,4.0,8.88888888888889,0.6577777777777778,1.0,1.0,1,19.990736104683492
scenario_1_kitchen_pm_spike_ep01_d012,scenario_1_kitchen_pm_spike_ep01,scenario_1_kitchen_pm_spike,12,2026-08-01T09:06:00,B,B,92.34000000000002,0.0,0.0,0.0,0.0,1.0,1,25.099048505673636
scenario_1_kitchen_pm_spike_ep01_d012,scenario_1_kitchen_pm_spike_ep01,scenario_1_kitchen_pm_spike,12,2026-08-01T09:06:00,C,B,92.34000000000002,5.656854249492381,12.570787221094179,0.9302382543609693,1.0,1.0,1,214.74075204218593
scenario_1_kitchen_pm_spike_ep01_d012,scenario_1_kitchen_pm_spike_ep01,scenario_1_kitchen_pm_spike,12,2026-08-01T09:06:00,D,B,92.34000000000002,4.0,8.88888888888889,0.6577777777777778,1.0,1.0,1,22.27003902104275
scenario_1_kitchen_pm_spike_ep01_d015,scenario_1_kitchen_pm_spike_ep01,scenario_1_kitchen_pm_spike,15,2026-08-01T09:07:30,A,C,92.10000000000002,4.0,8.88888888888889,0.6577777777777778,1.0,1.0,1,21.647194086124387
scenario_1_kitchen_pm_spike_ep01_d015,scenario_1_kitchen_pm_spike_ep01,scenario_1_kitchen_pm_spike,15,2026-08-01T09:07:30,B,C,92.10000000000002,5.656854249492381,12.570787221094179,0.9302382543609693,1.0,1.0,1,26.38459900705061
scenario_1_kitchen_pm_spike_ep01_d015,scenario_1_kitchen_pm_spike_ep01,scenario_1_kitchen_pm_spike,15,2026-08-01T09:07:30,C,C,92.10000000000002,0.0,0.0,0.0,0.0,1.0,1,307.12104680487073
scenario_1_kitchen_pm_spike_ep01_d015,scenario_1_kitchen_pm_spike_ep01,scenario_1_kitchen_pm_spike,15,2026-08-01T09:07:30,D,C,92.10000000000002,4.0,8.88888888888889,0.6577777777777778,1.0,1.0,1,23.733846905188557
scenario_1_kitchen_pm_spike_ep01_d018,scenario_1_kitchen_pm_spike_ep01,scenario_1_kitchen_pm_spike,18,2026-08-01T09:09:00,A,A,91.86000000000003,0.0,0.0,0.0,0.0,1.0,1,24.741724167778557
scenario_1_kitchen_pm_spike_ep01_d018,scenario_1_kitchen_pm_spike_ep01,scenario_1_kitchen_pm_spike,18,2026-08-01T09:09:00,B,A,91.86000000000003,4.0,8.88888888888889,0.6577777777777778,1.0,1.0,1,29.134426828671394
scenario_1_kitchen_pm_spike_ep01_d018,scenario_1_kitchen_pm_spike_ep01,scenario_1_kitchen_pm_spike,18,2026-08-01T09:09:00,C,A,91.86000000000003,4.0,8.88888888888889,0.6577777777777778,1.0,1.0,1,445.32637118386026
scenario_1_kitchen_pm_spike_ep01_d018,scenario_1_kitchen_pm_spike_ep01,scenario_1_kitchen_pm_spike,18,2026-08-01T09:09:00,D,A,91.86000000000003,5.656854249492381,12.570787221094179,0.9302382543609693,1.0,1.0,1,26.650675058802335
scenario_1_kitchen_pm_spike_ep01_d021,scenario_1_kitchen_pm_spike_ep01,scenario_1_kitchen_pm_spike,21,2026-08-01T09:10:30,A,B,91.62000000000003,4.0,8.88888888888889,0.6577777777777778,1.0,1.0,1,28.70029763515754
scenario_1_kitchen_pm_spike_ep01_d021,scenario_1_kitchen_pm_spike_ep01,scenario_1_kitchen_pm_spike,21,2026-08-01T09:10:30,B,B,91.62000000000003,0.0,0.0,0.0,0.0,1.0,1,32.77268755850673
scenario_1_kitchen_pm_spike_ep01_d021,scenario_1_kitchen_pm_spike_ep01,scenario_1_kitchen_pm_spike,21,2026-08-01T09:10:30,C,B,91.62000000000003,5.656854249492381,12.570787221094179,0.9302382543609693,1.0,1.0,1,561.9203616156029
scenario_1_kitchen_pm_spike_ep01_d021,scenario_1_kitchen_pm_spike_ep01,scenario_1_kitchen_pm_spike,21,2026-08-01T09:10:30,D,B,91.62000000000003,4.0,8.88888888888889,0.6577777777777778,1.0,1.0,1,30.445391375033523
scenario_1_kitchen_pm_spike_ep01_d024,scenario_1_kitchen_pm_spike_ep01,scenario_1_kitchen_pm_spike,24,2026-08-01T09:12:00,A,D,91.38000000000004,5.656854249492381,12.570787221094179,0.9302382543609693,1.0,1.0,1,33.55876166351527
scenario_1_kitchen_pm_spike_ep01_d024,scenario_1_kitchen_pm_spike_ep01,scenario_1_kitchen_pm_spike,24,2026-08-01T09:12:00,B,D,91.38000000000004,4.0,8.88888888888889,0.6577777777777778,1.0,1.0,1,37.33353667071674
scenario_1_kitchen_pm_spike_ep01_d024,scenario_1_kitchen_pm_spike_ep01,scenario_1_kitchen_pm_spike,24,2026-08-01T09:12:00,C,D,91.38000000000004,4.0,8.88888888888889,0.6577777777777778,1.0,1.0,1,653.762742261104
scenario_1_kitchen_pm_spike_ep01_d024,scenario_1_kitchen_pm_spike_ep01,scenario_1_kitchen_pm_spike,24,2026-08-01T09:12:00,D,D,91.38000000000004,0.0,0.0,0.0,0.0,1.0,1,35.15281848095128
scenario_1_kitchen_pm_spike_ep01_d027,scenario_1_kitchen_pm_spike_ep01,scenario_1_kitchen_pm_spike,27,2026-08-01T09:13:30,A,A,91.14000000000004,0.0,0.0,0.0,0.0,1.0,1,38.6273325247455
scenario_1_kitchen_pm_spike_ep01_d027,scenario_1_kitchen_pm_spike_ep01,scenario_1_kitchen_pm_spike,27,2026-08-01T09:13:30,B,A,91.14000000000004,4.0,8.88888888888889,0.6577777777777778,1.0,1.0,1,42.1256143579933
scenario_1_kitchen_pm_spike_ep01_d027,scenario_1_kitchen_pm_spike_ep01,scenario_1_kitchen_pm_spike,27,2026-08-01T09:13:30,C,A,91.14000000000004,4.0,8.88888888888889,0.6577777777777778,1.0,1.0,1,700.8322538888701
scenario_1_kitchen_pm_spike_ep01_d027,scenario_1_kitchen_pm_spike_ep01,scenario_1_kitchen_pm_spike,27,2026-08-01T09:13:30,D,A,91.14000000000004,5.656854249492381,12.570787221094179,0.9302382543609693,1.0,1.0,1,40.0822214365794
scenario_1_kitchen_pm_spike_ep01_d030,scenario_1_kitchen_pm_spike_ep01,scenario_1_kitchen_pm_spike,30,2026-08-01T09:15:00,A,C,90.90000000000005,4.0,8.88888888888889,0.6577777777777778,1.0,1.0,1,43.91872042924638
scenario_1_kitchen_pm_spike_ep01_d030,scenario_1_kitchen_pm_spike_ep01,scenario_1_kitchen_pm_spike,30,2026-08-01T09:15:00,B,C,90.90000000000005,5.656854249492381,12.570787221094179,0.9302382543609693,1.0,1.0,1,47.16016255962495
scenario_1_kitchen_pm_spike_ep01_d030,scenario_1_kitchen_pm_spike_ep01,scenario_1_kitchen_pm_spike,30,2026-08-01T09:15:00,C,C,90.90000000000005,0.0,0.0,0.0,0.0,1.0,1,720.2382797407569
scenario_1_kitchen_pm_spike_ep01_d030,scenario_1_kitchen_pm_spike_ep01,scenario_1_kitchen_pm_spike,30,2026-08-01T09:15:00,D,C,90.90000000000005,4.0,8.88888888888889,0.6577777777777778,1.0,1.0,1,45.24542744737846
scenario_1_kitchen_pm_spike_ep01_d033,scenario_1_kitchen_pm_spike_ep01,scenario_1_kitchen_pm_spike,33,2026-08-01T09:16:30,A,D,90.66000000000005,5.656854249492381,12.570787221094179,0.9302382543609693,1.0,1.0,1,48.78818956374653
scenario_1_kitchen_pm_spike_ep01_d033,scenario_1_kitchen_pm_spike_ep01,scenario_1_kitchen_pm_spike,33,2026-08-01T09:16:30,B,D,90.66000000000005,4.0,8.88888888888889,0.6577777777777778,1.0,1.0,1,51.791077708921875
scenario_1_kitchen_pm_spike_ep01_d033,scenario_1_kitchen_pm_spike_ep01,scenario_1_kitchen_pm_spike,33,2026-08-01T09:16:30,C,D,90.66000000000005,4.0,8.88888888888889,0.6577777777777778,1.0,1.0,1,696.7506345539583
scenario_1_kitchen_pm_spike_ep01_d033,scenario_1_kitchen_pm_spike_ep01,scenario_1_kitchen_pm_spike,33,2026-08-01T09:16:30,D,D,90.66000000000005,0.0,0.0,0.0,0.0,1.0,1,49.99688112544845
scenario_1_kitchen_pm_spike_ep01_d036,scenario_1_kitchen_pm_spike_ep01,scenario_1_kitchen_pm_spike,36,2026-08-01T09:18:00,A,B,90.42000000000006,4.0,8.88888888888889,0.6577777777777778,1.0,1.0,1,53.09237821774491
scenario_1_kitchen_pm_spike_ep01_d036,scenario_1_kitchen_pm_spike_ep01,scenario_1_kitchen_pm_spike,36,2026-08-01T09:18:00,B,B,90.42000000000006,0.0,0.0,0.0,0.0,1.0,1,55.87372405789506
scenario_1_kitchen_pm_spike_ep01_d036,scenario_1_kitchen_pm_spike_ep01,scenario_1_kitchen_pm_spike,36,2026-08-01T09:18:00,C,B,90.42000000000006,5.656854249492381,12.570787221094179,0.9302382543609693,1.0,1.0,1,659.7277969862605
scenario_1_kitchen_pm_spike_ep01_d036,scenario_1_kitchen_pm_spike_ep01,scenario_1_kitchen_pm_spike,36,2026-08-01T09:18:00,D,B,90.42000000000006,4.0,8.88888888888889,0.6577777777777778,1.0,1.0,1,54.19246016816851
scenario_1_kitchen_pm_spike_ep01_d039,scenario_1_kitchen_pm_spike_ep01,scenario_1_kitchen_pm_spike,39,2026-08-01T09:19:30,A,C,90.18000000000006,4.0,8.88888888888889,0.6577777777777778,1.0,1.0,1,56.9085979171698
scenario_1_kitchen_pm_spike_ep01_d039,scenario_1_kitchen_pm_spike_ep01,scenario_1_kitchen_pm_spike,39,2026-08-01T09:19:30,B,C,90.18000000000006,5.656854249492381,12.570787221094179,0.9302382543609693,1.0,1.0,1,59.484226465227266
scenario_1_kitchen_pm_spike_ep01_d039,scenario_1_kitchen_pm_spike_ep01,scenario_1_kitchen_pm_spike,39,2026-08-01T09:19:30,C,C,90.18000000000006,0.0,0.0,0.0,0.0,1.0,1,624.8551060569971
scenario_1_kitchen_pm_spike_ep01_d039,scenario_1_kitchen_pm_spike_ep01,scenario_1_kitchen_pm_spike,39,2026-08-01T09:19:30,D,C,90.18000000000006,4.0,8.88888888888889,0.6577777777777778,1.0,1.0,1,57.90877035053927
scenario_1_kitchen_pm_spike_ep01_d042,scenario_1_kitchen_pm_spike_ep01,scenario_1_kitchen_pm_spike,42,2026-08-01T09:21:00,A,A,89.94000000000007,0.0,0.0,0.0,0.0,1.0,1,60.274223027344306
scenario_1_kitchen_pm_spike_ep01_d042,scenario_1_kitchen_pm_spike_ep01,scenario_1_kitchen_pm_spike,42,2026-08-01T09:21:00,B,A,89.94000000000007,4.0,8.88888888888889,0.6577777777777778,1.0,1.0,1,62.65885407930273
scenario_1_kitchen_pm_spike_ep01_d042,scenario_1_kitchen_pm_spike_ep01,scenario_1_kitchen_pm_spike,42,2026-08-01T09:21:00,C,A,89.94000000000007,4.0,8.88888888888889,0.6577777777777778,1.0,1.0,1,592.001403947301
scenario_1_kitchen_pm_spike_ep01_d042,scenario_1_kitchen_pm_spike_ep01,scenario_1_kitchen_pm_spike,42,2026-08-01T09:21:00,D,A,89.94000000000007,5.656854249492381,12.570787221094179,0.9302382543609693,1.0,1.0,1,61.18253127244088
scenario_1_kitchen_pm_spike_ep01_d045,scenario_1_kitchen_pm_spike_ep01,scenario_1_kitchen_pm_spike,45,2026-08-01T09:22:30,A,B,89.70000000000007,4.0,8.88888888888889,0.6577777777777778,1.0,1.0,1,63.22405644501691
scenario_1_kitchen_pm_spike_ep01_d045,scenario_1_kitchen_pm_spike_ep01,scenario_1_kitchen_pm_spike,45,2026-08-01T09:22:30,B,B,89.70000000000007,0.0,0.0,0.0,0.0,1.0,1,65.4313805076797
scenario_1_kitchen_pm_spike_ep01_d045,scenario_1_kitchen_pm_spike_ep01,scenario_1_kitchen_pm_spike,45,2026-08-01T09:22:30,C,B,89.70000000000007,5.656854249492381,12.570787221094179,0.9302382543609693,1.0,1.0,1,561.0437349599462
scenario_1_kitchen_pm_spike_ep01_d045,scenario_1_kitchen_pm_spike_ep01,scenario_1_kitchen_pm_spike,45,2026-08-01T09:22:30,D,B,89.70000000000007,4.0,8.88888888888889,0.6577777777777778,1.0,1.0,1,64.0479384611815
scenario_1_kitchen_pm_spike_ep01_d048,scenario_1_kitchen_pm_spike_ep01,scenario_1_kitchen_pm_spike,48,2026-08-01T09:24:00,A,D,89.46000000000008,5.656854249492381,12.570787221094179,0.9302382543609693,1.0,1.0,1,65.79049949713612
scenario_1_kitchen_pm_spike_ep01_d048,scenario_1_kitchen_pm_spike_ep01,scenario_1_kitchen_pm_spike,48,2026-08-01T09:24:00,B,D,89.46000000000008,4.0,8.88888888888889,0.6577777777777778,1.0,1.0,1,67.83324856419972
scenario_1_kitchen_pm_spike_ep01_d048,scenario_1_kitchen_pm_spike_ep01,scenario_1_kitchen_pm_spike,48,2026-08-01T09:24:00,C,D,89.46000000000008,4.0,8.88888888888889,0.6577777777777778,1.0,1.0,1,531.8668263049417
scenario_1_kitchen_pm_spike_ep01_d048,scenario_1_kitchen_pm_spike_ep01,scenario_1_kitchen_pm_spike,48,2026-08-01T09:24:00,D,D,89.46000000000008,0.0,0.0,0.0,0.0,1.0,1,66.53682992882477
scenario_1_kitchen_pm_spike_ep01_d051,scenario_1_kitchen_pm_spike_ep01,scenario_1_kitchen_pm_spike,51,2026-08-01T09:25:30,A,A,89.22000000000008,0.0,0.0,0.0,0.0,1.0,1,68.00371080323998
scenario_1_kitchen_pm_spike_ep01_d051,scenario_1_kitchen_pm_spike_ep01,scenario_1_kitchen_pm_spike,51,2026-08-01T09:25:30,B,A,89.22000000000008,4.0,8.88888888888889,0.6577777777777778,1.0,1.0,1,69.89372432589835
scenario_1_kitchen_pm_spike_ep01_d051,scenario_1_kitchen_pm_spike_ep01,scenario_1_kitchen_pm_spike,51,2026-08-01T09:25:30,C,A,89.22000000000008,4.0,8.88888888888889,0.6577777777777778,1.0,1.0,1,504.36260194901956
scenario_1_kitchen_pm_spike_ep01_d051,scenario_1_kitchen_pm_spike_ep01,scenario_1_kitchen_pm_spike,51,2026-08-01T09:25:30,D,A,89.22000000000008,5.656854249492381,12.570787221094179,0.9302382543609693,1.0,1.0,1,68.67884192431256
scenario_1_kitchen_pm_spike_ep01_d054,scenario_1_kitchen_pm_spike_ep01,scenario_1_kitchen_pm_spike,54,2026-08-01T09:27:00,A,C,88.98000000000009,4.0,8.88888888888889,0.6577777777777778,1.0,1.0,1,69.89175481310895
scenario_1_kitchen_pm_spike_ep01_d054,scenario_1_kitchen_pm_spike_ep01,scenario_1_kitchen_pm_spike,54,2026-08-01T09:27:00,B,C,88.98000000000009,5.656854249492381,12.570787221094179,0.9302382543609693,1.0,1.0,1,71.64004118826733
scenario_1_kitchen_pm_spike_ep01_d054,scenario_1_kitchen_pm_spike_ep01,scenario_1_kitchen_pm_spike,54,2026-08-01T09:27:00,C,C,88.98000000000009,0.0,0.0,0.0,0.0,1.0,1,478.42972741718177
scenario_1_kitchen_pm_spike_ep01_d054,scenario_1_kitchen_pm_spike_ep01,scenario_1_kitchen_pm_spike,54,2026-08-01T09:27:00,D,C,88.98000000000009,4.0,8.88888888888889,0.6577777777777778,1.0,1.0,1,70.50155457622236
scenario_1_kitchen_pm_spike_ep01_d057,scenario_1_kitchen_pm_spike_ep01,scenario_1_kitchen_pm_spike,57,2026-08-01T09:28:30,A,D,88.7400000000001,5.656854249492381,12.570787221094179,0.9302382543609693,1.0,1.0,1,71.48074068558185
scenario_1_kitchen_pm_spike_ep01_d057,scenario_1_kitchen_pm_spike_ep01,scenario_1_kitchen_pm_spike,57,2026-08-01T09:28:30,B,D,88.7400000000001,4.0,8.88888888888889,0.6577777777777778,1.0,1.0,1,73.09753456323256
scenario_1_kitchen_pm_spike_ep01_d057,scenario_1_kitchen_pm_spike_ep01,scenario_1_kitchen_pm_spike,57,2026-08-01T09:28:30,C,D,88.7400000000001,4.0,8.88888888888889,0.6577777777777778,1.0,1.0,1,453.9731835695819
scenario_1_kitchen_pm_spike_ep01_d057,scenario_1_kitchen_pm_spike_ep01,scenario_1_kitchen_pm_spike,57,2026-08-01T09:28:30,D,D,88.7400000000001,0.0,0.0,0.0,0.0,1.0,1,72.03062807739138
scenario_1_kitchen_pm_spike_ep01_d060,scenario_1_kitchen_pm_spike_ep01,scenario_1_kitchen_pm_spike,60,2026-08-01T09:30:00,A,B,88.5000000000001,4.0,8.88888888888889,0.6577777777777778,1.0,1.0,1,72.79495213166388
scenario_1_kitchen_pm_spike_ep01_d060,scenario_1_kitchen_pm_spike_ep01,scenario_1_kitchen_pm_spike,60,2026-08-01T09:30:00,B,B,88.5000000000001,0.0,0.0,0.0,0.0,1.0,1,74.28976782281279
scenario_1_kitchen_pm_spike_ep01_d060,scenario_1_kitchen_pm_spike_ep01,scenario_1_kitchen_pm_spike,60,2026-08-01T09:30:00,C,B,88.5000000000001,5.656854249492381,12.570787221094179,0.9302382543609693,1.0,1.0,1,430.903867503451
scenario_1_kitchen_pm_spike_ep01_d060,scenario_1_kitchen_pm_spike_ep01,scenario_1_kitchen_pm_spike,60,2026-08-01T09:30:00,D,B,88.5000000000001,4.0,8.88888888888889,0.6577777777777778,1.0,1.0,1,73.28993002079392
scenario_1_kitchen_pm_spike_ep01_d063,scenario_1_kitchen_pm_spike_ep01,scenario_1_kitchen_pm_spike,63,2026-08-01T09:31:30,A,C,88.2600000000001,4.0,8.88888888888889,0.6577777777777778,1.0,1.0,1,73.85696880492264
scenario_1_kitchen_pm_spike_ep01_d063,scenario_1_kitchen_pm_spike_ep01,scenario_1_kitchen_pm_spike,63,2026-08-01T09:31:30,B,C,88.2600000000001,5.656854249492381,12.570787221094179,0.9302382543609693,1.0,1.0,1,75.23865005270659
scenario_1_kitchen_pm_spike_ep01_d063,scenario_1_kitchen_pm_spike_ep01,scenario_1_kitchen_pm_spike,63,2026-08-01T09:31:30,C,C,88.2600000000001,0.0,0.0,0.0,0.0,1.0,1,409.13821884812864
scenario_1_kitchen_pm_spike_ep01_d063,scenario_1_kitchen_pm_spike_ep01,scenario_1_kitchen_pm_spike,63,2026-08-01T09:31:30,D,C,88.2600000000001,4.0,8.88888888888889,0.6577777777777778,1.0,1.0,1,74.30165445690386
scenario_1_kitchen_pm_spike_ep01_d066,scenario_1_kitchen_pm_spike_ep01,scenario_1_kitchen_pm_spike,66,2026-08-01T09:33:00,A,A,88.02000000000011,0.0,0.0,0.0,0.0,1.0,1,74.68777978476282
scenario_1_kitchen_pm_spike_ep01_d066,scenario_1_kitchen_pm_spike_ep01,scenario_1_kitchen_pm_spike,66,2026-08-01T09:33:00,B,A,88.02000000000011,4.0,8.88888888888889,0.6577777777777778,1.0,1.0,1,75.96454614382401
scenario_1_kitchen_pm_spike_ep01_d066,scenario_1_kitchen_pm_spike_ep01,scenario_1_kitchen_pm_spike,66,2026-08-01T09:33:00,C,A,88.02000000000011,4.0,8.88888888888889,0.6577777777777778,1.0,1.0,1,388.5978698320457
scenario_1_kitchen_pm_spike_ep01_d066,scenario_1_kitchen_pm_spike_ep01,scenario_1_kitchen_pm_spike,66,2026-08-01T09:33:00,D,A,88.02000000000011,5.656854249492381,12.570787221094179,0.9302382543609693,1.0,1.0,1,75.08643320621172
scenario_1_kitchen_pm_spike_ep01_d069,scenario_1_kitchen_pm_spike_ep01,scenario_1_kitchen_pm_spike,69,2026-08-01T09:34:30,A,B,87.78000000000011,4.0,8.88888888888889,0.6577777777777778,1.0,1.0,1,75.30688966303569
scenario_1_kitchen_pm_spike_ep01_d069,scenario_1_kitchen_pm_spike_ep01,scenario_1_kitchen_pm_spike,69,2026-08-01T09:34:30,B,B,87.78000000000011,0.0,0.0,0.0,0.0,1.0,1,76.48637971585413
scenario_1_kitchen_pm_spike_ep01_d069,scenario_1_kitchen_pm_spike_ep01,scenario_1_kitchen_pm_spike,69,2026-08-01T09:34:30,C,B,87.78000000000011,5.656854249492381,12.570787221094179,0.9302382543609693,1.0,1.0,1,369.20931760418193
scenario_1_kitchen_pm_spike_ep01_d069,scenario_1_kitchen_pm_spike_ep01,scenario_1_kitchen_pm_spike,69,2026-08-01T09:34:30,D,B,87.78000000000011,4.0,8.88888888888889,0.6577777777777778,1.0,1.0,1,75.66343992622751
scenario_1_kitchen_pm_spike_ep01_d072,scenario_1_kitchen_pm_spike_ep01,scenario_1_kitchen_pm_spike,72,2026-08-01T09:36:00,A,D,87.54000000000012,5.656854249492381,12.570787221094179,0.9302382543609693,1.0,1.0,1,75.7324177116418
scenario_1_kitchen_pm_spike_ep01_d072,scenario_1_kitchen_pm_spike_ep01,scenario_1_kitchen_pm_spike,72,2026-08-01T09:36:00,B,D,87.54000000000012,4.0,8.88888888888889,0.6577777777777778,1.0,1.0,1,76.82172933522907
scenario_1_kitchen_pm_spike_ep01_d072,scenario_1_kitchen_pm_spike_ep01,scenario_1_kitchen_pm_spike,72,2026-08-01T09:36:00,C,D,87.54000000000012,4.0,8.88888888888889,0.6577777777777778,1.0,1.0,1,350.90361738956403
scenario_1_kitchen_pm_spike_ep01_d072,scenario_1_kitchen_pm_spike_ep01,scenario_1_kitchen_pm_spike,72,2026-08-01T09:36:00,D,D,87.54000000000012,0.0,0.0,0.0,0.0,1.0,1,76.05048740027246
scenario_1_kitchen_pm_spike_ep01_d075,scenario_1_kitchen_pm_spike_ep01,scenario_1_kitchen_pm_spike,75,2026-08-01T09:37:30,A,A,87.30000000000013,0.0,0.0,0.0,0.0,1.0,1,75.98119057804433
scenario_1_kitchen_pm_spike_ep01_d075,scenario_1_kitchen_pm_spike_ep01,scenario_1_kitchen_pm_spike,75,2026-08-01T09:37:30,B,A,87.30000000000013,4.0,8.88888888888889,0.6577777777777778,1.0,1.0,1,76.98691846012412
scenario_1_kitchen_pm_spike_ep01_d075,scenario_1_kitchen_pm_spike_ep01,scenario_1_kitchen_pm_spike,75,2026-08-01T09:37:30,C,A,87.30000000000013,4.0,8.88888888888889,0.6577777777777778,1.0,1.0,1,333.61609514920497
scenario_1_kitchen_pm_spike_ep01_d075,scenario_1_kitchen_pm_spike_ep01,scenario_1_kitchen_pm_spike,75,2026-08-01T09:37:30,D,A,87.30000000000013,5.656854249492381,12.570787221094179,0.9302382543609693,1.0,1.0,1,76.26411848532553
scenario_1_kitchen_pm_spike_ep01_d078,scenario_1_kitchen_pm_spike_ep01,scenario_1_kitchen_pm_spike,78,2026-08-01T09:39:00,A,C,87.06000000000013,4.0,8.88888888888889,0.6577777777777778,1.0,1.0,1,76.06882892687577
scenario_1_kitchen_pm_spike_ep01_d078,scenario_1_kitchen_pm_spike_ep01,scenario_1_kitchen_pm_spike,78,2026-08-01T09:39:00,B,C,87.06000000000013,5.656854249492381,12.570787221094179,0.9302382543609693,1.0,1.0,1,76.99709951734883
scenario_1_kitchen_pm_spike_ep01_d078,scenario_1_kitchen_pm_spike_ep01,scenario_1_kitchen_pm_spike,78,2026-08-01T09:39:00,C,C,87.06000000000013,0.0,0.0,0.0,0.0,1.0,1,317.28607849990453
scenario_1_kitchen_pm_spike_ep01_d078,scenario_1_kitchen_pm_spike_ep01,scenario_1_kitchen_pm_spike,78,2026-08-01T09:39:00,D,C,87.06000000000013,4.0,8.88888888888889,0.6577777777777778,1.0,1.0,1,76.31969112808554
scenario_1_kitchen_pm_spike_ep01_d081,scenario_1_kitchen_pm_spike_ep01,scenario_1_kitchen_pm_spike,81,2026-08-01T09:40:30,A,D,86.82000000000014,5.656854249492381,12.570787221094179,0.9302382543609693,1.0,1.0,1,76.00982841891744
scenario_1_kitchen_pm_spike_ep01_d081,scenario_1_kitchen_pm_spike_ep01,scenario_1_kitchen_pm_spike,81,2026-08-01T09:40:30,B,D,86.82000000000014,4.0,8.88888888888889,0.6577777777777778,1.0,1.0,1,76.86633248997339
scenario_1_kitchen_pm_spike_ep01_d081,scenario_1_kitchen_pm_spike_ep01,scenario_1_kitchen_pm_spike,81,2026-08-01T09:40:30,C,D,86.82000000000014,4.0,8.88888888888889,0.6577777777777778,1.0,1.0,1,301.85664472890585
scenario_1_kitchen_pm_spike_ep01_d081,scenario_1_kitchen_pm_spike_ep01,scenario_1_kitchen_pm_spike,81,2026-08-01T09:40:30,D,D,86.82000000000014,0.0,0.0,0.0,0.0,1.0,1,76.23145783214943
scenario_1_kitchen_pm_spike_ep01_d084,scenario_1_kitchen_pm_spike_ep01,scenario_1_kitchen_pm_spike,84,2026-08-01T09:42:00,A,B,86.58000000000014,4.0,8.88888888888889,0.6577777777777778,1.0,1.0,1,75.81763539354745
scenario_1_kitchen_pm_spike_ep01_d084,scenario_1_kitchen_pm_spike_ep01,scenario_1_kitchen_pm_spike,84,2026-08-01T09:42:00,B,B,86.58000000000014,0.0,0.0,0.0,0.0,1.0,1,76.60765837016436
scenario_1_kitchen_pm_spike_ep01_d084,scenario_1_kitchen_pm_spike_ep01,scenario_1_kitchen_pm_spike,84,2026-08-01T09:42:00,C,B,86.58000000000014,5.656854249492381,12.570787221094179,0.9302382543609693,1.0,1.0,1,287.27438481287754
scenario_1_kitchen_pm_spike_ep01_d084,scenario_1_kitchen_pm_spike_ep01,scenario_1_kitchen_pm_spike,84,2026-08-01T09:42:00,D,B,86.58000000000014,4.0,8.88888888888889,0.6577777777777778,1.0,1.0,1,76.01263993456905
scenario_1_kitchen_pm_spike_ep01_d087,scenario_1_kitchen_pm_spike_ep01,scenario_1_kitchen_pm_spike,87,2026-08-01T09:43:30,A,C,86.34000000000015,4.0,8.88888888888889,0.6577777777777778,1.0,1.0,1,75.50471759720722
scenario_1_kitchen_pm_spike_ep01_d087,scenario_1_kitchen_pm_spike_ep01,scenario_1_kitchen_pm_spike,87,2026-08-01T09:43:30,B,C,86.34000000000015,5.656854249492381,12.570787221094179,0.9302382543609693,1.0,1.0,1,76.23316780893822
scenario_1_kitchen_pm_spike_ep01_d087,scenario_1_kitchen_pm_spike_ep01,scenario_1_kitchen_pm_spike,87,2026-08-01T09:43:30,C,C,86.34000000000015,0.0,0.0,0.0,0.0,1.0,1,273.48918242042384
scenario_1_kitchen_pm_spike_ep01_d087,scenario_1_kitchen_pm_spike_ep01,scenario_1_kitchen_pm_spike,87,2026-08-01T09:43:30,D,C,86.34000000000015,4.0,8.88888888888889,0.6577777777777778,1.0,1.0,1,75.67549702704935
scenario_1_kitchen_pm_spike_ep02_d012,scenario_1_kitchen_pm_spike_ep02,scenario_1_kitchen_pm_spike,12,2026-08-01T09:06:00,A,C,91.64000000000001,4.0,8.88888888888889,0.6577777777777778,1.0,1.0,1,38.28207558383747
scenario_1_kitchen_pm_spike_ep02_d012,scenario_1_kitchen_pm_spike_ep02,scenario_1_kitchen_pm_spike,12,2026-08-01T09:06:00,B,C,91.64000000000001,5.656854249492381,12.570787221094179,0.9302382543609693,1.0,1.0,1,38.52964016403598
scenario_1_kitchen_pm_spike_ep02_d012,scenario_1_kitchen_pm_spike_ep02,scenario_1_kitchen_pm_spike,12,2026-08-01T09:06:00,C,C,91.64000000000001,0.0,0.0,0.0,0.0,1.0,1,220.34440049056695
scenario_1_kitchen_pm_spike_ep02_d012,scenario_1_kitchen_pm_spike_ep02,scenario_1_kitchen_pm_spike,12,2026-08-01T09:06:00,D,C,91.64000000000001,4.0,8.88888888888889,0.6577777777777778,1.0,1.0,1,33.67213643010098
scenario_1_kitchen_pm_spike_ep02_d015,scenario_1_kitchen_pm_spike_ep02,scenario_1_kitchen_pm_spike,15,2026-08-01T09:07:30,A,D,91.40000000000002,5.656854249492381,12.570787221094179,0.9302382543609693,1.0,1.0,1,39.82009649679958
scenario_1_kitchen_pm_spike_ep02_d015,scenario_1_kitchen_pm_spike_ep02,scenario_1_kitchen_pm_spike,15,2026-08-01T09:07:30,B,D,91.40000000000002,4.0,8.88888888888889,0.6577777777777778,1.0,1.0,1,40.084645257151806
scenario_1_kitchen_pm_spike_ep02_d015,scenario_1_kitchen_pm_spike_ep02,scenario_1_kitchen_pm_spike,15,2026-08-01T09:07:30,C,D,91.40000000000002,4.0,8.88888888888889,0.6577777777777778,1.0,1.0,1,345.9974615104379
scenario_1_kitchen_pm_spike_ep02_d015,scenario_1_kitchen_pm_spike_ep02,scenario_1_kitchen_pm_spike,15,2026-08-01T09:07:30,D,D,91.40000000000002,0.0,0.0,0.0,0.0,1.0,1,35.55109162324629
scenario_1_kitchen_pm_spike_ep02_d018,scenario_1_kitchen_pm_spike_ep02,scenario_1_kitchen_pm_spike,18,2026-08-01T09:09:00,A,B,91.16000000000003,4.0,8.88888888888889,0.6577777777777778,1.0,1.0,1,41.46215606510077
scenario_1_kitchen_pm_spike_ep02_d018,scenario_1_kitchen_pm_spike_ep02,scenario_1_kitchen_pm_spike,18,2026-08-01T09:09:00,B,B,91.16000000000003,0.0,0.0,0.0,0.0,1.0,1,41.74076750125482
scenario_1_kitchen_pm_spike_ep02_d018,scenario_1_kitchen_pm_spike_ep02,scenario_1_kitchen_pm_spike,18,2026-08-01T09:09:00,C,B,91.16000000000003,5.656854249492381,12.570787221094179,0.9302382543609693,1.0,1.0,1,447.92453668611006
scenario_1_kitchen_pm_spike_ep02_d018,scenario_1_kitchen_pm_spike_ep02,scenario_1_kitchen_pm_spike,18,2026-08-01T09:09:00,D,B,91.16000000000003,4.0,8.88888888888889,0.6577777777777778,1.0,1.0,1,37.50969195503535
scenario_1_kitchen_pm_spike_ep02_d021,scenario_1_kitchen_pm_spike_ep02,scenario_1_kitchen_pm_spike,21,2026-08-01T09:10:30,A,C,90.92000000000003,4.0,8.88888888888889,0.6577777777777778,1.0,1.0,1,45.21156003882629
scenario_1_kitchen_pm_spike_ep02_d021,scenario_1_kitchen_pm_spike_ep02,scenario_1_kitchen_pm_spike,21,2026-08-01T09:10:30,B,C,90.92000000000003,5.656854249492381,12.570787221094179,0.9302382543609693,1.0,1.0,1,45.501602194388624
scenario_1_kitchen_pm_spike_ep02_d021,scenario_1_kitchen_pm_spike_ep02,scenario_1_kitchen_pm_spike,21,2026-08-01T09:10:30,C,C,90.92000000000003,0.0,0.0,0.0,0.0,1.0,1,587.4896242357694
scenario_1_kitchen_pm_spike_ep02_d021,scenario_1_kitchen_pm_spike_ep02,scenario_1_kitchen_pm_spike,21,2026-08-01T09:10:30,D,C,90.92000000000003,4.0,8.88888888888889,0.6577777777777778,1.0,1.0,1,41.552948828085164
scenario_1_kitchen_pm_spike_ep02_d024,scenario_1_kitchen_pm_spike_ep02,scenario_1_kitchen_pm_spike,24,2026-08-01T09:12:00,A,A,90.68000000000004,0.0,0.0,0.0,0.0,1.0,1,49.24661007475606
scenario_1_kitchen_pm_spike_ep02_d024,scenario_1_kitchen_pm_spike_ep02,scenario_1_kitchen_pm_spike,24,2026-08-01T09:12:00,B,A,90.68000000000004,4.0,8.88888888888889,0.6577777777777778,1.0,1.0,1,49.545716271713445
scenario_1_kitchen_pm_spike_ep02_d024,scenario_1_kitchen_pm_spike_ep02,scenario_1_kitchen_pm_spike,24,2026-08-01T09:12:00,C,A,90.68000000000004,4.0,8.88888888888889,0.6577777777777778,1.0,1.0,1,668.3261797733169
scenario_1_kitchen_pm_spike_ep02_d024,scenario_1_kitchen_pm_spike_ep02,scenario_1_kitchen_pm_spike,24,2026-08-01T09:12:00,D,A,90.68000000000004,5.656854249492381,12.570787221094179,0.9302382543609693,1.0,1.0,1,45.86075227137053
scenario_1_kitchen_pm_spike_ep02_d027,scenario_1_kitchen_pm_spike_ep02,scenario_1_kitchen_pm_spike,27,2026-08-01T09:13:30,A,B,90.44000000000004,4.0,8.88888888888889,0.6577777777777778,1.0,1.0,1,53.80293848689803
scenario_1_kitchen_pm_spike_ep02_d027,scenario_1_kitchen_pm_spike_ep02,scenario_1_kitchen_pm_spike,27,2026-08-01T09:13:30,B,B,90.44000000000004,0.0,0.0,0.0,0.0,1.0,1,54.10898493055993
scenario_1_kitchen_pm_spike_ep02_d027,scenario_1_kitchen_pm_spike_ep02,scenario_1_kitchen_pm_spike,27,2026-08-01T09:13:30,C,B,90.44000000000004,5.656854249492381,12.570787221094179,0.9302382543609693,1.0,1.0,1,719.2259662588631
scenario_1_kitchen_pm_spike_ep02_d027,scenario_1_kitchen_pm_spike_ep02,scenario_1_kitchen_pm_spike,27,2026-08-01T09:13:30,D,B,90.44000000000004,4.0,8.88888888888889,0.6577777777777778,1.0,1.0,1,50.670213653535484
scenario_1_kitchen_pm_spike_ep02_d030,scenario_1_kitchen_pm_spike_ep02,scenario_1_kitchen_pm_spike,30,2026-08-01T09:15:00,A,D,90.20000000000005,5.656854249492381,12.570787221094179,0.9302382543609693,1.0,1.0,1,58.899214212548486
scenario_1_kitchen_pm_spike_ep02_d030,scenario_1_kitchen_pm_spike_ep02,scenario_1_kitchen_pm_spike,30,2026-08-01T09:15:00,B,D,90.20000000000005,4.0,8.88888888888889,0.6577777777777778,1.0,1.0,1,59.210299333051125
scenario_1_kitchen_pm_spike_ep02_d030,scenario_1_kitchen_pm_spike_ep02,scenario_1_kitchen_pm_spike,30,2026-08-01T09:15:00,C,D,90.20000000000005,4.0,8.88888888888889,0.6577777777777778,1.0,1.0,1,753.3648027192437
scenario_1_kitchen_pm_spike_ep02_d030,scenario_1_kitchen_pm_spike_ep02,scenario_1_kitchen_pm_spike,30,2026-08-01T09:15:00,D,D,90.20000000000005,0.0,0.0,0.0,0.0,1.0,1,56.00137907635826
scenario_1_kitchen_pm_spike_ep02_d033,scenario_1_kitchen_pm_spike_ep02,scenario_1_kitchen_pm_spike,33,2026-08-01T09:16:30,A,A,89.96000000000005,0.0,0.0,0.0,0.0,1.0,1,62.89317357073173
scenario_1_kitchen_pm_spike_ep02_d033,scenario_1_kitchen_pm_spike_ep02,scenario_1_kitchen_pm_spike,33,2026-08-01T09:16:30,B,A,89.96000000000005,4.0,8.88888888888889,0.6577777777777778,1.0,1.0,1,63.20759897296102
scenario_1_kitchen_pm_spike_ep02_d033,scenario_1_kitchen_pm_spike_ep02,scenario_1_kitchen_pm_spike,33,2026-08-01T09:16:30,C,A,89.96000000000005,4.0,8.88888888888889,0.6577777777777778,1.0,1.0,1,711.6848728614148
scenario_1_kitchen_pm_spike_ep02_d033,scenario_1_kitchen_pm_spike_ep02,scenario_1_kitchen_pm_spike,33,2026-08-01T09:16:30,D,A,89.96000000000005,5.656854249492381,12.570787221094179,0.9302382543609693,1.0,1.0,1,60.213267060963744
scenario_1_kitchen_pm_spike_ep02_d036,scenario_1_kitchen_pm_spike_ep02,scenario_1_kitchen_pm_spike,36,2026-08-01T09:18:00,A,C,89.72000000000006,4.0,8.88888888888889,0.6577777777777778,1.0,1.0,1,66.6986194009994
scenario_1_kitchen_pm_spike_ep02_d036,scenario_1_kitchen_pm_spike_ep02,scenario_1_kitchen_pm_spike,36,2026-08-01T09:18:00,B,C,89.72000000000006,5.656854249492381,12.570787221094179,0.9302382543609693,1.0,1.0,1,67.0148723039631
scenario_1_kitchen_pm_spike_ep02_d036,scenario_1_kitchen_pm_spike_ep02,scenario_1_kitchen_pm_spike,36,2026-08-01T09:18:00,C,C,89.72000000000006,0.0,0.0,0.0,0.0,1.0,1,674.1363609098028
scenario_1_kitchen_pm_spike_ep02_d036,scenario_1_kitchen_pm_spike_ep02,scenario_1_kitchen_pm_spike,36,2026-08-01T09:18:00,D,C,89.72000000000006,4.0,8.88888888888889,0.6577777777777778,1.0,1.0,1,64.2208741480913
scenario_1_kitchen_pm_spike_ep02_d039,scenario_1_kitchen_pm_spike_ep02,scenario_1_kitchen_pm_spike,39,2026-08-01T09:19:30,A,D,89.48000000000006,5.656854249492381,12.570787221094179,0.9302382543609693,1.0,1.0,1,70.03711851181629
scenario_1_kitchen_pm_spike_ep02_d039,scenario_1_kitchen_pm_spike_ep02,scenario_1_kitchen_pm_spike,39,2026-08-01T09:19:30,B,D,89.48000000000006,4.0,8.88888888888889,0.6577777777777778,1.0,1.0,1,70.3538555670068
scenario_1_kitchen_pm_spike_ep02_d039,scenario_1_kitchen_pm_spike_ep02,scenario_1_kitchen_pm_spike,39,2026-08-01T09:19:30,C,D,89.48000000000006,4.0,8.88888888888889,0.6577777777777778,1.0,1.0,1,638.7592817788952
scenario_1_kitchen_pm_spike_ep02_d039,scenario_1_kitchen_pm_spike_ep02,scenario_1_kitchen_pm_spike,39,2026-08-01T09:19:30,D,D,89.48000000000006,0.0,0.0,0.0,0.0,1.0,1,67.74687837279498
scenario_1_kitchen_pm_spike_ep02_d042,scenario_1_kitchen_pm_spike_ep02,scenario_1_kitchen_pm_spike,42,2026-08-01T09:21:00,A,B,89.24000000000007,4.0,8.88888888888889,0.6577777777777778,1.0,1.0,1,72.94496832529717
scenario_1_kitchen_pm_spike_ep02_d042,scenario_1_kitchen_pm_spike_ep02,scenario_1_kitchen_pm_spike,42,2026-08-01T09:21:00,B,B,89.24000000000007,0.0,0.0,0.0,0.0,1.0,1,73.26100071147721
scenario_1_kitchen_pm_spike_ep02_d042,scenario_1_kitchen_pm_spike_ep02,scenario_1_kitchen_pm_spike,42,2026-08-01T09:21:00,C,B,89.24000000000007,5.656854249492381,12.570787221094179,0.9302382543609693,1.0,1.0,1,605.4214653552662
scenario_1_kitchen_pm_spike_ep02_d042,scenario_1_kitchen_pm_spike_ep02,scenario_1_kitchen_pm_spike,42,2026-08-01T09:21:00,D,B,89.24000000000007,4.0,8.88888888888889,0.6577777777777778,1.0,1.0,1,70.82861152939472
scenario_1_kitchen_pm_spike_ep02_d045,scenario_1_kitchen_pm_spike_ep02,scenario_1_kitchen_pm_spike,45,2026-08-01T09:22:30,A,C,89.00000000000007,4.0,8.88888888888889,0.6577777777777778,1.0,1.0,1,75.45595870485772
scenario_1_kitchen_pm_spike_ep02_d045,scenario_1_kitchen_pm_spike_ep02,scenario_1_kitchen_pm_spike,45,2026-08-01T09:22:30,B,C,89.00000000000007,5.656854249492381,12.570787221094179,0.9302382543609693,1.0,1.0,1,75.77023840411925
scenario_1_kitchen_pm_spike_ep02_d045,scenario_1_kitchen_pm_spike_ep02,scenario_1_kitchen_pm_spike,45,2026-08-01T09:22:30,C,C,89.00000000000007,0.0,0.0,0.0,0.0,1.0,1,573.9989988621688
scenario_1_kitchen_pm_spike_ep02_d045,scenario_1_kitchen_pm_spike_ep02,scenario_1_kitchen_pm_spike,45,2026-08-01T09:22:30,D,C,89.00000000000007,4.0,8.88888888888889,0.6577777777777778,1.0,1.0,1,73.50082624040238
scenario_1_kitchen_pm_spike_ep02_d048,scenario_1_kitchen_pm_spike_ep02,scenario_1_kitchen_pm_spike,48,2026-08-01T09:24:00,A,A,88.76000000000008,0.0,0.0,0.0,0.0,1.0,1,77.60153774928403
scenario_1_kitchen_pm_spike_ep02_d048,scenario_1_kitchen_pm_spike_ep02,scenario_1_kitchen_pm_spike,48,2026-08-01T09:24:00,B,A,88.76000000000008,4.0,8.88888888888889,0.6577777777777778,1.0,1.0,1,77.91314491601656
scenario_1_kitchen_pm_spike_ep02_d048,scenario_1_kitchen_pm_spike_ep02,scenario_1_kitchen_pm_spike,48,2026-08-01T09:24:00,C,A,88.76000000000008,4.0,8.88888888888889,0.6577777777777778,1.0,1.0,1,544.3757043517398
scenario_1_kitchen_pm_spike_ep02_d048,scenario_1_kitchen_pm_spike_ep02,scenario_1_kitchen_pm_spike,48,2026-08-01T09:24:00,D,A,88.76000000000008,5.656854249492381,12.570787221094179,0.9302382543609693,1.0,1.0,1,75.79586663825216
scenario_1_kitchen_pm_spike_ep02_d051,scenario_1_kitchen_pm_spike_ep02,scenario_1_kitchen_pm_spike,51,2026-08-01T09:25:30,A,B,88.52000000000008,4.0,8.88888888888889,0.6577777777777778,1.0,1.0,1,79.41096682268744
scenario_1_kitchen_pm_spike_ep02_d051,scenario_1_kitchen_pm_spike_ep02,scenario_1_kitchen_pm_spike,51,2026-08-01T09:25:30,B,B,88.52000000000008,0.0,0.0,0.0,0.0,1.0,1,79.71909816351103
scenario_1_kitchen_pm_spike_ep02_d051,scenario_1_kitchen_pm_spike_ep02,scenario_1_kitchen_pm_spike,51,2026-08-01T09:25:30,C,B,88.52000000000008,5.656854249492381,12.570787221094179,0.9302382543609693,1.0,1.0,1,516.4426494671875
scenario_1_kitchen_pm_spike_ep02_d051,scenario_1_kitchen_pm_spike_ep02,scenario_1_kitchen_pm_spike,51,2026-08-01T09:25:30,D,B,88.52000000000008,4.0,8.88888888888889,0.6577777777777778,1.0,1.0,1,77.74382795296424
scenario_1_kitchen_pm_spike_ep02_d054,scenario_1_kitchen_pm_spike_ep02,scenario_1_kitchen_pm_spike,54,2026-08-01T09:27:00,A,D,88.28000000000009,5.656854249492381,12.570787221094179,0.9302382543609693,1.0,1.0,1,80.91146551375186
scenario_1_kitchen_pm_spike_ep02_d054,scenario_1_kitchen_pm_spike_ep02,scenario_1_kitchen_pm_spike,54,2026-08-01T09:27:00,B,D,88.28000000000009,4.0,8.88888888888889,0.6577777777777778,1.0,1.0,1,81.2154236023614
scenario_1_kitchen_pm_spike_ep02_d054,scenario_1_kitchen_pm_spike_ep02,scenario_1_kitchen_pm_spike,54,2026-08-01T09:27:00,C,D,88.28000000000009,4.0,8.88888888888889,0.6577777777777778,1.0,1.0,1,490.0976893499201
scenario_1_kitchen_pm_spike_ep02_d054,scenario_1_kitchen_pm_spike_ep02,scenario_1_kitchen_pm_spike,54,2026-08-01T09:27:00,D,D,88.28000000000009,0.0,0.0,0.0,0.0,1.0,1,79.37270572122793
scenario_1_kitchen_pm_spike_ep02_d057,scenario_1_kitchen_pm_spike_ep02,scenario_1_kitchen_pm_spike,57,2026-08-01T09:28:30,A,A,88.04000000000009,0.0,0.0,0.0,0.0,1.0,1,82.12834717320311
scenario_1_kitchen_pm_spike_ep02_d057,scenario_1_kitchen_pm_spike_ep02,scenario_1_kitchen_pm_spike,57,2026-08-01T09:28:30,B,A,88.04000000000009,4.0,8.88888888888889,0.6577777777777778,1.0,1.0,1,82.42753062957149
scenario_1_kitchen_pm_spike_ep02_d057,scenario_1_kitchen_pm_spike_ep02,scenario_1_kitchen_pm_spike,57,2026-08-01T09:28:30,C,A,88.04000000000009,4.0,8.88888888888889,0.6577777777777778,1.0,1.0,1,465.2450377025724
scenario_1_kitchen_pm_spike_ep02_d057,scenario_1_kitchen_pm_spike_ep02,scenario_1_kitchen_pm_spike,57,2026-08-01T09:28:30,D,A,88.04000000000009,5.656854249492381,12.570787221094179,0.9302382543609693,1.0,1.0,1,80.7085352864558
scenario_1_kitchen_pm_spike_ep02_d060,scenario_1_kitchen_pm_spike_ep02,scenario_1_kitchen_pm_spike,60,2026-08-01T09:30:00,A,C,87.8000000000001,4.0,8.88888888888889,0.6577777777777778,1.0,1.0,1,83.08514563670315
scenario_1_kitchen_pm_spike_ep02_d060,scenario_1_kitchen_pm_spike_ep02,scenario_1_kitchen_pm_spike,60,2026-08-01T09:30:00,B,C,87.8000000000001,5.656854249492381,12.570787221094179,0.9302382543609693,1.0,1.0,1,83.37904010523494
scenario_1_kitchen_pm_spike_ep02_d060,scenario_1_kitchen_pm_spike_ep02,scenario_1_kitchen_pm_spike,60,2026-08-01T09:30:00,C,C,87.8000000000001,0.0,0.0,0.0,0.0,1.0,1,441.79486514607777
scenario_1_kitchen_pm_spike_ep02_d060,scenario_1_kitchen_pm_spike_ep02,scenario_1_kitchen_pm_spike,60,2026-08-01T09:30:00,D,C,87.8000000000001,4.0,8.88888888888889,0.6577777777777778,1.0,1.0,1,81.77552221625797
scenario_1_kitchen_pm_spike_ep02_d063,scenario_1_kitchen_pm_spike_ep02,scenario_1_kitchen_pm_spike,63,2026-08-01T09:31:30,A,D,87.5600000000001,5.656854249492381,12.570787221094179,0.9302382543609693,1.0,1.0,1,83.80373370144775
scenario_1_kitchen_pm_spike_ep02_d063,scenario_1_kitchen_pm_spike_ep02,scenario_1_kitchen_pm_spike,63,2026-08-01T09:31:30,B,D,87.5600000000001,4.0,8.88888888888889,0.6577777777777778,1.0,1.0,1,84.0919035673819
scenario_1_kitchen_pm_spike_ep02_d063,scenario_1_kitchen_pm_spike_ep02,scenario_1_kitchen_pm_spike,63,2026-08-01T09:31:30,C,D,87.5600000000001,4.0,8.88888888888889,0.6577777777777778,1.0,1.0,1,419.6629231280824
scenario_1_kitchen_pm_spike_ep02_d063,scenario_1_kitchen_pm_spike_ep02,scenario_1_kitchen_pm_spike,63,2026-08-01T09:31:30,D,D,87.5600000000001,0.0,0.0,0.0,0.0,1.0,1,82.59616422355975
scenario_1_kitchen_pm_spike_ep02_d066,scenario_1_kitchen_pm_spike_ep02,scenario_1_kitchen_pm_spike,66,2026-08-01T09:33:00,A,B,87.3200000000001,4.0,8.88888888888889,0.6577777777777778,1.0,1.0,1,84.30443388815502
scenario_1_kitchen_pm_spike_ep02_d066,scenario_1_kitchen_pm_spike_ep02,scenario_1_kitchen_pm_spike,66,2026-08-01T09:33:00,B,B,87.3200000000001,0.0,0.0,0.0,0.0,1.0,1,84.58651467598816
scenario_1_kitchen_pm_spike_ep02_d066,scenario_1_kitchen_pm_spike_ep02,scenario_1_kitchen_pm_spike,66,2026-08-01T09:33:00,C,B,87.3200000000001,5.656854249492381,12.570787221094179,0.9302382543609693,1.0,1.0,1,398.7701917514187
scenario_1_kitchen_pm_spike_ep02_d066,scenario_1_kitchen_pm_spike_ep02,scenario_1_kitchen_pm_spike,66,2026-08-01T09:33:00,D,B,87.3200000000001,4.0,8.88888888888889,0.6577777777777778,1.0,1.0,1,83.19136513985882
scenario_1_kitchen_pm_spike_ep02_d069,scenario_1_kitchen_pm_spike_ep02,scenario_1_kitchen_pm_spike,69,2026-08-01T09:34:30,A,C,87.08000000000011,4.0,8.88888888888889,0.6577777777777778,1.0,1.0,1,84.60612198609351
scenario_1_kitchen_pm_spike_ep02_d069,scenario_1_kitchen_pm_spike_ep02,scenario_1_kitchen_pm_spike,69,2026-08-01T09:34:30,B,C,87.08000000000011,5.656854249492381,12.570787221094179,0.9302382543609693,1.0,1.0,1,84.8818133878483
scenario_1_kitchen_pm_spike_ep02_d069,scenario_1_kitchen_pm_spike_ep02,scenario_1_kitchen_pm_spike,69,2026-08-01T09:34:30,C,C,87.08000000000011,0.0,0.0,0.0,0.0,1.0,1,379.0425499957522
scenario_1_kitchen_pm_spike_ep02_d069,scenario_1_kitchen_pm_spike_ep02,scenario_1_kitchen_pm_spike,69,2026-08-01T09:34:30,D,C,87.08000000000011,4.0,8.88888888888889,0.6577777777777778,1.0,1.0,1,83.58054145387723
scenario_1_kitchen_pm_spike_ep02_d072,scenario_1_kitchen_pm_spike_ep02,scenario_1_kitchen_pm_spike,72,2026-08-01T09:36:00,A,A,86.84000000000012,0.0,0.0,0.0,0.0,1.0,1,84.72632384671351
scenario_1_kitchen_pm_spike_ep02_d072,scenario_1_kitchen_pm_spike_ep02,scenario_1_kitchen_pm_spike,72,2026-08-01T09:36:00,B,A,86.84000000000012,4.0,8.88888888888889,0.6577777777777778,1.0,1.0,1,84.99538333173223
scenario_1_kitchen_pm_spike_ep02_d072,scenario_1_kitchen_pm_spike_ep02,scenario_1_kitchen_pm_spike,72,2026-08-01T09:36:00,C,A,86.84000000000012,4.0,8.88888888888889,0.6577777777777778,1.0,1.0,1,360.4104669030868
scenario_1_kitchen_pm_spike_ep02_d072,scenario_1_kitchen_pm_spike_ep02,scenario_1_kitchen_pm_spike,72,2026-08-01T09:36:00,D,A,86.84000000000012,5.656854249492381,12.570787221094179,0.9302382543609693,1.0,1.0,1,83.78172189582097
scenario_1_kitchen_pm_spike_ep02_d075,scenario_1_kitchen_pm_spike_ep02,scenario_1_kitchen_pm_spike,75,2026-08-01T09:37:30,A,B,86.60000000000012,4.0,8.88888888888889,0.6577777777777778,1.0,1.0,1,84.68130586163716
scenario_1_kitchen_pm_spike_ep02_d075,scenario_1_kitchen_pm_spike_ep02,scenario_1_kitchen_pm_spike,75,2026-08-01T09:37:30,B,B,86.60000000000012,0.0,0.0,0.0,0.0,1.0,1,84.943542823097
scenario_1_kitchen_pm_spike_ep02_d075,scenario_1_kitchen_pm_spike_ep02,scenario_1_kitchen_pm_spike,75,2026-08-01T09:37:30,C,B,86.60000000000012,5.656854249492381,12.570787221094179,0.9302382543609693,1.0,1.0,1,342.80871238930524
scenario_1_kitchen_pm_spike_ep02_d075,scenario_1_kitchen_pm_spike_ep02,scenario_1_kitchen_pm_spike,75,2026-08-01T09:37:30,D,B,86.60000000000012,4.0,8.88888888888889,0.6577777777777778,1.0,1.0,1,83.8116405166104
scenario_1_kitchen_pm_spike_ep02_d078,scenario_1_kitchen_pm_spike_ep02,scenario_1_kitchen_pm_spike,78,2026-08-01T09:39:00,A,D,86.36000000000013,5.656854249492381,12.570787221094179,0.9302382543609693,1.0,1.0,1,84.48615953268404
scenario_1_kitchen_pm_spike_ep02_d078,scenario_1_kitchen_pm_spike_ep02,scenario_1_kitchen_pm_spike,78,2026-08-01T09:39:00,B,D,86.36000000000013,4.0,8.88888888888889,0.6577777777777778,1.0,1.0,1,84.74142992933457
scenario_1_kitchen_pm_spike_ep02_d078,scenario_1_kitchen_pm_spike_ep02,scenario_1_kitchen_pm_spike,78,2026-08-01T09:39:00,C,D,86.36000000000013,4.0,8.88888888888889,0.6577777777777778,1.0,1.0,1,326.17608642940263
scenario_1_kitchen_pm_spike_ep02_d078,scenario_1_kitchen_pm_spike_ep02,scenario_1_kitchen_pm_spike,78,2026-08-01T09:39:00,D,D,86.36000000000013,0.0,0.0,0.0,0.0,1.0,1,83.68582368250532
scenario_1_kitchen_pm_spike_ep02_d081,scenario_1_kitchen_pm_spike_ep02,scenario_1_kitchen_pm_spike,81,2026-08-01T09:40:30,A,A,86.12000000000013,0.0,0.0,0.0,0.0,1.0,1,84.15488051547163
scenario_1_kitchen_pm_spike_ep02_d081,scenario_1_kitchen_pm_spike_ep02,scenario_1_kitchen_pm_spike,81,2026-08-01T09:40:30,B,A,86.12000000000013,4.0,8.88888888888889,0.6577777777777778,1.0,1.0,1,84.40308197015088
scenario_1_kitchen_pm_spike_ep02_d081,scenario_1_kitchen_pm_spike_ep02,scenario_1_kitchen_pm_spike,81,2026-08-01T09:40:30,C,A,86.12000000000013,4.0,8.88888888888889,0.6577777777777778,1.0,1.0,1,310.4551654441916
scenario_1_kitchen_pm_spike_ep02_d081,scenario_1_kitchen_pm_spike_ep02,scenario_1_kitchen_pm_spike,81,2026-08-01T09:40:30,D,A,86.12000000000013,5.656854249492381,12.570787221094179,0.9302382543609693,1.0,1.0,1,83.41867137853092
scenario_1_kitchen_pm_spike_ep02_d084,scenario_1_kitchen_pm_spike_ep02,scenario_1_kitchen_pm_spike,84,2026-08-01T09:42:00,A,C,85.88000000000014,4.0,8.88888888888889,0.6577777777777778,1.0,1.0,1,83.70044249355385
scenario_1_kitchen_pm_spike_ep02_d084,scenario_1_kitchen_pm_spike_ep02,scenario_1_kitchen_pm_spike,84,2026-08-01T09:42:00,B,C,85.88000000000014,5.656854249492381,12.570787221094179,0.9302382543609693,1.0,1.0,1,83.941509812871
scenario_1_kitchen_pm_spike_ep02_d084,scenario_1_kitchen_pm_spike_ep02,scenario_1_kitchen_pm_spike,84,2026-08-01T09:42:00,C,C,85.88000000000014,0.0,0.0,0.0,0.0,1.0,1,295.5920647911622
scenario_1_kitchen_pm_spike_ep02_d084,scenario_1_kitchen_pm_spike_ep02,scenario_1_kitchen_pm_spike,84,2026-08-01T09:42:00,D,C,85.88000000000014,4.0,8.88888888888889,0.6577777777777778,1.0,1.0,1,83.02353318875998
scenario_1_kitchen_pm_spike_ep02_d087,scenario_1_kitchen_pm_spike_ep02,scenario_1_kitchen_pm_spike,87,2026-08-01T09:43:30,A,D,85.64000000000014,5.656854249492381,12.570787221094179,0.9302382543609693,1.0,1.0,1,83.13486621717254
scenario_1_kitchen_pm_spike_ep02_d087,scenario_1_kitchen_pm_spike_ep02,scenario_1_kitchen_pm_spike,87,2026-08-01T09:43:30,B,D,85.64000000000014,4.0,8.88888888888889,0.6577777777777778,1.0,1.0,1,83.36876729938945
scenario_1_kitchen_pm_spike_ep02_d087,scenario_1_kitchen_pm_spike_ep02,scenario_1_kitchen_pm_spike,87,2026-08-01T09:43:30,C,D,85.64000000000014,4.0,8.88888888888889,0.6577777777777778,1.0,1.0,1,281.5362163323796
scenario_1_kitchen_pm_spike_ep02_d087,scenario_1_kitchen_pm_spike_ep02,scenario_1_kitchen_pm_spike,87,2026-08-01T09:43:30,D,D,85.64000000000014,0.0,0.0,0.0,0.0,1.0,1,82.51277929786409
scenario_1_kitchen_pm_spike_ep03_d012,scenario_1_kitchen_pm_spike_ep03,scenario_1_kitchen_pm_spike,12,2026-08-01T09:06:00,A,D,90.94000000000003,5.656854249492381,12.570787221094179,0.9302382543609693,1.0,1.0,1,27.713613244386465
scenario_1_kitchen_pm_spike_ep03_d012,scenario_1_kitchen_pm_spike_ep03,scenario_1_kitchen_pm_spike,12,2026-08-01T09:06:00,B,D,90.94000000000003,4.0,8.88888888888889,0.6577777777777778,1.0,1.0,1,11.107973779436975
scenario_1_kitchen_pm_spike_ep03_d012,scenario_1_kitchen_pm_spike_ep03,scenario_1_kitchen_pm_spike,12,2026-08-01T09:06:00,C,D,90.94000000000003,4.0,8.88888888888889,0.6577777777777778,1.0,1.0,1,221.11715734045606
scenario_1_kitchen_pm_spike_ep03_d012,scenario_1_kitchen_pm_spike_ep03,scenario_1_kitchen_pm_spike,12,2026-08-01T09:06:00,D,D,90.94000000000003,0.0,0.0,0.0,0.0,1.0,1,32.236122552284314
scenario_1_kitchen_pm_spike_ep03_d015,scenario_1_kitchen_pm_spike_ep03,scenario_1_kitchen_pm_spike,15,2026-08-01T09:07:30,A,A,90.70000000000003,0.0,0.0,0.0,0.0,1.0,1,29.47543251764432
scenario_1_kitchen_pm_spike_ep03_d015,scenario_1_kitchen_pm_spike_ep03,scenario_1_kitchen_pm_spike,15,2026-08-01T09:07:30,B,A,90.70000000000003,4.0,8.88888888888889,0.6577777777777778,1.0,1.0,1,13.847591857052066
scenario_1_kitchen_pm_spike_ep03_d015,scenario_1_kitchen_pm_spike_ep03,scenario_1_kitchen_pm_spike,15,2026-08-01T09:07:30,C,A,90.70000000000003,4.0,8.88888888888889,0.6577777777777778,1.0,1.0,1,338.39383387377586
scenario_1_kitchen_pm_spike_ep03_d015,scenario_1_kitchen_pm_spike_ep03,scenario_1_kitchen_pm_spike,15,2026-08-01T09:07:30,D,A,90.70000000000003,5.656854249492381,12.570787221094179,0.9302382543609693,1.0,1.0,1,33.71411020790333
scenario_1_kitchen_pm_spike_ep03_d018,scenario_1_kitchen_pm_spike_ep03,scenario_1_kitchen_pm_spike,18,2026-08-01T09:09:00,A,C,90.46000000000004,4.0,8.88888888888889,0.6577777777777778,1.0,1.0,1,32.20702589045504
scenario_1_kitchen_pm_spike_ep03_d018,scenario_1_kitchen_pm_spike_ep03,scenario_1_kitchen_pm_spike,18,2026-08-01T09:09:00,B,C,90.46000000000004,5.656854249492381,12.570787221094179,0.9302382543609693,1.0,1.0,1,17.499124320238025
scenario_1_kitchen_pm_spike_ep03_d018,scenario_1_kitchen_pm_spike_ep03,scenario_1_kitchen_pm_spike,18,2026-08-01T09:09:00,C,C,90.46000000000004,0.0,0.0,0.0,0.0,1.0,1,473.5639455215028
scenario_1_kitchen_pm_spike_ep03_d018,scenario_1_kitchen_pm_spike_ep03,scenario_1_kitchen_pm_spike,18,2026-08-01T09:09:00,D,C,90.46000000000004,4.0,8.88888888888889,0.6577777777777778,1.0,1.0,1,36.17973173061068
scenario_1_kitchen_pm_spike_ep03_d021,scenario_1_kitchen_pm_spike_ep03,scenario_1_kitchen_pm_spike,21,2026-08-01T09:10:30,A,D,90.22000000000004,5.656854249492381,12.570787221094179,0.9302382543609693,1.0,1.0,1,35.46713594366088
scenario_1_kitchen_pm_spike_ep03_d021,scenario_1_kitchen_pm_spike_ep03,scenario_1_kitchen_pm_spike,21,2026-08-01T09:10:30,B,D,90.22000000000004,4.0,8.88888888888889,0.6577777777777778,1.0,1.0,1,21.624754720212877
scenario_1_kitchen_pm_spike_ep03_d021,scenario_1_kitchen_pm_spike_ep03,scenario_1_kitchen_pm_spike,21,2026-08-01T09:10:30,C,D,90.22000000000004,4.0,8.88888888888889,0.6577777777777778,1.0,1.0,1,573.3842844641637
scenario_1_kitchen_pm_spike_ep03_d021,scenario_1_kitchen_pm_spike_ep03,scenario_1_kitchen_pm_spike,21,2026-08-01T09:10:30,D,D,90.22000000000004,0.0,0.0,0.0,0.0,1.0,1,39.190603243852365
scenario_1_kitchen_pm_spike_ep03_d024,scenario_1_kitchen_pm_spike_ep03,scenario_1_kitchen_pm_spike,24,2026-08-01T09:12:00,A,B,89.98000000000005,4.0,8.88888888888889,0.6577777777777778,1.0,1.0,1,39.36383268076338
scenario_1_kitchen_pm_spike_ep03_d024,scenario_1_kitchen_pm_spike_ep03,scenario_1_kitchen_pm_spike,24,2026-08-01T09:12:00,B,B,89.98000000000005,0.0,0.0,0.0,0.0,1.0,1,26.33578835313392
scenario_1_kitchen_pm_spike_ep03_d024,scenario_1_kitchen_pm_spike_ep03,scenario_1_kitchen_pm_spike,24,2026-08-01T09:12:00,C,B,89.98000000000005,5.656854249492381,12.570787221094179,0.9302382543609693,1.0,1.0,1,641.1273647737777
scenario_1_kitchen_pm_spike_ep03_d024,scenario_1_kitchen_pm_spike_ep03,scenario_1_kitchen_pm_spike,24,2026-08-01T09:12:00,D,B,89.98000000000005,4.0,8.88888888888889,0.6577777777777778,1.0,1.0,1,42.85373949278028
scenario_1_kitchen_pm_spike_ep03_d027,scenario_1_kitchen_pm_spike_ep03,scenario_1_kitchen_pm_spike,27,2026-08-01T09:13:30,A,C,89.74000000000005,4.0,8.88888888888889,0.6577777777777778,1.0,1.0,1,43.57431987150176
scenario_1_kitchen_pm_spike_ep03_d027,scenario_1_kitchen_pm_spike_ep03,scenario_1_kitchen_pm_spike,27,2026-08-01T09:13:30,B,C,89.74000000000005,5.656854249492381,12.570787221094179,0.9302382543609693,1.0,1.0,1,31.312470960212295
scenario_1_kitchen_pm_spike_ep03_d027,scenario_1_kitchen_pm_spike_ep03,scenario_1_kitchen_pm_spike,27,2026-08-01T09:13:30,C,C,89.74000000000005,0.0,0.0,0.0,0.0,1.0,1,675.9671075705976
scenario_1_kitchen_pm_spike_ep03_d027,scenario_1_kitchen_pm_spike_ep03,scenario_1_kitchen_pm_spike,27,2026-08-01T09:13:30,D,C,89.74000000000005,4.0,8.88888888888889,0.6577777777777778,1.0,1.0,1,46.845355679064824
scenario_1_kitchen_pm_spike_ep03_d030,scenario_1_kitchen_pm_spike_ep03,scenario_1_kitchen_pm_spike,30,2026-08-01T09:15:00,A,A,89.50000000000006,0.0,0.0,0.0,0.0,1.0,1,48.67925829684168
scenario_1_kitchen_pm_spike_ep03_d030,scenario_1_kitchen_pm_spike_ep03,scenario_1_kitchen_pm_spike,30,2026-08-01T09:15:00,B,A,89.50000000000006,4.0,8.88888888888889,0.6577777777777778,1.0,1.0,1,37.138323583163356
scenario_1_kitchen_pm_spike_ep03_d030,scenario_1_kitchen_pm_spike_ep03,scenario_1_kitchen_pm_spike,30,2026-08-01T09:15:00,C,A,89.50000000000006,4.0,8.88888888888889,0.6577777777777778,1.0,1.0,1,710.5084792510588
scenario_1_kitchen_pm_spike_ep03_d030,scenario_1_kitchen_pm_spike_ep03,scenario_1_kitchen_pm_spike,30,2026-08-01T09:15:00,D,A,89.50000000000006,5.656854249492381,12.570787221094179,0.9302382543609693,1.0,1.0,1,51.745186483127554
scenario_1_kitchen_pm_spike_ep03_d033,scenario_1_kitchen_pm_spike_ep03,scenario_1_kitchen_pm_spike,33,2026-08-01T09:16:30,A,B,89.26000000000006,4.0,8.88888888888889,0.6577777777777778,1.0,1.0,1,52.957265767222225
scenario_1_kitchen_pm_spike_ep03_d033,scenario_1_kitchen_pm_spike_ep03,scenario_1_kitchen_pm_spike,33,2026-08-01T09:16:30,B,B,89.26000000000006,0.0,0.0,0.0,0.0,1.0,1,42.094653492077214
scenario_1_kitchen_pm_spike_ep03_d033,scenario_1_kitchen_pm_spike_ep03,scenario_1_kitchen_pm_spike,33,2026-08-01T09:16:30,C,B,89.26000000000006,5.656854249492381,12.570787221094179,0.9302382543609693,1.0,1.0,1,680.943465970309
scenario_1_kitchen_pm_spike_ep03_d033,scenario_1_kitchen_pm_spike_ep03,scenario_1_kitchen_pm_spike,33,2026-08-01T09:16:30,D,B,89.26000000000006,4.0,8.88888888888889,0.6577777777777778,1.0,1.0,1,55.8309821274629
scenario_1_kitchen_pm_spike_ep03_d036,scenario_1_kitchen_pm_spike_ep03,scenario_1_kitchen_pm_spike,36,2026-08-01T09:18:00,A,D,89.02000000000007,5.656854249492381,12.570787221094179,0.9302382543609693,1.0,1.0,1,56.863741634101416
scenario_1_kitchen_pm_spike_ep03_d036,scenario_1_kitchen_pm_spike_ep03,scenario_1_kitchen_pm_spike,36,2026-08-01T09:18:00,B,D,89.02000000000007,4.0,8.88888888888889,0.6577777777777778,1.0,1.0,1,46.639388948315855
scenario_1_kitchen_pm_spike_ep03_d036,scenario_1_kitchen_pm_spike_ep03,scenario_1_kitchen_pm_spike,36,2026-08-01T09:18:00,C,D,89.02000000000007,4.0,8.88888888888889,0.6577777777777778,1.0,1.0,1,644.8108628770724
scenario_1_kitchen_pm_spike_ep03_d036,scenario_1_kitchen_pm_spike_ep03,scenario_1_kitchen_pm_spike,36,2026-08-01T09:18:00,D,D,89.02000000000007,0.0,0.0,0.0,0.0,1.0,1,59.55732918409444
scenario_1_kitchen_pm_spike_ep03_d039,scenario_1_kitchen_pm_spike_ep03,scenario_1_kitchen_pm_spike,39,2026-08-01T09:19:30,A,A,88.78000000000007,0.0,0.0,0.0,0.0,1.0,1,60.31198460297105
scenario_1_kitchen_pm_spike_ep03_d039,scenario_1_kitchen_pm_spike_ep03,scenario_1_kitchen_pm_spike,39,2026-08-01T09:19:30,B,A,88.78000000000007,4.0,8.88888888888889,0.6577777777777778,1.0,1.0,1,50.68820665046792
scenario_1_kitchen_pm_spike_ep03_d039,scenario_1_kitchen_pm_spike_ep03,scenario_1_kitchen_pm_spike,39,2026-08-01T09:19:30,C,A,88.78000000000007,4.0,8.88888888888889,0.6577777777777778,1.0,1.0,1,610.7751490504623
scenario_1_kitchen_pm_spike_ep03_d039,scenario_1_kitchen_pm_spike_ep03,scenario_1_kitchen_pm_spike,39,2026-08-01T09:19:30,D,A,88.78000000000007,5.656854249492381,12.570787221094179,0.9302382543609693,1.0,1.0,1,62.83676491837946
scenario_1_kitchen_pm_spike_ep03_d042,scenario_1_kitchen_pm_spike_ep03,scenario_1_kitchen_pm_spike,42,2026-08-01T09:21:00,A,C,88.54000000000008,4.0,8.88888888888889,0.6577777777777778,1.0,1.0,1,63.337325621031596
scenario_1_kitchen_pm_spike_ep03_d042,scenario_1_kitchen_pm_spike_ep03,scenario_1_kitchen_pm_spike,42,2026-08-01T09:21:00,B,C,88.54000000000008,5.656854249492381,12.570787221094179,0.9302382543609693,1.0,1.0,1,54.278673674074525
scenario_1_kitchen_pm_spike_ep03_d042,scenario_1_kitchen_pm_spike_ep03,scenario_1_kitchen_pm_spike,42,2026-08-01T09:21:00,C,C,88.54000000000008,0.0,0.0,0.0,0.0,1.0,1,578.7084686986478
scenario_1_kitchen_pm_spike_ep03_d042,scenario_1_kitchen_pm_spike_ep03,scenario_1_kitchen_pm_spike,42,2026-08-01T09:21:00,D,C,88.54000000000008,4.0,8.88888888888889,0.6577777777777778,1.0,1.0,1,65.70390692744331
scenario_1_kitchen_pm_spike_ep03_d045,scenario_1_kitchen_pm_spike_ep03,scenario_1_kitchen_pm_spike,45,2026-08-01T09:22:30,A,D,88.30000000000008,5.656854249492381,12.570787221094179,0.9302382543609693,1.0,1.0,1,65.97265968137344
scenario_1_kitchen_pm_spike_ep03_d045,scenario_1_kitchen_pm_spike_ep03,scenario_1_kitchen_pm_spike,45,2026-08-01T09:22:30,B,D,88.30000000000008,4.0,8.88888888888889,0.6577777777777778,1.0,1.0,1,57.44578778217965
scenario_1_kitchen_pm_spike_ep03_d045,scenario_1_kitchen_pm_spike_ep03,scenario_1_kitchen_pm_spike,45,2026-08-01T09:22:30,C,D,88.30000000000008,4.0,8.88888888888889,0.6577777777777778,1.0,1.0,1,548.4909595165368
scenario_1_kitchen_pm_spike_ep03_d045,scenario_1_kitchen_pm_spike_ep03,scenario_1_kitchen_pm_spike,45,2026-08-01T09:22:30,D,D,88.30000000000008,0.0,0.0,0.0,0.0,1.0,1,68.19098190114028
scenario_1_kitchen_pm_spike_ep03_d048,scenario_1_kitchen_pm_spike_ep03,scenario_1_kitchen_pm_spike,48,2026-08-01T09:24:00,A,B,88.06000000000009,4.0,8.88888888888889,0.6577777777777778,1.0,1.0,1,68.24860687844239
scenario_1_kitchen_pm_spike_ep03_d048,scenario_1_kitchen_pm_spike_ep03,scenario_1_kitchen_pm_spike,48,2026-08-01T09:24:00,B,B,88.06000000000009,0.0,0.0,0.0,0.0,1.0,1,60.222146474511874
scenario_1_kitchen_pm_spike_ep03_d048,scenario_1_kitchen_pm_spike_ep03,scenario_1_kitchen_pm_spike,48,2026-08-01T09:24:00,C,B,88.06000000000009,5.656854249492381,12.570787221094179,0.9302382543609693,1.0,1.0,1,520.0102467772198
scenario_1_kitchen_pm_spike_ep03_d048,scenario_1_kitchen_pm_spike_ep03,scenario_1_kitchen_pm_spike,48,2026-08-01T09:24:00,D,B,88.06000000000009,4.0,8.88888888888889,0.6577777777777778,1.0,1.0,1,70.32798382720148
scenario_1_kitchen_pm_spike_ep03_d051,scenario_1_kitchen_pm_spike_ep03,scenario_1_kitchen_pm_spike,51,2026-08-01T09:25:30,A,C,87.82000000000009,4.0,8.88888888888889,0.6577777777777778,1.0,1.0,1,70.19366299984699
scenario_1_kitchen_pm_spike_ep03_d051,scenario_1_kitchen_pm_spike_ep03,scenario_1_kitchen_pm_spike,51,2026-08-01T09:25:30,B,C,87.82000000000009,5.656854249492381,12.570787221094179,0.9302382543609693,1.0,1.0,1,62.638105091443094
scenario_1_kitchen_pm_spike_ep03_d051,scenario_1_kitchen_pm_spike_ep03,scenario_1_kitchen_pm_spike,51,2026-08-01T09:25:30,C,C,87.82000000000009,0.0,0.0,0.0,0.0,1.0,1,493.1609696349809
scenario_1_kitchen_pm_spike_ep03_d051,scenario_1_kitchen_pm_spike_ep03,scenario_1_kitchen_pm_spike,51,2026-08-01T09:25:30,D,C,87.82000000000009,4.0,8.88888888888889,0.6577777777777778,1.0,1.0,1,72.14282191341772
scenario_1_kitchen_pm_spike_ep03_d054,scenario_1_kitchen_pm_spike_ep03,scenario_1_kitchen_pm_spike,54,2026-08-01T09:27:00,A,A,87.5800000000001,0.0,0.0,0.0,0.0,1.0,1,71.83434032924129
scenario_1_kitchen_pm_spike_ep03_d054,scenario_1_kitchen_pm_spike_ep03,scenario_1_kitchen_pm_spike,54,2026-08-01T09:27:00,B,A,87.5800000000001,4.0,8.88888888888889,0.6577777777777778,1.0,1.0,1,64.72192467657601
scenario_1_kitchen_pm_spike_ep03_d054,scenario_1_kitchen_pm_spike_ep03,scenario_1_kitchen_pm_spike,54,2026-08-01T09:27:00,C,A,87.5800000000001,4.0,8.88888888888889,0.6577777777777778,1.0,1.0,1,467.8443375827492
scenario_1_kitchen_pm_spike_ep03_d054,scenario_1_kitchen_pm_spike_ep03,scenario_1_kitchen_pm_spike,54,2026-08-01T09:27:00,D,A,87.5800000000001,5.656854249492381,12.570787221094179,0.9302382543609693,1.0,1.0,1,73.66145889007225
scenario_1_kitchen_pm_spike_ep03_d057,scenario_1_kitchen_pm_spike_ep03,scenario_1_kitchen_pm_spike,57,2026-08-01T09:28:30,A,B,87.3400000000001,4.0,8.88888888888889,0.6577777777777778,1.0,1.0,1,73.19529929155146
scenario_1_kitchen_pm_spike_ep03_d057,scenario_1_kitchen_pm_spike_ep03,scenario_1_kitchen_pm_spike,57,2026-08-01T09:28:30,B,B,87.3400000000001,0.0,0.0,0.0,0.0,1.0,1,66.49991025666054
scenario_1_kitchen_pm_spike_ep03_d057,scenario_1_kitchen_pm_spike_ep03,scenario_1_kitchen_pm_spike,57,2026-08-01T09:28:30,C,B,87.3400000000001,5.656854249492381,12.570787221094179,0.9302382543609693,1.0,1.0,1,443.96771513846033
scenario_1_kitchen_pm_spike_ep03_d057,scenario_1_kitchen_pm_spike_ep03,scenario_1_kitchen_pm_spike,57,2026-08-01T09:28:30,D,B,87.3400000000001,4.0,8.88888888888889,0.6577777777777778,1.0,1.0,1,74.90804031321682
scenario_1_kitchen_pm_spike_ep03_d060,scenario_1_kitchen_pm_spike_ep03,scenario_1_kitchen_pm_spike,60,2026-08-01T09:30:00,A,D,87.10000000000011,5.656854249492381,12.570787221094179,0.9302382543609693,1.0,1.0,1,74.29947153135276
scenario_1_kitchen_pm_spike_ep03_d060,scenario_1_kitchen_pm_spike_ep03,scenario_1_kitchen_pm_spike,60,2026-08-01T09:30:00,B,D,87.10000000000011,4.0,8.88888888888889,0.6577777777777778,1.0,1.0,1,67.99654015530223
scenario_1_kitchen_pm_spike_ep03_d060,scenario_1_kitchen_pm_spike_ep03,scenario_1_kitchen_pm_spike,60,2026-08-01T09:30:00,C,D,87.10000000000011,4.0,8.88888888888889,0.6577777777777778,1.0,1.0,1,421.4442329579218
scenario_1_kitchen_pm_spike_ep03_d060,scenario_1_kitchen_pm_spike_ep03,scenario_1_kitchen_pm_spike,60,2026-08-01T09:30:00,D,D,87.10000000000011,0.0,0.0,0.0,0.0,1.0,1,75.90501544946255
scenario_1_kitchen_pm_spike_ep03_d063,scenario_1_kitchen_pm_spike_ep03,scenario_1_kitchen_pm_spike,63,2026-08-01T09:31:30,A,A,86.86000000000011,0.0,0.0,0.0,0.0,1.0,1,75.16817497713009
scenario_1_kitchen_pm_spike_ep03_d063,scenario_1_kitchen_pm_spike_ep03,scenario_1_kitchen_pm_spike,63,2026-08-01T09:31:30,B,A,86.86000000000011,4.0,8.88888888888889,0.6577777777777778,1.0,1.0,1,69.23458691740757
scenario_1_kitchen_pm_spike_ep03_d063,scenario_1_kitchen_pm_spike_ep03,scenario_1_kitchen_pm_spike,63,2026-08-01T09:31:30,C,A,86.86000000000011,4.0,8.88888888888889,0.6577777777777778,1.0,1.0,1,400.1924236870898
scenario_1_kitchen_pm_spike_ep03_d063,scenario_1_kitchen_pm_spike_ep03,scenario_1_kitchen_pm_spike,63,2026-08-01T09:31:30,D,A,86.86000000000011,5.656854249492381,12.570787221094179,0.9302382543609693,1.0,1.0,1,76.67325028565938
scenario_1_kitchen_pm_spike_ep03_d066,scenario_1_kitchen_pm_spike_ep03,scenario_1_kitchen_pm_spike,66,2026-08-01T09:33:00,A,C,86.62000000000012,4.0,8.88888888888889,0.6577777777777778,1.0,1.0,1,75.82122140868182
scenario_1_kitchen_pm_spike_ep03_d066,scenario_1_kitchen_pm_spike_ep03,scenario_1_kitchen_pm_spike,66,2026-08-01T09:33:00,B,C,86.62000000000012,5.656854249492381,12.570787221094179,0.9302382543609693,1.0,1.0,1,70.23523038428357
scenario_1_kitchen_pm_spike_ep03_d066,scenario_1_kitchen_pm_spike_ep03,scenario_1_kitchen_pm_spike,66,2026-08-01T09:33:00,C,C,86.62000000000012,0.0,0.0,0.0,0.0,1.0,1,380.13588097454783
scenario_1_kitchen_pm_spike_ep03_d066,scenario_1_kitchen_pm_spike_ep03,scenario_1_kitchen_pm_spike,66,2026-08-01T09:33:00,D,C,86.62000000000012,4.0,8.88888888888889,0.6577777777777778,1.0,1.0,1,77.23213317187901
scenario_1_kitchen_pm_spike_ep03_d069,scenario_1_kitchen_pm_spike_ep03,scenario_1_kitchen_pm_spike,69,2026-08-01T09:34:30,A,D,86.38000000000012,5.656854249492381,12.570787221094179,0.9302382543609693,1.0,1.0,1,76.27701701163778
scenario_1_kitchen_pm_spike_ep03_d069,scenario_1_kitchen_pm_spike_ep03,scenario_1_kitchen_pm_spike,69,2026-08-01T09:34:30,B,D,86.38000000000012,4.0,8.88888888888889,0.6577777777777778,1.0,1.0,1,71.01816342467532
scenario_1_kitchen_pm_spike_ep03_d069,scenario_1_kitchen_pm_spike_ep03,scenario_1_kitchen_pm_spike,69,2026-08-01T09:34:30,C,D,86.38000000000012,4.0,8.88888888888889,0.6577777777777778,1.0,1.0,1,361.2029401659514
scenario_1_kitchen_pm_spike_ep03_d069,scenario_1_kitchen_pm_spike_ep03,scenario_1_kitchen_pm_spike,69,2026-08-01T09:34:30,D,D,86.38000000000012,0.0,0.0,0.0,0.0,1.0,1,77.59967357341452
scenario_1_kitchen_pm_spike_ep03_d072,scenario_1_kitchen_pm_spike_ep03,scenario_1_kitchen_pm_spike,72,2026-08-01T09:36:00,A,B,86.14000000000013,4.0,8.88888888888889,0.6577777777777778,1.0,1.0,1,76.55265637196271
scenario_1_kitchen_pm_spike_ep03_d072,scenario_1_kitchen_pm_spike_ep03,scenario_1_kitchen_pm_spike,72,2026-08-01T09:36:00,B,B,86.14000000000013,0.0,0.0,0.0,0.0,1.0,1,71.60169079462662
scenario_1_kitchen_pm_spike_ep03_d072,scenario_1_kitchen_pm_spike_ep03,scenario_1_kitchen_pm_spike,72,2026-08-01T09:36:00,C,B,86.14000000000013,5.656854249492381,12.570787221094179,0.9302382543609693,1.0,1.0,1,343.3263792967434
scenario_1_kitchen_pm_spike_ep03_d072,scenario_1_kitchen_pm_spike_ep03,scenario_1_kitchen_pm_spike,72,2026-08-01T09:36:00,D,B,86.14000000000013,4.0,8.88888888888889,0.6577777777777778,1.0,1.0,1,77.79259437693327
scenario_1_kitchen_pm_spike_ep03_d075,scenario_1_kitchen_pm_spike_ep03,scenario_1_kitchen_pm_spike,75,2026-08-01T09:37:30,A,C,85.90000000000013,4.0,8.88888888888889,0.6577777777777778,1.0,1.0,1,76.6640103341714
scenario_1_kitchen_pm_spike_ep03_d075,scenario_1_kitchen_pm_spike_ep03,scenario_1_kitchen_pm_spike,75,2026-08-01T09:37:30,B,C,85.90000000000013,5.656854249492381,12.570787221094179,0.9302382543609693,1.0,1.0,1,72.0028215686923
scenario_1_kitchen_pm_spike_ep03_d075,scenario_1_kitchen_pm_spike_ep03,scenario_1_kitchen_pm_spike,75,2026-08-01T09:37:30,C,C,85.90000000000013,0.0,0.0,0.0,0.0,1.0,1,326.4431390879122
scenario_1_kitchen_pm_spike_ep03_d075,scenario_1_kitchen_pm_spike_ep03,scenario_1_kitchen_pm_spike,75,2026-08-01T09:37:30,D,C,85.90000000000013,4.0,8.88888888888889,0.6577777777777778,1.0,1.0,1,77.82641816726664
scenario_1_kitchen_pm_spike_ep03_d078,scenario_1_kitchen_pm_spike_ep03,scenario_1_kitchen_pm_spike,78,2026-08-01T09:39:00,A,A,85.66000000000014,0.0,0.0,0.0,0.0,1.0,1,76.62580811975647
scenario_1_kitchen_pm_spike_ep03_d078,scenario_1_kitchen_pm_spike_ep03,scenario_1_kitchen_pm_spike,78,2026-08-01T09:39:00,B,A,85.66000000000014,4.0,8.88888888888889,0.6577777777777778,1.0,1.0,1,72.2373555566511
scenario_1_kitchen_pm_spike_ep03_d078,scenario_1_kitchen_pm_spike_ep03,scenario_1_kitchen_pm_spike,78,2026-08-01T09:39:00,C,A,85.66000000000014,4.0,8.88888888888889,0.6577777777777778,1.0,1.0,1,310.4940607323747
scenario_1_kitchen_pm_spike_ep03_d078,scenario_1_kitchen_pm_spike_ep03,scenario_1_kitchen_pm_spike,78,2026-08-01T09:39:00,D,A,85.66000000000014,5.656854249492381,12.570787221094179,0.9302382543609693,1.0,1.0,1,77.71554786455476
scenario_1_kitchen_pm_spike_ep03_d081,scenario_1_kitchen_pm_spike_ep03,scenario_1_kitchen_pm_spike,81,2026-08-01T09:40:30,A,B,85.42000000000014,4.0,8.88888888888889,0.6577777777777778,1.0,1.0,1,76.45171407679288
scenario_1_kitchen_pm_spike_ep03_d081,scenario_1_kitchen_pm_spike_ep03,scenario_1_kitchen_pm_spike,81,2026-08-01T09:40:30,B,B,85.42000000000014,0.0,0.0,0.0,0.0,1.0,1,72.31996409327746
scenario_1_kitchen_pm_spike_ep03_d081,scenario_1_kitchen_pm_spike_ep03,scenario_1_kitchen_pm_spike,81,2026-08-01T09:40:30,C,B,85.42000000000014,5.656854249492381,12.570787221094179,0.9302382543609693,1.0,1.0,1,295.42364033708066
scenario_1_kitchen_pm_spike_ep03_d081,scenario_1_kitchen_pm_spike_ep03,scenario_1_kitchen_pm_spike,81,2026-08-01T09:40:30,D,B,85.42000000000014,4.0,8.88888888888889,0.6577777777777778,1.0,1.0,1,77.47334208636119
scenario_1_kitchen_pm_spike_ep03_d084,scenario_1_kitchen_pm_spike_ep03,scenario_1_kitchen_pm_spike,84,2026-08-01T09:42:00,A,D,85.18000000000015,5.656854249492381,12.570787221094179,0.9302382543609693,1.0,1.0,1,76.1543994078504
scenario_1_kitchen_pm_spike_ep03_d084,scenario_1_kitchen_pm_spike_ep03,scenario_1_kitchen_pm_spike,84,2026-08-01T09:42:00,B,D,85.18000000000015,4.0,8.88888888888889,0.6577777777777778,1.0,1.0,1,72.26426556387833
scenario_1_kitchen_pm_spike_ep03_d084,scenario_1_kitchen_pm_spike_ep03,scenario_1_kitchen_pm_spike,84,2026-08-01T09:42:00,C,D,85.18000000000015,4.0,8.88888888888889,0.6577777777777778,1.0,1.0,1,281.1797989584745
scenario_1_kitchen_pm_spike_ep03_d084,scenario_1_kitchen_pm_spike_ep03,scenario_1_kitchen_pm_spike,84,2026-08-01T09:42:00,D,D,85.18000000000015,0.0,0.0,0.0,0.0,1.0,1,77.11218557593168
scenario_1_kitchen_pm_spike_ep03_d087,scenario_1_kitchen_pm_spike_ep03,scenario_1_kitchen_pm_spike,87,2026-08-01T09:43:30,A,A,84.94000000000015,0.0,0.0,0.0,0.0,1.0,1,75.74560920097758
scenario_1_kitchen_pm_spike_ep03_d087,scenario_1_kitchen_pm_spike_ep03,scenario_1_kitchen_pm_spike,87,2026-08-01T09:43:30,B,A,84.94000000000015,4.0,8.88888888888889,0.6577777777777778,1.0,1.0,1,72.08289600498904
scenario_1_kitchen_pm_spike_ep03_d087,scenario_1_kitchen_pm_spike_ep03,scenario_1_kitchen_pm_spike,87,2026-08-01T09:43:30,C,A,84.94000000000015,4.0,8.88888888888889,0.6577777777777778,1.0,1.0,1,267.71366723686435
scenario_1_kitchen_pm_spike_ep03_d087,scenario_1_kitchen_pm_spike_ep03,scenario_1_kitchen_pm_spike,87,2026-08-01T09:43:30,D,A,84.94000000000015,5.656854249492381,12.570787221094179,0.9302382543609693,1.0,1.0,1,76.64355501580064
scenario_1_kitchen_pm_spike_ep04_d012,scenario_1_kitchen_pm_spike_ep04,scenario_1_kitchen_pm_spike,12,2026-08-01T09:06:00,A,A,90.24000000000002,0.0,0.0,0.0,0.0,1.0,1,21.916402001568713
scenario_1_kitchen_pm_spike_ep04_d012,scenario_1_kitchen_pm_spike_ep04,scenario_1_kitchen_pm_spike,12,2026-08-01T09:06:00,B,A,90.24000000000002,4.0,8.88888888888889,0.6577777777777778,1.0,1.0,1,40.835105985106225
scenario_1_kitchen_pm_spike_ep04_d012,scenario_1_kitchen_pm_spike_ep04,scenario_1_kitchen_pm_spike,12,2026-08-01T09:06:00,C,A,90.24000000000002,4.0,8.88888888888889,0.6577777777777778,1.0,1.0,1,213.58931321069429
scenario_1_kitchen_pm_spike_ep04_d012,scenario_1_kitchen_pm_spike_ep04,scenario_1_kitchen_pm_spike,12,2026-08-01T09:06:00,D,A,90.24000000000002,5.656854249492381,12.570787221094179,0.9302382543609693,1.0,1.0,1,37.432741533551734
scenario_1_kitchen_pm_spike_ep04_d015,scenario_1_kitchen_pm_spike_ep04,scenario_1_kitchen_pm_spike,15,2026-08-01T09:07:30,A,B,90.00000000000003,4.0,8.88888888888889,0.6577777777777778,1.0,1.0,1,23.628837597098595
scenario_1_kitchen_pm_spike_ep04_d015,scenario_1_kitchen_pm_spike_ep04,scenario_1_kitchen_pm_spike,15,2026-08-01T09:07:30,B,B,90.00000000000003,0.0,0.0,0.0,0.0,1.0,1,41.389965841708545
scenario_1_kitchen_pm_spike_ep04_d015,scenario_1_kitchen_pm_spike_ep04,scenario_1_kitchen_pm_spike,15,2026-08-01T09:07:30,C,B,90.00000000000003,5.656854249492381,12.570787221094179,0.9302382543609693,1.0,1.0,1,301.80213807349185
scenario_1_kitchen_pm_spike_ep04_d015,scenario_1_kitchen_pm_spike_ep04,scenario_1_kitchen_pm_spike,15,2026-08-01T09:07:30,D,B,90.00000000000003,4.0,8.88888888888889,0.6577777777777778,1.0,1.0,1,38.15763048186682
scenario_1_kitchen_pm_spike_ep04_d018,scenario_1_kitchen_pm_spike_ep04,scenario_1_kitchen_pm_spike,18,2026-08-01T09:09:00,A,D,89.76000000000003,5.656854249492381,12.570787221094179,0.9302382543609693,1.0,1.0,1,26.89765526844394
scenario_1_kitchen_pm_spike_ep04_d018,scenario_1_kitchen_pm_spike_ep04,scenario_1_kitchen_pm_spike,18,2026-08-01T09:09:00,B,D,89.76000000000003,4.0,8.88888888888889,0.6577777777777778,1.0,1.0,1,43.57235150605106
scenario_1_kitchen_pm_spike_ep04_d018,scenario_1_kitchen_pm_spike_ep04,scenario_1_kitchen_pm_spike,18,2026-08-01T09:09:00,C,D,89.76000000000003,4.0,8.88888888888889,0.6577777777777778,1.0,1.0,1,444.61819524125576
scenario_1_kitchen_pm_spike_ep04_d018,scenario_1_kitchen_pm_spike_ep04,scenario_1_kitchen_pm_spike,18,2026-08-01T09:09:00,D,D,89.76000000000003,0.0,0.0,0.0,0.0,1.0,1,40.501824774097486
scenario_1_kitchen_pm_spike_ep04_d021,scenario_1_kitchen_pm_spike_ep04,scenario_1_kitchen_pm_spike,21,2026-08-01T09:10:30,A,A,89.52000000000004,0.0,0.0,0.0,0.0,1.0,1,31.446105279250105
scenario_1_kitchen_pm_spike_ep04_d021,scenario_1_kitchen_pm_spike_ep04,scenario_1_kitchen_pm_spike,21,2026-08-01T09:10:30,B,A,89.52000000000004,4.0,8.88888888888889,0.6577777777777778,1.0,1.0,1,47.10112237500152
scenario_1_kitchen_pm_spike_ep04_d021,scenario_1_kitchen_pm_spike_ep04,scenario_1_kitchen_pm_spike,21,2026-08-01T09:10:30,C,A,89.52000000000004,4.0,8.88888888888889,0.6577777777777778,1.0,1.0,1,584.5805610407292
scenario_1_kitchen_pm_spike_ep04_d021,scenario_1_kitchen_pm_spike_ep04,scenario_1_kitchen_pm_spike,21,2026-08-01T09:10:30,D,A,89.52000000000004,5.656854249492381,12.570787221094179,0.9302382543609693,1.0,1.0,1,44.18456145943833
scenario_1_kitchen_pm_spike_ep04_d024,scenario_1_kitchen_pm_spike_ep04,scenario_1_kitchen_pm_spike,24,2026-08-01T09:12:00,A,C,89.28000000000004,4.0,8.88888888888889,0.6577777777777778,1.0,1.0,1,35.95777348682327
scenario_1_kitchen_pm_spike_ep04_d024,scenario_1_kitchen_pm_spike_ep04,scenario_1_kitchen_pm_spike,24,2026-08-01T09:12:00,B,C,89.28000000000004,5.656854249492381,12.570787221094179,0.9302382543609693,1.0,1.0,1,50.65574550772476
scenario_1_kitchen_pm_spike_ep04_d024,scenario_1_kitchen_pm_spike_ep04,scenario_1_kitchen_pm_spike,24,2026-08-01T09:12:00,C,C,89.28000000000004,0.0,0.0,0.0,0.0,1.0,1,658.1599701338978
scenario_1_kitchen_pm_spike_ep04_d024,scenario_1_kitchen_pm_spike_ep04,scenario_1_kitchen_pm_spike,24,2026-08-01T09:12:00,D,C,89.28000000000004,4.0,8.88888888888889,0.6577777777777778,1.0,1.0,1,47.88566936309212
scenario_1_kitchen_pm_spike_ep04_d027,scenario_1_kitchen_pm_spike_ep04,scenario_1_kitchen_pm_spike,27,2026-08-01T09:13:30,A,D,89.04000000000005,5.656854249492381,12.570787221094179,0.9302382543609693,1.0,1.0,1,40.98995905294669
scenario_1_kitchen_pm_spike_ep04_d027,scenario_1_kitchen_pm_spike_ep04,scenario_1_kitchen_pm_spike,27,2026-08-01T09:13:30,B,D,89.04000000000005,4.0,8.88888888888889,0.6577777777777778,1.0,1.0,1,54.789656416370235
scenario_1_kitchen_pm_spike_ep04_d027,scenario_1_kitchen_pm_spike_ep04,scenario_1_kitchen_pm_spike,27,2026-08-01T09:13:30,C,D,89.04000000000005,4.0,8.88888888888889,0.6577777777777778,1.0,1.0,1,701.816649713316
scenario_1_kitchen_pm_spike_ep04_d027,scenario_1_kitchen_pm_spike_ep04,scenario_1_kitchen_pm_spike,27,2026-08-01T09:13:30,D,D,89.04000000000005,0.0,0.0,0.0,0.0,1.0,1,52.15893043134406
scenario_1_kitchen_pm_spike_ep04_d030,scenario_1_kitchen_pm_spike_ep04,scenario_1_kitchen_pm_spike,30,2026-08-01T09:15:00,A,B,88.80000000000005,4.0,8.88888888888889,0.6577777777777778,1.0,1.0,1,46.373079932921655
scenario_1_kitchen_pm_spike_ep04_d030,scenario_1_kitchen_pm_spike_ep04,scenario_1_kitchen_pm_spike,30,2026-08-01T09:15:00,B,B,88.80000000000005,0.0,0.0,0.0,0.0,1.0,1,59.32964869083844
scenario_1_kitchen_pm_spike_ep04_d030,scenario_1_kitchen_pm_spike_ep04,scenario_1_kitchen_pm_spike,30,2026-08-01T09:15:00,C,B,88.80000000000005,5.656854249492381,12.570787221094179,0.9302382543609693,1.0,1.0,1,722.9715982597852
scenario_1_kitchen_pm_spike_ep04_d030,scenario_1_kitchen_pm_spike_ep04,scenario_1_kitchen_pm_spike,30,2026-08-01T09:15:00,D,B,88.80000000000005,4.0,8.88888888888889,0.6577777777777778,1.0,1.0,1,56.83146990105001
scenario_1_kitchen_pm_spike_ep04_d033,scenario_1_kitchen_pm_spike_ep04,scenario_1_kitchen_pm_spike,33,2026-08-01T09:16:30,A,C,88.56000000000006,4.0,8.88888888888889,0.6577777777777778,1.0,1.0,1,50.92228470229543
scenario_1_kitchen_pm_spike_ep04_d033,scenario_1_kitchen_pm_spike_ep04,scenario_1_kitchen_pm_spike,33,2026-08-01T09:16:30,B,C,88.56000000000006,5.656854249492381,12.570787221094179,0.9302382543609693,1.0,1.0,1,63.08747095100193
scenario_1_kitchen_pm_spike_ep04_d033,scenario_1_kitchen_pm_spike_ep04,scenario_1_kitchen_pm_spike,33,2026-08-01T09:16:30,C,C,88.56000000000006,0.0,0.0,0.0,0.0,1.0,1,686.6893100014039
scenario_1_kitchen_pm_spike_ep04_d033,scenario_1_kitchen_pm_spike_ep04,scenario_1_kitchen_pm_spike,33,2026-08-01T09:16:30,D,C,88.56000000000006,4.0,8.88888888888889,0.6577777777777778,1.0,1.0,1,60.71535378608246
scenario_1_kitchen_pm_spike_ep04_d036,scenario_1_kitchen_pm_spike_ep04,scenario_1_kitchen_pm_spike,36,2026-08-01T09:18:00,A,A,88.32000000000006,0.0,0.0,0.0,0.0,1.0,1,55.166065581995326
scenario_1_kitchen_pm_spike_ep04_d036,scenario_1_kitchen_pm_spike_ep04,scenario_1_kitchen_pm_spike,36,2026-08-01T09:18:00,B,A,88.32000000000006,4.0,8.88888888888889,0.6577777777777778,1.0,1.0,1,66.5884259251493
scenario_1_kitchen_pm_spike_ep04_d036,scenario_1_kitchen_pm_spike_ep04,scenario_1_kitchen_pm_spike,36,2026-08-01T09:18:00,C,A,88.32000000000006,4.0,8.88888888888889,0.6577777777777778,1.0,1.0,1,650.3835104410036
scenario_1_kitchen_pm_spike_ep04_d036,scenario_1_kitchen_pm_spike_ep04,scenario_1_kitchen_pm_spike,36,2026-08-01T09:18:00,D,A,88.32000000000006,5.656854249492381,12.570787221094179,0.9302382543609693,1.0,1.0,1,64.33618847882963
scenario_1_kitchen_pm_spike_ep04_d039,scenario_1_kitchen_pm_spike_ep04,scenario_1_kitchen_pm_spike,39,2026-08-01T09:19:30,A,B,88.08000000000007,4.0,8.88888888888889,0.6577777777777778,1.0,1.0,1,58.923236679120464
scenario_1_kitchen_pm_spike_ep04_d039,scenario_1_kitchen_pm_spike_ep04,scenario_1_kitchen_pm_spike,39,2026-08-01T09:19:30,B,B,88.08000000000007,0.0,0.0,0.0,0.0,1.0,1,69.64833561384444
scenario_1_kitchen_pm_spike_ep04_d039,scenario_1_kitchen_pm_spike_ep04,scenario_1_kitchen_pm_spike,39,2026-08-01T09:19:30,C,B,88.08000000000007,5.656854249492381,12.570787221094179,0.9302382543609693,1.0,1.0,1,616.1796095240319
scenario_1_kitchen_pm_spike_ep04_d039,scenario_1_kitchen_pm_spike_ep04,scenario_1_kitchen_pm_spike,39,2026-08-01T09:19:30,D,B,88.08000000000007,4.0,8.88888888888889,0.6577777777777778,1.0,1.0,1,67.51008642535749
scenario_1_kitchen_pm_spike_ep04_d042,scenario_1_kitchen_pm_spike_ep04,scenario_1_kitchen_pm_spike,42,2026-08-01T09:21:00,A,D,87.84000000000007,5.656854249492381,12.570787221094179,0.9302382543609693,1.0,1.0,1,62.231142772680414
scenario_1_kitchen_pm_spike_ep04_d042,scenario_1_kitchen_pm_spike_ep04,scenario_1_kitchen_pm_spike,42,2026-08-01T09:21:00,B,D,87.84000000000007,4.0,8.88888888888889,0.6577777777777778,1.0,1.0,1,72.30173781409371
scenario_1_kitchen_pm_spike_ep04_d042,scenario_1_kitchen_pm_spike_ep04,scenario_1_kitchen_pm_spike,42,2026-08-01T09:21:00,C,D,87.84000000000007,4.0,8.88888888888889,0.6577777777777778,1.0,1.0,1,583.9495877410261
scenario_1_kitchen_pm_spike_ep04_d042,scenario_1_kitchen_pm_spike_ep04,scenario_1_kitchen_pm_spike,42,2026-08-01T09:21:00,D,D,87.84000000000007,0.0,0.0,0.0,0.0,1.0,1,70.2718631486589
scenario_1_kitchen_pm_spike_ep04_d045,scenario_1_kitchen_pm_spike_ep04,scenario_1_kitchen_pm_spike,45,2026-08-01T09:22:30,A,A,87.60000000000008,0.0,0.0,0.0,0.0,1.0,1,65.12455895521566
scenario_1_kitchen_pm_spike_ep04_d045,scenario_1_kitchen_pm_spike_ep04,scenario_1_kitchen_pm_spike,45,2026-08-01T09:22:30,B,A,87.60000000000008,4.0,8.88888888888889,0.6577777777777778,1.0,1.0,1,74.58077426372643
scenario_1_kitchen_pm_spike_ep04_d045,scenario_1_kitchen_pm_spike_ep04,scenario_1_kitchen_pm_spike,45,2026-08-01T09:22:30,C,A,87.60000000000008,4.0,8.88888888888889,0.6577777777777778,1.0,1.0,1,553.5734270417192
scenario_1_kitchen_pm_spike_ep04_d045,scenario_1_kitchen_pm_spike_ep04,scenario_1_kitchen_pm_spike,45,2026-08-01T09:22:30,D,A,87.60000000000008,5.656854249492381,12.570787221094179,0.9302382543609693,1.0,1.0,1,72.65392587956194
scenario_1_kitchen_pm_spike_ep04_d048,scenario_1_kitchen_pm_spike_ep04,scenario_1_kitchen_pm_spike,48,2026-08-01T09:24:00,A,C,87.36000000000008,4.0,8.88888888888889,0.6577777777777778,1.0,1.0,1,67.63586031842169
scenario_1_kitchen_pm_spike_ep04_d048,scenario_1_kitchen_pm_spike_ep04,scenario_1_kitchen_pm_spike,48,2026-08-01T09:24:00,B,C,87.36000000000008,5.656854249492381,12.570787221094179,0.9302382543609693,1.0,1.0,1,76.51534954633576
scenario_1_kitchen_pm_spike_ep04_d048,scenario_1_kitchen_pm_spike_ep04,scenario_1_kitchen_pm_spike,48,2026-08-01T09:24:00,C,C,87.36000000000008,0.0,0.0,0.0,0.0,1.0,1,524.938604352769
scenario_1_kitchen_pm_spike_ep04_d048,scenario_1_kitchen_pm_spike_ep04,scenario_1_kitchen_pm_spike,48,2026-08-01T09:24:00,D,C,87.36000000000008,4.0,8.88888888888889,0.6577777777777778,1.0,1.0,1,74.68643293532114
scenario_1_kitchen_pm_spike_ep04_d051,scenario_1_kitchen_pm_spike_ep04,scenario_1_kitchen_pm_spike,51,2026-08-01T09:25:30,A,D,87.12000000000009,5.656854249492381,12.570787221094179,0.9302382543609693,1.0,1.0,1,69.79518062496345
scenario_1_kitchen_pm_spike_ep04_d051,scenario_1_kitchen_pm_spike_ep04,scenario_1_kitchen_pm_spike,51,2026-08-01T09:25:30,B,D,87.12000000000009,4.0,8.88888888888889,0.6577777777777778,1.0,1.0,1,78.1332796541642
scenario_1_kitchen_pm_spike_ep04_d051,scenario_1_kitchen_pm_spike_ep04,scenario_1_kitchen_pm_spike,51,2026-08-01T09:25:30,C,D,87.12000000000009,4.0,8.88888888888889,0.6577777777777778,1.0,1.0,1,497.93961735372807
scenario_1_kitchen_pm_spike_ep04_d051,scenario_1_kitchen_pm_spike_ep04,scenario_1_kitchen_pm_spike,51,2026-08-01T09:25:30,D,D,87.12000000000009,0.0,0.0,0.0,0.0,1.0,1,76.39744274312352
scenario_1_kitchen_pm_spike_ep04_d054,scenario_1_kitchen_pm_spike_ep04,scenario_1_kitchen_pm_spike,54,2026-08-01T09:27:00,A,B,86.8800000000001,4.0,8.88888888888889,0.6577777777777778,1.0,1.0,1,71.63056067610682
scenario_1_kitchen_pm_spike_ep04_d054,scenario_1_kitchen_pm_spike_ep04,scenario_1_kitchen_pm_spike,54,2026-08-01T09:27:00,B,B,86.8800000000001,0.0,0.0,0.0,0.0,1.0,1,79.4604308765397
scenario_1_kitchen_pm_spike_ep04_d054,scenario_1_kitchen_pm_spike_ep04,scenario_1_kitchen_pm_spike,54,2026-08-01T09:27:00,C,B,86.8800000000001,5.656854249492381,12.570787221094179,0.9302382543609693,1.0,1.0,1,472.47754045039187
scenario_1_kitchen_pm_spike_ep04_d054,scenario_1_kitchen_pm_spike_ep04,scenario_1_kitchen_pm_spike,54,2026-08-01T09:27:00,D,B,86.8800000000001,4.0,8.88888888888889,0.6577777777777778,1.0,1.0,1,77.81305317595343
scenario_1_kitchen_pm_spike_ep04_d057,scenario_1_kitchen_pm_spike_ep04,scenario_1_kitchen_pm_spike,57,2026-08-01T09:28:30,A,C,86.6400000000001,4.0,8.88888888888889,0.6577777777777778,1.0,1.0,1,73.16808703916126
scenario_1_kitchen_pm_spike_ep04_d057,scenario_1_kitchen_pm_spike_ep04,scenario_1_kitchen_pm_spike,57,2026-08-01T09:28:30,B,C,86.6400000000001,5.656854249492381,12.570787221094179,0.9302382543609693,1.0,1.0,1,80.52084963853235
scenario_1_kitchen_pm_spike_ep04_d057,scenario_1_kitchen_pm_spike_ep04,scenario_1_kitchen_pm_spike,57,2026-08-01T09:28:30,C,C,86.6400000000001,0.0,0.0,0.0,0.0,1.0,1,448.4596090165438
scenario_1_kitchen_pm_spike_ep04_d057,scenario_1_kitchen_pm_spike_ep04,scenario_1_kitchen_pm_spike,57,2026-08-01T09:28:30,D,C,86.6400000000001,4.0,8.88888888888889,0.6577777777777778,1.0,1.0,1,78.95753182543945
scenario_1_kitchen_pm_spike_ep04_d060,scenario_1_kitchen_pm_spike_ep04,scenario_1_kitchen_pm_spike,60,2026-08-01T09:30:00,A,A,86.4000000000001,0.0,0.0,0.0,0.0,1.0,1,74.43202175612464
scenario_1_kitchen_pm_spike_ep04_d060,scenario_1_kitchen_pm_spike_ep04,scenario_1_kitchen_pm_spike,60,2026-08-01T09:30:00,B,A,86.4000000000001,4.0,8.88888888888889,0.6577777777777778,1.0,1.0,1,81.33688387431084
scenario_1_kitchen_pm_spike_ep04_d060,scenario_1_kitchen_pm_spike_ep04,scenario_1_kitchen_pm_spike,60,2026-08-01T09:30:00,C,A,86.4000000000001,4.0,8.88888888888889,0.6577777777777778,1.0,1.0,1,425.7988300984948
scenario_1_kitchen_pm_spike_ep04_d060,scenario_1_kitchen_pm_spike_ep04,scenario_1_kitchen_pm_spike,60,2026-08-01T09:30:00,D,A,86.4000000000001,5.656854249492381,12.570787221094179,0.9302382543609693,1.0,1.0,1,79.8534377961339
scenario_1_kitchen_pm_spike_ep04_d063,scenario_1_kitchen_pm_spike_ep04,scenario_1_kitchen_pm_spike,63,2026-08-01T09:31:30,A,B,86.16000000000011,4.0,8.88888888888889,0.6577777777777778,1.0,1.0,1,75.44492361496918
scenario_1_kitchen_pm_spike_ep04_d063,scenario_1_kitchen_pm_spike_ep04,scenario_1_kitchen_pm_spike,63,2026-08-01T09:31:30,B,B,86.16000000000011,0.0,0.0,0.0,0.0,1.0,1,81.92929648205609
scenario_1_kitchen_pm_spike_ep04_d063,scenario_1_kitchen_pm_spike_ep04,scenario_1_kitchen_pm_spike,63,2026-08-01T09:31:30,C,B,86.16000000000011,5.656854249492381,12.570787221094179,0.9302382543609693,1.0,1.0,1,404.4136178923883
scenario_1_kitchen_pm_spike_ep04_d063,scenario_1_kitchen_pm_spike_ep04,scenario_1_kitchen_pm_spike,63,2026-08-01T09:31:30,D,B,86.16000000000011,4.0,8.88888888888889,0.6577777777777778,1.0,1.0,1,80.52173556814341
scenario_1_kitchen_pm_spike_ep04_d066,scenario_1_kitchen_pm_spike_ep04,scenario_1_kitchen_pm_spike,66,2026-08-01T09:33:00,A,D,85.92000000000012,5.656854249492381,12.570787221094179,0.9302382543609693,1.0,1.0,1,76.2277615276887
scenario_1_kitchen_pm_spike_ep04_d066,scenario_1_kitchen_pm_spike_ep04,scenario_1_kitchen_pm_spike,66,2026-08-01T09:33:00,B,D,85.92000000000012,4.0,8.88888888888889,0.6577777777777778,1.0,1.0,1,82.31737137214463
scenario_1_kitchen_pm_spike_ep04_d066,scenario_1_kitchen_pm_spike_ep04,scenario_1_kitchen_pm_spike,66,2026-08-01T09:33:00,C,D,85.92000000000012,4.0,8.88888888888889,0.6577777777777778,1.0,1.0,1,384.2274524123459
scenario_1_kitchen_pm_spike_ep04_d066,scenario_1_kitchen_pm_spike_ep04,scenario_1_kitchen_pm_spike,66,2026-08-01T09:33:00,D,D,85.92000000000012,0.0,0.0,0.0,0.0,1.0,1,80.9819014398688
scenario_1_kitchen_pm_spike_ep04_d069,scenario_1_kitchen_pm_spike_ep04,scenario_1_kitchen_pm_spike,69,2026-08-01T09:34:30,A,A,85.68000000000012,0.0,0.0,0.0,0.0,1.0,1,76.80002052423129
scenario_1_kitchen_pm_spike_ep04_d069,scenario_1_kitchen_pm_spike_ep04,scenario_1_kitchen_pm_spike,69,2026-08-01T09:34:30,B,A,85.68000000000012,4.0,8.88888888888889,0.6577777777777778,1.0,1.0,1,82.51901258735484
scenario_1_kitchen_pm_spike_ep04_d069,scenario_1_kitchen_pm_spike_ep04,scenario_1_kitchen_pm_spike,69,2026-08-01T09:34:30,C,A,85.68000000000012,4.0,8.88888888888889,0.6577777777777778,1.0,1.0,1,365.1685598687185
scenario_1_kitchen_pm_spike_ep04_d069,scenario_1_kitchen_pm_spike_ep04,scenario_1_kitchen_pm_spike,69,2026-08-01T09:34:30,D,A,85.68000000000012,5.656854249492381,12.570787221094179,0.9302382543609693,1.0,1.0,1,81.25202302976777
scenario_1_kitchen_pm_spike_ep04_d072,scenario_1_kitchen_pm_spike_ep04,scenario_1_kitchen_pm_spike,72,2026-08-01T09:36:00,A,C,85.44000000000013,4.0,8.88888888888889,0.6577777777777778,1.0,1.0,1,77.17980083876364
scenario_1_kitchen_pm_spike_ep04_d072,scenario_1_kitchen_pm_spike_ep04,scenario_1_kitchen_pm_spike,72,2026-08-01T09:36:00,B,C,85.44000000000013,5.656854249492381,12.570787221094179,0.9302382543609693,1.0,1.0,1,82.55083694303107
scenario_1_kitchen_pm_spike_ep04_d072,scenario_1_kitchen_pm_spike_ep04,scenario_1_kitchen_pm_spike,72,2026-08-01T09:36:00,C,C,85.44000000000013,0.0,0.0,0.0,0.0,1.0,1,347.16961337042267
scenario_1_kitchen_pm_spike_ep04_d072,scenario_1_kitchen_pm_spike_ep04,scenario_1_kitchen_pm_spike,72,2026-08-01T09:36:00,D,C,85.44000000000013,4.0,8.88888888888889,0.6577777777777778,1.0,1.0,1,81.3488922851775
scenario_1_kitchen_pm_spike_ep04_d075,scenario_1_kitchen_pm_spike_ep04,scenario_1_kitchen_pm_spike,75,2026-08-01T09:37:30,A,D,85.20000000000013,5.656854249492381,12.570787221094179,0.9302382543609693,1.0,1.0,1,77.38391053407327
scenario_1_kitchen_pm_spike_ep04_d075,scenario_1_kitchen_pm_spike_ep04,scenario_1_kitchen_pm_spike,75,2026-08-01T09:37:30,B,D,85.20000000000013,4.0,8.88888888888889,0.6577777777777778,1.0,1.0,1,82.42826060635116
scenario_1_kitchen_pm_spike_ep04_d075,scenario_1_kitchen_pm_spike_ep04,scenario_1_kitchen_pm_spike,75,2026-08-01T09:37:30,C,D,85.20000000000013,4.0,8.88888888888889,0.6577777777777778,1.0,1.0,1,330.16745265405257
scenario_1_kitchen_pm_spike_ep04_d075,scenario_1_kitchen_pm_spike_ep04,scenario_1_kitchen_pm_spike,75,2026-08-01T09:37:30,D,D,85.20000000000013,0.0,0.0,0.0,0.0,1.0,1,81.2880924175704
scenario_1_kitchen_pm_spike_ep04_d078,scenario_1_kitchen_pm_spike_ep04,scenario_1_kitchen_pm_spike,78,2026-08-01T09:39:00,A,B,84.96000000000014,4.0,8.88888888888889,0.6577777777777778,1.0,1.0,1,77.42795208126563
scenario_1_kitchen_pm_spike_ep04_d078,scenario_1_kitchen_pm_spike_ep04,scenario_1_kitchen_pm_spike,78,2026-08-01T09:39:00,B,B,84.96000000000014,0.0,0.0,0.0,0.0,1.0,1,82.16558000680914
scenario_1_kitchen_pm_spike_ep04_d078,scenario_1_kitchen_pm_spike_ep04,scenario_1_kitchen_pm_spike,78,2026-08-01T09:39:00,C,B,84.96000000000014,5.656854249492381,12.570787221094179,0.9302382543609693,1.0,1.0,1,314.10282162533895
scenario_1_kitchen_pm_spike_ep04_d078,scenario_1_kitchen_pm_spike_ep04,scenario_1_kitchen_pm_spike,78,2026-08-01T09:39:00,D,B,84.96000000000014,4.0,8.88888888888889,0.6577777777777778,1.0,1.0,1,81.0840791565247
scenario_1_kitchen_pm_spike_ep04_d081,scenario_1_kitchen_pm_spike_ep04,scenario_1_kitchen_pm_spike,81,2026-08-01T09:40:30,A,C,84.72000000000014,4.0,8.88888888888889,0.6577777777777778,1.0,1.0,1,77.32640328511002
scenario_1_kitchen_pm_spike_ep04_d081,scenario_1_kitchen_pm_spike_ep04,scenario_1_kitchen_pm_spike,81,2026-08-01T09:40:30,B,C,84.72000000000014,5.656854249492381,12.570787221094179,0.9302382543609693,1.0,1.0,1,81.77604744481982
scenario_1_kitchen_pm_spike_ep04_d081,scenario_1_kitchen_pm_spike_ep04,scenario_1_kitchen_pm_spike,81,2026-08-01T09:40:30,C,C,84.72000000000014,0.0,0.0,0.0,0.0,1.0,1,298.92012257628335
scenario_1_kitchen_pm_spike_ep04_d081,scenario_1_kitchen_pm_spike_ep04,scenario_1_kitchen_pm_spike,81,2026-08-01T09:40:30,D,C,84.72000000000014,4.0,8.88888888888889,0.6577777777777778,1.0,1.0,1,80.75025668954947
scenario_1_kitchen_pm_spike_ep04_d084,scenario_1_kitchen_pm_spike_ep04,scenario_1_kitchen_pm_spike,84,2026-08-01T09:42:00,A,A,84.48000000000015,0.0,0.0,0.0,0.0,1.0,1,77.09269292028569
scenario_1_kitchen_pm_spike_ep04_d084,scenario_1_kitchen_pm_spike_ep04,scenario_1_kitchen_pm_spike,84,2026-08-01T09:42:00,B,A,84.48000000000015,4.0,8.88888888888889,0.6577777777777778,1.0,1.0,1,81.27194174169574
scenario_1_kitchen_pm_spike_ep04_d084,scenario_1_kitchen_pm_spike_ep04,scenario_1_kitchen_pm_spike,84,2026-08-01T09:42:00,C,A,84.48000000000015,4.0,8.88888888888889,0.6577777777777778,1.0,1.0,1,284.5671860139306
scenario_1_kitchen_pm_spike_ep04_d084,scenario_1_kitchen_pm_spike_ep04,scenario_1_kitchen_pm_spike,84,2026-08-01T09:42:00,D,A,84.48000000000015,5.656854249492381,12.570787221094179,0.9302382543609693,1.0,1.0,1,80.2990486312649
scenario_1_kitchen_pm_spike_ep04_d087,scenario_1_kitchen_pm_spike_ep04,scenario_1_kitchen_pm_spike,87,2026-08-01T09:43:30,A,B,84.24000000000015,4.0,8.88888888888889,0.6577777777777778,1.0,1.0,1,76.73927142028981
scenario_1_kitchen_pm_spike_ep04_d087,scenario_1_kitchen_pm_spike_ep04,scenario_1_kitchen_pm_spike,87,2026-08-01T09:43:30,B,B,84.24000000000015,0.0,0.0,0.0,0.0,1.0,1,80.66463425216489
scenario_1_kitchen_pm_spike_ep04_d087,scenario_1_kitchen_pm_spike_ep04,scenario_1_kitchen_pm_spike,87,2026-08-01T09:43:30,C,B,84.24000000000015,5.656854249492381,12.570787221094179,0.9302382543609693,1.0,1.0,1,270.9950551048041
scenario_1_kitchen_pm_spike_ep04_d087,scenario_1_kitchen_pm_spike_ep04,scenario_1_kitchen_pm_spike,87,2026-08-01T09:43:30,D,B,84.24000000000015,4.0,8.88888888888889,0.6577777777777778,1.0,1.0,1,79.74196434335738
scenario_1_kitchen_pm_spike_ep05_d012,scenario_1_kitchen_pm_spike_ep05,scenario_1_kitchen_pm_spike,12,2026-08-01T09:06:00,A,B,89.54000000000002,4.0,8.88888888888889,0.6577777777777778,1.0,1.0,1,23.041809020880805
scenario_1_kitchen_pm_spike_ep05_d012,scenario_1_kitchen_pm_spike_ep05,scenario_1_kitchen_pm_spike,12,2026-08-01T09:06:00,B,B,89.54000000000002,0.0,0.0,0.0,0.0,1.0,1,37.95664404261072
scenario_1_kitchen_pm_spike_ep05_d012,scenario_1_kitchen_pm_spike_ep05,scenario_1_kitchen_pm_spike,12,2026-08-01T09:06:00,C,B,89.54000000000002,5.656854249492381,12.570787221094179,0.9302382543609693,1.0,1.0,1,213.22690725554753
scenario_1_kitchen_pm_spike_ep05_d012,scenario_1_kitchen_pm_spike_ep05,scenario_1_kitchen_pm_spike,12,2026-08-01T09:06:00,D,B,89.54000000000002,4.0,8.88888888888889,0.6577777777777778,1.0,1.0,1,35.77502535715212
scenario_1_kitchen_pm_spike_ep05_d015,scenario_1_kitchen_pm_spike_ep05,scenario_1_kitchen_pm_spike,15,2026-08-01T09:07:30,A,C,89.30000000000003,4.0,8.88888888888889,0.6577777777777778,1.0,1.0,1,25.007963772298808
scenario_1_kitchen_pm_spike_ep05_d015,scenario_1_kitchen_pm_spike_ep05,scenario_1_kitchen_pm_spike,15,2026-08-01T09:07:30,B,C,89.30000000000003,5.656854249492381,12.570787221094179,0.9302382543609693,1.0,1.0,1,38.985692413999686
scenario_1_kitchen_pm_spike_ep05_d015,scenario_1_kitchen_pm_spike_ep05,scenario_1_kitchen_pm_spike,15,2026-08-01T09:07:30,C,C,89.30000000000003,0.0,0.0,0.0,0.0,1.0,1,320.6588675392345
scenario_1_kitchen_pm_spike_ep05_d015,scenario_1_kitchen_pm_spike_ep05,scenario_1_kitchen_pm_spike,15,2026-08-01T09:07:30,D,C,89.30000000000003,4.0,8.88888888888889,0.6577777777777778,1.0,1.0,1,36.92949366691619
scenario_1_kitchen_pm_spike_ep05_d018,scenario_1_kitchen_pm_spike_ep05,scenario_1_kitchen_pm_spike,18,2026-08-01T09:09:00,A,A,89.06000000000003,0.0,0.0,0.0,0.0,1.0,1,28.467576817221925
scenario_1_kitchen_pm_spike_ep05_d018,scenario_1_kitchen_pm_spike_ep05,scenario_1_kitchen_pm_spike,18,2026-08-01T09:09:00,B,A,89.06000000000003,4.0,8.88888888888889,0.6577777777777778,1.0,1.0,1,41.56722548195444
scenario_1_kitchen_pm_spike_ep05_d018,scenario_1_kitchen_pm_spike_ep05,scenario_1_kitchen_pm_spike,18,2026-08-01T09:09:00,C,A,89.06000000000003,4.0,8.88888888888889,0.6577777777777778,1.0,1.0,1,474.33910212960006
scenario_1_kitchen_pm_spike_ep05_d018,scenario_1_kitchen_pm_spike_ep05,scenario_1_kitchen_pm_spike,18,2026-08-01T09:09:00,D,A,89.06000000000003,5.656854249492381,12.570787221094179,0.9302382543609693,1.0,1.0,1,39.629209830436594
scenario_1_kitchen_pm_spike_ep05_d021,scenario_1_kitchen_pm_spike_ep05,scenario_1_kitchen_pm_spike,21,2026-08-01T09:10:30,A,B,88.82000000000004,4.0,8.88888888888889,0.6577777777777778,1.0,1.0,1,32.61401690069829
scenario_1_kitchen_pm_spike_ep05_d021,scenario_1_kitchen_pm_spike_ep05,scenario_1_kitchen_pm_spike,21,2026-08-01T09:10:30,B,B,88.82000000000004,0.0,0.0,0.0,0.0,1.0,1,44.89088564305325
scenario_1_kitchen_pm_spike_ep05_d021,scenario_1_kitchen_pm_spike_ep05,scenario_1_kitchen_pm_spike,21,2026-08-01T09:10:30,C,B,88.82000000000004,5.656854249492381,12.570787221094179,0.9302382543609693,1.0,1.0,1,589.5785852804046
scenario_1_kitchen_pm_spike_ep05_d021,scenario_1_kitchen_pm_spike_ep05,scenario_1_kitchen_pm_spike,21,2026-08-01T09:10:30,D,B,88.82000000000004,4.0,8.88888888888889,0.6577777777777778,1.0,1.0,1,43.06423546640531
scenario_1_kitchen_pm_spike_ep05_d024,scenario_1_kitchen_pm_spike_ep05,scenario_1_kitchen_pm_spike,24,2026-08-01T09:12:00,A,D,88.58000000000004,5.656854249492381,12.570787221094179,0.9302382543609693,1.0,1.0,1,37.038658131641796
scenario_1_kitchen_pm_spike_ep05_d024,scenario_1_kitchen_pm_spike_ep05,scenario_1_kitchen_pm_spike,24,2026-08-01T09:12:00,B,D,88.58000000000004,4.0,8.88888888888889,0.6577777777777778,1.0,1.0,1,48.54455637949991
scenario_1_kitchen_pm_spike_ep05_d024,scenario_1_kitchen_pm_spike_ep05,scenario_1_kitchen_pm_spike,24,2026-08-01T09:12:00,C,D,88.58000000000004,4.0,8.88888888888889,0.6577777777777778,1.0,1.0,1,654.7634039524968
scenario_1_kitchen_pm_spike_ep05_d024,scenario_1_kitchen_pm_spike_ep05,scenario_1_kitchen_pm_spike,24,2026-08-01T09:12:00,D,D,88.58000000000004,0.0,0.0,0.0,0.0,1.0,1,46.82284889185212
scenario_1_kitchen_pm_spike_ep05_d027,scenario_1_kitchen_pm_spike_ep05,scenario_1_kitchen_pm_spike,27,2026-08-01T09:13:30,A,A,88.34000000000005,0.0,0.0,0.0,0.0,1.0,1,42.81184826054914
scenario_1_kitchen_pm_spike_ep05_d027,scenario_1_kitchen_pm_spike_ep05,scenario_1_kitchen_pm_spike,27,2026-08-01T09:13:30,B,A,88.34000000000005,4.0,8.88888888888889,0.6577777777777778,1.0,1.0,1,53.59531559853281
scenario_1_kitchen_pm_spike_ep05_d027,scenario_1_kitchen_pm_spike_ep05,scenario_1_kitchen_pm_spike,27,2026-08-01T09:13:30,C,A,88.34000000000005,4.0,8.88888888888889,0.6577777777777778,1.0,1.0,1,730.1106684722679
scenario_1_kitchen_pm_spike_ep05_d027,scenario_1_kitchen_pm_spike_ep05,scenario_1_kitchen_pm_spike,27,2026-08-01T09:13:30,D,A,88.34000000000005,5.656854249492381,12.570787221094179,0.9302382543609693,1.0,1.0,1,51.972499886523565
scenario_1_kitchen_pm_spike_ep05_d030,scenario_1_kitchen_pm_spike_ep05,scenario_1_kitchen_pm_spike,30,2026-08-01T09:15:00,A,C,88.10000000000005,4.0,8.88888888888889,0.6577777777777778,1.0,1.0,1,47.82025324540314
scenario_1_kitchen_pm_spike_ep05_d030,scenario_1_kitchen_pm_spike_ep05,scenario_1_kitchen_pm_spike,30,2026-08-01T09:15:00,B,C,88.10000000000005,5.656854249492381,12.570787221094179,0.9302382543609693,1.0,1.0,1,57.92676620822181
scenario_1_kitchen_pm_spike_ep05_d030,scenario_1_kitchen_pm_spike_ep05,scenario_1_kitchen_pm_spike,30,2026-08-01T09:15:00,C,C,88.10000000000005,0.0,0.0,0.0,0.0,1.0,1,731.8365503099812
scenario_1_kitchen_pm_spike_ep05_d030,scenario_1_kitchen_pm_spike_ep05,scenario_1_kitchen_pm_spike,30,2026-08-01T09:15:00,D,C,88.10000000000005,4.0,8.88888888888889,0.6577777777777778,1.0,1.0,1,56.3971416100253
scenario_1_kitchen_pm_spike_ep05_d033,scenario_1_kitchen_pm_spike_ep05,scenario_1_kitchen_pm_spike,33,2026-08-01T09:16:30,A,D,87.86000000000006,5.656854249492381,12.570787221094179,0.9302382543609693,1.0,1.0,1,52.788477315845284
scenario_1_kitchen_pm_spike_ep05_d033,scenario_1_kitchen_pm_spike_ep05,scenario_1_kitchen_pm_spike,33,2026-08-01T09:16:30,B,D,87.86000000000006,4.0,8.88888888888889,0.6577777777777778,1.0,1.0,1,62.26064307947854
scenario_1_kitchen_pm_spike_ep05_d033,scenario_1_kitchen_pm_spike_ep05,scenario_1_kitchen_pm_spike,33,2026-08-01T09:16:30,C,D,87.86000000000006,4.0,8.88888888888889,0.6577777777777778,1.0,1.0,1,709.411485266683
scenario_1_kitchen_pm_spike_ep05_d033,scenario_1_kitchen_pm_spike_ep05,scenario_1_kitchen_pm_spike,33,2026-08-01T09:16:30,D,D,87.86000000000006,0.0,0.0,0.0,0.0,1.0,1,60.81883882644274
scenario_1_kitchen_pm_spike_ep05_d036,scenario_1_kitchen_pm_spike_ep05,scenario_1_kitchen_pm_spike,36,2026-08-01T09:18:00,A,B,87.62000000000006,4.0,8.88888888888889,0.6577777777777778,1.0,1.0,1,57.129040553381174
scenario_1_kitchen_pm_spike_ep05_d036,scenario_1_kitchen_pm_spike_ep05,scenario_1_kitchen_pm_spike,36,2026-08-01T09:18:00,B,B,87.62000000000006,0.0,0.0,0.0,0.0,1.0,1,66.00677835557553
scenario_1_kitchen_pm_spike_ep05_d036,scenario_1_kitchen_pm_spike_ep05,scenario_1_kitchen_pm_spike,36,2026-08-01T09:18:00,C,B,87.62000000000006,5.656854249492381,12.570787221094179,0.9302382543609693,1.0,1.0,1,671.8827132778906
scenario_1_kitchen_pm_spike_ep05_d036,scenario_1_kitchen_pm_spike_ep05,scenario_1_kitchen_pm_spike,36,2026-08-01T09:18:00,D,B,87.62000000000006,4.0,8.88888888888889,0.6577777777777778,1.0,1.0,1,64.64773440240492
scenario_1_kitchen_pm_spike_ep05_d039,scenario_1_kitchen_pm_spike_ep05,scenario_1_kitchen_pm_spike,39,2026-08-01T09:19:30,A,C,87.38000000000007,4.0,8.88888888888889,0.6577777777777778,1.0,1.0,1,60.97068908289384
scenario_1_kitchen_pm_spike_ep05_d039,scenario_1_kitchen_pm_spike_ep05,scenario_1_kitchen_pm_spike,39,2026-08-01T09:19:30,B,C,87.38000000000007,5.656854249492381,12.570787221094179,0.9302382543609693,1.0,1.0,1,69.29140015164307
scenario_1_kitchen_pm_spike_ep05_d039,scenario_1_kitchen_pm_spike_ep05,scenario_1_kitchen_pm_spike,39,2026-08-01T09:19:30,C,C,87.38000000000007,0.0,0.0,0.0,0.0,1.0,1,636.5271964834766
scenario_1_kitchen_pm_spike_ep05_d039,scenario_1_kitchen_pm_spike_ep05,scenario_1_kitchen_pm_spike,39,2026-08-01T09:19:30,D,C,87.38000000000007,4.0,8.88888888888889,0.6577777777777778,1.0,1.0,1,68.01034912541104
scenario_1_kitchen_pm_spike_ep05_d042,scenario_1_kitchen_pm_spike_ep05,scenario_1_kitchen_pm_spike,42,2026-08-01T09:21:00,A,A,87.14000000000007,0.0,0.0,0.0,0.0,1.0,1,64.35173312278107
scenario_1_kitchen_pm_spike_ep05_d042,scenario_1_kitchen_pm_spike_ep05,scenario_1_kitchen_pm_spike,42,2026-08-01T09:21:00,B,A,87.14000000000007,4.0,8.88888888888889,0.6577777777777778,1.0,1.0,1,72.15045984194626
scenario_1_kitchen_pm_spike_ep05_d042,scenario_1_kitchen_pm_spike_ep05,scenario_1_kitchen_pm_spike,42,2026-08-01T09:21:00,C,A,87.14000000000007,4.0,8.88888888888889,0.6577777777777778,1.0,1.0,1,603.212569001124
scenario_1_kitchen_pm_spike_ep05_d042,scenario_1_kitchen_pm_spike_ep05,scenario_1_kitchen_pm_spike,42,2026-08-01T09:21:00,D,A,87.14000000000007,5.656854249492381,12.570787221094179,0.9302382543609693,1.0,1.0,1,70.94291004434126
scenario_1_kitchen_pm_spike_ep05_d045,scenario_1_kitchen_pm_spike_ep05,scenario_1_kitchen_pm_spike,45,2026-08-01T09:22:30,A,B,86.90000000000008,4.0,8.88888888888889,0.6577777777777778,1.0,1.0,1,67.30784603292886
scenario_1_kitchen_pm_spike_ep05_d045,scenario_1_kitchen_pm_spike_ep05,scenario_1_kitchen_pm_spike,45,2026-08-01T09:22:30,B,B,86.90000000000008,0.0,0.0,0.0,0.0,1.0,1,74.61742102784069
scenario_1_kitchen_pm_spike_ep05_d045,scenario_1_kitchen_pm_spike_ep05,scenario_1_kitchen_pm_spike,45,2026-08-01T09:22:30,C,B,86.90000000000008,5.656854249492381,12.570787221094179,0.9302382543609693,1.0,1.0,1,571.8147369639754
scenario_1_kitchen_pm_spike_ep05_d045,scenario_1_kitchen_pm_spike_ep05,scenario_1_kitchen_pm_spike,45,2026-08-01T09:22:30,D,B,86.90000000000008,4.0,8.88888888888889,0.6577777777777778,1.0,1.0,1,73.47914042890102
scenario_1_kitchen_pm_spike_ep05_d048,scenario_1_kitchen_pm_spike_ep05,scenario_1_kitchen_pm_spike,48,2026-08-01T09:24:00,A,D,86.66000000000008,5.656854249492381,12.570787221094179,0.9302382543609693,1.0,1.0,1,69.87223847176801
scenario_1_kitchen_pm_spike_ep05_d048,scenario_1_kitchen_pm_spike_ep05,scenario_1_kitchen_pm_spike,48,2026-08-01T09:24:00,B,D,86.66000000000008,4.0,8.88888888888889,0.6577777777777778,1.0,1.0,1,76.72342425424108
scenario_1_kitchen_pm_spike_ep05_d048,scenario_1_kitchen_pm_spike_ep05,scenario_1_kitchen_pm_spike,48,2026-08-01T09:24:00,C,D,86.66000000000008,4.0,8.88888888888889,0.6577777777777778,1.0,1.0,1,542.217355010226
scenario_1_kitchen_pm_spike_ep05_d048,scenario_1_kitchen_pm_spike_ep05,scenario_1_kitchen_pm_spike,48,2026-08-01T09:24:00,D,D,86.66000000000008,0.0,0.0,0.0,0.0,1.0,1,75.65042541949606
scenario_1_kitchen_pm_spike_ep05_d051,scenario_1_kitchen_pm_spike_ep05,scenario_1_kitchen_pm_spike,51,2026-08-01T09:25:30,A,A,86.42000000000009,0.0,0.0,0.0,0.0,1.0,1,72.07582124733881
scenario_1_kitchen_pm_spike_ep05_d051,scenario_1_kitchen_pm_spike_ep05,scenario_1_kitchen_pm_spike,51,2026-08-01T09:25:30,B,A,86.42000000000009,4.0,8.88888888888889,0.6577777777777778,1.0,1.0,1,78.49744101894726
scenario_1_kitchen_pm_spike_ep05_d051,scenario_1_kitchen_pm_spike_ep05,scenario_1_kitchen_pm_spike,51,2026-08-01T09:25:30,C,A,86.42000000000009,4.0,8.88888888888889,0.6577777777777778,1.0,1.0,1,514.3113361089191
scenario_1_kitchen_pm_spike_ep05_d051,scenario_1_kitchen_pm_spike_ep05,scenario_1_kitchen_pm_spike,51,2026-08-01T09:25:30,D,A,86.42000000000009,5.656854249492381,12.570787221094179,0.9302382543609693,1.0,1.0,1,77.48596691526768
scenario_1_kitchen_pm_spike_ep05_d054,scenario_1_kitchen_pm_spike_ep05,scenario_1_kitchen_pm_spike,54,2026-08-01T09:27:00,A,C,86.18000000000009,4.0,8.88888888888889,0.6577777777777778,1.0,1.0,1,73.94735759091805
scenario_1_kitchen_pm_spike_ep05_d054,scenario_1_kitchen_pm_spike_ep05,scenario_1_kitchen_pm_spike,54,2026-08-01T09:27:00,B,C,86.18000000000009,5.656854249492381,12.570787221094179,0.9302382543609693,1.0,1.0,1,79.96641776529304
scenario_1_kitchen_pm_spike_ep05_d054,scenario_1_kitchen_pm_spike_ep05,scenario_1_kitchen_pm_spike,54,2026-08-01T09:27:00,C,C,86.18000000000009,0.0,0.0,0.0,0.0,1.0,1,487.9943925926294
scenario_1_kitchen_pm_spike_ep05_d054,scenario_1_kitchen_pm_spike_ep05,scenario_1_kitchen_pm_spike,54,2026-08-01T09:27:00,D,C,86.18000000000009,4.0,8.88888888888889,0.6577777777777778,1.0,1.0,1,79.01292839399571
scenario_1_kitchen_pm_spike_ep05_d057,scenario_1_kitchen_pm_spike_ep05,scenario_1_kitchen_pm_spike,57,2026-08-01T09:28:30,A,D,85.9400000000001,5.656854249492381,12.570787221094179,0.9302382543609693,1.0,1.0,1,75.51360553493191
scenario_1_kitchen_pm_spike_ep05_d057,scenario_1_kitchen_pm_spike_ep05,scenario_1_kitchen_pm_spike,57,2026-08-01T09:28:30,B,D,85.9400000000001,4.0,8.88888888888889,0.6577777777777778,1.0,1.0,1,81.15541050424872
scenario_1_kitchen_pm_spike_ep05_d057,scenario_1_kitchen_pm_spike_ep05,scenario_1_kitchen_pm_spike,57,2026-08-01T09:28:30,C,D,85.9400000000001,4.0,8.88888888888889,0.6577777777777778,1.0,1.0,1,463.1706064039014
scenario_1_kitchen_pm_spike_ep05_d057,scenario_1_kitchen_pm_spike_ep05,scenario_1_kitchen_pm_spike,57,2026-08-01T09:28:30,D,D,85.9400000000001,0.0,0.0,0.0,0.0,1.0,1,80.25657031303354
scenario_1_kitchen_pm_spike_ep05_d060,scenario_1_kitchen_pm_spike_ep05,scenario_1_kitchen_pm_spike,60,2026-08-01T09:30:00,A,B,85.7000000000001,4.0,8.88888888888889,0.6577777777777778,1.0,1.0,1,76.79945103309501
scenario_1_kitchen_pm_spike_ep05_d060,scenario_1_kitchen_pm_spike_ep05,scenario_1_kitchen_pm_spike,60,2026-08-01T09:30:00,B,B,85.7000000000001,0.0,0.0,0.0,0.0,1.0,1,82.08771067055181
scenario_1_kitchen_pm_spike_ep05_d060,scenario_1_kitchen_pm_spike_ep05,scenario_1_kitchen_pm_spike,60,2026-08-01T09:30:00,C,B,85.7000000000001,5.656854249492381,12.570787221094179,0.9302382543609693,1.0,1.0,1,439.7500266898588
scenario_1_kitchen_pm_spike_ep05_d060,scenario_1_kitchen_pm_spike_ep05,scenario_1_kitchen_pm_spike,60,2026-08-01T09:30:00,D,B,85.7000000000001,4.0,8.88888888888889,0.6577777777777778,1.0,1.0,1,81.24037669867016
scenario_1_kitchen_pm_spike_ep05_d063,scenario_1_kitchen_pm_spike_ep05,scenario_1_kitchen_pm_spike,63,2026-08-01T09:31:30,A,C,85.46000000000011,4.0,8.88888888888889,0.6577777777777778,1.0,1.0,1,77.82803241972692
scenario_1_kitchen_pm_spike_ep05_d063,scenario_1_kitchen_pm_spike_ep05,scenario_1_kitchen_pm_spike,63,2026-08-01T09:31:30,B,C,85.46000000000011,5.656854249492381,12.570787221094179,0.9302382543609693,1.0,1.0,1,82.78496277859335
scenario_1_kitchen_pm_spike_ep05_d063,scenario_1_kitchen_pm_spike_ep05,scenario_1_kitchen_pm_spike,63,2026-08-01T09:31:30,C,C,85.46000000000011,0.0,0.0,0.0,0.0,1.0,1,417.64829299872395
scenario_1_kitchen_pm_spike_ep05_d063,scenario_1_kitchen_pm_spike_ep05,scenario_1_kitchen_pm_spike,63,2026-08-01T09:31:30,D,C,85.46000000000011,4.0,8.88888888888889,0.6577777777777778,1.0,1.0,1,81.98617349235542
scenario_1_kitchen_pm_spike_ep05_d066,scenario_1_kitchen_pm_spike_ep05,scenario_1_kitchen_pm_spike,66,2026-08-01T09:33:00,A,A,85.22000000000011,0.0,0.0,0.0,0.0,1.0,1,78.62085676685865
scenario_1_kitchen_pm_spike_ep05_d066,scenario_1_kitchen_pm_spike_ep05,scenario_1_kitchen_pm_spike,66,2026-08-01T09:33:00,B,A,85.22000000000011,4.0,8.88888888888889,0.6577777777777778,1.0,1.0,1,83.26727440740797
scenario_1_kitchen_pm_spike_ep05_d066,scenario_1_kitchen_pm_spike_ep05,scenario_1_kitchen_pm_spike,66,2026-08-01T09:33:00,C,A,85.22000000000011,4.0,8.88888888888889,0.6577777777777778,1.0,1.0,1,396.78628244367246
scenario_1_kitchen_pm_spike_ep05_d066,scenario_1_kitchen_pm_spike_ep05,scenario_1_kitchen_pm_spike,66,2026-08-01T09:33:00,D,A,85.22000000000011,5.656854249492381,12.570787221094179,0.9302382543609693,1.0,1.0,1,82.51423918564547
scenario_1_kitchen_pm_spike_ep05_d069,scenario_1_kitchen_pm_spike_ep05,scenario_1_kitchen_pm_spike,69,2026-08-01T09:34:30,A,B,84.98000000000012,4.0,8.88888888888889,0.6577777777777778,1.0,1.0,1,79.1979086618228
scenario_1_kitchen_pm_spike_ep05_d069,scenario_1_kitchen_pm_spike_ep05,scenario_1_kitchen_pm_spike,69,2026-08-01T09:34:30,B,B,84.98000000000012,0.0,0.0,0.0,0.0,1.0,1,83.55331901008776
scenario_1_kitchen_pm_spike_ep05_d069,scenario_1_kitchen_pm_spike_ep05,scenario_1_kitchen_pm_spike,69,2026-08-01T09:34:30,C,B,84.98000000000012,5.656854249492381,12.570787221094179,0.9302382543609693,1.0,1.0,1,377.0897793040431
scenario_1_kitchen_pm_spike_ep05_d069,scenario_1_kitchen_pm_spike_ep05,scenario_1_kitchen_pm_spike,69,2026-08-01T09:34:30,D,B,84.98000000000012,4.0,8.88888888888889,0.6577777777777778,1.0,1.0,1,82.84340824156493
scenario_1_kitchen_pm_spike_ep05_d072,scenario_1_kitchen_pm_spike_ep05,scenario_1_kitchen_pm_spike,72,2026-08-01T09:36:00,A,D,84.74000000000012,5.656854249492381,12.570787221094179,0.9302382543609693,1.0,1.0,1,79.57775189444851
scenario_1_kitchen_pm_spike_ep05_d072,scenario_1_kitchen_pm_spike_ep05,scenario_1_kitchen_pm_spike,72,2026-08-01T09:36:00,B,D,84.74000000000012,4.0,8.88888888888889,0.6577777777777778,1.0,1.0,1,83.66043201108823
scenario_1_kitchen_pm_spike_ep05_d072,scenario_1_kitchen_pm_spike_ep05,scenario_1_kitchen_pm_spike,72,2026-08-01T09:36:00,C,D,84.74000000000012,4.0,8.88888888888889,0.6577777777777778,1.0,1.0,1,358.4891656317151
scenario_1_kitchen_pm_spike_ep05_d072,scenario_1_kitchen_pm_spike_ep05,scenario_1_kitchen_pm_spike,72,2026-08-01T09:36:00,D,D,84.74000000000012,0.0,0.0,0.0,0.0,1.0,1,82.991167768085
scenario_1_kitchen_pm_spike_ep05_d075,scenario_1_kitchen_pm_spike_ep05,scenario_1_kitchen_pm_spike,75,2026-08-01T09:37:30,A,A,84.50000000000013,0.0,0.0,0.0,0.0,1.0,1,79.77762451154149
scenario_1_kitchen_pm_spike_ep05_d075,scenario_1_kitchen_pm_spike_ep05,scenario_1_kitchen_pm_spike,75,2026-08-01T09:37:30,B,A,84.50000000000013,4.0,8.88888888888889,0.6577777777777778,1.0,1.0,1,83.60470062509171
scenario_1_kitchen_pm_spike_ep05_d075,scenario_1_kitchen_pm_spike_ep05,scenario_1_kitchen_pm_spike,75,2026-08-01T09:37:30,C,A,84.50000000000013,4.0,8.88888888888889,0.6577777777777778,1.0,1.0,1,340.91913152210907
scenario_1_kitchen_pm_spike_ep05_d075,scenario_1_kitchen_pm_spike_ep05,scenario_1_kitchen_pm_spike,75,2026-08-01T09:37:30,D,A,84.50000000000013,5.656854249492381,12.570787221094179,0.9302382543609693,1.0,1.0,1,82.97374787948957
scenario_1_kitchen_pm_spike_ep05_d078,scenario_1_kitchen_pm_spike_ep05,scenario_1_kitchen_pm_spike,78,2026-08-01T09:39:00,A,C,84.26000000000013,4.0,8.88888888888889,0.6577777777777778,1.0,1.0,1,79.81352766689838
scenario_1_kitchen_pm_spike_ep05_d078,scenario_1_kitchen_pm_spike_ep05,scenario_1_kitchen_pm_spike,78,2026-08-01T09:39:00,B,C,84.26000000000013,5.656854249492381,12.570787221094179,0.9302382543609693,1.0,1.0,1,83.40104780319484
scenario_1_kitchen_pm_spike_ep05_d078,scenario_1_kitchen_pm_spike_ep05,scenario_1_kitchen_pm_spike,78,2026-08-01T09:39:00,C,C,84.26000000000013,0.0,0.0,0.0,0.0,1.0,1,324.3184037949567
scenario_1_kitchen_pm_spike_ep05_d078,scenario_1_kitchen_pm_spike_ep05,scenario_1_kitchen_pm_spike,78,2026-08-01T09:39:00,D,C,84.26000000000013,4.0,8.88888888888889,0.6577777777777778,1.0,1.0,1,82.80620615335965
scenario_1_kitchen_pm_spike_ep05_d081,scenario_1_kitchen_pm_spike_ep05,scenario_1_kitchen_pm_spike,81,2026-08-01T09:40:30,A,D,84.02000000000014,5.656854249492381,12.570787221094179,0.9302382543609693,1.0,1.0,1,79.70030866760567
scenario_1_kitchen_pm_spike_ep05_d081,scenario_1_kitchen_pm_spike_ep05,scenario_1_kitchen_pm_spike,81,2026-08-01T09:40:30,B,D,84.02000000000014,4.0,8.88888888888889,0.6577777777777778,1.0,1.0,1,83.06331068609586
scenario_1_kitchen_pm_spike_ep05_d081,scenario_1_kitchen_pm_spike_ep05,scenario_1_kitchen_pm_spike,81,2026-08-01T09:40:30,C,D,84.02000000000014,4.0,8.88888888888889,0.6577777777777778,1.0,1.0,1,308.6294919102519
scenario_1_kitchen_pm_spike_ep05_d081,scenario_1_kitchen_pm_spike_ep05,scenario_1_kitchen_pm_spike,81,2026-08-01T09:40:30,D,D,84.02000000000014,0.0,0.0,0.0,0.0,1.0,1,82.5025065647319
scenario_1_kitchen_pm_spike_ep05_d084,scenario_1_kitchen_pm_spike_ep05,scenario_1_kitchen_pm_spike,84,2026-08-01T09:42:00,A,B,83.78000000000014,4.0,8.88888888888889,0.6577777777777778,1.0,1.0,1,79.45173859156273
scenario_1_kitchen_pm_spike_ep05_d084,scenario_1_kitchen_pm_spike_ep05,scenario_1_kitchen_pm_spike,84,2026-08-01T09:42:00,B,B,83.78000000000014,0.0,0.0,0.0,0.0,1.0,1,82.60431391952011
scenario_1_kitchen_pm_spike_ep05_d084,scenario_1_kitchen_pm_spike_ep05,scenario_1_kitchen_pm_spike,84,2026-08-01T09:42:00,C,B,83.78000000000014,5.656854249492381,12.570787221094179,0.9302382543609693,1.0,1.0,1,293.798450019867
scenario_1_kitchen_pm_spike_ep05_d084,scenario_1_kitchen_pm_spike_ep05,scenario_1_kitchen_pm_spike,84,2026-08-01T09:42:00,D,B,83.78000000000014,4.0,8.88888888888889,0.6577777777777778,1.0,1.0,1,82.07559325440775
scenario_1_kitchen_pm_spike_ep05_d087,scenario_1_kitchen_pm_spike_ep05,scenario_1_kitchen_pm_spike,87,2026-08-01T09:43:30,A,C,83.54000000000015,4.0,8.88888888888889,0.6577777777777778,1.0,1.0,1,79.08058482710146
scenario_1_kitchen_pm_spike_ep05_d087,scenario_1_kitchen_pm_spike_ep05,scenario_1_kitchen_pm_spike,87,2026-08-01T09:43:30,B,C,83.54000000000015,5.656854249492381,12.570787221094179,0.9302382543609693,1.0,1.0,1,82.03593816427019
scenario_1_kitchen_pm_spike_ep05_d087,scenario_1_kitchen_pm_spike_ep05,scenario_1_kitchen_pm_spike,87,2026-08-01T09:43:30,C,C,83.54000000000015,0.0,0.0,0.0,0.0,1.0,1,279.7746541256405
scenario_1_kitchen_pm_spike_ep05_d087,scenario_1_kitchen_pm_spike_ep05,scenario_1_kitchen_pm_spike,87,2026-08-01T09:43:30,D,C,83.54000000000015,4.0,8.88888888888889,0.6577777777777778,1.0,1.0,1,81.53745946544643
scenario_1_kitchen_pm_spike_ep06_d012,scenario_1_kitchen_pm_spike_ep06,scenario_1_kitchen_pm_spike,12,2026-08-01T09:06:00,A,C,88.84000000000002,4.0,8.88888888888889,0.6577777777777778,1.0,1.0,1,41.01333118398952
scenario_1_kitchen_pm_spike_ep06_d012,scenario_1_kitchen_pm_spike_ep06,scenario_1_kitchen_pm_spike,12,2026-08-01T09:06:00,B,C,88.84000000000002,5.656854249492381,12.570787221094179,0.9302382543609693,1.0,1.0,1,34.4558802529217
scenario_1_kitchen_pm_spike_ep06_d012,scenario_1_kitchen_pm_spike_ep06,scenario_1_kitchen_pm_spike,12,2026-08-01T09:06:00,C,C,88.84000000000002,0.0,0.0,0.0,0.0,1.0,1,201.96895891374368
scenario_1_kitchen_pm_spike_ep06_d012,scenario_1_kitchen_pm_spike_ep06,scenario_1_kitchen_pm_spike,12,2026-08-01T09:06:00,D,C,88.84000000000002,4.0,8.88888888888889,0.6577777777777778,1.0,1.0,1,23.63803813703737
scenario_1_kitchen_pm_spike_ep06_d015,scenario_1_kitchen_pm_spike_ep06,scenario_1_kitchen_pm_spike,15,2026-08-01T09:07:30,A,D,88.60000000000002,5.656854249492381,12.570787221094179,0.9302382543609693,1.0,1.0,1,41.7829930436842
scenario_1_kitchen_pm_spike_ep06_d015,scenario_1_kitchen_pm_spike_ep06,scenario_1_kitchen_pm_spike,15,2026-08-01T09:07:30,B,D,88.60000000000002,4.0,8.88888888888889,0.6577777777777778,1.0,1.0,1,35.62869478063817
scenario_1_kitchen_pm_spike_ep06_d015,scenario_1_kitchen_pm_spike_ep06,scenario_1_kitchen_pm_spike,15,2026-08-01T09:07:30,C,D,88.60000000000002,4.0,8.88888888888889,0.6577777777777778,1.0,1.0,1,310.71616408331147
scenario_1_kitchen_pm_spike_ep06_d015,scenario_1_kitchen_pm_spike_ep06,scenario_1_kitchen_pm_spike,15,2026-08-01T09:07:30,D,D,88.60000000000002,0.0,0.0,0.0,0.0,1.0,1,25.50898568071375
scenario_1_kitchen_pm_spike_ep06_d018,scenario_1_kitchen_pm_spike_ep06,scenario_1_kitchen_pm_spike,18,2026-08-01T09:09:00,A,B,88.36000000000003,4.0,8.88888888888889,0.6577777777777778,1.0,1.0,1,43.447885325943616
scenario_1_kitchen_pm_spike_ep06_d018,scenario_1_kitchen_pm_spike_ep06,scenario_1_kitchen_pm_spike,18,2026-08-01T09:09:00,B,B,88.36000000000003,0.0,0.0,0.0,0.0,1.0,1,37.6718499013175
scenario_1_kitchen_pm_spike_ep06_d018,scenario_1_kitchen_pm_spike_ep06,scenario_1_kitchen_pm_spike,18,2026-08-01T09:09:00,C,B,88.36000000000003,5.656854249492381,12.570787221094179,0.9302382543609693,1.0,1.0,1,433.01056263696375
scenario_1_kitchen_pm_spike_ep06_d018,scenario_1_kitchen_pm_spike_ep06,scenario_1_kitchen_pm_spike,18,2026-08-01T09:09:00,D,B,88.36000000000003,4.0,8.88888888888889,0.6577777777777778,1.0,1.0,1,28.20525032388423
scenario_1_kitchen_pm_spike_ep06_d021,scenario_1_kitchen_pm_spike_ep06,scenario_1_kitchen_pm_spike,21,2026-08-01T09:10:30,A,C,88.12000000000003,4.0,8.88888888888889,0.6577777777777778,1.0,1.0,1,46.286770839591554
scenario_1_kitchen_pm_spike_ep06_d021,scenario_1_kitchen_pm_spike_ep06,scenario_1_kitchen_pm_spike,21,2026-08-01T09:10:30,B,C,88.12000000000003,5.656854249492381,12.570787221094179,0.9302382543609693,1.0,1.0,1,40.86565111798723
scenario_1_kitchen_pm_spike_ep06_d021,scenario_1_kitchen_pm_spike_ep06,scenario_1_kitchen_pm_spike,21,2026-08-01T09:10:30,C,C,88.12000000000003,0.0,0.0,0.0,0.0,1.0,1,551.554097282856
scenario_1_kitchen_pm_spike_ep06_d021,scenario_1_kitchen_pm_spike_ep06,scenario_1_kitchen_pm_spike,21,2026-08-01T09:10:30,D,C,88.12000000000003,4.0,8.88888888888889,0.6577777777777778,1.0,1.0,1,32.010039488642406
scenario_1_kitchen_pm_spike_ep06_d024,scenario_1_kitchen_pm_spike_ep06,scenario_1_kitchen_pm_spike,24,2026-08-01T09:12:00,A,A,87.88000000000004,0.0,0.0,0.0,0.0,1.0,1,50.188835898420166
scenario_1_kitchen_pm_spike_ep06_d024,scenario_1_kitchen_pm_spike_ep06,scenario_1_kitchen_pm_spike,24,2026-08-01T09:12:00,B,A,87.88000000000004,4.0,8.88888888888889,0.6577777777777778,1.0,1.0,1,45.100731470875644
scenario_1_kitchen_pm_spike_ep06_d024,scenario_1_kitchen_pm_spike_ep06,scenario_1_kitchen_pm_spike,24,2026-08-01T09:12:00,C,A,87.88000000000004,4.0,8.88888888888889,0.6577777777777778,1.0,1.0,1,652.5610982446123
scenario_1_kitchen_pm_spike_ep06_d024,scenario_1_kitchen_pm_spike_ep06,scenario_1_kitchen_pm_spike,24,2026-08-01T09:12:00,D,A,87.88000000000004,5.656854249492381,12.570787221094179,0.9302382543609693,1.0,1.0,1,36.81670119007981
scenario_1_kitchen_pm_spike_ep06_d027,scenario_1_kitchen_pm_spike_ep06,scenario_1_kitchen_pm_spike,27,2026-08-01T09:13:30,A,B,87.64000000000004,4.0,8.88888888888889,0.6577777777777778,1.0,1.0,1,53.73136198400289
scenario_1_kitchen_pm_spike_ep06_d027,scenario_1_kitchen_pm_spike_ep06,scenario_1_kitchen_pm_spike,27,2026-08-01T09:13:30,B,B,87.64000000000004,0.0,0.0,0.0,0.0,1.0,1,48.95572919037886
scenario_1_kitchen_pm_spike_ep06_d027,scenario_1_kitchen_pm_spike_ep06,scenario_1_kitchen_pm_spike,27,2026-08-01T09:13:30,C,B,87.64000000000004,5.656854249492381,12.570787221094179,0.9302382543609693,1.0,1.0,1,676.4383946898606
scenario_1_kitchen_pm_spike_ep06_d027,scenario_1_kitchen_pm_spike_ep06,scenario_1_kitchen_pm_spike,27,2026-08-01T09:13:30,D,B,87.64000000000004,4.0,8.88888888888889,0.6577777777777778,1.0,1.0,1,41.2064137271168
scenario_1_kitchen_pm_spike_ep06_d030,scenario_1_kitchen_pm_spike_ep06,scenario_1_kitchen_pm_spike,30,2026-08-01T09:15:00,A,D,87.40000000000005,5.656854249492381,12.570787221094179,0.9302382543609693,1.0,1.0,1,58.20280651172379
scenario_1_kitchen_pm_spike_ep06_d030,scenario_1_kitchen_pm_spike_ep06,scenario_1_kitchen_pm_spike,30,2026-08-01T09:15:00,B,D,87.40000000000005,4.0,8.88888888888889,0.6577777777777778,1.0,1.0,1,53.72037407818971
scenario_1_kitchen_pm_spike_ep06_d030,scenario_1_kitchen_pm_spike_ep06,scenario_1_kitchen_pm_spike,30,2026-08-01T09:15:00,C,D,87.40000000000005,4.0,8.88888888888889,0.6577777777777778,1.0,1.0,1,704.7990311724184
scenario_1_kitchen_pm_spike_ep06_d030,scenario_1_kitchen_pm_spike_ep06,scenario_1_kitchen_pm_spike,30,2026-08-01T09:15:00,D,D,87.40000000000005,0.0,0.0,0.0,0.0,1.0,1,46.47128332664329
scenario_1_kitchen_pm_spike_ep06_d033,scenario_1_kitchen_pm_spike_ep06,scenario_1_kitchen_pm_spike,33,2026-08-01T09:16:30,A,A,87.16000000000005,0.0,0.0,0.0,0.0,1.0,1,61.7203815250075
scenario_1_kitchen_pm_spike_ep06_d033,scenario_1_kitchen_pm_spike_ep06,scenario_1_kitchen_pm_spike,33,2026-08-01T09:16:30,B,A,87.16000000000005,4.0,8.88888888888889,0.6577777777777778,1.0,1.0,1,57.513071465117946
scenario_1_kitchen_pm_spike_ep06_d033,scenario_1_kitchen_pm_spike_ep06,scenario_1_kitchen_pm_spike,33,2026-08-01T09:16:30,C,A,87.16000000000005,4.0,8.88888888888889,0.6577777777777778,1.0,1.0,1,666.2770429430159
scenario_1_kitchen_pm_spike_ep06_d033,scenario_1_kitchen_pm_spike_ep06,scenario_1_kitchen_pm_spike,33,2026-08-01T09:16:30,D,A,87.16000000000005,5.656854249492381,12.570787221094179,0.9302382543609693,1.0,1.0,1,50.731938639346026
scenario_1_kitchen_pm_spike_ep06_d036,scenario_1_kitchen_pm_spike_ep06,scenario_1_kitchen_pm_spike,36,2026-08-01T09:18:00,A,C,86.92000000000006,4.0,8.88888888888889,0.6577777777777778,1.0,1.0,1,65.07371429524187
scenario_1_kitchen_pm_spike_ep06_d036,scenario_1_kitchen_pm_spike_ep06,scenario_1_kitchen_pm_spike,36,2026-08-01T09:18:00,B,C,86.92000000000006,5.656854249492381,12.570787221094179,0.9302382543609693,1.0,1.0,1,61.12456774515772
scenario_1_kitchen_pm_spike_ep06_d036,scenario_1_kitchen_pm_spike_ep06,scenario_1_kitchen_pm_spike,36,2026-08-01T09:18:00,C,C,86.92000000000006,0.0,0.0,0.0,0.0,1.0,1,631.1101456620626
scenario_1_kitchen_pm_spike_ep06_d036,scenario_1_kitchen_pm_spike_ep06,scenario_1_kitchen_pm_spike,36,2026-08-01T09:18:00,D,C,86.92000000000006,4.0,8.88888888888889,0.6577777777777778,1.0,1.0,1,54.78120613344572
scenario_1_kitchen_pm_spike_ep06_d039,scenario_1_kitchen_pm_spike_ep06,scenario_1_kitchen_pm_spike,39,2026-08-01T09:19:30,A,D,86.68000000000006,5.656854249492381,12.570787221094179,0.9302382543609693,1.0,1.0,1,68.00363625491605
scenario_1_kitchen_pm_spike_ep06_d039,scenario_1_kitchen_pm_spike_ep06,scenario_1_kitchen_pm_spike,39,2026-08-01T09:19:30,B,D,86.68000000000006,4.0,8.88888888888889,0.6577777777777778,1.0,1.0,1,64.29674393402229
scenario_1_kitchen_pm_spike_ep06_d039,scenario_1_kitchen_pm_spike_ep06,scenario_1_kitchen_pm_spike,39,2026-08-01T09:19:30,C,D,86.68000000000006,4.0,8.88888888888889,0.6577777777777778,1.0,1.0,1,597.9766295921313
scenario_1_kitchen_pm_spike_ep06_d039,scenario_1_kitchen_pm_spike_ep06,scenario_1_kitchen_pm_spike,39,2026-08-01T09:19:30,D,D,86.68000000000006,0.0,0.0,0.0,0.0,1.0,1,58.362912878181305
scenario_1_kitchen_pm_spike_ep06_d042,scenario_1_kitchen_pm_spike_ep06,scenario_1_kitchen_pm_spike,42,2026-08-01T09:21:00,A,B,86.44000000000007,4.0,8.88888888888889,0.6577777777777778,1.0,1.0,1,70.5432608627325
scenario_1_kitchen_pm_spike_ep06_d042,scenario_1_kitchen_pm_spike_ep06,scenario_1_kitchen_pm_spike,42,2026-08-01T09:21:00,B,B,86.44000000000007,0.0,0.0,0.0,0.0,1.0,1,67.06369787025437
scenario_1_kitchen_pm_spike_ep06_d042,scenario_1_kitchen_pm_spike_ep06,scenario_1_kitchen_pm_spike,42,2026-08-01T09:21:00,C,B,86.44000000000007,5.656854249492381,12.570787221094179,0.9302382543609693,1.0,1.0,1,566.7527801055221
scenario_1_kitchen_pm_spike_ep06_d042,scenario_1_kitchen_pm_spike_ep06,scenario_1_kitchen_pm_spike,42,2026-08-01T09:21:00,D,B,86.44000000000007,4.0,8.88888888888889,0.6577777777777778,1.0,1.0,1,61.512977376040226
scenario_1_kitchen_pm_spike_ep06_d045,scenario_1_kitchen_pm_spike_ep06,scenario_1_kitchen_pm_spike,45,2026-08-01T09:22:30,A,C,86.20000000000007,4.0,8.88888888888889,0.6577777777777778,1.0,1.0,1,72.72340810872015
scenario_1_kitchen_pm_spike_ep06_d045,scenario_1_kitchen_pm_spike_ep06,scenario_1_kitchen_pm_spike,45,2026-08-01T09:22:30,B,C,86.20000000000007,5.656854249492381,12.570787221094179,0.9302382543609693,1.0,1.0,1,69.45717278511302
scenario_1_kitchen_pm_spike_ep06_d045,scenario_1_kitchen_pm_spike_ep06,scenario_1_kitchen_pm_spike,45,2026-08-01T09:22:30,C,C,86.20000000000007,0.0,0.0,0.0,0.0,1.0,1,537.3226077551926
scenario_1_kitchen_pm_spike_ep06_d045,scenario_1_kitchen_pm_spike_ep06,scenario_1_kitchen_pm_spike,45,2026-08-01T09:22:30,D,C,86.20000000000007,4.0,8.88888888888889,0.6577777777777778,1.0,1.0,1,64.26484620812062
scenario_1_kitchen_pm_spike_ep06_d048,scenario_1_kitchen_pm_spike_ep06,scenario_1_kitchen_pm_spike,48,2026-08-01T09:24:00,A,A,85.96000000000008,0.0,0.0,0.0,0.0,1.0,1,74.57275637064231
scenario_1_kitchen_pm_spike_ep06_d048,scenario_1_kitchen_pm_spike_ep06,scenario_1_kitchen_pm_spike,48,2026-08-01T09:24:00,B,A,85.96000000000008,4.0,8.88888888888889,0.6577777777777778,1.0,1.0,1,71.50671296955306
scenario_1_kitchen_pm_spike_ep06_d048,scenario_1_kitchen_pm_spike_ep06,scenario_1_kitchen_pm_spike,48,2026-08-01T09:24:00,C,A,85.96000000000008,4.0,8.88888888888889,0.6577777777777778,1.0,1.0,1,509.57735968365944
scenario_1_kitchen_pm_spike_ep06_d048,scenario_1_kitchen_pm_spike_ep06,scenario_1_kitchen_pm_spike,48,2026-08-01T09:24:00,D,A,85.96000000000008,5.656854249492381,12.570787221094179,0.9302382543609693,1.0,1.0,1,66.64965725670072
scenario_1_kitchen_pm_spike_ep06_d051,scenario_1_kitchen_pm_spike_ep06,scenario_1_kitchen_pm_spike,51,2026-08-01T09:25:30,A,B,85.72000000000008,4.0,8.88888888888889,0.6577777777777778,1.0,1.0,1,76.1179844017804
scenario_1_kitchen_pm_spike_ep06_d051,scenario_1_kitchen_pm_spike_ep06,scenario_1_kitchen_pm_spike,51,2026-08-01T09:25:30,B,B,85.72000000000008,0.0,0.0,0.0,0.0,1.0,1,73.23980933429948
scenario_1_kitchen_pm_spike_ep06_d051,scenario_1_kitchen_pm_spike_ep06,scenario_1_kitchen_pm_spike,51,2026-08-01T09:25:30,C,B,85.72000000000008,5.656854249492381,12.570787221094179,0.9302382543609693,1.0,1.0,1,483.41506212806917
scenario_1_kitchen_pm_spike_ep06_d051,scenario_1_kitchen_pm_spike_ep06,scenario_1_kitchen_pm_spike,51,2026-08-01T09:25:30,D,B,85.72000000000008,4.0,8.88888888888889,0.6577777777777778,1.0,1.0,1,68.69639233449698
scenario_1_kitchen_pm_spike_ep06_d054,scenario_1_kitchen_pm_spike_ep06,scenario_1_kitchen_pm_spike,54,2026-08-01T09:27:00,A,D,85.48000000000009,5.656854249492381,12.570787221094179,0.9302382543609693,1.0,1.0,1,77.38390408628948
scenario_1_kitchen_pm_spike_ep06_d054,scenario_1_kitchen_pm_spike_ep06,scenario_1_kitchen_pm_spike,54,2026-08-01T09:27:00,B,D,85.48000000000009,4.0,8.88888888888889,0.6577777777777778,1.0,1.0,1,74.6820355141815
scenario_1_kitchen_pm_spike_ep06_d054,scenario_1_kitchen_pm_spike_ep06,scenario_1_kitchen_pm_spike,54,2026-08-01T09:27:00,C,D,85.48000000000009,4.0,8.88888888888889,0.6577777777777778,1.0,1.0,1,458.74009203607443
scenario_1_kitchen_pm_spike_ep06_d054,scenario_1_kitchen_pm_spike_ep06,scenario_1_kitchen_pm_spike,54,2026-08-01T09:27:00,D,D,85.48000000000009,0.0,0.0,0.0,0.0,1.0,1,70.43201990304624
scenario_1_kitchen_pm_spike_ep06_d057,scenario_1_kitchen_pm_spike_ep06,scenario_1_kitchen_pm_spike,57,2026-08-01T09:28:30,A,A,85.2400000000001,0.0,0.0,0.0,0.0,1.0,1,78.39358455740899
scenario_1_kitchen_pm_spike_ep06_d057,scenario_1_kitchen_pm_spike_ep06,scenario_1_kitchen_pm_spike,57,2026-08-01T09:28:30,B,A,85.2400000000001,4.0,8.88888888888889,0.6577777777777778,1.0,1.0,1,75.8571751259974
scenario_1_kitchen_pm_spike_ep06_d057,scenario_1_kitchen_pm_spike_ep06,scenario_1_kitchen_pm_spike,57,2026-08-01T09:28:30,C,A,85.2400000000001,4.0,8.88888888888889,0.6577777777777778,1.0,1.0,1,435.4627759341048
scenario_1_kitchen_pm_spike_ep06_d057,scenario_1_kitchen_pm_spike_ep06,scenario_1_kitchen_pm_spike,57,2026-08-01T09:28:30,D,A,85.2400000000001,5.656854249492381,12.570787221094179,0.9302382543609693,1.0,1.0,1,71.88162851880065
scenario_1_kitchen_pm_spike_ep06_d060,scenario_1_kitchen_pm_spike_ep06,scenario_1_kitchen_pm_spike,60,2026-08-01T09:30:00,A,C,85.0000000000001,4.0,8.88888888888889,0.6577777777777778,1.0,1.0,1,79.16846823564697
scenario_1_kitchen_pm_spike_ep06_d060,scenario_1_kitchen_pm_spike_ep06,scenario_1_kitchen_pm_spike,60,2026-08-01T09:30:00,B,C,85.0000000000001,5.656854249492381,12.570787221094179,0.9302382543609693,1.0,1.0,1,76.78734075013881
scenario_1_kitchen_pm_spike_ep06_d060,scenario_1_kitchen_pm_spike_ep06,scenario_1_kitchen_pm_spike,60,2026-08-01T09:30:00,C,C,85.0000000000001,0.0,0.0,0.0,0.0,1.0,1,413.49901430850207
scenario_1_kitchen_pm_spike_ep06_d060,scenario_1_kitchen_pm_spike_ep06,scenario_1_kitchen_pm_spike,60,2026-08-01T09:30:00,D,C,85.0000000000001,4.0,8.88888888888889,0.6577777777777778,1.0,1.0,1,73.06855160456757
scenario_1_kitchen_pm_spike_ep06_d063,scenario_1_kitchen_pm_spike_ep06,scenario_1_kitchen_pm_spike,63,2026-08-01T09:31:30,A,D,84.7600000000001,5.656854249492381,12.570787221094179,0.9302382543609693,1.0,1.0,1,79.72847930816306
scenario_1_kitchen_pm_spike_ep06_d063,scenario_1_kitchen_pm_spike_ep06,scenario_1_kitchen_pm_spike,63,2026-08-01T09:31:30,B,D,84.7600000000001,4.0,8.88888888888889,0.6577777777777778,1.0,1.0,1,77.49308516953988
scenario_1_kitchen_pm_spike_ep06_d063,scenario_1_kitchen_pm_spike_ep06,scenario_1_kitchen_pm_spike,63,2026-08-01T09:31:30,C,D,84.7600000000001,4.0,8.88888888888889,0.6577777777777778,1.0,1.0,1,392.76992987119297
scenario_1_kitchen_pm_spike_ep06_d063,scenario_1_kitchen_pm_spike_ep06,scenario_1_kitchen_pm_spike,63,2026-08-01T09:31:30,D,D,84.7600000000001,0.0,0.0,0.0,0.0,1.0,1,74.0144841054846
scenario_1_kitchen_pm_spike_ep06_d066,scenario_1_kitchen_pm_spike_ep06,scenario_1_kitchen_pm_spike,66,2026-08-01T09:33:00,A,B,84.52000000000011,4.0,8.88888888888889,0.6577777777777778,1.0,1.0,1,80.09212513716011
scenario_1_kitchen_pm_spike_ep06_d066,scenario_1_kitchen_pm_spike_ep06,scenario_1_kitchen_pm_spike,66,2026-08-01T09:33:00,B,B,84.52000000000011,0.0,0.0,0.0,0.0,1.0,1,77.99350536523662
scenario_1_kitchen_pm_spike_ep06_d066,scenario_1_kitchen_pm_spike_ep06,scenario_1_kitchen_pm_spike,66,2026-08-01T09:33:00,C,B,84.52000000000011,5.656854249492381,12.570787221094179,0.9302382543609693,1.0,1.0,1,373.20153818568224
scenario_1_kitchen_pm_spike_ep06_d066,scenario_1_kitchen_pm_spike_ep06,scenario_1_kitchen_pm_spike,66,2026-08-01T09:33:00,D,B,84.52000000000011,4.0,8.88888888888889,0.6577777777777778,1.0,1.0,1,74.73959155282228
scenario_1_kitchen_pm_spike_ep06_d069,scenario_1_kitchen_pm_spike_ep06,scenario_1_kitchen_pm_spike,69,2026-08-01T09:34:30,A,C,84.28000000000011,4.0,8.88888888888889,0.6577777777777778,1.0,1.0,1,80.27659105368707
scenario_1_kitchen_pm_spike_ep06_d069,scenario_1_kitchen_pm_spike_ep06,scenario_1_kitchen_pm_spike,69,2026-08-01T09:34:30,B,C,84.28000000000011,5.656854249492381,12.570787221094179,0.9302382543609693,1.0,1.0,1,78.306339735763
scenario_1_kitchen_pm_spike_ep06_d069,scenario_1_kitchen_pm_spike_ep06,scenario_1_kitchen_pm_spike,69,2026-08-01T09:34:30,C,C,84.28000000000011,0.0,0.0,0.0,0.0,1.0,1,354.72443922662853
scenario_1_kitchen_pm_spike_ep06_d069,scenario_1_kitchen_pm_spike_ep06,scenario_1_kitchen_pm_spike,69,2026-08-01T09:34:30,D,C,84.28000000000011,4.0,8.88888888888889,0.6577777777777778,1.0,1.0,1,75.2626120252944
scenario_1_kitchen_pm_spike_ep06_d072,scenario_1_kitchen_pm_spike_ep06,scenario_1_kitchen_pm_spike,72,2026-08-01T09:36:00,A,A,84.04000000000012,0.0,0.0,0.0,0.0,1.0,1,80.29782896395841
scenario_1_kitchen_pm_spike_ep06_d072,scenario_1_kitchen_pm_spike_ep06,scenario_1_kitchen_pm_spike,72,2026-08-01T09:36:00,B,A,84.04000000000012,4.0,8.88888888888889,0.6577777777777778,1.0,1.0,1,78.44805897761739
scenario_1_kitchen_pm_spike_ep06_d072,scenario_1_kitchen_pm_spike_ep06,scenario_1_kitchen_pm_spike,72,2026-08-01T09:36:00,C,A,84.04000000000012,4.0,8.88888888888889,0.6577777777777778,1.0,1.0,1,337.2735285374739
scenario_1_kitchen_pm_spike_ep06_d072,scenario_1_kitchen_pm_spike_ep06,scenario_1_kitchen_pm_spike,72,2026-08-01T09:36:00,D,A,84.04000000000012,5.656854249492381,12.570787221094179,0.9302382543609693,1.0,1.0,1,75.60095146609592
scenario_1_kitchen_pm_spike_ep06_d075,scenario_1_kitchen_pm_spike_ep06,scenario_1_kitchen_pm_spike,75,2026-08-01T09:37:30,A,B,83.80000000000013,4.0,8.88888888888889,0.6577777777777778,1.0,1.0,1,80.17064016780705
scenario_1_kitchen_pm_spike_ep06_d075,scenario_1_kitchen_pm_spike_ep06,scenario_1_kitchen_pm_spike,75,2026-08-01T09:37:30,B,B,83.80000000000013,0.0,0.0,0.0,0.0,1.0,1,78.43395103588853
scenario_1_kitchen_pm_spike_ep06_d075,scenario_1_kitchen_pm_spike_ep06,scenario_1_kitchen_pm_spike,75,2026-08-01T09:37:30,C,B,83.80000000000013,5.656854249492381,12.570787221094179,0.9302382543609693,1.0,1.0,1,320.78772673594233
scenario_1_kitchen_pm_spike_ep06_d075,scenario_1_kitchen_pm_spike_ep06,scenario_1_kitchen_pm_spike,75,2026-08-01T09:37:30,D,B,83.80000000000013,4.0,8.88888888888889,0.6577777777777778,1.0,1.0,1,75.77077278443426
scenario_1_kitchen_pm_spike_ep06_d078,scenario_1_kitchen_pm_spike_ep06,scenario_1_kitchen_pm_spike,78,2026-08-01T09:39:00,A,D,83.56000000000013,5.656854249492381,12.570787221094179,0.9302382543609693,1.0,1.0,1,79.90875276321424
scenario_1_kitchen_pm_spike_ep06_d078,scenario_1_kitchen_pm_spike_ep06,scenario_1_kitchen_pm_spike,78,2026-08-01T09:39:00,B,D,83.56000000000013,4.0,8.88888888888889,0.6577777777777778,1.0,1.0,1,78.27820050787591
scenario_1_kitchen_pm_spike_ep06_d078,scenario_1_kitchen_pm_spike_ep06,scenario_1_kitchen_pm_spike,78,2026-08-01T09:39:00,C,D,83.56000000000013,4.0,8.88888888888889,0.6577777777777778,1.0,1.0,1,305.20972619716565
scenario_1_kitchen_pm_spike_ep06_d078,scenario_1_kitchen_pm_spike_ep06,scenario_1_kitchen_pm_spike,78,2026-08-01T09:39:00,D,D,83.56000000000013,0.0,0.0,0.0,0.0,1.0,1,75.78707914274969
scenario_1_kitchen_pm_spike_ep06_d081,scenario_1_kitchen_pm_spike_ep06,scenario_1_kitchen_pm_spike,81,2026-08-01T09:40:30,A,A,83.32000000000014,0.0,0.0,0.0,0.0,1.0,1,79.52489398680882
scenario_1_kitchen_pm_spike_ep06_d081,scenario_1_kitchen_pm_spike_ep06,scenario_1_kitchen_pm_spike,81,2026-08-01T09:40:30,B,A,83.32000000000014,4.0,8.88888888888889,0.6577777777777778,1.0,1.0,1,77.99396285793989
scenario_1_kitchen_pm_spike_ep06_d081,scenario_1_kitchen_pm_spike_ep06,scenario_1_kitchen_pm_spike,81,2026-08-01T09:40:30,C,A,83.32000000000014,4.0,8.88888888888889,0.6577777777777778,1.0,1.0,1,290.485753818998
scenario_1_kitchen_pm_spike_ep06_d081,scenario_1_kitchen_pm_spike_ep06,scenario_1_kitchen_pm_spike,81,2026-08-01T09:40:30,D,A,83.32000000000014,5.656854249492381,12.570787221094179,0.9302382543609693,1.0,1.0,1,75.66379180509512
scenario_1_kitchen_pm_spike_ep06_d084,scenario_1_kitchen_pm_spike_ep06,scenario_1_kitchen_pm_spike,84,2026-08-01T09:42:00,A,C,83.08000000000014,4.0,8.88888888888889,0.6577777777777778,1.0,1.0,1,79.03085781772245
scenario_1_kitchen_pm_spike_ep06_d084,scenario_1_kitchen_pm_spike_ep06,scenario_1_kitchen_pm_spike,84,2026-08-01T09:42:00,B,C,83.08000000000014,5.656854249492381,12.570787221094179,0.9302382543609693,1.0,1.0,1,77.59343377876803
scenario_1_kitchen_pm_spike_ep06_d084,scenario_1_kitchen_pm_spike_ep06,scenario_1_kitchen_pm_spike,84,2026-08-01T09:42:00,C,C,83.08000000000014,0.0,0.0,0.0,0.0,1.0,1,276.565348844052
scenario_1_kitchen_pm_spike_ep06_d084,scenario_1_kitchen_pm_spike_ep06,scenario_1_kitchen_pm_spike,84,2026-08-01T09:42:00,D,C,83.08000000000014,4.0,8.88888888888889,0.6577777777777778,1.0,1.0,1,75.41382289793307
scenario_1_kitchen_pm_spike_ep06_d087,scenario_1_kitchen_pm_spike_ep06,scenario_1_kitchen_pm_spike,87,2026-08-01T09:43:30,A,D,82.84000000000015,5.656854249492381,12.570787221094179,0.9302382543609693,1.0,1.0,1,78.43756815114898
scenario_1_kitchen_pm_spike_ep06_d087,scenario_1_kitchen_pm_spike_ep06,scenario_1_kitchen_pm_spike,87,2026-08-01T09:43:30,B,D,82.84000000000015,4.0,8.88888888888889,0.6577777777777778,1.0,1.0,1,77.08791401271401
scenario_1_kitchen_pm_spike_ep06_d087,scenario_1_kitchen_pm_spike_ep06,scenario_1_kitchen_pm_spike,87,2026-08-01T09:43:30,C,D,82.84000000000015,4.0,8.88888888888889,0.6577777777777778,1.0,1.0,1,263.40115477858035
scenario_1_kitchen_pm_spike_ep06_d087,scenario_1_kitchen_pm_spike_ep06,scenario_1_kitchen_pm_spike,87,2026-08-01T09:43:30,D,D,82.84000000000015,0.0,0.0,0.0,0.0,1.0,1,75.0491434120961
scenario_1_kitchen_pm_spike_ep07_d012,scenario_1_kitchen_pm_spike_ep07,scenario_1_kitchen_pm_spike,12,2026-08-01T09:06:00,A,D,88.14000000000001,5.656854249492381,12.570787221094179,0.9302382543609693,1.0,1.0,1,17.727365932390626
scenario_1_kitchen_pm_spike_ep07_d012,scenario_1_kitchen_pm_spike_ep07,scenario_1_kitchen_pm_spike,12,2026-08-01T09:06:00,B,D,88.14000000000001,4.0,8.88888888888889,0.6577777777777778,1.0,1.0,1,32.485087845765406
scenario_1_kitchen_pm_spike_ep07_d012,scenario_1_kitchen_pm_spike_ep07,scenario_1_kitchen_pm_spike,12,2026-08-01T09:06:00,C,D,88.14000000000001,4.0,8.88888888888889,0.6577777777777778,1.0,1.0,1,194.3998477872999
scenario_1_kitchen_pm_spike_ep07_d012,scenario_1_kitchen_pm_spike_ep07,scenario_1_kitchen_pm_spike,12,2026-08-01T09:06:00,D,D,88.14000000000001,0.0,0.0,0.0,0.0,1.0,1,29.129328321805133
scenario_1_kitchen_pm_spike_ep07_d015,scenario_1_kitchen_pm_spike_ep07,scenario_1_kitchen_pm_spike,15,2026-08-01T09:07:30,A,A,87.90000000000002,0.0,0.0,0.0,0.0,1.0,1,19.92883129525171
scenario_1_kitchen_pm_spike_ep07_d015,scenario_1_kitchen_pm_spike_ep07,scenario_1_kitchen_pm_spike,15,2026-08-01T09:07:30,B,A,87.90000000000002,4.0,8.88888888888889,0.6577777777777778,1.0,1.0,1,33.72277415068504
scenario_1_kitchen_pm_spike_ep07_d015,scenario_1_kitchen_pm_spike_ep07,scenario_1_kitchen_pm_spike,15,2026-08-01T09:07:30,C,A,87.90000000000002,4.0,8.88888888888889,0.6577777777777778,1.0,1.0,1,313.7283115446412
scenario_1_kitchen_pm_spike_ep07_d015,scenario_1_kitchen_pm_spike_ep07,scenario_1_kitchen_pm_spike,15,2026-08-01T09:07:30,D,A,87.90000000000002,5.656854249492381,12.570787221094179,0.9302382543609693,1.0,1.0,1,30.58795770402287
scenario_1_kitchen_pm_spike_ep07_d018,scenario_1_kitchen_pm_spike_ep07,scenario_1_kitchen_pm_spike,18,2026-08-01T09:09:00,A,C,87.66000000000003,4.0,8.88888888888889,0.6577777777777778,1.0,1.0,1,23.05461408889778
scenario_1_kitchen_pm_spike_ep07_d018,scenario_1_kitchen_pm_spike_ep07,scenario_1_kitchen_pm_spike,18,2026-08-01T09:09:00,B,C,87.66000000000003,5.656854249492381,12.570787221094179,0.9302382543609693,1.0,1.0,1,35.947563989546325
scenario_1_kitchen_pm_spike_ep07_d018,scenario_1_kitchen_pm_spike_ep07,scenario_1_kitchen_pm_spike,18,2026-08-01T09:09:00,C,C,87.66000000000003,0.0,0.0,0.0,0.0,1.0,1,446.7225225594848
scenario_1_kitchen_pm_spike_ep07_d018,scenario_1_kitchen_pm_spike_ep07,scenario_1_kitchen_pm_spike,18,2026-08-01T09:09:00,D,C,87.66000000000003,4.0,8.88888888888889,0.6577777777777778,1.0,1.0,1,33.01919915619624
scenario_1_kitchen_pm_spike_ep07_d021,scenario_1_kitchen_pm_spike_ep07,scenario_1_kitchen_pm_spike,21,2026-08-01T09:10:30,A,D,87.42000000000003,5.656854249492381,12.570787221094179,0.9302382543609693,1.0,1.0,1,27.419199016992707
scenario_1_kitchen_pm_spike_ep07_d021,scenario_1_kitchen_pm_spike_ep07,scenario_1_kitchen_pm_spike,21,2026-08-01T09:10:30,B,D,87.42000000000003,4.0,8.88888888888889,0.6577777777777778,1.0,1.0,1,39.46986031517508
scenario_1_kitchen_pm_spike_ep07_d021,scenario_1_kitchen_pm_spike_ep07,scenario_1_kitchen_pm_spike,21,2026-08-01T09:10:30,C,D,87.42000000000003,4.0,8.88888888888889,0.6577777777777778,1.0,1.0,1,577.2847253657077
scenario_1_kitchen_pm_spike_ep07_d021,scenario_1_kitchen_pm_spike_ep07,scenario_1_kitchen_pm_spike,21,2026-08-01T09:10:30,D,D,87.42000000000003,0.0,0.0,0.0,0.0,1.0,1,36.7344031040011
scenario_1_kitchen_pm_spike_ep07_d024,scenario_1_kitchen_pm_spike_ep07,scenario_1_kitchen_pm_spike,24,2026-08-01T09:12:00,A,B,87.18000000000004,4.0,8.88888888888889,0.6577777777777778,1.0,1.0,1,31.664278216785533
scenario_1_kitchen_pm_spike_ep07_d024,scenario_1_kitchen_pm_spike_ep07,scenario_1_kitchen_pm_spike,24,2026-08-01T09:12:00,B,B,87.18000000000004,0.0,0.0,0.0,0.0,1.0,1,42.927538403975404
scenario_1_kitchen_pm_spike_ep07_d024,scenario_1_kitchen_pm_spike_ep07,scenario_1_kitchen_pm_spike,24,2026-08-01T09:12:00,C,B,87.18000000000004,5.656854249492381,12.570787221094179,0.9302382543609693,1.0,1.0,1,637.3151579415982
scenario_1_kitchen_pm_spike_ep07_d024,scenario_1_kitchen_pm_spike_ep07,scenario_1_kitchen_pm_spike,24,2026-08-01T09:12:00,D,B,87.18000000000004,4.0,8.88888888888889,0.6577777777777778,1.0,1.0,1,40.37233051362432
scenario_1_kitchen_pm_spike_ep07_d027,scenario_1_kitchen_pm_spike_ep07,scenario_1_kitchen_pm_spike,27,2026-08-01T09:13:30,A,C,86.94000000000004,4.0,8.88888888888889,0.6577777777777778,1.0,1.0,1,36.81173355087458
scenario_1_kitchen_pm_spike_ep07_d027,scenario_1_kitchen_pm_spike_ep07,scenario_1_kitchen_pm_spike,27,2026-08-01T09:13:30,B,C,86.94000000000004,5.656854249492381,12.570787221094179,0.9302382543609693,1.0,1.0,1,47.33891098300319
scenario_1_kitchen_pm_spike_ep07_d027,scenario_1_kitchen_pm_spike_ep07,scenario_1_kitchen_pm_spike,27,2026-08-01T09:13:30,C,C,86.94000000000004,0.0,0.0,0.0,0.0,1.0,1,688.0041892532736
scenario_1_kitchen_pm_spike_ep07_d027,scenario_1_kitchen_pm_spike_ep07,scenario_1_kitchen_pm_spike,27,2026-08-01T09:13:30,D,C,86.94000000000004,4.0,8.88888888888889,0.6577777777777778,1.0,1.0,1,44.95212203861274
scenario_1_kitchen_pm_spike_ep07_d030,scenario_1_kitchen_pm_spike_ep07,scenario_1_kitchen_pm_spike,30,2026-08-01T09:15:00,A,A,86.70000000000005,0.0,0.0,0.0,0.0,1.0,1,42.23931836673751
scenario_1_kitchen_pm_spike_ep07_d030,scenario_1_kitchen_pm_spike_ep07,scenario_1_kitchen_pm_spike,30,2026-08-01T09:15:00,B,A,86.70000000000005,4.0,8.88888888888889,0.6577777777777778,1.0,1.0,1,52.078393935640406
scenario_1_kitchen_pm_spike_ep07_d030,scenario_1_kitchen_pm_spike_ep07,scenario_1_kitchen_pm_spike,30,2026-08-01T09:15:00,C,A,86.70000000000005,4.0,8.88888888888889,0.6577777777777778,1.0,1.0,1,712.8393466453473
scenario_1_kitchen_pm_spike_ep07_d030,scenario_1_kitchen_pm_spike_ep07,scenario_1_kitchen_pm_spike,30,2026-08-01T09:15:00,D,A,86.70000000000005,5.656854249492381,12.570787221094179,0.9302382543609693,1.0,1.0,1,49.848967484319246
scenario_1_kitchen_pm_spike_ep07_d033,scenario_1_kitchen_pm_spike_ep07,scenario_1_kitchen_pm_spike,33,2026-08-01T09:16:30,A,B,86.46000000000005,4.0,8.88888888888889,0.6577777777777778,1.0,1.0,1,46.9960925300104
scenario_1_kitchen_pm_spike_ep07_d033,scenario_1_kitchen_pm_spike_ep07,scenario_1_kitchen_pm_spike,33,2026-08-01T09:16:30,B,B,86.46000000000005,0.0,0.0,0.0,0.0,1.0,1,56.191926320061384
scenario_1_kitchen_pm_spike_ep07_d033,scenario_1_kitchen_pm_spike_ep07,scenario_1_kitchen_pm_spike,33,2026-08-01T09:16:30,C,B,86.46000000000005,5.656854249492381,12.570787221094179,0.9302382543609693,1.0,1.0,1,683.8126935899426
scenario_1_kitchen_pm_spike_ep07_d033,scenario_1_kitchen_pm_spike_ep07,scenario_1_kitchen_pm_spike,33,2026-08-01T09:16:30,D,B,86.46000000000005,4.0,8.88888888888889,0.6577777777777778,1.0,1.0,1,54.10952934097122
scenario_1_kitchen_pm_spike_ep07_d036,scenario_1_kitchen_pm_spike_ep07,scenario_1_kitchen_pm_spike,36,2026-08-01T09:18:00,A,D,86.22000000000006,5.656854249492381,12.570787221094179,0.9302382543609693,1.0,1.0,1,51.31026094211779
scenario_1_kitchen_pm_spike_ep07_d036,scenario_1_kitchen_pm_spike_ep07,scenario_1_kitchen_pm_spike,36,2026-08-01T09:18:00,B,D,86.22000000000006,4.0,8.88888888888889,0.6577777777777778,1.0,1.0,1,59.904794843909485
scenario_1_kitchen_pm_spike_ep07_d036,scenario_1_kitchen_pm_spike_ep07,scenario_1_kitchen_pm_spike,36,2026-08-01T09:18:00,C,D,86.22000000000006,4.0,8.88888888888889,0.6577777777777778,1.0,1.0,1,647.554139108476
scenario_1_kitchen_pm_spike_ep07_d036,scenario_1_kitchen_pm_spike_ep07,scenario_1_kitchen_pm_spike,36,2026-08-01T09:18:00,D,D,86.22000000000006,0.0,0.0,0.0,0.0,1.0,1,57.95977054469472
scenario_1_kitchen_pm_spike_ep07_d039,scenario_1_kitchen_pm_spike_ep07,scenario_1_kitchen_pm_spike,39,2026-08-01T09:19:30,A,A,85.98000000000006,0.0,0.0,0.0,0.0,1.0,1,55.13810262340212
scenario_1_kitchen_pm_spike_ep07_d039,scenario_1_kitchen_pm_spike_ep07,scenario_1_kitchen_pm_spike,39,2026-08-01T09:19:30,B,A,85.98000000000006,4.0,8.88888888888889,0.6577777777777778,1.0,1.0,1,63.17054981349088
scenario_1_kitchen_pm_spike_ep07_d039,scenario_1_kitchen_pm_spike_ep07,scenario_1_kitchen_pm_spike,39,2026-08-01T09:19:30,C,A,85.98000000000006,4.0,8.88888888888889,0.6577777777777778,1.0,1.0,1,613.3967882049046
scenario_1_kitchen_pm_spike_ep07_d039,scenario_1_kitchen_pm_spike_ep07,scenario_1_kitchen_pm_spike,39,2026-08-01T09:19:30,D,A,85.98000000000006,5.656854249492381,12.570787221094179,0.9302382543609693,1.0,1.0,1,61.35387349954635
scenario_1_kitchen_pm_spike_ep07_d042,scenario_1_kitchen_pm_spike_ep07,scenario_1_kitchen_pm_spike,42,2026-08-01T09:21:00,A,C,85.74000000000007,4.0,8.88888888888889,0.6577777777777778,1.0,1.0,1,58.5168179842708
scenario_1_kitchen_pm_spike_ep07_d042,scenario_1_kitchen_pm_spike_ep07,scenario_1_kitchen_pm_spike,42,2026-08-01T09:21:00,B,C,85.74000000000007,5.656854249492381,12.570787221094179,0.9302382543609693,1.0,1.0,1,66.02384012125594
scenario_1_kitchen_pm_spike_ep07_d042,scenario_1_kitchen_pm_spike_ep07,scenario_1_kitchen_pm_spike,42,2026-08-01T09:21:00,C,C,85.74000000000007,0.0,0.0,0.0,0.0,1.0,1,581.2126770197863
scenario_1_kitchen_pm_spike_ep07_d042,scenario_1_kitchen_pm_spike_ep07,scenario_1_kitchen_pm_spike,42,2026-08-01T09:21:00,D,C,85.74000000000007,4.0,8.88888888888889,0.6577777777777778,1.0,1.0,1,64.32707793819213
scenario_1_kitchen_pm_spike_ep07_d045,scenario_1_kitchen_pm_spike_ep07,scenario_1_kitchen_pm_spike,45,2026-08-01T09:22:30,A,D,85.50000000000007,5.656854249492381,12.570787221094179,0.9302382543609693,1.0,1.0,1,61.48105019798231
scenario_1_kitchen_pm_spike_ep07_d045,scenario_1_kitchen_pm_spike_ep07,scenario_1_kitchen_pm_spike,45,2026-08-01T09:22:30,B,D,85.50000000000007,4.0,8.88888888888889,0.6577777777777778,1.0,1.0,1,68.49692313014793
scenario_1_kitchen_pm_spike_ep07_d045,scenario_1_kitchen_pm_spike_ep07,scenario_1_kitchen_pm_spike,45,2026-08-01T09:22:30,C,D,85.50000000000007,4.0,8.88888888888889,0.6577777777777778,1.0,1.0,1,550.8818351181296
scenario_1_kitchen_pm_spike_ep07_d045,scenario_1_kitchen_pm_spike_ep07,scenario_1_kitchen_pm_spike,45,2026-08-01T09:22:30,D,D,85.50000000000007,0.0,0.0,0.0,0.0,1.0,1,66.91219349277594
scenario_1_kitchen_pm_spike_ep07_d048,scenario_1_kitchen_pm_spike_ep07,scenario_1_kitchen_pm_spike,48,2026-08-01T09:24:00,A,B,85.26000000000008,4.0,8.88888888888889,0.6577777777777778,1.0,1.0,1,64.06305401686654
scenario_1_kitchen_pm_spike_ep07_d048,scenario_1_kitchen_pm_spike_ep07,scenario_1_kitchen_pm_spike,48,2026-08-01T09:24:00,B,B,85.26000000000008,0.0,0.0,0.0,0.0,1.0,1,70.61982274527213
scenario_1_kitchen_pm_spike_ep07_d048,scenario_1_kitchen_pm_spike_ep07,scenario_1_kitchen_pm_spike,48,2026-08-01T09:24:00,C,B,85.26000000000008,5.656854249492381,12.570787221094179,0.9302382543609693,1.0,1.0,1,522.291779878509
scenario_1_kitchen_pm_spike_ep07_d048,scenario_1_kitchen_pm_spike_ep07,scenario_1_kitchen_pm_spike,48,2026-08-01T09:24:00,D,B,85.26000000000008,4.0,8.88888888888889,0.6577777777777778,1.0,1.0,1,69.13976027849912
scenario_1_kitchen_pm_spike_ep07_d051,scenario_1_kitchen_pm_spike_ep07,scenario_1_kitchen_pm_spike,51,2026-08-01T09:25:30,A,C,85.02000000000008,4.0,8.88888888888889,0.6577777777777778,1.0,1.0,1,66.29285363147392
scenario_1_kitchen_pm_spike_ep07_d051,scenario_1_kitchen_pm_spike_ep07,scenario_1_kitchen_pm_spike,51,2026-08-01T09:25:30,B,C,85.02000000000008,5.656854249492381,12.570787221094179,0.9302382543609693,1.0,1.0,1,72.4204772241851
scenario_1_kitchen_pm_spike_ep07_d051,scenario_1_kitchen_pm_spike_ep07,scenario_1_kitchen_pm_spike,51,2026-08-01T09:25:30,C,C,85.02000000000008,0.0,0.0,0.0,0.0,1.0,1,495.33704306165805
scenario_1_kitchen_pm_spike_ep07_d051,scenario_1_kitchen_pm_spike_ep07,scenario_1_kitchen_pm_spike,51,2026-08-01T09:25:30,D,C,85.02000000000008,4.0,8.88888888888889,0.6577777777777778,1.0,1.0,1,71.03819905258865
scenario_1_kitchen_pm_spike_ep07_d054,scenario_1_kitchen_pm_spike_ep07,scenario_1_kitchen_pm_spike,54,2026-08-01T09:27:00,A,A,84.78000000000009,0.0,0.0,0.0,0.0,1.0,1,68.19839027859484
scenario_1_kitchen_pm_spike_ep07_d054,scenario_1_kitchen_pm_spike_ep07,scenario_1_kitchen_pm_spike,54,2026-08-01T09:27:00,B,A,84.78000000000009,4.0,8.88888888888889,0.6577777777777778,1.0,1.0,1,73.92487738682689
scenario_1_kitchen_pm_spike_ep07_d054,scenario_1_kitchen_pm_spike_ep07,scenario_1_kitchen_pm_spike,54,2026-08-01T09:27:00,C,A,84.78000000000009,4.0,8.88888888888889,0.6577777777777778,1.0,1.0,1,469.9187275040757
scenario_1_kitchen_pm_spike_ep07_d054,scenario_1_kitchen_pm_spike_ep07,scenario_1_kitchen_pm_spike,54,2026-08-01T09:27:00,D,A,84.78000000000009,5.656854249492381,12.570787221094179,0.9302382543609693,1.0,1.0,1,72.63395162023244
scenario_1_kitchen_pm_spike_ep07_d057,scenario_1_kitchen_pm_spike_ep07,scenario_1_kitchen_pm_spike,57,2026-08-01T09:28:30,A,B,84.54000000000009,4.0,8.88888888888889,0.6577777777777778,1.0,1.0,1,69.8056602588365
scenario_1_kitchen_pm_spike_ep07_d057,scenario_1_kitchen_pm_spike_ep07,scenario_1_kitchen_pm_spike,57,2026-08-01T09:28:30,B,B,84.54000000000009,0.0,0.0,0.0,0.0,1.0,1,75.15719584361864
scenario_1_kitchen_pm_spike_ep07_d057,scenario_1_kitchen_pm_spike_ep07,scenario_1_kitchen_pm_spike,57,2026-08-01T09:28:30,C,B,84.54000000000009,5.656854249492381,12.570787221094179,0.9302382543609693,1.0,1.0,1,445.9440920135926
scenario_1_kitchen_pm_spike_ep07_d057,scenario_1_kitchen_pm_spike_ep07,scenario_1_kitchen_pm_spike,57,2026-08-01T09:28:30,D,B,84.54000000000009,4.0,8.88888888888889,0.6577777777777778,1.0,1.0,1,73.9516121159204
scenario_1_kitchen_pm_spike_ep07_d060,scenario_1_kitchen_pm_spike_ep07,scenario_1_kitchen_pm_spike,60,2026-08-01T09:30:00,A,D,84.3000000000001,5.656854249492381,12.570787221094179,0.9302382543609693,1.0,1.0,1,71.13884398194091
scenario_1_kitchen_pm_spike_ep07_d060,scenario_1_kitchen_pm_spike_ep07,scenario_1_kitchen_pm_spike,60,2026-08-01T09:30:00,B,D,84.3000000000001,4.0,8.88888888888889,0.6577777777777778,1.0,1.0,1,76.1399078206125
scenario_1_kitchen_pm_spike_ep07_d060,scenario_1_kitchen_pm_spike_ep07,scenario_1_kitchen_pm_spike,60,2026-08-01T09:30:00,C,D,84.3000000000001,4.0,8.88888888888889,0.6577777777777778,1.0,1.0,1,423.3261626667754
scenario_1_kitchen_pm_spike_ep07_d060,scenario_1_kitchen_pm_spike_ep07,scenario_1_kitchen_pm_spike,60,2026-08-01T09:30:00,D,D,84.3000000000001,0.0,0.0,0.0,0.0,1.0,1,75.014049748346
scenario_1_kitchen_pm_spike_ep07_d063,scenario_1_kitchen_pm_spike_ep07,scenario_1_kitchen_pm_spike,63,2026-08-01T09:31:30,A,A,84.0600000000001,0.0,0.0,0.0,0.0,1.0,1,72.22042661832893
scenario_1_kitchen_pm_spike_ep07_d063,scenario_1_kitchen_pm_spike_ep07,scenario_1_kitchen_pm_spike,63,2026-08-01T09:31:30,B,A,84.0600000000001,4.0,8.88888888888889,0.6577777777777778,1.0,1.0,1,76.89390412328999
scenario_1_kitchen_pm_spike_ep07_d063,scenario_1_kitchen_pm_spike_ep07,scenario_1_kitchen_pm_spike,63,2026-08-01T09:31:30,C,A,84.0600000000001,4.0,8.88888888888889,0.6577777777777778,1.0,1.0,1,401.98336882318836
scenario_1_kitchen_pm_spike_ep07_d063,scenario_1_kitchen_pm_spike_ep07,scenario_1_kitchen_pm_spike,63,2026-08-01T09:31:30,D,A,84.0600000000001,5.656854249492381,12.570787221094179,0.9302382543609693,1.0,1.0,1,75.8425235591285
scenario_1_kitchen_pm_spike_ep07_d066,scenario_1_kitchen_pm_spike_ep07,scenario_1_kitchen_pm_spike,66,2026-08-01T09:33:00,A,C,83.8200000000001,4.0,8.88888888888889,0.6577777777777778,1.0,1.0,1,73.07131089823088
scenario_1_kitchen_pm_spike_ep07_d066,scenario_1_kitchen_pm_spike_ep07,scenario_1_kitchen_pm_spike,66,2026-08-01T09:33:00,B,C,83.8200000000001,5.656854249492381,12.570787221094179,0.9302382543609693,1.0,1.0,1,77.43859674595706
scenario_1_kitchen_pm_spike_ep07_d066,scenario_1_kitchen_pm_spike_ep07,scenario_1_kitchen_pm_spike,66,2026-08-01T09:33:00,C,C,83.8200000000001,0.0,0.0,0.0,0.0,1.0,1,381.8392022792259
scenario_1_kitchen_pm_spike_ep07_d066,scenario_1_kitchen_pm_spike_ep07,scenario_1_kitchen_pm_spike,66,2026-08-01T09:33:00,D,C,83.8200000000001,4.0,8.88888888888889,0.6577777777777778,1.0,1.0,1,76.45678971039797
scenario_1_kitchen_pm_spike_ep07_d069,scenario_1_kitchen_pm_spike_ep07,scenario_1_kitchen_pm_spike,69,2026-08-01T09:34:30,A,D,83.58000000000011,5.656854249492381,12.570787221094179,0.9302382543609693,1.0,1.0,1,73.71092256490101
scenario_1_kitchen_pm_spike_ep07_d069,scenario_1_kitchen_pm_spike_ep07,scenario_1_kitchen_pm_spike,69,2026-08-01T09:34:30,B,D,83.58000000000011,4.0,8.88888888888889,0.6577777777777778,1.0,1.0,1,77.79201760100932
scenario_1_kitchen_pm_spike_ep07_d069,scenario_1_kitchen_pm_spike_ep07,scenario_1_kitchen_pm_spike,69,2026-08-01T09:34:30,C,D,83.58000000000011,4.0,8.88888888888889,0.6577777777777778,1.0,1.0,1,362.8218980851186
scenario_1_kitchen_pm_spike_ep07_d069,scenario_1_kitchen_pm_spike_ep07,scenario_1_kitchen_pm_spike,69,2026-08-01T09:34:30,D,D,83.58000000000011,0.0,0.0,0.0,0.0,1.0,1,76.87520178310797
scenario_1_kitchen_pm_spike_ep07_d072,scenario_1_kitchen_pm_spike_ep07,scenario_1_kitchen_pm_spike,72,2026-08-01T09:36:00,A,B,83.34000000000012,4.0,8.88888888888889,0.6577777777777778,1.0,1.0,1,74.15730895594288
scenario_1_kitchen_pm_spike_ep07_d072,scenario_1_kitchen_pm_spike_ep07,scenario_1_kitchen_pm_spike,72,2026-08-01T09:36:00,B,B,83.34000000000012,0.0,0.0,0.0,0.0,1.0,1,77.9709108119423
scenario_1_kitchen_pm_spike_ep07_d072,scenario_1_kitchen_pm_spike_ep07,scenario_1_kitchen_pm_spike,72,2026-08-01T09:36:00,C,B,83.34000000000012,5.656854249492381,12.570787221094179,0.9302382543609693,1.0,1.0,1,344.86413564303814
scenario_1_kitchen_pm_spike_ep07_d072,scenario_1_kitchen_pm_spike_ep07,scenario_1_kitchen_pm_spike,72,2026-08-01T09:36:00,D,B,83.34000000000012,4.0,8.88888888888889,0.6577777777777778,1.0,1.0,1,77.11480453701984
scenario_1_kitchen_pm_spike_ep07_d075,scenario_1_kitchen_pm_spike_ep07,scenario_1_kitchen_pm_spike,75,2026-08-01T09:37:30,A,C,83.10000000000012,4.0,8.88888888888889,0.6577777777777778,1.0,1.0,1,74.42723115625131
scenario_1_kitchen_pm_spike_ep07_d075,scenario_1_kitchen_pm_spike_ep07,scenario_1_kitchen_pm_spike,75,2026-08-01T09:37:30,B,C,83.10000000000012,5.656854249492381,12.570787221094179,0.9302382543609693,1.0,1.0,1,77.99081898544011
scenario_1_kitchen_pm_spike_ep07_d075,scenario_1_kitchen_pm_spike_ep07,scenario_1_kitchen_pm_spike,75,2026-08-01T09:37:30,C,C,83.10000000000012,0.0,0.0,0.0,0.0,1.0,1,327.9027587926324
scenario_1_kitchen_pm_spike_ep07_d075,scenario_1_kitchen_pm_spike_ep07,scenario_1_kitchen_pm_spike,75,2026-08-01T09:37:30,D,C,83.10000000000012,4.0,8.88888888888889,0.6577777777777778,1.0,1.0,1,77.19142155433724
scenario_1_kitchen_pm_spike_ep07_d078,scenario_1_kitchen_pm_spike_ep07,scenario_1_kitchen_pm_spike,78,2026-08-01T09:39:00,A,A,82.86000000000013,0.0,0.0,0.0,0.0,1.0,1,74.53625013760336
scenario_1_kitchen_pm_spike_ep07_d078,scenario_1_kitchen_pm_spike_ep07,scenario_1_kitchen_pm_spike,78,2026-08-01T09:39:00,B,A,82.86000000000013,4.0,8.88888888888889,0.6577777777777778,1.0,1.0,1,77.8661638511885
scenario_1_kitchen_pm_spike_ep07_d078,scenario_1_kitchen_pm_spike_ep07,scenario_1_kitchen_pm_spike,78,2026-08-01T09:39:00,C,A,82.86000000000013,4.0,8.88888888888889,0.6577777777777778,1.0,1.0,1,311.87851367296196
scenario_1_kitchen_pm_spike_ep07_d078,scenario_1_kitchen_pm_spike_ep07,scenario_1_kitchen_pm_spike,78,2026-08-01T09:39:00,D,A,82.86000000000013,5.656854249492381,12.570787221094179,0.9302382543609693,1.0,1.0,1,77.11973716181865
scenario_1_kitchen_pm_spike_ep07_d081,scenario_1_kitchen_pm_spike_ep07,scenario_1_kitchen_pm_spike,81,2026-08-01T09:40:30,A,B,82.62000000000013,4.0,8.88888888888889,0.6577777777777778,1.0,1.0,1,74.49880727323216
scenario_1_kitchen_pm_spike_ep07_d081,scenario_1_kitchen_pm_spike_ep07,scenario_1_kitchen_pm_spike,81,2026-08-01T09:40:30,B,B,82.62000000000013,0.0,0.0,0.0,0.0,1.0,1,77.61032163310438
scenario_1_kitchen_pm_spike_ep07_d081,scenario_1_kitchen_pm_spike_ep07,scenario_1_kitchen_pm_spike,81,2026-08-01T09:40:30,C,B,82.62000000000013,5.656854249492381,12.570787221094179,0.9302382543609693,1.0,1.0,1,296.7358032272481
scenario_1_kitchen_pm_spike_ep07_d081,scenario_1_kitchen_pm_spike_ep07,scenario_1_kitchen_pm_spike,81,2026-08-01T09:40:30,D,B,82.62000000000013,4.0,8.88888888888889,0.6577777777777778,1.0,1.0,1,76.91337300086388
scenario_1_kitchen_pm_spike_ep07_d084,scenario_1_kitchen_pm_spike_ep07,scenario_1_kitchen_pm_spike,84,2026-08-01T09:42:00,A,D,82.38000000000014,5.656854249492381,12.570787221094179,0.9302382543609693,1.0,1.0,1,74.32829959076116
scenario_1_kitchen_pm_spike_ep07_d084,scenario_1_kitchen_pm_spike_ep07,scenario_1_kitchen_pm_spike,84,2026-08-01T09:42:00,B,D,82.38000000000014,4.0,8.88888888888889,0.6577777777777778,1.0,1.0,1,77.23569349227057
scenario_1_kitchen_pm_spike_ep07_d084,scenario_1_kitchen_pm_spike_ep07,scenario_1_kitchen_pm_spike,84,2026-08-01T09:42:00,C,D,82.38000000000014,4.0,8.88888888888889,0.6577777777777778,1.0,1.0,1,282.4224572892638
scenario_1_kitchen_pm_spike_ep07_d084,scenario_1_kitchen_pm_spike_ep07,scenario_1_kitchen_pm_spike,84,2026-08-01T09:42:00,D,D,82.38000000000014,0.0,0.0,0.0,0.0,1.0,1,76.5849595912789
scenario_1_kitchen_pm_spike_ep07_d087,scenario_1_kitchen_pm_spike_ep07,scenario_1_kitchen_pm_spike,87,2026-08-01T09:43:30,A,A,82.14000000000014,0.0,0.0,0.0,0.0,1.0,1,74.03715010350606
scenario_1_kitchen_pm_spike_ep07_d087,scenario_1_kitchen_pm_spike_ep07,scenario_1_kitchen_pm_spike,87,2026-08-01T09:43:30,B,A,82.14000000000014,4.0,8.88888888888889,0.6577777777777778,1.0,1.0,1,76.75377136001782
scenario_1_kitchen_pm_spike_ep07_d087,scenario_1_kitchen_pm_spike_ep07,scenario_1_kitchen_pm_spike,87,2026-08-01T09:43:30,C,A,82.14000000000014,4.0,8.88888888888889,0.6577777777777778,1.0,1.0,1,268.88951725801235
scenario_1_kitchen_pm_spike_ep07_d087,scenario_1_kitchen_pm_spike_ep07,scenario_1_kitchen_pm_spike,87,2026-08-01T09:43:30,D,A,82.14000000000014,5.656854249492381,12.570787221094179,0.9302382543609693,1.0,1.0,1,76.14620321223856
scenario_1_kitchen_pm_spike_ep08_d012,scenario_1_kitchen_pm_spike_ep08,scenario_1_kitchen_pm_spike,12,2026-08-01T09:06:00,A,A,87.44000000000003,0.0,0.0,0.0,0.0,1.0,1,35.11573796052619
scenario_1_kitchen_pm_spike_ep08_d012,scenario_1_kitchen_pm_spike_ep08,scenario_1_kitchen_pm_spike,12,2026-08-01T09:06:00,B,A,87.44000000000003,4.0,8.88888888888889,0.6577777777777778,1.0,1.0,1,46.779443761881
scenario_1_kitchen_pm_spike_ep08_d012,scenario_1_kitchen_pm_spike_ep08,scenario_1_kitchen_pm_spike,12,2026-08-01T09:06:00,C,A,87.44000000000003,4.0,8.88888888888889,0.6577777777777778,1.0,1.0,1,202.2712403552191
scenario_1_kitchen_pm_spike_ep08_d012,scenario_1_kitchen_pm_spike_ep08,scenario_1_kitchen_pm_spike,12,2026-08-01T09:06:00,D,A,87.44000000000003,5.656854249492381,12.570787221094179,0.9302382543609693,1.0,1.0,1,50.49068703954117
scenario_1_kitchen_pm_spike_ep08_d015,scenario_1_kitchen_pm_spike_ep08,scenario_1_kitchen_pm_spike,15,2026-08-01T09:07:30,A,B,87.20000000000003,4.0,8.88888888888889,0.6577777777777778,1.0,1.0,1,36.46796046252689
scenario_1_kitchen_pm_spike_ep08_d015,scenario_1_kitchen_pm_spike_ep08,scenario_1_kitchen_pm_spike,15,2026-08-01T09:07:30,B,B,87.20000000000003,0.0,0.0,0.0,0.0,1.0,1,47.433634827588094
scenario_1_kitchen_pm_spike_ep08_d015,scenario_1_kitchen_pm_spike_ep08,scenario_1_kitchen_pm_spike,15,2026-08-01T09:07:30,C,B,87.20000000000003,5.656854249492381,12.570787221094179,0.9302382543609693,1.0,1.0,1,309.5091729713223
scenario_1_kitchen_pm_spike_ep08_d015,scenario_1_kitchen_pm_spike_ep08,scenario_1_kitchen_pm_spike,15,2026-08-01T09:07:30,D,B,87.20000000000003,4.0,8.88888888888889,0.6577777777777778,1.0,1.0,1,50.908152303066345
scenario_1_kitchen_pm_spike_ep08_d018,scenario_1_kitchen_pm_spike_ep08,scenario_1_kitchen_pm_spike,18,2026-08-01T09:09:00,A,D,86.96000000000004,5.656854249492381,12.570787221094179,0.9302382543609693,1.0,1.0,1,38.7656346485021
scenario_1_kitchen_pm_spike_ep08_d018,scenario_1_kitchen_pm_spike_ep08,scenario_1_kitchen_pm_spike,18,2026-08-01T09:09:00,B,D,86.96000000000004,4.0,8.88888888888889,0.6577777777777778,1.0,1.0,1,49.07526447605596
scenario_1_kitchen_pm_spike_ep08_d018,scenario_1_kitchen_pm_spike_ep08,scenario_1_kitchen_pm_spike,18,2026-08-01T09:09:00,C,D,86.96000000000004,4.0,8.88888888888889,0.6577777777777778,1.0,1.0,1,435.57260877599424
scenario_1_kitchen_pm_spike_ep08_d018,scenario_1_kitchen_pm_spike_ep08,scenario_1_kitchen_pm_spike,18,2026-08-01T09:09:00,D,D,86.96000000000004,0.0,0.0,0.0,0.0,1.0,1,52.3281688477075
scenario_1_kitchen_pm_spike_ep08_d021,scenario_1_kitchen_pm_spike_ep08,scenario_1_kitchen_pm_spike,21,2026-08-01T09:10:30,A,A,86.72000000000004,0.0,0.0,0.0,0.0,1.0,1,42.70164452206609
scenario_1_kitchen_pm_spike_ep08_d021,scenario_1_kitchen_pm_spike_ep08,scenario_1_kitchen_pm_spike,21,2026-08-01T09:10:30,B,A,86.72000000000004,4.0,8.88888888888889,0.6577777777777778,1.0,1.0,1,52.394678502953866
scenario_1_kitchen_pm_spike_ep08_d021,scenario_1_kitchen_pm_spike_ep08,scenario_1_kitchen_pm_spike,21,2026-08-01T09:10:30,C,A,86.72000000000004,4.0,8.88888888888889,0.6577777777777778,1.0,1.0,1,572.8700037382324
scenario_1_kitchen_pm_spike_ep08_d021,scenario_1_kitchen_pm_spike_ep08,scenario_1_kitchen_pm_spike,21,2026-08-01T09:10:30,D,A,86.72000000000004,5.656854249492381,12.570787221094179,0.9302382543609693,1.0,1.0,1,55.440116944708734
scenario_1_kitchen_pm_spike_ep08_d024,scenario_1_kitchen_pm_spike_ep08,scenario_1_kitchen_pm_spike,24,2026-08-01T09:12:00,A,C,86.48000000000005,4.0,8.88888888888889,0.6577777777777778,1.0,1.0,1,46.6552030814521
scenario_1_kitchen_pm_spike_ep08_d024,scenario_1_kitchen_pm_spike_ep08,scenario_1_kitchen_pm_spike,24,2026-08-01T09:12:00,B,C,86.48000000000005,5.656854249492381,12.570787221094179,0.9302382543609693,1.0,1.0,1,55.768705892870685
scenario_1_kitchen_pm_spike_ep08_d024,scenario_1_kitchen_pm_spike_ep08,scenario_1_kitchen_pm_spike,24,2026-08-01T09:12:00,C,C,86.48000000000005,0.0,0.0,0.0,0.0,1.0,1,646.6103588970052
scenario_1_kitchen_pm_spike_ep08_d024,scenario_1_kitchen_pm_spike_ep08,scenario_1_kitchen_pm_spike,24,2026-08-01T09:12:00,D,C,86.48000000000005,4.0,8.88888888888889,0.6577777777777778,1.0,1.0,1,58.619921780372124
scenario_1_kitchen_pm_spike_ep08_d027,scenario_1_kitchen_pm_spike_ep08,scenario_1_kitchen_pm_spike,27,2026-08-01T09:13:30,A,D,86.24000000000005,5.656854249492381,12.570787221094179,0.9302382543609693,1.0,1.0,1,50.97453310700894
scenario_1_kitchen_pm_spike_ep08_d027,scenario_1_kitchen_pm_spike_ep08,scenario_1_kitchen_pm_spike,27,2026-08-01T09:13:30,B,D,86.24000000000005,4.0,8.88888888888889,0.6577777777777778,1.0,1.0,1,59.54333019504179
scenario_1_kitchen_pm_spike_ep08_d027,scenario_1_kitchen_pm_spike_ep08,scenario_1_kitchen_pm_spike,27,2026-08-01T09:13:30,C,D,86.24000000000005,4.0,8.88888888888889,0.6577777777777778,1.0,1.0,1,686.1824053891357
scenario_1_kitchen_pm_spike_ep08_d027,scenario_1_kitchen_pm_spike_ep08,scenario_1_kitchen_pm_spike,27,2026-08-01T09:13:30,D,D,86.24000000000005,0.0,0.0,0.0,0.0,1.0,1,62.21272088335445
scenario_1_kitchen_pm_spike_ep08_d030,scenario_1_kitchen_pm_spike_ep08,scenario_1_kitchen_pm_spike,30,2026-08-01T09:15:00,A,B,86.00000000000006,4.0,8.88888888888889,0.6577777777777778,1.0,1.0,1,55.710229034282975
scenario_1_kitchen_pm_spike_ep08_d030,scenario_1_kitchen_pm_spike_ep08,scenario_1_kitchen_pm_spike,30,2026-08-01T09:15:00,B,B,86.00000000000006,0.0,0.0,0.0,0.0,1.0,1,63.76704256177845
scenario_1_kitchen_pm_spike_ep08_d030,scenario_1_kitchen_pm_spike_ep08,scenario_1_kitchen_pm_spike,30,2026-08-01T09:15:00,C,B,86.00000000000006,5.656854249492381,12.570787221094179,0.9302382543609693,1.0,1.0,1,705.2554003042144
scenario_1_kitchen_pm_spike_ep08_d030,scenario_1_kitchen_pm_spike_ep08,scenario_1_kitchen_pm_spike,30,2026-08-01T09:15:00,D,B,86.00000000000006,4.0,8.88888888888889,0.6577777777777778,1.0,1.0,1,66.26621346736556
scenario_1_kitchen_pm_spike_ep08_d033,scenario_1_kitchen_pm_spike_ep08,scenario_1_kitchen_pm_spike,33,2026-08-01T09:16:30,A,C,85.76000000000006,4.0,8.88888888888889,0.6577777777777778,1.0,1.0,1,60.0814139093286
scenario_1_kitchen_pm_spike_ep08_d033,scenario_1_kitchen_pm_spike_ep08,scenario_1_kitchen_pm_spike,33,2026-08-01T09:16:30,B,C,85.76000000000006,5.656854249492381,12.570787221094179,0.9302382543609693,1.0,1.0,1,67.65699041066728
scenario_1_kitchen_pm_spike_ep08_d033,scenario_1_kitchen_pm_spike_ep08,scenario_1_kitchen_pm_spike,33,2026-08-01T09:16:30,C,C,85.76000000000006,0.0,0.0,0.0,0.0,1.0,1,683.2088205501152
scenario_1_kitchen_pm_spike_ep08_d033,scenario_1_kitchen_pm_spike_ep08,scenario_1_kitchen_pm_spike,33,2026-08-01T09:16:30,D,C,85.76000000000006,4.0,8.88888888888889,0.6577777777777778,1.0,1.0,1,69.99680563415745
scenario_1_kitchen_pm_spike_ep08_d036,scenario_1_kitchen_pm_spike_ep08,scenario_1_kitchen_pm_spike,36,2026-08-01T09:18:00,A,A,85.52000000000007,0.0,0.0,0.0,0.0,1.0,1,63.899535013880495
scenario_1_kitchen_pm_spike_ep08_d036,scenario_1_kitchen_pm_spike_ep08,scenario_1_kitchen_pm_spike,36,2026-08-01T09:18:00,B,A,85.52000000000007,4.0,8.88888888888889,0.6577777777777778,1.0,1.0,1,71.0227652648689
scenario_1_kitchen_pm_spike_ep08_d036,scenario_1_kitchen_pm_spike_ep08,scenario_1_kitchen_pm_spike,36,2026-08-01T09:18:00,C,A,85.52000000000007,4.0,8.88888888888889,0.6577777777777778,1.0,1.0,1,647.3521421039538
scenario_1_kitchen_pm_spike_ep08_d036,scenario_1_kitchen_pm_spike_ep08,scenario_1_kitchen_pm_spike,36,2026-08-01T09:18:00,D,A,85.52000000000007,5.656854249492381,12.570787221094179,0.9302382543609693,1.0,1.0,1,73.21339497597978
scenario_1_kitchen_pm_spike_ep08_d039,scenario_1_kitchen_pm_spike_ep08,scenario_1_kitchen_pm_spike,39,2026-08-01T09:19:30,A,B,85.28000000000007,4.0,8.88888888888889,0.6577777777777778,1.0,1.0,1,67.25482109031987
scenario_1_kitchen_pm_spike_ep08_d039,scenario_1_kitchen_pm_spike_ep08,scenario_1_kitchen_pm_spike,39,2026-08-01T09:19:30,B,B,85.28000000000007,0.0,0.0,0.0,0.0,1.0,1,73.95285267013992
scenario_1_kitchen_pm_spike_ep08_d039,scenario_1_kitchen_pm_spike_ep08,scenario_1_kitchen_pm_spike,39,2026-08-01T09:19:30,C,B,85.28000000000007,5.656854249492381,12.570787221094179,0.9302382543609693,1.0,1.0,1,613.561448087266
scenario_1_kitchen_pm_spike_ep08_d039,scenario_1_kitchen_pm_spike_ep08,scenario_1_kitchen_pm_spike,39,2026-08-01T09:19:30,D,B,85.28000000000007,4.0,8.88888888888889,0.6577777777777778,1.0,1.0,1,76.00381746195694
scenario_1_kitchen_pm_spike_ep08_d042,scenario_1_kitchen_pm_spike_ep08,scenario_1_kitchen_pm_spike,42,2026-08-01T09:21:00,A,D,85.04000000000008,5.656854249492381,12.570787221094179,0.9302382543609693,1.0,1.0,1,70.18314956252016
scenario_1_kitchen_pm_spike_ep08_d042,scenario_1_kitchen_pm_spike_ep08,scenario_1_kitchen_pm_spike,42,2026-08-01T09:21:00,B,D,85.04000000000008,4.0,8.88888888888889,0.6577777777777778,1.0,1.0,1,76.48149255532894
scenario_1_kitchen_pm_spike_ep08_d042,scenario_1_kitchen_pm_spike_ep08,scenario_1_kitchen_pm_spike,42,2026-08-01T09:21:00,C,D,85.04000000000008,4.0,8.88888888888889,0.6577777777777778,1.0,1.0,1,581.7112802695996
scenario_1_kitchen_pm_spike_ep08_d042,scenario_1_kitchen_pm_spike_ep08,scenario_1_kitchen_pm_spike,42,2026-08-01T09:21:00,D,D,85.04000000000008,0.0,0.0,0.0,0.0,1.0,1,78.40170496187807
scenario_1_kitchen_pm_spike_ep08_d045,scenario_1_kitchen_pm_spike_ep08,scenario_1_kitchen_pm_spike,45,2026-08-01T09:22:30,A,A,84.80000000000008,0.0,0.0,0.0,0.0,1.0,1,72.71792270863034
scenario_1_kitchen_pm_spike_ep08_d045,scenario_1_kitchen_pm_spike_ep08,scenario_1_kitchen_pm_spike,45,2026-08-01T09:22:30,B,A,84.80000000000008,4.0,8.88888888888889,0.6577777777777778,1.0,1.0,1,78.64054896485891
scenario_1_kitchen_pm_spike_ep08_d045,scenario_1_kitchen_pm_spike_ep08,scenario_1_kitchen_pm_spike,45,2026-08-01T09:22:30,C,A,84.80000000000008,4.0,8.88888888888889,0.6577777777777778,1.0,1.0,1,551.6840068249896
scenario_1_kitchen_pm_spike_ep08_d045,scenario_1_kitchen_pm_spike_ep08,scenario_1_kitchen_pm_spike,45,2026-08-01T09:22:30,D,A,84.80000000000008,5.656854249492381,12.570787221094179,0.9302382543609693,1.0,1.0,1,80.43835232349329
scenario_1_kitchen_pm_spike_ep08_d048,scenario_1_kitchen_pm_spike_ep08,scenario_1_kitchen_pm_spike,48,2026-08-01T09:24:00,A,C,84.56000000000009,4.0,8.88888888888889,0.6577777777777778,1.0,1.0,1,74.8902311612892
scenario_1_kitchen_pm_spike_ep08_d048,scenario_1_kitchen_pm_spike_ep08,scenario_1_kitchen_pm_spike,48,2026-08-01T09:24:00,B,C,84.56000000000009,5.656854249492381,12.570787221094179,0.9302382543609693,1.0,1.0,1,80.45966751288074
scenario_1_kitchen_pm_spike_ep08_d048,scenario_1_kitchen_pm_spike_ep08,scenario_1_kitchen_pm_spike,48,2026-08-01T09:24:00,C,C,84.56000000000009,0.0,0.0,0.0,0.0,1.0,1,523.3693275830603
scenario_1_kitchen_pm_spike_ep08_d048,scenario_1_kitchen_pm_spike_ep08,scenario_1_kitchen_pm_spike,48,2026-08-01T09:24:00,D,C,84.56000000000009,4.0,8.88888888888889,0.6577777777777778,1.0,1.0,1,82.14287234136646
scenario_1_kitchen_pm_spike_ep08_d051,scenario_1_kitchen_pm_spike_ep08,scenario_1_kitchen_pm_spike,51,2026-08-01T09:25:30,A,D,84.32000000000009,5.656854249492381,12.570787221094179,0.9302382543609693,1.0,1.0,1,76.72900680027556
scenario_1_kitchen_pm_spike_ep08_d051,scenario_1_kitchen_pm_spike_ep08,scenario_1_kitchen_pm_spike,51,2026-08-01T09:25:30,B,D,84.32000000000009,4.0,8.88888888888889,0.6577777777777778,1.0,1.0,1,81.96642259983082
scenario_1_kitchen_pm_spike_ep08_d051,scenario_1_kitchen_pm_spike_ep08,scenario_1_kitchen_pm_spike,51,2026-08-01T09:25:30,C,D,84.32000000000009,4.0,8.88888888888889,0.6577777777777778,1.0,1.0,1,496.6638107601707
scenario_1_kitchen_pm_spike_ep08_d051,scenario_1_kitchen_pm_spike_ep08,scenario_1_kitchen_pm_spike,51,2026-08-01T09:25:30,D,D,84.32000000000009,0.0,0.0,0.0,0.0,1.0,1,83.54234064717252
scenario_1_kitchen_pm_spike_ep08_d054,scenario_1_kitchen_pm_spike_ep08,scenario_1_kitchen_pm_spike,54,2026-08-01T09:27:00,A,B,84.0800000000001,4.0,8.88888888888889,0.6577777777777778,1.0,1.0,1,78.26116572053434
scenario_1_kitchen_pm_spike_ep08_d054,scenario_1_kitchen_pm_spike_ep08,scenario_1_kitchen_pm_spike,54,2026-08-01T09:27:00,B,B,84.0800000000001,0.0,0.0,0.0,0.0,1.0,1,83.1864550516143
scenario_1_kitchen_pm_spike_ep08_d054,scenario_1_kitchen_pm_spike_ep08,scenario_1_kitchen_pm_spike,54,2026-08-01T09:27:00,C,B,84.0800000000001,5.656854249492381,12.570787221094179,0.9302382543609693,1.0,1.0,1,471.4704591610242
scenario_1_kitchen_pm_spike_ep08_d054,scenario_1_kitchen_pm_spike_ep08,scenario_1_kitchen_pm_spike,54,2026-08-01T09:27:00,D,B,84.0800000000001,4.0,8.88888888888889,0.6577777777777778,1.0,1.0,1,84.66193117144371
scenario_1_kitchen_pm_spike_ep08_d057,scenario_1_kitchen_pm_spike_ep08,scenario_1_kitchen_pm_spike,57,2026-08-01T09:28:30,A,C,83.8400000000001,4.0,8.88888888888889,0.6577777777777778,1.0,1.0,1,79.51174191466771
scenario_1_kitchen_pm_spike_ep08_d057,scenario_1_kitchen_pm_spike_ep08,scenario_1_kitchen_pm_spike,57,2026-08-01T09:28:30,B,C,83.8400000000001,5.656854249492381,12.570787221094179,0.9302382543609693,1.0,1.0,1,84.14360079915764
scenario_1_kitchen_pm_spike_ep08_d057,scenario_1_kitchen_pm_spike_ep08,scenario_1_kitchen_pm_spike,57,2026-08-01T09:28:30,C,C,83.8400000000001,0.0,0.0,0.0,0.0,1.0,1,447.69830396962686
scenario_1_kitchen_pm_spike_ep08_d057,scenario_1_kitchen_pm_spike_ep08,scenario_1_kitchen_pm_spike,57,2026-08-01T09:28:30,D,C,83.8400000000001,4.0,8.88888888888889,0.6577777777777778,1.0,1.0,1,85.52504278501783
scenario_1_kitchen_pm_spike_ep08_d060,scenario_1_kitchen_pm_spike_ep08,scenario_1_kitchen_pm_spike,60,2026-08-01T09:30:00,A,A,83.60000000000011,0.0,0.0,0.0,0.0,1.0,1,80.50401226797908
scenario_1_kitchen_pm_spike_ep08_d060,scenario_1_kitchen_pm_spike_ep08,scenario_1_kitchen_pm_spike,60,2026-08-01T09:30:00,B,A,83.60000000000011,4.0,8.88888888888889,0.6577777777777778,1.0,1.0,1,84.86001117640558
scenario_1_kitchen_pm_spike_ep08_d060,scenario_1_kitchen_pm_spike_ep08,scenario_1_kitchen_pm_spike,60,2026-08-01T09:30:00,C,A,83.60000000000011,4.0,8.88888888888889,0.6577777777777778,1.0,1.0,1,425.26202436882
scenario_1_kitchen_pm_spike_ep08_d060,scenario_1_kitchen_pm_spike_ep08,scenario_1_kitchen_pm_spike,60,2026-08-01T09:30:00,D,A,83.60000000000011,5.656854249492381,12.570787221094179,0.9302382543609693,1.0,1.0,1,86.15341768930875
scenario_1_kitchen_pm_spike_ep08_d063,scenario_1_kitchen_pm_spike_ep08,scenario_1_kitchen_pm_spike,63,2026-08-01T09:31:30,A,B,83.36000000000011,4.0,8.88888888888889,0.6577777777777778,1.0,1.0,1,81.25961342578216
scenario_1_kitchen_pm_spike_ep08_d063,scenario_1_kitchen_pm_spike_ep08,scenario_1_kitchen_pm_spike,63,2026-08-01T09:31:30,B,B,83.36000000000011,0.0,0.0,0.0,0.0,1.0,1,85.35626537766666
scenario_1_kitchen_pm_spike_ep08_d063,scenario_1_kitchen_pm_spike_ep08,scenario_1_kitchen_pm_spike,63,2026-08-01T09:31:30,C,B,83.36000000000011,5.656854249492381,12.570787221094179,0.9302382543609693,1.0,1.0,1,404.08159134015034
scenario_1_kitchen_pm_spike_ep08_d063,scenario_1_kitchen_pm_spike_ep08,scenario_1_kitchen_pm_spike,63,2026-08-01T09:31:30,D,B,83.36000000000011,4.0,8.88888888888889,0.6577777777777778,1.0,1.0,1,86.56725208799071
scenario_1_kitchen_pm_spike_ep08_d066,scenario_1_kitchen_pm_spike_ep08,scenario_1_kitchen_pm_spike,66,2026-08-01T09:33:00,A,D,83.12000000000012,5.656854249492381,12.570787221094179,0.9302382543609693,1.0,1.0,1,81.79865105672434
scenario_1_kitchen_pm_spike_ep08_d066,scenario_1_kitchen_pm_spike_ep08,scenario_1_kitchen_pm_spike,66,2026-08-01T09:33:00,B,D,83.12000000000012,4.0,8.88888888888889,0.6577777777777778,1.0,1.0,1,85.65147558045805
scenario_1_kitchen_pm_spike_ep08_d066,scenario_1_kitchen_pm_spike_ep08,scenario_1_kitchen_pm_spike,66,2026-08-01T09:33:00,C,D,83.12000000000012,4.0,8.88888888888889,0.6577777777777778,1.0,1.0,1,384.08193410124886
scenario_1_kitchen_pm_spike_ep08_d066,scenario_1_kitchen_pm_spike_ep08,scenario_1_kitchen_pm_spike,66,2026-08-01T09:33:00,D,D,83.12000000000012,0.0,0.0,0.0,0.0,1.0,1,86.78529963841106
scenario_1_kitchen_pm_spike_ep08_d069,scenario_1_kitchen_pm_spike_ep08,scenario_1_kitchen_pm_spike,69,2026-08-01T09:34:30,A,A,82.88000000000012,0.0,0.0,0.0,0.0,1.0,1,82.13980200227934
scenario_1_kitchen_pm_spike_ep08_d069,scenario_1_kitchen_pm_spike_ep08,scenario_1_kitchen_pm_spike,69,2026-08-01T09:34:30,B,A,82.88000000000012,4.0,8.88888888888889,0.6577777777777778,1.0,1.0,1,85.76338520744844
scenario_1_kitchen_pm_spike_ep08_d069,scenario_1_kitchen_pm_spike_ep08,scenario_1_kitchen_pm_spike,69,2026-08-01T09:34:30,C,A,82.88000000000012,4.0,8.88888888888889,0.6577777777777778,1.0,1.0,1,365.1926277365011
scenario_1_kitchen_pm_spike_ep08_d069,scenario_1_kitchen_pm_spike_ep08,scenario_1_kitchen_pm_spike,69,2026-08-01T09:34:30,D,A,82.88000000000012,5.656854249492381,12.570787221094179,0.9302382543609693,1.0,1.0,1,86.82496814902379
scenario_1_kitchen_pm_spike_ep08_d072,scenario_1_kitchen_pm_spike_ep08,scenario_1_kitchen_pm_spike,72,2026-08-01T09:36:00,A,C,82.64000000000013,4.0,8.88888888888889,0.6577777777777778,1.0,1.0,1,82.30040977108865
scenario_1_kitchen_pm_spike_ep08_d072,scenario_1_kitchen_pm_spike_ep08,scenario_1_kitchen_pm_spike,72,2026-08-01T09:36:00,B,C,82.64000000000013,5.656854249492381,12.570787221094179,0.9302382543609693,1.0,1.0,1,85.70846077064334
scenario_1_kitchen_pm_spike_ep08_d072,scenario_1_kitchen_pm_spike_ep08,scenario_1_kitchen_pm_spike,72,2026-08-01T09:36:00,C,C,82.64000000000013,0.0,0.0,0.0,0.0,1.0,1,347.347600669131
scenario_1_kitchen_pm_spike_ep08_d072,scenario_1_kitchen_pm_spike_ep08,scenario_1_kitchen_pm_spike,72,2026-08-01T09:36:00,D,C,82.64000000000013,4.0,8.88888888888889,0.6577777777777778,1.0,1.0,1,86.70240995916038
scenario_1_kitchen_pm_spike_ep08_d075,scenario_1_kitchen_pm_spike_ep08,scenario_1_kitchen_pm_spike,75,2026-08-01T09:37:30,A,D,82.40000000000013,5.656854249492381,12.570787221094179,0.9302382543609693,1.0,1.0,1,82.29657380735443
scenario_1_kitchen_pm_spike_ep08_d075,scenario_1_kitchen_pm_spike_ep08,scenario_1_kitchen_pm_spike,75,2026-08-01T09:37:30,B,D,82.40000000000013,4.0,8.88888888888889,0.6577777777777778,1.0,1.0,1,85.50197771249532
scenario_1_kitchen_pm_spike_ep08_d075,scenario_1_kitchen_pm_spike_ep08,scenario_1_kitchen_pm_spike,75,2026-08-01T09:37:30,C,D,82.40000000000013,4.0,8.88888888888889,0.6577777777777778,1.0,1.0,1,330.48486070922854
scenario_1_kitchen_pm_spike_ep08_d075,scenario_1_kitchen_pm_spike_ep08,scenario_1_kitchen_pm_spike,75,2026-08-01T09:37:30,D,D,82.40000000000013,0.0,0.0,0.0,0.0,1.0,1,86.43260640939411
scenario_1_kitchen_pm_spike_ep08_d078,scenario_1_kitchen_pm_spike_ep08,scenario_1_kitchen_pm_spike,78,2026-08-01T09:39:00,A,B,82.16000000000014,4.0,8.88888888888889,0.6577777777777778,1.0,1.0,1,82.14323293496932
scenario_1_kitchen_pm_spike_ep08_d078,scenario_1_kitchen_pm_spike_ep08,scenario_1_kitchen_pm_spike,78,2026-08-01T09:39:00,B,B,82.16000000000014,0.0,0.0,0.0,0.0,1.0,1,85.1581006319002
scenario_1_kitchen_pm_spike_ep08_d078,scenario_1_kitchen_pm_spike_ep08,scenario_1_kitchen_pm_spike,78,2026-08-01T09:39:00,C,B,82.16000000000014,5.656854249492381,12.570787221094179,0.9302382543609693,1.0,1.0,1,314.54623849311474
scenario_1_kitchen_pm_spike_ep08_d078,scenario_1_kitchen_pm_spike_ep08,scenario_1_kitchen_pm_spike,78,2026-08-01T09:39:00,D,B,82.16000000000014,4.0,8.88888888888889,0.6577777777777778,1.0,1.0,1,86.02944678446534
scenario_1_kitchen_pm_spike_ep08_d081,scenario_1_kitchen_pm_spike_ep08,scenario_1_kitchen_pm_spike,81,2026-08-01T09:40:30,A,C,81.92000000000014,4.0,8.88888888888889,0.6577777777777778,1.0,1.0,1,81.85424335322023
scenario_1_kitchen_pm_spike_ep08_d081,scenario_1_kitchen_pm_spike_ep08,scenario_1_kitchen_pm_spike,81,2026-08-01T09:40:30,B,C,81.92000000000014,5.656854249492381,12.570787221094179,0.9302382543609693,1.0,1.0,1,84.68995825814216
scenario_1_kitchen_pm_spike_ep08_d081,scenario_1_kitchen_pm_spike_ep08,scenario_1_kitchen_pm_spike,81,2026-08-01T09:40:30,C,C,81.92000000000014,0.0,0.0,0.0,0.0,1.0,1,299.4771472051858
scenario_1_kitchen_pm_spike_ep08_d081,scenario_1_kitchen_pm_spike_ep08,scenario_1_kitchen_pm_spike,81,2026-08-01T09:40:30,D,C,81.92000000000014,4.0,8.88888888888889,0.6577777777777778,1.0,1.0,1,85.50580208624115
scenario_1_kitchen_pm_spike_ep08_d084,scenario_1_kitchen_pm_spike_ep08,scenario_1_kitchen_pm_spike,84,2026-08-01T09:42:00,A,A,81.68000000000015,0.0,0.0,0.0,0.0,1.0,1,81.44245153579368
scenario_1_kitchen_pm_spike_ep08_d084,scenario_1_kitchen_pm_spike_ep08,scenario_1_kitchen_pm_spike,84,2026-08-01T09:42:00,B,A,81.68000000000015,4.0,8.88888888888889,0.6577777777777778,1.0,1.0,1,84.10971351244973
scenario_1_kitchen_pm_spike_ep08_d084,scenario_1_kitchen_pm_spike_ep08,scenario_1_kitchen_pm_spike,84,2026-08-01T09:42:00,C,A,81.68000000000015,4.0,8.88888888888889,0.6577777777777778,1.0,1.0,1,285.2263575441899
scenario_1_kitchen_pm_spike_ep08_d084,scenario_1_kitchen_pm_spike_ep08,scenario_1_kitchen_pm_spike,84,2026-08-01T09:42:00,D,A,81.68000000000015,5.656854249492381,12.570787221094179,0.9302382543609693,1.0,1.0,1,84.8735939710889
scenario_1_kitchen_pm_spike_ep08_d087,scenario_1_kitchen_pm_spike_ep08,scenario_1_kitchen_pm_spike,87,2026-08-01T09:43:30,A,B,81.44000000000015,4.0,8.88888888888889,0.6577777777777778,1.0,1.0,1,80.91976236221319
scenario_1_kitchen_pm_spike_ep08_d087,scenario_1_kitchen_pm_spike_ep08,scenario_1_kitchen_pm_spike,87,2026-08-01T09:43:30,B,B,81.44000000000015,0.0,0.0,0.0,0.0,1.0,1,83.42862897500686
scenario_1_kitchen_pm_spike_ep08_d087,scenario_1_kitchen_pm_spike_ep08,scenario_1_kitchen_pm_spike,87,2026-08-01T09:43:30,C,B,81.44000000000015,5.656854249492381,12.570787221094179,0.9302382543609693,1.0,1.0,1,271.7457869622709
scenario_1_kitchen_pm_spike_ep08_d087,scenario_1_kitchen_pm_spike_ep08,scenario_1_kitchen_pm_spike,87,2026-08-01T09:43:30,D,B,81.44000000000015,4.0,8.88888888888889,0.6577777777777778,1.0,1.0,1,84.14385916461413
scenario_1_kitchen_pm_spike_ep09_d012,scenario_1_kitchen_pm_spike_ep09,scenario_1_kitchen_pm_spike,12,2026-08-01T09:06:00,A,B,86.74000000000002,4.0,8.88888888888889,0.6577777777777778,1.0,1.0,1,43.46266529036666
scenario_1_kitchen_pm_spike_ep09_d012,scenario_1_kitchen_pm_spike_ep09,scenario_1_kitchen_pm_spike,12,2026-08-01T09:06:00,B,B,86.74000000000002,0.0,0.0,0.0,0.0,1.0,1,54.27865135941863
scenario_1_kitchen_pm_spike_ep09_d012,scenario_1_kitchen_pm_spike_ep09,scenario_1_kitchen_pm_spike,12,2026-08-01T09:06:00,C,B,86.74000000000002,5.656854249492381,12.570787221094179,0.9302382543609693,1.0,1.0,1,205.7725368563597
scenario_1_kitchen_pm_spike_ep09_d012,scenario_1_kitchen_pm_spike_ep09,scenario_1_kitchen_pm_spike,12,2026-08-01T09:06:00,D,B,86.74000000000002,4.0,8.88888888888889,0.6577777777777778,1.0,1.0,1,22.28797298163431
scenario_1_kitchen_pm_spike_ep09_d015,scenario_1_kitchen_pm_spike_ep09,scenario_1_kitchen_pm_spike,15,2026-08-01T09:07:30,A,C,86.50000000000003,4.0,8.88888888888889,0.6577777777777778,1.0,1.0,1,44.33889626148698
scenario_1_kitchen_pm_spike_ep09_d015,scenario_1_kitchen_pm_spike_ep09,scenario_1_kitchen_pm_spike,15,2026-08-01T09:07:30,B,C,86.50000000000003,5.656854249492381,12.570787221094179,0.9302382543609693,1.0,1.0,1,54.547169494402624
scenario_1_kitchen_pm_spike_ep09_d015,scenario_1_kitchen_pm_spike_ep09,scenario_1_kitchen_pm_spike,15,2026-08-01T09:07:30,C,C,86.50000000000003,0.0,0.0,0.0,0.0,1.0,1,320.7120528536826
scenario_1_kitchen_pm_spike_ep09_d015,scenario_1_kitchen_pm_spike_ep09,scenario_1_kitchen_pm_spike,15,2026-08-01T09:07:30,D,C,86.50000000000003,4.0,8.88888888888889,0.6577777777777778,1.0,1.0,1,24.519516893127047
scenario_1_kitchen_pm_spike_ep09_d018,scenario_1_kitchen_pm_spike_ep09,scenario_1_kitchen_pm_spike,18,2026-08-01T09:09:00,A,A,86.26000000000003,0.0,0.0,0.0,0.0,1.0,1,46.10760841742126
scenario_1_kitchen_pm_spike_ep09_d018,scenario_1_kitchen_pm_spike_ep09,scenario_1_kitchen_pm_spike,18,2026-08-01T09:09:00,B,A,86.26000000000003,4.0,8.88888888888889,0.6577777777777778,1.0,1.0,1,55.74235796279345
scenario_1_kitchen_pm_spike_ep09_d018,scenario_1_kitchen_pm_spike_ep09,scenario_1_kitchen_pm_spike,18,2026-08-01T09:09:00,C,A,86.26000000000003,4.0,8.88888888888889,0.6577777777777778,1.0,1.0,1,445.62810010294584
scenario_1_kitchen_pm_spike_ep09_d018,scenario_1_kitchen_pm_spike_ep09,scenario_1_kitchen_pm_spike,18,2026-08-01T09:09:00,D,A,86.26000000000003,5.656854249492381,12.570787221094179,0.9302382543609693,1.0,1.0,1,27.556756804725865
scenario_1_kitchen_pm_spike_ep09_d021,scenario_1_kitchen_pm_spike_ep09,scenario_1_kitchen_pm_spike,21,2026-08-01T09:10:30,A,B,86.02000000000004,4.0,8.88888888888889,0.6577777777777778,1.0,1.0,1,49.08103800498202
scenario_1_kitchen_pm_spike_ep09_d021,scenario_1_kitchen_pm_spike_ep09,scenario_1_kitchen_pm_spike,21,2026-08-01T09:10:30,B,B,86.02000000000004,0.0,0.0,0.0,0.0,1.0,1,58.17452678198265
scenario_1_kitchen_pm_spike_ep09_d021,scenario_1_kitchen_pm_spike_ep09,scenario_1_kitchen_pm_spike,21,2026-08-01T09:10:30,C,B,86.02000000000004,5.656854249492381,12.570787221094179,0.9302382543609693,1.0,1.0,1,571.1035907214473
scenario_1_kitchen_pm_spike_ep09_d021,scenario_1_kitchen_pm_spike_ep09,scenario_1_kitchen_pm_spike,21,2026-08-01T09:10:30,D,B,86.02000000000004,4.0,8.88888888888889,0.6577777777777778,1.0,1.0,1,31.717488154901048
scenario_1_kitchen_pm_spike_ep09_d024,scenario_1_kitchen_pm_spike_ep09,scenario_1_kitchen_pm_spike,24,2026-08-01T09:12:00,A,D,85.78000000000004,5.656854249492381,12.570787221094179,0.9302382543609693,1.0,1.0,1,52.92997355906368
scenario_1_kitchen_pm_spike_ep09_d024,scenario_1_kitchen_pm_spike_ep09,scenario_1_kitchen_pm_spike,24,2026-08-01T09:12:00,B,D,85.78000000000004,4.0,8.88888888888889,0.6577777777777778,1.0,1.0,1,61.512646959353106
scenario_1_kitchen_pm_spike_ep09_d024,scenario_1_kitchen_pm_spike_ep09,scenario_1_kitchen_pm_spike,24,2026-08-01T09:12:00,C,D,85.78000000000004,4.0,8.88888888888889,0.6577777777777778,1.0,1.0,1,658.9955611713186
scenario_1_kitchen_pm_spike_ep09_d024,scenario_1_kitchen_pm_spike_ep09,scenario_1_kitchen_pm_spike,24,2026-08-01T09:12:00,D,D,85.78000000000004,0.0,0.0,0.0,0.0,1.0,1,36.6777024511332
scenario_1_kitchen_pm_spike_ep09_d027,scenario_1_kitchen_pm_spike_ep09,scenario_1_kitchen_pm_spike,27,2026-08-01T09:13:30,A,A,85.54000000000005,0.0,0.0,0.0,0.0,1.0,1,57.59267002391903
scenario_1_kitchen_pm_spike_ep09_d027,scenario_1_kitchen_pm_spike_ep09,scenario_1_kitchen_pm_spike,27,2026-08-01T09:13:30,B,A,85.54000000000005,4.0,8.88888888888889,0.6577777777777778,1.0,1.0,1,65.69325846796346
scenario_1_kitchen_pm_spike_ep09_d027,scenario_1_kitchen_pm_spike_ep09,scenario_1_kitchen_pm_spike,27,2026-08-01T09:13:30,C,A,85.54000000000005,4.0,8.88888888888889,0.6577777777777778,1.0,1.0,1,730.3219128903027
scenario_1_kitchen_pm_spike_ep09_d027,scenario_1_kitchen_pm_spike_ep09,scenario_1_kitchen_pm_spike,27,2026-08-01T09:13:30,D,A,85.54000000000005,5.656854249492381,12.570787221094179,0.9302382543609693,1.0,1.0,1,42.38052422319265
scenario_1_kitchen_pm_spike_ep09_d030,scenario_1_kitchen_pm_spike_ep09,scenario_1_kitchen_pm_spike,30,2026-08-01T09:15:00,A,C,85.30000000000005,4.0,8.88888888888889,0.6577777777777778,1.0,1.0,1,61.83242206173895
scenario_1_kitchen_pm_spike_ep09_d030,scenario_1_kitchen_pm_spike_ep09,scenario_1_kitchen_pm_spike,30,2026-08-01T09:15:00,B,C,85.30000000000005,5.656854249492381,12.570787221094179,0.9302382543609693,1.0,1.0,1,69.47803775772672
scenario_1_kitchen_pm_spike_ep09_d030,scenario_1_kitchen_pm_spike_ep09,scenario_1_kitchen_pm_spike,30,2026-08-01T09:15:00,C,C,85.30000000000005,0.0,0.0,0.0,0.0,1.0,1,735.4180953326845
scenario_1_kitchen_pm_spike_ep09_d030,scenario_1_kitchen_pm_spike_ep09,scenario_1_kitchen_pm_spike,30,2026-08-01T09:15:00,D,C,85.30000000000005,4.0,8.88888888888889,0.6577777777777778,1.0,1.0,1,47.59380569996347
scenario_1_kitchen_pm_spike_ep09_d033,scenario_1_kitchen_pm_spike_ep09,scenario_1_kitchen_pm_spike,33,2026-08-01T09:16:30,A,D,85.06000000000006,5.656854249492381,12.570787221094179,0.9302382543609693,1.0,1.0,1,65.91481716857334
scenario_1_kitchen_pm_spike_ep09_d033,scenario_1_kitchen_pm_spike_ep09,scenario_1_kitchen_pm_spike,33,2026-08-01T09:16:30,B,D,85.06000000000006,4.0,8.88888888888889,0.6577777777777778,1.0,1.0,1,73.13104540229415
scenario_1_kitchen_pm_spike_ep09_d033,scenario_1_kitchen_pm_spike_ep09,scenario_1_kitchen_pm_spike,33,2026-08-01T09:16:30,C,D,85.06000000000006,4.0,8.88888888888889,0.6577777777777778,1.0,1.0,1,708.1287915855844
scenario_1_kitchen_pm_spike_ep09_d033,scenario_1_kitchen_pm_spike_ep09,scenario_1_kitchen_pm_spike,33,2026-08-01T09:16:30,D,D,85.06000000000006,0.0,0.0,0.0,0.0,1.0,1,52.58739992365213
scenario_1_kitchen_pm_spike_ep09_d036,scenario_1_kitchen_pm_spike_ep09,scenario_1_kitchen_pm_spike,36,2026-08-01T09:18:00,A,B,84.82000000000006,4.0,8.88888888888889,0.6577777777777778,1.0,1.0,1,69.51162564860806
scenario_1_kitchen_pm_spike_ep09_d036,scenario_1_kitchen_pm_spike_ep09,scenario_1_kitchen_pm_spike,36,2026-08-01T09:18:00,B,B,84.82000000000006,0.0,0.0,0.0,0.0,1.0,1,76.32261091405735
scenario_1_kitchen_pm_spike_ep09_d036,scenario_1_kitchen_pm_spike_ep09,scenario_1_kitchen_pm_spike,36,2026-08-01T09:18:00,C,B,84.82000000000006,5.656854249492381,12.570787221094179,0.9302382543609693,1.0,1.0,1,670.8375385132938
scenario_1_kitchen_pm_spike_ep09_d036,scenario_1_kitchen_pm_spike_ep09,scenario_1_kitchen_pm_spike,36,2026-08-01T09:18:00,D,B,84.82000000000006,4.0,8.88888888888889,0.6577777777777778,1.0,1.0,1,57.037069440310006
scenario_1_kitchen_pm_spike_ep09_d039,scenario_1_kitchen_pm_spike_ep09,scenario_1_kitchen_pm_spike,39,2026-08-01T09:19:30,A,C,84.58000000000007,4.0,8.88888888888889,0.6577777777777778,1.0,1.0,1,72.6548338231512
scenario_1_kitchen_pm_spike_ep09_d039,scenario_1_kitchen_pm_spike_ep09,scenario_1_kitchen_pm_spike,39,2026-08-01T09:19:30,B,C,84.58000000000007,5.656854249492381,12.570787221094179,0.9302382543609693,1.0,1.0,1,79.0833610860168
scenario_1_kitchen_pm_spike_ep09_d039,scenario_1_kitchen_pm_spike_ep09,scenario_1_kitchen_pm_spike,39,2026-08-01T09:19:30,C,C,84.58000000000007,0.0,0.0,0.0,0.0,1.0,1,635.6987246596377
scenario_1_kitchen_pm_spike_ep09_d039,scenario_1_kitchen_pm_spike_ep09,scenario_1_kitchen_pm_spike,39,2026-08-01T09:19:30,D,C,84.58000000000007,4.0,8.88888888888889,0.6577777777777778,1.0,1.0,1,60.97853702517932
scenario_1_kitchen_pm_spike_ep09_d042,scenario_1_kitchen_pm_spike_ep09,scenario_1_kitchen_pm_spike,42,2026-08-01T09:21:00,A,A,84.34000000000007,0.0,0.0,0.0,0.0,1.0,1,75.37988316756423
scenario_1_kitchen_pm_spike_ep09_d042,scenario_1_kitchen_pm_spike_ep09,scenario_1_kitchen_pm_spike,42,2026-08-01T09:21:00,B,A,84.34000000000007,4.0,8.88888888888889,0.6577777777777778,1.0,1.0,1,81.44745453718701
scenario_1_kitchen_pm_spike_ep09_d042,scenario_1_kitchen_pm_spike_ep09,scenario_1_kitchen_pm_spike,42,2026-08-01T09:21:00,C,A,84.34000000000007,4.0,8.88888888888889,0.6577777777777778,1.0,1.0,1,602.5815355613389
scenario_1_kitchen_pm_spike_ep09_d042,scenario_1_kitchen_pm_spike_ep09,scenario_1_kitchen_pm_spike,42,2026-08-01T09:21:00,D,A,84.34000000000007,5.656854249492381,12.570787221094179,0.9302382543609693,1.0,1.0,1,64.45074121307675
scenario_1_kitchen_pm_spike_ep09_d045,scenario_1_kitchen_pm_spike_ep09,scenario_1_kitchen_pm_spike,45,2026-08-01T09:22:30,A,B,84.10000000000008,4.0,8.88888888888889,0.6577777777777778,1.0,1.0,1,77.71976312650577
scenario_1_kitchen_pm_spike_ep09_d045,scenario_1_kitchen_pm_spike_ep09,scenario_1_kitchen_pm_spike,45,2026-08-01T09:22:30,B,B,84.10000000000008,0.0,0.0,0.0,0.0,1.0,1,83.44667019624467
scenario_1_kitchen_pm_spike_ep09_d045,scenario_1_kitchen_pm_spike_ep09,scenario_1_kitchen_pm_spike,45,2026-08-01T09:22:30,C,B,84.10000000000008,5.656854249492381,12.570787221094179,0.9302382543609693,1.0,1.0,1,571.3633200919431
scenario_1_kitchen_pm_spike_ep09_d045,scenario_1_kitchen_pm_spike_ep09,scenario_1_kitchen_pm_spike,45,2026-08-01T09:22:30,D,B,84.10000000000008,4.0,8.88888888888889,0.6577777777777778,1.0,1.0,1,67.48994445615313
scenario_1_kitchen_pm_spike_ep09_d048,scenario_1_kitchen_pm_spike_ep09,scenario_1_kitchen_pm_spike,48,2026-08-01T09:24:00,A,D,83.86000000000008,5.656854249492381,12.570787221094179,0.9302382543609693,1.0,1.0,1,79.70517328043775
scenario_1_kitchen_pm_spike_ep09_d048,scenario_1_kitchen_pm_spike_ep09,scenario_1_kitchen_pm_spike,48,2026-08-01T09:24:00,B,D,83.86000000000008,4.0,8.88888888888889,0.6577777777777778,1.0,1.0,1,85.1105653816453
scenario_1_kitchen_pm_spike_ep09_d048,scenario_1_kitchen_pm_spike_ep09,scenario_1_kitchen_pm_spike,48,2026-08-01T09:24:00,C,D,83.86000000000008,4.0,8.88888888888889,0.6577777777777778,1.0,1.0,1,541.9290743465523
scenario_1_kitchen_pm_spike_ep09_d048,scenario_1_kitchen_pm_spike_ep09,scenario_1_kitchen_pm_spike,48,2026-08-01T09:24:00,D,D,83.86000000000008,0.0,0.0,0.0,0.0,1.0,1,70.12990964937262
scenario_1_kitchen_pm_spike_ep09_d051,scenario_1_kitchen_pm_spike_ep09,scenario_1_kitchen_pm_spike,51,2026-08-01T09:25:30,A,A,83.62000000000009,0.0,0.0,0.0,0.0,1.0,1,81.36467498554134
scenario_1_kitchen_pm_spike_ep09_d051,scenario_1_kitchen_pm_spike_ep09,scenario_1_kitchen_pm_spike,51,2026-08-01T09:25:30,B,A,83.62000000000009,4.0,8.88888888888889,0.6577777777777778,1.0,1.0,1,86.46662358643516
scenario_1_kitchen_pm_spike_ep09_d051,scenario_1_kitchen_pm_spike_ep09,scenario_1_kitchen_pm_spike,51,2026-08-01T09:25:30,C,A,83.62000000000009,4.0,8.88888888888889,0.6577777777777778,1.0,1.0,1,514.1709583673415
scenario_1_kitchen_pm_spike_ep09_d051,scenario_1_kitchen_pm_spike_ep09,scenario_1_kitchen_pm_spike,51,2026-08-01T09:25:30,D,A,83.62000000000009,5.656854249492381,12.570787221094179,0.9302382543609693,1.0,1.0,1,72.40206520895799
scenario_1_kitchen_pm_spike_ep09_d054,scenario_1_kitchen_pm_spike_ep09,scenario_1_kitchen_pm_spike,54,2026-08-01T09:27:00,A,C,83.3800000000001,4.0,8.88888888888889,0.6577777777777778,1.0,1.0,1,82.7248331649464
scenario_1_kitchen_pm_spike_ep09_d054,scenario_1_kitchen_pm_spike_ep09,scenario_1_kitchen_pm_spike,54,2026-08-01T09:27:00,B,C,83.3800000000001,5.656854249492381,12.570787221094179,0.9302382543609693,1.0,1.0,1,87.54039263253298
scenario_1_kitchen_pm_spike_ep09_d054,scenario_1_kitchen_pm_spike_ep09,scenario_1_kitchen_pm_spike,54,2026-08-01T09:27:00,C,C,83.3800000000001,0.0,0.0,0.0,0.0,1.0,1,487.9878436134163
scenario_1_kitchen_pm_spike_ep09_d054,scenario_1_kitchen_pm_spike_ep09,scenario_1_kitchen_pm_spike,54,2026-08-01T09:27:00,D,C,83.3800000000001,4.0,8.88888888888889,0.6577777777777778,1.0,1.0,1,74.33565944066072
scenario_1_kitchen_pm_spike_ep09_d057,scenario_1_kitchen_pm_spike_ep09,scenario_1_kitchen_pm_spike,57,2026-08-01T09:28:30,A,D,83.1400000000001,5.656854249492381,12.570787221094179,0.9302382543609693,1.0,1.0,1,83.8103488856143
scenario_1_kitchen_pm_spike_ep09_d057,scenario_1_kitchen_pm_spike_ep09,scenario_1_kitchen_pm_spike,57,2026-08-01T09:28:30,B,D,83.1400000000001,4.0,8.88888888888889,0.6577777777777778,1.0,1.0,1,88.35561381646426
scenario_1_kitchen_pm_spike_ep09_d057,scenario_1_kitchen_pm_spike_ep09,scenario_1_kitchen_pm_spike,57,2026-08-01T09:28:30,C,D,83.1400000000001,4.0,8.88888888888889,0.6577777777777778,1.0,1.0,1,463.2848892126026
scenario_1_kitchen_pm_spike_ep09_d057,scenario_1_kitchen_pm_spike_ep09,scenario_1_kitchen_pm_spike,57,2026-08-01T09:28:30,D,D,83.1400000000001,0.0,0.0,0.0,0.0,1.0,1,75.95790488748685
scenario_1_kitchen_pm_spike_ep09_d060,scenario_1_kitchen_pm_spike_ep09,scenario_1_kitchen_pm_spike,60,2026-08-01T09:30:00,A,B,82.9000000000001,4.0,8.88888888888889,0.6577777777777778,1.0,1.0,1,84.64418331454499
scenario_1_kitchen_pm_spike_ep09_d060,scenario_1_kitchen_pm_spike_ep09,scenario_1_kitchen_pm_spike,60,2026-08-01T09:30:00,B,B,82.9000000000001,0.0,0.0,0.0,0.0,1.0,1,88.9343426285468
scenario_1_kitchen_pm_spike_ep09_d060,scenario_1_kitchen_pm_spike_ep09,scenario_1_kitchen_pm_spike,60,2026-08-01T09:30:00,C,B,82.9000000000001,5.656854249492381,12.570787221094179,0.9302382543609693,1.0,1.0,1,439.97314515825667
scenario_1_kitchen_pm_spike_ep09_d060,scenario_1_kitchen_pm_spike_ep09,scenario_1_kitchen_pm_spike,60,2026-08-01T09:30:00,D,B,82.9000000000001,4.0,8.88888888888889,0.6577777777777778,1.0,1.0,1,77.29411330221524
scenario_1_kitchen_pm_spike_ep09_d063,scenario_1_kitchen_pm_spike_ep09,scenario_1_kitchen_pm_spike,63,2026-08-01T09:31:30,A,C,82.66000000000011,4.0,8.88888888888889,0.6577777777777778,1.0,1.0,1,85.24767360984197
scenario_1_kitchen_pm_spike_ep09_d063,scenario_1_kitchen_pm_spike_ep09,scenario_1_kitchen_pm_spike,63,2026-08-01T09:31:30,B,C,82.66000000000011,5.656854249492381,12.570787221094179,0.9302382543609693,1.0,1.0,1,89.29706159004013
scenario_1_kitchen_pm_spike_ep09_d063,scenario_1_kitchen_pm_spike_ep09,scenario_1_kitchen_pm_spike,63,2026-08-01T09:31:30,C,C,82.66000000000011,0.0,0.0,0.0,0.0,1.0,1,417.9691807316178
scenario_1_kitchen_pm_spike_ep09_d063,scenario_1_kitchen_pm_spike_ep09,scenario_1_kitchen_pm_spike,63,2026-08-01T09:31:30,D,C,82.66000000000011,4.0,8.88888888888889,0.6577777777777778,1.0,1.0,1,78.36782184862636
scenario_1_kitchen_pm_spike_ep09_d066,scenario_1_kitchen_pm_spike_ep09,scenario_1_kitchen_pm_spike,66,2026-08-01T09:33:00,A,A,82.42000000000012,0.0,0.0,0.0,0.0,1.0,1,85.64064126651601
scenario_1_kitchen_pm_spike_ep09_d066,scenario_1_kitchen_pm_spike_ep09,scenario_1_kitchen_pm_spike,66,2026-08-01T09:33:00,B,A,82.42000000000012,4.0,8.88888888888889,0.6577777777777778,1.0,1.0,1,89.4627857177802
scenario_1_kitchen_pm_spike_ep09_d066,scenario_1_kitchen_pm_spike_ep09,scenario_1_kitchen_pm_spike,66,2026-08-01T09:33:00,C,A,82.42000000000012,4.0,8.88888888888889,0.6577777777777778,1.0,1.0,1,397.1947365401903
scenario_1_kitchen_pm_spike_ep09_d066,scenario_1_kitchen_pm_spike_ep09,scenario_1_kitchen_pm_spike,66,2026-08-01T09:33:00,D,A,82.42000000000012,5.656854249492381,12.570787221094179,0.9302382543609693,1.0,1.0,1,79.20091109658892
scenario_1_kitchen_pm_spike_ep09_d069,scenario_1_kitchen_pm_spike_ep09,scenario_1_kitchen_pm_spike,69,2026-08-01T09:34:30,A,B,82.18000000000012,4.0,8.88888888888889,0.6577777777777778,1.0,1.0,1,85.84149340352246
scenario_1_kitchen_pm_spike_ep09_d069,scenario_1_kitchen_pm_spike_ep09,scenario_1_kitchen_pm_spike,69,2026-08-01T09:34:30,B,B,82.18000000000012,0.0,0.0,0.0,0.0,1.0,1,89.44916109299061
scenario_1_kitchen_pm_spike_ep09_d069,scenario_1_kitchen_pm_spike_ep09,scenario_1_kitchen_pm_spike,69,2026-08-01T09:34:30,C,B,82.18000000000012,5.656854249492381,12.570787221094179,0.9302382543609693,1.0,1.0,1,377.57639866548175
scenario_1_kitchen_pm_spike_ep09_d069,scenario_1_kitchen_pm_spike_ep09,scenario_1_kitchen_pm_spike,69,2026-08-01T09:34:30,D,B,82.18000000000012,4.0,8.88888888888889,0.6577777777777778,1.0,1.0,1,79.8137153398875
scenario_1_kitchen_pm_spike_ep09_d072,scenario_1_kitchen_pm_spike_ep09,scenario_1_kitchen_pm_spike,72,2026-08-01T09:36:00,A,D,81.94000000000013,5.656854249492381,12.570787221094179,0.9302382543609693,1.0,1.0,1,85.86731744728945
scenario_1_kitchen_pm_spike_ep09_d072,scenario_1_kitchen_pm_spike_ep09,scenario_1_kitchen_pm_spike,72,2026-08-01T09:36:00,B,D,81.94000000000013,4.0,8.88888888888889,0.6577777777777778,1.0,1.0,1,89.27255698029103
scenario_1_kitchen_pm_spike_ep09_d072,scenario_1_kitchen_pm_spike_ep09,scenario_1_kitchen_pm_spike,72,2026-08-01T09:36:00,C,D,81.94000000000013,4.0,8.88888888888889,0.6577777777777778,1.0,1.0,1,359.0452935097991
scenario_1_kitchen_pm_spike_ep09_d072,scenario_1_kitchen_pm_spike_ep09,scenario_1_kitchen_pm_spike,72,2026-08-01T09:36:00,D,D,81.94000000000013,0.0,0.0,0.0,0.0,1.0,1,80.22512573168797
scenario_1_kitchen_pm_spike_ep09_d075,scenario_1_kitchen_pm_spike_ep09,scenario_1_kitchen_pm_spike,75,2026-08-01T09:37:30,A,A,81.70000000000013,0.0,0.0,0.0,0.0,1.0,1,85.73396963777122
scenario_1_kitchen_pm_spike_ep09_d075,scenario_1_kitchen_pm_spike_ep09,scenario_1_kitchen_pm_spike,75,2026-08-01T09:37:30,B,A,81.70000000000013,4.0,8.88888888888889,0.6577777777777778,1.0,1.0,1,88.94815191423095
scenario_1_kitchen_pm_spike_ep09_d075,scenario_1_kitchen_pm_spike_ep09,scenario_1_kitchen_pm_spike,75,2026-08-01T09:37:30,C,A,81.70000000000013,4.0,8.88888888888889,0.6577777777777778,1.0,1.0,1,341.53680202189867
scenario_1_kitchen_pm_spike_ep09_d075,scenario_1_kitchen_pm_spike_ep09,scenario_1_kitchen_pm_spike,75,2026-08-01T09:37:30,D,A,81.70000000000013,5.656854249492381,12.570787221094179,0.9302382543609693,1.0,1.0,1,80.4526867007844
scenario_1_kitchen_pm_spike_ep09_d078,scenario_1_kitchen_pm_spike_ep09,scenario_1_kitchen_pm_spike,78,2026-08-01T09:39:00,A,C,81.46000000000014,4.0,8.88888888888889,0.6577777777777778,1.0,1.0,1,85.45615775566375
scenario_1_kitchen_pm_spike_ep09_d078,scenario_1_kitchen_pm_spike_ep09,scenario_1_kitchen_pm_spike,78,2026-08-01T09:39:00,B,C,81.46000000000014,5.656854249492381,12.570787221094179,0.9302382543609693,1.0,1.0,1,88.49001414377972
scenario_1_kitchen_pm_spike_ep09_d078,scenario_1_kitchen_pm_spike_ep09,scenario_1_kitchen_pm_spike,78,2026-08-01T09:39:00,C,C,81.46000000000014,0.0,0.0,0.0,0.0,1.0,1,324.9902920657005
scenario_1_kitchen_pm_spike_ep09_d078,scenario_1_kitchen_pm_spike_ep09,scenario_1_kitchen_pm_spike,78,2026-08-01T09:39:00,D,C,81.46000000000014,4.0,8.88888888888889,0.6577777777777778,1.0,1.0,1,80.5126860820194
scenario_1_kitchen_pm_spike_ep09_d081,scenario_1_kitchen_pm_spike_ep09,scenario_1_kitchen_pm_spike,81,2026-08-01T09:40:30,A,D,81.22000000000014,5.656854249492381,12.570787221094179,0.9302382543609693,1.0,1.0,1,85.04751844385612
scenario_1_kitchen_pm_spike_ep09_d081,scenario_1_kitchen_pm_spike_ep09,scenario_1_kitchen_pm_spike,81,2026-08-01T09:40:30,B,D,81.22000000000014,4.0,8.88888888888889,0.6577777777777778,1.0,1.0,1,87.91117680007721
scenario_1_kitchen_pm_spike_ep09_d081,scenario_1_kitchen_pm_spike_ep09,scenario_1_kitchen_pm_spike,81,2026-08-01T09:40:30,C,D,81.22000000000014,4.0,8.88888888888889,0.6577777777777778,1.0,1.0,1,309.3488677752349
scenario_1_kitchen_pm_spike_ep09_d081,scenario_1_kitchen_pm_spike_ep09,scenario_1_kitchen_pm_spike,81,2026-08-01T09:40:30,D,D,81.22000000000014,0.0,0.0,0.0,0.0,1.0,1,80.42023936642181
scenario_1_kitchen_pm_spike_ep09_d084,scenario_1_kitchen_pm_spike_ep09,scenario_1_kitchen_pm_spike,84,2026-08-01T09:42:00,A,B,80.98000000000015,4.0,8.88888888888889,0.6577777777777778,1.0,1.0,1,84.52068947218811
scenario_1_kitchen_pm_spike_ep09_d084,scenario_1_kitchen_pm_spike_ep09,scenario_1_kitchen_pm_spike,84,2026-08-01T09:42:00,B,B,80.98000000000015,0.0,0.0,0.0,0.0,1.0,1,87.22370812922645
scenario_1_kitchen_pm_spike_ep09_d084,scenario_1_kitchen_pm_spike_ep09,scenario_1_kitchen_pm_spike,84,2026-08-01T09:42:00,C,B,80.98000000000015,5.656854249492381,12.570787221094179,0.9302382543609693,1.0,1.0,1,294.55913481292487
scenario_1_kitchen_pm_spike_ep09_d084,scenario_1_kitchen_pm_spike_ep09,scenario_1_kitchen_pm_spike,84,2026-08-01T09:42:00,D,B,80.98000000000015,4.0,8.88888888888889,0.6577777777777778,1.0,1.0,1,80.18936845058579
scenario_1_kitchen_pm_spike_ep09_d087,scenario_1_kitchen_pm_spike_ep09,scenario_1_kitchen_pm_spike,87,2026-08-01T09:43:30,A,C,80.74000000000015,4.0,8.88888888888889,0.6577777777777778,1.0,1.0,1,83.88737727217597
scenario_1_kitchen_pm_spike_ep09_d087,scenario_1_kitchen_pm_spike_ep09,scenario_1_kitchen_pm_spike,87,2026-08-01T09:43:30,B,C,80.74000000000015,5.656854249492381,12.570787221094179,0.9302382543609693,1.0,1.0,1,86.43877710988124
scenario_1_kitchen_pm_spike_ep09_d087,scenario_1_kitchen_pm_spike_ep09,scenario_1_kitchen_pm_spike,87,2026-08-01T09:43:30,C,C,80.74000000000015,0.0,0.0,0.0,0.0,1.0,1,280.57098051750063
scenario_1_kitchen_pm_spike_ep09_d087,scenario_1_kitchen_pm_spike_ep09,scenario_1_kitchen_pm_spike,87,2026-08-01T09:43:30,D,C,80.74000000000015,4.0,8.88888888888889,0.6577777777777778,1.0,1.0,1,79.83307524039219
scenario_1_kitchen_pm_spike_ep10_d012,scenario_1_kitchen_pm_spike_ep10,scenario_1_kitchen_pm_spike,12,2026-08-01T09:06:00,A,C,86.04000000000002,4.0,8.88888888888889,0.6577777777777778,1.0,1.0,1,26.21940066480761
scenario_1_kitchen_pm_spike_ep10_d012,scenario_1_kitchen_pm_spike_ep10,scenario_1_kitchen_pm_spike,12,2026-08-01T09:06:00,B,C,86.04000000000002,5.656854249492381,12.570787221094179,0.9302382543609693,1.0,1.0,1,28.749818775243398
scenario_1_kitchen_pm_spike_ep10_d012,scenario_1_kitchen_pm_spike_ep10,scenario_1_kitchen_pm_spike,12,2026-08-01T09:06:00,C,C,86.04000000000002,0.0,0.0,0.0,0.0,1.0,1,194.55648992846693
scenario_1_kitchen_pm_spike_ep10_d012,scenario_1_kitchen_pm_spike_ep10,scenario_1_kitchen_pm_spike,12,2026-08-01T09:06:00,D,C,86.04000000000002,4.0,8.88888888888889,0.6577777777777778,1.0,1.0,1,31.36610839707646
scenario_1_kitchen_pm_spike_ep10_d015,scenario_1_kitchen_pm_spike_ep10,scenario_1_kitchen_pm_spike,15,2026-08-01T09:07:30,A,D,85.80000000000003,5.656854249492381,12.570787221094179,0.9302382543609693,1.0,1.0,1,27.87362963490841
scenario_1_kitchen_pm_spike_ep10_d015,scenario_1_kitchen_pm_spike_ep10,scenario_1_kitchen_pm_spike,15,2026-08-01T09:07:30,B,D,85.80000000000003,4.0,8.88888888888889,0.6577777777777778,1.0,1.0,1,30.161720925755162
scenario_1_kitchen_pm_spike_ep10_d015,scenario_1_kitchen_pm_spike_ep10,scenario_1_kitchen_pm_spike,15,2026-08-01T09:07:30,C,D,85.80000000000003,4.0,8.88888888888889,0.6577777777777778,1.0,1.0,1,309.5190041901524
scenario_1_kitchen_pm_spike_ep10_d015,scenario_1_kitchen_pm_spike_ep10,scenario_1_kitchen_pm_spike,15,2026-08-01T09:07:30,D,D,85.80000000000003,0.0,0.0,0.0,0.0,1.0,1,32.67046402908352
scenario_1_kitchen_pm_spike_ep10_d018,scenario_1_kitchen_pm_spike_ep10,scenario_1_kitchen_pm_spike,18,2026-08-01T09:09:00,A,B,85.56000000000003,4.0,8.88888888888889,0.6577777777777778,1.0,1.0,1,30.28671264399236
scenario_1_kitchen_pm_spike_ep10_d018,scenario_1_kitchen_pm_spike_ep10,scenario_1_kitchen_pm_spike,18,2026-08-01T09:09:00,B,B,85.56000000000003,0.0,0.0,0.0,0.0,1.0,1,32.35248343335229
scenario_1_kitchen_pm_spike_ep10_d018,scenario_1_kitchen_pm_spike_ep10,scenario_1_kitchen_pm_spike,18,2026-08-01T09:09:00,C,B,85.56000000000003,5.656854249492381,12.570787221094179,0.9302382543609693,1.0,1.0,1,428.27899705867753
scenario_1_kitchen_pm_spike_ep10_d018,scenario_1_kitchen_pm_spike_ep10,scenario_1_kitchen_pm_spike,18,2026-08-01T09:09:00,D,B,85.56000000000003,4.0,8.88888888888889,0.6577777777777778,1.0,1.0,1,34.75721973526788
scenario_1_kitchen_pm_spike_ep10_d021,scenario_1_kitchen_pm_spike_ep10,scenario_1_kitchen_pm_spike,21,2026-08-01T09:10:30,A,C,85.32000000000004,4.0,8.88888888888889,0.6577777777777778,1.0,1.0,1,33.66933167789125
scenario_1_kitchen_pm_spike_ep10_d021,scenario_1_kitchen_pm_spike_ep10,scenario_1_kitchen_pm_spike,21,2026-08-01T09:10:30,B,C,85.32000000000004,5.656854249492381,12.570787221094179,0.9302382543609693,1.0,1.0,1,35.53125606262938
scenario_1_kitchen_pm_spike_ep10_d021,scenario_1_kitchen_pm_spike_ep10,scenario_1_kitchen_pm_spike,21,2026-08-01T09:10:30,C,C,85.32000000000004,0.0,0.0,0.0,0.0,1.0,1,533.3476089646393
scenario_1_kitchen_pm_spike_ep10_d021,scenario_1_kitchen_pm_spike_ep10,scenario_1_kitchen_pm_spike,21,2026-08-01T09:10:30,D,C,85.32000000000004,4.0,8.88888888888889,0.6577777777777778,1.0,1.0,1,37.83548542014637
scenario_1_kitchen_pm_spike_ep10_d024,scenario_1_kitchen_pm_spike_ep10,scenario_1_kitchen_pm_spike,24,2026-08-01T09:12:00,A,A,85.08000000000004,0.0,0.0,0.0,0.0,1.0,1,38.29945566790161
scenario_1_kitchen_pm_spike_ep10_d024,scenario_1_kitchen_pm_spike_ep10,scenario_1_kitchen_pm_spike,24,2026-08-01T09:12:00,B,A,85.08000000000004,4.0,8.88888888888889,0.6577777777777778,1.0,1.0,1,39.974587696922754
scenario_1_kitchen_pm_spike_ep10_d024,scenario_1_kitchen_pm_spike_ep10,scenario_1_kitchen_pm_spike,24,2026-08-01T09:12:00,C,A,85.08000000000004,4.0,8.88888888888889,0.6577777777777778,1.0,1.0,1,635.1064228822996
scenario_1_kitchen_pm_spike_ep10_d024,scenario_1_kitchen_pm_spike_ep10,scenario_1_kitchen_pm_spike,24,2026-08-01T09:12:00,D,A,85.08000000000004,5.656854249492381,12.570787221094179,0.9302382543609693,1.0,1.0,1,42.18176222964007
scenario_1_kitchen_pm_spike_ep10_d027,scenario_1_kitchen_pm_spike_ep10,scenario_1_kitchen_pm_spike,27,2026-08-01T09:13:30,A,B,84.84000000000005,4.0,8.88888888888889,0.6577777777777778,1.0,1.0,1,42.883999650444366
scenario_1_kitchen_pm_spike_ep10_d027,scenario_1_kitchen_pm_spike_ep10,scenario_1_kitchen_pm_spike,27,2026-08-01T09:13:30,B,B,84.84000000000005,0.0,0.0,0.0,0.0,1.0,1,44.38807752739717
scenario_1_kitchen_pm_spike_ep10_d027,scenario_1_kitchen_pm_spike_ep10,scenario_1_kitchen_pm_spike,27,2026-08-01T09:13:30,C,B,84.84000000000005,5.656854249492381,12.570787221094179,0.9302382543609693,1.0,1.0,1,680.4746706044425
scenario_1_kitchen_pm_spike_ep10_d027,scenario_1_kitchen_pm_spike_ep10,scenario_1_kitchen_pm_spike,27,2026-08-01T09:13:30,D,B,84.84000000000005,4.0,8.88888888888889,0.6577777777777778,1.0,1.0,1,46.50159482713502
scenario_1_kitchen_pm_spike_ep10_d030,scenario_1_kitchen_pm_spike_ep10,scenario_1_kitchen_pm_spike,30,2026-08-01T09:15:00,A,D,84.60000000000005,5.656854249492381,12.570787221094179,0.9302382543609693,1.0,1.0,1,47.61579966534168
scenario_1_kitchen_pm_spike_ep10_d030,scenario_1_kitchen_pm_spike_ep10,scenario_1_kitchen_pm_spike,30,2026-08-01T09:15:00,B,D,84.60000000000005,4.0,8.88888888888889,0.6577777777777778,1.0,1.0,1,48.963342535303354
scenario_1_kitchen_pm_spike_ep10_d030,scenario_1_kitchen_pm_spike_ep10,scenario_1_kitchen_pm_spike,30,2026-08-01T09:15:00,C,D,84.60000000000005,4.0,8.88888888888889,0.6577777777777778,1.0,1.0,1,693.7853530582034
scenario_1_kitchen_pm_spike_ep10_d030,scenario_1_kitchen_pm_spike_ep10,scenario_1_kitchen_pm_spike,30,2026-08-01T09:15:00,D,D,84.60000000000005,0.0,0.0,0.0,0.0,1.0,1,50.98653986057752
scenario_1_kitchen_pm_spike_ep10_d033,scenario_1_kitchen_pm_spike_ep10,scenario_1_kitchen_pm_spike,33,2026-08-01T09:16:30,A,A,84.36000000000006,0.0,0.0,0.0,0.0,1.0,1,51.95523158995343
scenario_1_kitchen_pm_spike_ep10_d033,scenario_1_kitchen_pm_spike_ep10,scenario_1_kitchen_pm_spike,33,2026-08-01T09:16:30,B,A,84.36000000000006,4.0,8.88888888888889,0.6577777777777778,1.0,1.0,1,53.15962942668125
scenario_1_kitchen_pm_spike_ep10_d033,scenario_1_kitchen_pm_spike_ep10,scenario_1_kitchen_pm_spike,33,2026-08-01T09:16:30,C,A,84.36000000000006,4.0,8.88888888888889,0.6577777777777778,1.0,1.0,1,666.2989229494502
scenario_1_kitchen_pm_spike_ep10_d033,scenario_1_kitchen_pm_spike_ep10,scenario_1_kitchen_pm_spike,33,2026-08-01T09:16:30,D,A,84.36000000000006,5.656854249492381,12.570787221094179,0.9302382543609693,1.0,1.0,1,55.095778788181406
scenario_1_kitchen_pm_spike_ep10_d036,scenario_1_kitchen_pm_spike_ep10,scenario_1_kitchen_pm_spike,36,2026-08-01T09:18:00,A,C,84.12000000000006,4.0,8.88888888888889,0.6577777777777778,1.0,1.0,1,55.87327544599839
scenario_1_kitchen_pm_spike_ep10_d036,scenario_1_kitchen_pm_spike_ep10,scenario_1_kitchen_pm_spike,36,2026-08-01T09:18:00,B,C,84.12000000000006,5.656854249492381,12.570787221094179,0.9302382543609693,1.0,1.0,1,56.946872520872375
scenario_1_kitchen_pm_spike_ep10_d036,scenario_1_kitchen_pm_spike_ep10,scenario_1_kitchen_pm_spike,36,2026-08-01T09:18:00,C,C,84.12000000000006,0.0,0.0,0.0,0.0,1.0,1,631.068987277667
scenario_1_kitchen_pm_spike_ep10_d036,scenario_1_kitchen_pm_spike_ep10,scenario_1_kitchen_pm_spike,36,2026-08-01T09:18:00,D,C,84.12000000000006,4.0,8.88888888888889,0.6577777777777778,1.0,1.0,1,58.79917657190754
scenario_1_kitchen_pm_spike_ep10_d039,scenario_1_kitchen_pm_spike_ep10,scenario_1_kitchen_pm_spike,39,2026-08-01T09:19:30,A,D,83.88000000000007,5.656854249492381,12.570787221094179,0.9302382543609693,1.0,1.0,1,59.33367227375675
scenario_1_kitchen_pm_spike_ep10_d039,scenario_1_kitchen_pm_spike_ep10,scenario_1_kitchen_pm_spike,39,2026-08-01T09:19:30,B,D,83.88000000000007,4.0,8.88888888888889,0.6577777777777778,1.0,1.0,1,60.28784465456329
scenario_1_kitchen_pm_spike_ep10_d039,scenario_1_kitchen_pm_spike_ep10,scenario_1_kitchen_pm_spike,39,2026-08-01T09:19:30,C,D,83.88000000000007,4.0,8.88888888888889,0.6577777777777778,1.0,1.0,1,597.8784671219782
scenario_1_kitchen_pm_spike_ep10_d039,scenario_1_kitchen_pm_spike_ep10,scenario_1_kitchen_pm_spike,39,2026-08-01T09:19:30,D,D,83.88000000000007,0.0,0.0,0.0,0.0,1.0,1,62.05943330751188
scenario_1_kitchen_pm_spike_ep10_d042,scenario_1_kitchen_pm_spike_ep10,scenario_1_kitchen_pm_spike,42,2026-08-01T09:21:00,A,B,83.64000000000007,4.0,8.88888888888889,0.6577777777777778,1.0,1.0,1,62.37168012714483
scenario_1_kitchen_pm_spike_ep10_d042,scenario_1_kitchen_pm_spike_ep10,scenario_1_kitchen_pm_spike,42,2026-08-01T09:21:00,B,B,83.64000000000007,0.0,0.0,0.0,0.0,1.0,1,63.216907624036594
scenario_1_kitchen_pm_spike_ep10_d042,scenario_1_kitchen_pm_spike_ep10,scenario_1_kitchen_pm_spike,42,2026-08-01T09:21:00,C,B,83.64000000000007,5.656854249492381,12.570787221094179,0.9302382543609693,1.0,1.0,1,566.6032087322202
scenario_1_kitchen_pm_spike_ep10_d042,scenario_1_kitchen_pm_spike_ep10,scenario_1_kitchen_pm_spike,42,2026-08-01T09:21:00,D,B,83.64000000000007,4.0,8.88888888888889,0.6577777777777778,1.0,1.0,1,64.91083532046446
scenario_1_kitchen_pm_spike_ep10_d045,scenario_1_kitchen_pm_spike_ep10,scenario_1_kitchen_pm_spike,45,2026-08-01T09:22:30,A,C,83.40000000000008,4.0,8.88888888888889,0.6577777777777778,1.0,1.0,1,65.02012679088625
scenario_1_kitchen_pm_spike_ep10_d045,scenario_1_kitchen_pm_spike_ep10,scenario_1_kitchen_pm_spike,45,2026-08-01T09:22:30,B,C,83.40000000000008,5.656854249492381,12.570787221094179,0.9302382543609693,1.0,1.0,1,65.7660597381921
scenario_1_kitchen_pm_spike_ep10_d045,scenario_1_kitchen_pm_spike_ep10,scenario_1_kitchen_pm_spike,45,2026-08-01T09:22:30,C,C,83.40000000000008,0.0,0.0,0.0,0.0,1.0,1,537.1268125260498
scenario_1_kitchen_pm_spike_ep10_d045,scenario_1_kitchen_pm_spike_ep10,scenario_1_kitchen_pm_spike,45,2026-08-01T09:22:30,D,C,83.40000000000008,4.0,8.88888888888889,0.6577777777777778,1.0,1.0,1,67.38530330635604
scenario_1_kitchen_pm_spike_ep10_d048,scenario_1_kitchen_pm_spike_ep10,scenario_1_kitchen_pm_spike,48,2026-08-01T09:24:00,A,A,83.16000000000008,0.0,0.0,0.0,0.0,1.0,1,67.30957043954822
scenario_1_kitchen_pm_spike_ep10_d048,scenario_1_kitchen_pm_spike_ep10,scenario_1_kitchen_pm_spike,48,2026-08-01T09:24:00,B,A,83.16000000000008,4.0,8.88888888888889,0.6577777777777778,1.0,1.0,1,67.96509167533463
scenario_1_kitchen_pm_spike_ep10_d048,scenario_1_kitchen_pm_spike_ep10,scenario_1_kitchen_pm_spike,48,2026-08-01T09:24:00,C,A,83.16000000000008,4.0,8.88888888888889,0.6577777777777778,1.0,1.0,1,509.3401426614374
scenario_1_kitchen_pm_spike_ep10_d048,scenario_1_kitchen_pm_spike_ep10,scenario_1_kitchen_pm_spike,48,2026-08-01T09:24:00,D,A,83.16000000000008,5.656854249492381,12.570787221094179,0.9302382543609693,1.0,1.0,1,69.51254871441506
scenario_1_kitchen_pm_spike_ep10_d051,scenario_1_kitchen_pm_spike_ep10,scenario_1_kitchen_pm_spike,51,2026-08-01T09:25:30,A,B,82.92000000000009,4.0,8.88888888888889,0.6577777777777778,1.0,1.0,1,69.26844985951425
scenario_1_kitchen_pm_spike_ep10_d051,scenario_1_kitchen_pm_spike_ep10,scenario_1_kitchen_pm_spike,51,2026-08-01T09:25:30,B,B,82.92000000000009,0.0,0.0,0.0,0.0,1.0,1,69.84173223989183
scenario_1_kitchen_pm_spike_ep10_d051,scenario_1_kitchen_pm_spike_ep10,scenario_1_kitchen_pm_spike,51,2026-08-01T09:25:30,C,B,82.92000000000009,5.656854249492381,12.570787221094179,0.9302382543609693,1.0,1.0,1,483.14086781967126
scenario_1_kitchen_pm_spike_ep10_d051,scenario_1_kitchen_pm_spike_ep10,scenario_1_kitchen_pm_spike,51,2026-08-01T09:25:30,D,B,82.92000000000009,4.0,8.88888888888889,0.6577777777777778,1.0,1.0,1,71.32021997544985
scenario_1_kitchen_pm_spike_ep10_d054,scenario_1_kitchen_pm_spike_ep10,scenario_1_kitchen_pm_spike,54,2026-08-01T09:27:00,A,D,82.68000000000009,5.656854249492381,12.570787221094179,0.9302382543609693,1.0,1.0,1,70.92322490678521
scenario_1_kitchen_pm_spike_ep10_d054,scenario_1_kitchen_pm_spike_ep10,scenario_1_kitchen_pm_spike,54,2026-08-01T09:27:00,B,D,82.68000000000009,4.0,8.88888888888889,0.6577777777777778,1.0,1.0,1,71.42178466871474
scenario_1_kitchen_pm_spike_ep10_d054,scenario_1_kitchen_pm_spike_ep10,scenario_1_kitchen_pm_spike,54,2026-08-01T09:27:00,C,D,82.68000000000009,4.0,8.88888888888889,0.6577777777777778,1.0,1.0,1,458.43303120641804
scenario_1_kitchen_pm_spike_ep10_d054,scenario_1_kitchen_pm_spike_ep10,scenario_1_kitchen_pm_spike,54,2026-08-01T09:27:00,D,D,82.68000000000009,0.0,0.0,0.0,0.0,1.0,1,72.83403922867001
scenario_1_kitchen_pm_spike_ep10_d057,scenario_1_kitchen_pm_spike_ep10,scenario_1_kitchen_pm_spike,57,2026-08-01T09:28:30,A,A,82.4400000000001,0.0,0.0,0.0,0.0,1.0,1,72.2985078303484
scenario_1_kitchen_pm_spike_ep10_d057,scenario_1_kitchen_pm_spike_ep10,scenario_1_kitchen_pm_spike,57,2026-08-01T09:28:30,B,A,82.4400000000001,4.0,8.88888888888889,0.6577777777777778,1.0,1.0,1,72.72925409504614
scenario_1_kitchen_pm_spike_ep10_d057,scenario_1_kitchen_pm_spike_ep10,scenario_1_kitchen_pm_spike,57,2026-08-01T09:28:30,C,A,82.4400000000001,4.0,8.88888888888889,0.6577777777777778,1.0,1.0,1,435.1266479058281
scenario_1_kitchen_pm_spike_ep10_d057,scenario_1_kitchen_pm_spike_ep10,scenario_1_kitchen_pm_spike,57,2026-08-01T09:28:30,D,A,82.4400000000001,5.656854249492381,12.570787221094179,0.9302382543609693,1.0,1.0,1,74.0779301598327
scenario_1_kitchen_pm_spike_ep10_d060,scenario_1_kitchen_pm_spike_ep10,scenario_1_kitchen_pm_spike,60,2026-08-01T09:30:00,A,C,82.2000000000001,4.0,8.88888888888889,0.6577777777777778,1.0,1.0,1,73.41718605030451
scenario_1_kitchen_pm_spike_ep10_d060,scenario_1_kitchen_pm_spike_ep10,scenario_1_kitchen_pm_spike,60,2026-08-01T09:30:00,B,C,82.2000000000001,5.656854249492381,12.570787221094179,0.9302382543609693,1.0,1.0,1,73.78646673917228
scenario_1_kitchen_pm_spike_ep10_d060,scenario_1_kitchen_pm_spike_ep10,scenario_1_kitchen_pm_spike,60,2026-08-01T09:30:00,C,C,82.2000000000001,0.0,0.0,0.0,0.0,1.0,1,413.1373278418947
scenario_1_kitchen_pm_spike_ep10_d060,scenario_1_kitchen_pm_spike_ep10,scenario_1_kitchen_pm_spike,60,2026-08-01T09:30:00,D,C,82.2000000000001,4.0,8.88888888888889,0.6577777777777778,1.0,1.0,1,75.07413752381467
scenario_1_kitchen_pm_spike_ep10_d063,scenario_1_kitchen_pm_spike_ep10,scenario_1_kitchen_pm_spike,63,2026-08-01T09:31:30,A,D,81.96000000000011,5.656854249492381,12.570787221094179,0.9302382543609693,1.0,1.0,1,74.3005369421071
scenario_1_kitchen_pm_spike_ep10_d063,scenario_1_kitchen_pm_spike_ep10,scenario_1_kitchen_pm_spike,63,2026-08-01T09:31:30,B,D,81.96000000000011,4.0,8.88888888888889,0.6577777777777778,1.0,1.0,1,74.61418135830945
scenario_1_kitchen_pm_spike_ep10_d063,scenario_1_kitchen_pm_spike_ep10,scenario_1_kitchen_pm_spike,63,2026-08-01T09:31:30,C,D,81.96000000000011,4.0,8.88888888888889,0.6577777777777778,1.0,1.0,1,392.38592271289747
scenario_1_kitchen_pm_spike_ep10_d063,scenario_1_kitchen_pm_spike_ep10,scenario_1_kitchen_pm_spike,63,2026-08-01T09:31:30,D,D,81.96000000000011,0.0,0.0,0.0,0.0,1.0,1,75.84333888785818
scenario_1_kitchen_pm_spike_ep10_d066,scenario_1_kitchen_pm_spike_ep10,scenario_1_kitchen_pm_spike,66,2026-08-01T09:33:00,A,B,81.72000000000011,4.0,8.88888888888889,0.6577777777777778,1.0,1.0,1,74.96833514282707
scenario_1_kitchen_pm_spike_ep10_d066,scenario_1_kitchen_pm_spike_ep10,scenario_1_kitchen_pm_spike,66,2026-08-01T09:33:00,B,B,81.72000000000011,0.0,0.0,0.0,0.0,1.0,1,75.23169345411179
scenario_1_kitchen_pm_spike_ep10_d066,scenario_1_kitchen_pm_spike_ep10,scenario_1_kitchen_pm_spike,66,2026-08-01T09:33:00,C,B,81.72000000000011,5.656854249492381,12.570787221094179,0.9302382543609693,1.0,1.0,1,372.7981953692714
scenario_1_kitchen_pm_spike_ep10_d066,scenario_1_kitchen_pm_spike_ep10,scenario_1_kitchen_pm_spike,66,2026-08-01T09:33:00,D,B,81.72000000000011,4.0,8.88888888888889,0.6577777777777778,1.0,1.0,1,76.40474909734371
scenario_1_kitchen_pm_spike_ep10_d069,scenario_1_kitchen_pm_spike_ep10,scenario_1_kitchen_pm_spike,69,2026-08-01T09:34:30,A,C,81.48000000000012,4.0,8.88888888888889,0.6577777777777778,1.0,1.0,1,75.43895286216366
scenario_1_kitchen_pm_spike_ep10_d069,scenario_1_kitchen_pm_spike_ep10,scenario_1_kitchen_pm_spike,69,2026-08-01T09:34:30,B,C,81.48000000000012,5.656854249492381,12.570787221094179,0.9302382543609693,1.0,1.0,1,75.65693270421048
scenario_1_kitchen_pm_spike_ep10_d069,scenario_1_kitchen_pm_spike_ep10,scenario_1_kitchen_pm_spike,69,2026-08-01T09:34:30,C,C,81.48000000000012,0.0,0.0,0.0,0.0,1.0,1,354.30451020297903
scenario_1_kitchen_pm_spike_ep10_d069,scenario_1_kitchen_pm_spike_ep10,scenario_1_kitchen_pm_spike,69,2026-08-01T09:34:30,D,C,81.48000000000012,4.0,8.88888888888889,0.6577777777777778,1.0,1.0,1,76.77621793363664
scenario_1_kitchen_pm_spike_ep10_d072,scenario_1_kitchen_pm_spike_ep10,scenario_1_kitchen_pm_spike,72,2026-08-01T09:36:00,A,A,81.24000000000012,0.0,0.0,0.0,0.0,1.0,1,75.72945364990346
scenario_1_kitchen_pm_spike_ep10_d072,scenario_1_kitchen_pm_spike_ep10,scenario_1_kitchen_pm_spike,72,2026-08-01T09:36:00,B,A,81.24000000000012,4.0,8.88888888888889,0.6577777777777778,1.0,1.0,1,75.90655405425036
scenario_1_kitchen_pm_spike_ep10_d072,scenario_1_kitchen_pm_spike_ep10,scenario_1_kitchen_pm_spike,72,2026-08-01T09:36:00,C,A,81.24000000000012,4.0,8.88888888888889,0.6577777777777778,1.0,1.0,1,336.839543208039
scenario_1_kitchen_pm_spike_ep10_d072,scenario_1_kitchen_pm_spike_ep10,scenario_1_kitchen_pm_spike,72,2026-08-01T09:36:00,D,A,81.24000000000012,5.656854249492381,12.570787221094179,0.9302382543609693,1.0,1.0,1,76.9743214033906
scenario_1_kitchen_pm_spike_ep10_d075,scenario_1_kitchen_pm_spike_ep10,scenario_1_kitchen_pm_spike,75,2026-08-01T09:37:30,A,B,81.00000000000013,4.0,8.88888888888889,0.6577777777777778,1.0,1.0,1,75.8556800424816
scenario_1_kitchen_pm_spike_ep10_d075,scenario_1_kitchen_pm_spike_ep10,scenario_1_kitchen_pm_spike,75,2026-08-01T09:37:30,B,B,81.00000000000013,0.0,0.0,0.0,0.0,1.0,1,75.99602287893867
scenario_1_kitchen_pm_spike_ep10_d075,scenario_1_kitchen_pm_spike_ep10,scenario_1_kitchen_pm_spike,75,2026-08-01T09:37:30,C,B,81.00000000000013,5.656854249492381,12.570787221094179,0.9302382543609693,1.0,1.0,1,320.34201045752536
scenario_1_kitchen_pm_spike_ep10_d075,scenario_1_kitchen_pm_spike_ep10,scenario_1_kitchen_pm_spike,75,2026-08-01T09:37:30,D,B,81.00000000000013,4.0,8.88888888888889,0.6577777777777778,1.0,1.0,1,77.01444707049495
scenario_1_kitchen_pm_spike_ep10_d078,scenario_1_kitchen_pm_spike_ep10,scenario_1_kitchen_pm_spike,78,2026-08-01T09:39:00,A,D,80.76000000000013,5.656854249492381,12.570787221094179,0.9302382543609693,1.0,1.0,1,75.83233548410226
scenario_1_kitchen_pm_spike_ep10_d078,scenario_1_kitchen_pm_spike_ep10,scenario_1_kitchen_pm_spike,78,2026-08-01T09:39:00,B,D,80.76000000000013,4.0,8.88888888888889,0.6577777777777778,1.0,1.0,1,75.93969459433174
scenario_1_kitchen_pm_spike_ep10_d078,scenario_1_kitchen_pm_spike_ep10,scenario_1_kitchen_pm_spike,78,2026-08-01T09:39:00,C,D,80.76000000000013,4.0,8.88888888888889,0.6577777777777778,1.0,1.0,1,304.75441382251813
scenario_1_kitchen_pm_spike_ep10_d078,scenario_1_kitchen_pm_spike_ep10,scenario_1_kitchen_pm_spike,78,2026-08-01T09:39:00,D,D,80.76000000000013,0.0,0.0,0.0,0.0,1.0,1,76.91087381535044
scenario_1_kitchen_pm_spike_ep10_d081,scenario_1_kitchen_pm_spike_ep10,scenario_1_kitchen_pm_spike,81,2026-08-01T09:40:30,A,A,80.52000000000014,0.0,0.0,0.0,0.0,1.0,1,75.67306089245847
scenario_1_kitchen_pm_spike_ep10_d081,scenario_1_kitchen_pm_spike_ep10,scenario_1_kitchen_pm_spike,81,2026-08-01T09:40:30,B,A,80.52000000000014,4.0,8.88888888888889,0.6577777777777778,1.0,1.0,1,75.7508890791247
scenario_1_kitchen_pm_spike_ep10_d081,scenario_1_kitchen_pm_spike_ep10,scenario_1_kitchen_pm_spike,81,2026-08-01T09:40:30,C,A,80.52000000000014,4.0,8.88888888888889,0.6577777777777778,1.0,1.0,1,290.0228028335996
scenario_1_kitchen_pm_spike_ep10_d081,scenario_1_kitchen_pm_spike_ep10,scenario_1_kitchen_pm_spike,81,2026-08-01T09:40:30,D,A,80.52000000000014,5.656854249492381,12.570787221094179,0.9302382543609693,1.0,1.0,1,76.67684638148637
scenario_1_kitchen_pm_spike_ep10_d084,scenario_1_kitchen_pm_spike_ep10,scenario_1_kitchen_pm_spike,84,2026-08-01T09:42:00,A,C,80.28000000000014,4.0,8.88888888888889,0.6577777777777778,1.0,1.0,1,75.39050621526451
scenario_1_kitchen_pm_spike_ep10_d084,scenario_1_kitchen_pm_spike_ep10,scenario_1_kitchen_pm_spike,84,2026-08-01T09:42:00,B,C,80.28000000000014,5.656854249492381,12.570787221094179,0.9302382543609693,1.0,1.0,1,75.44196023969027
scenario_1_kitchen_pm_spike_ep10_d084,scenario_1_kitchen_pm_spike_ep10,scenario_1_kitchen_pm_spike,84,2026-08-01T09:42:00,C,C,80.28000000000014,0.0,0.0,0.0,0.0,1.0,1,276.0965516556869
scenario_1_kitchen_pm_spike_ep10_d084,scenario_1_kitchen_pm_spike_ep10,scenario_1_kitchen_pm_spike,84,2026-08-01T09:42:00,D,C,80.28000000000014,4.0,8.88888888888889,0.6577777777777778,1.0,1.0,1,76.32464504634015
scenario_1_kitchen_pm_spike_ep10_d087,scenario_1_kitchen_pm_spike_ep10,scenario_1_kitchen_pm_spike,87,2026-08-01T09:43:30,A,D,80.04000000000015,5.656854249492381,12.570787221094179,0.9302382543609693,1.0,1.0,1,74.99639730156684
scenario_1_kitchen_pm_spike_ep10_d087,scenario_1_kitchen_pm_spike_ep10,scenario_1_kitchen_pm_spike,87,2026-08-01T09:43:30,B,D,80.04000000000015,4.0,8.88888888888889,0.6577777777777778,1.0,1.0,1,75.02436103216735
scenario_1_kitchen_pm_spike_ep10_d087,scenario_1_kitchen_pm_spike_ep10,scenario_1_kitchen_pm_spike,87,2026-08-01T09:43:30,C,D,80.04000000000015,4.0,8.88888888888889,0.6577777777777778,1.0,1.0,1,262.9281502128093
scenario_1_kitchen_pm_spike_ep10_d087,scenario_1_kitchen_pm_spike_ep10,scenario_1_kitchen_pm_spike,87,2026-08-01T09:43:30,D,D,80.04000000000015,0.0,0.0,0.0,0.0,1.0,1,75.86565073140844
scenario_1_kitchen_pm_spike_ep11_d012,scenario_1_kitchen_pm_spike_ep11,scenario_1_kitchen_pm_spike,12,2026-08-01T09:06:00,A,D,85.34000000000002,5.656854249492381,12.570787221094179,0.9302382543609693,1.0,1.0,1,12.366338087965119
scenario_1_kitchen_pm_spike_ep11_d012,scenario_1_kitchen_pm_spike_ep11,scenario_1_kitchen_pm_spike,12,2026-08-01T09:06:00,B,D,85.34000000000002,4.0,8.88888888888889,0.6577777777777778,1.0,1.0,1,41.91160936848689
scenario_1_kitchen_pm_spike_ep11_d012,scenario_1_kitchen_pm_spike_ep11,scenario_1_kitchen_pm_spike,12,2026-08-01T09:06:00,C,D,85.34000000000002,4.0,8.88888888888889,0.6577777777777778,1.0,1.0,1,191.87949033411337
scenario_1_kitchen_pm_spike_ep11_d012,scenario_1_kitchen_pm_spike_ep11,scenario_1_kitchen_pm_spike,12,2026-08-01T09:06:00,D,D,85.34000000000002,0.0,0.0,0.0,0.0,1.0,1,40.74166054244324
scenario_1_kitchen_pm_spike_ep11_d015,scenario_1_kitchen_pm_spike_ep11,scenario_1_kitchen_pm_spike,15,2026-08-01T09:07:30,A,A,85.10000000000002,0.0,0.0,0.0,0.0,1.0,1,14.746840919064539
scenario_1_kitchen_pm_spike_ep11_d015,scenario_1_kitchen_pm_spike_ep11,scenario_1_kitchen_pm_spike,15,2026-08-01T09:07:30,B,A,85.10000000000002,4.0,8.88888888888889,0.6577777777777778,1.0,1.0,1,42.44475521812615
scenario_1_kitchen_pm_spike_ep11_d015,scenario_1_kitchen_pm_spike_ep11,scenario_1_kitchen_pm_spike,15,2026-08-01T09:07:30,C,A,85.10000000000002,4.0,8.88888888888889,0.6577777777777778,1.0,1.0,1,294.99057173022004
scenario_1_kitchen_pm_spike_ep11_d015,scenario_1_kitchen_pm_spike_ep11,scenario_1_kitchen_pm_spike,15,2026-08-01T09:07:30,D,A,85.10000000000002,5.656854249492381,12.570787221094179,0.9302382543609693,1.0,1.0,1,41.30142912219128
scenario_1_kitchen_pm_spike_ep11_d018,scenario_1_kitchen_pm_spike_ep11,scenario_1_kitchen_pm_spike,18,2026-08-01T09:09:00,A,C,84.86000000000003,4.0,8.88888888888889,0.6577777777777778,1.0,1.0,1,18.08206344651876
scenario_1_kitchen_pm_spike_ep11_d018,scenario_1_kitchen_pm_spike_ep11,scenario_1_kitchen_pm_spike,18,2026-08-01T09:09:00,B,C,84.86000000000003,5.656854249492381,12.570787221094179,0.9302382543609693,1.0,1.0,1,44.04847055859818
scenario_1_kitchen_pm_spike_ep11_d018,scenario_1_kitchen_pm_spike_ep11,scenario_1_kitchen_pm_spike,18,2026-08-01T09:09:00,C,C,84.86000000000003,0.0,0.0,0.0,0.0,1.0,1,423.92147814403177
scenario_1_kitchen_pm_spike_ep11_d018,scenario_1_kitchen_pm_spike_ep11,scenario_1_kitchen_pm_spike,18,2026-08-01T09:09:00,D,C,84.86000000000003,4.0,8.88888888888889,0.6577777777777778,1.0,1.0,1,42.93275843840138
scenario_1_kitchen_pm_spike_ep11_d021,scenario_1_kitchen_pm_spike_ep11,scenario_1_kitchen_pm_spike,21,2026-08-01T09:10:30,A,D,84.62000000000003,5.656854249492381,12.570787221094179,0.9302382543609693,1.0,1.0,1,22.83270681445879
scenario_1_kitchen_pm_spike_ep11_d021,scenario_1_kitchen_pm_spike_ep11,scenario_1_kitchen_pm_spike,21,2026-08-01T09:10:30,B,D,84.62000000000003,4.0,8.88888888888889,0.6577777777777778,1.0,1.0,1,47.17617194469176
scenario_1_kitchen_pm_spike_ep11_d021,scenario_1_kitchen_pm_spike_ep11,scenario_1_kitchen_pm_spike,21,2026-08-01T09:10:30,C,D,84.62000000000003,4.0,8.88888888888889,0.6577777777777778,1.0,1.0,1,559.0982869553781
scenario_1_kitchen_pm_spike_ep11_d021,scenario_1_kitchen_pm_spike_ep11,scenario_1_kitchen_pm_spike,21,2026-08-01T09:10:30,D,D,84.62000000000003,0.0,0.0,0.0,0.0,1.0,1,46.08885100935777
scenario_1_kitchen_pm_spike_ep11_d024,scenario_1_kitchen_pm_spike_ep11,scenario_1_kitchen_pm_spike,24,2026-08-01T09:12:00,A,B,84.38000000000004,4.0,8.88888888888889,0.6577777777777778,1.0,1.0,1,27.372260001301584
scenario_1_kitchen_pm_spike_ep11_d024,scenario_1_kitchen_pm_spike_ep11,scenario_1_kitchen_pm_spike,24,2026-08-01T09:12:00,B,B,84.38000000000004,0.0,0.0,0.0,0.0,1.0,1,50.19452293058953
scenario_1_kitchen_pm_spike_ep11_d024,scenario_1_kitchen_pm_spike_ep11,scenario_1_kitchen_pm_spike,24,2026-08-01T09:12:00,C,B,84.38000000000004,5.656854249492381,12.570787221094179,0.9302382543609693,1.0,1.0,1,620.5515731541389
scenario_1_kitchen_pm_spike_ep11_d024,scenario_1_kitchen_pm_spike_ep11,scenario_1_kitchen_pm_spike,24,2026-08-01T09:12:00,D,B,84.38000000000004,4.0,8.88888888888889,0.6577777777777778,1.0,1.0,1,49.13617847053911
scenario_1_kitchen_pm_spike_ep11_d027,scenario_1_kitchen_pm_spike_ep11,scenario_1_kitchen_pm_spike,27,2026-08-01T09:13:30,A,C,84.14000000000004,4.0,8.88888888888889,0.6577777777777778,1.0,1.0,1,33.42130706620242
scenario_1_kitchen_pm_spike_ep11_d027,scenario_1_kitchen_pm_spike_ep11,scenario_1_kitchen_pm_spike,27,2026-08-01T09:13:30,B,C,84.14000000000004,5.656854249492381,12.570787221094179,0.9302382543609693,1.0,1.0,1,54.81771231075345
scenario_1_kitchen_pm_spike_ep11_d027,scenario_1_kitchen_pm_spike_ep11,scenario_1_kitchen_pm_spike,27,2026-08-01T09:13:30,C,C,84.14000000000004,0.0,0.0,0.0,0.0,1.0,1,700.1411756555365
scenario_1_kitchen_pm_spike_ep11_d027,scenario_1_kitchen_pm_spike_ep11,scenario_1_kitchen_pm_spike,27,2026-08-01T09:13:30,D,C,84.14000000000004,4.0,8.88888888888889,0.6577777777777778,1.0,1.0,1,53.788757928970654
scenario_1_kitchen_pm_spike_ep11_d030,scenario_1_kitchen_pm_spike_ep11,scenario_1_kitchen_pm_spike,30,2026-08-01T09:15:00,A,A,83.90000000000005,0.0,0.0,0.0,0.0,1.0,1,38.75491990443925
scenario_1_kitchen_pm_spike_ep11_d030,scenario_1_kitchen_pm_spike_ep11,scenario_1_kitchen_pm_spike,30,2026-08-01T09:15:00,B,A,83.90000000000005,4.0,8.88888888888889,0.6577777777777778,1.0,1.0,1,58.81481970561981
scenario_1_kitchen_pm_spike_ep11_d030,scenario_1_kitchen_pm_spike_ep11,scenario_1_kitchen_pm_spike,30,2026-08-01T09:15:00,C,A,83.90000000000005,4.0,8.88888888888889,0.6577777777777778,1.0,1.0,1,708.6474547596819
scenario_1_kitchen_pm_spike_ep11_d030,scenario_1_kitchen_pm_spike_ep11,scenario_1_kitchen_pm_spike,30,2026-08-01T09:15:00,D,A,83.90000000000005,5.656854249492381,12.570787221094179,0.9302382543609693,1.0,1.0,1,57.815515809496446
scenario_1_kitchen_pm_spike_ep11_d033,scenario_1_kitchen_pm_spike_ep11,scenario_1_kitchen_pm_spike,33,2026-08-01T09:16:30,A,B,83.66000000000005,4.0,8.88888888888889,0.6577777777777778,1.0,1.0,1,43.50050440694167
scenario_1_kitchen_pm_spike_ep11_d033,scenario_1_kitchen_pm_spike_ep11,scenario_1_kitchen_pm_spike,33,2026-08-01T09:16:30,B,B,83.66000000000005,0.0,0.0,0.0,0.0,1.0,1,62.30763627092301
scenario_1_kitchen_pm_spike_ep11_d033,scenario_1_kitchen_pm_spike_ep11,scenario_1_kitchen_pm_spike,33,2026-08-01T09:16:30,C,B,83.66000000000005,5.656854249492381,12.570787221094179,0.9302382543609693,1.0,1.0,1,671.0441318475657
scenario_1_kitchen_pm_spike_ep11_d033,scenario_1_kitchen_pm_spike_ep11,scenario_1_kitchen_pm_spike,33,2026-08-01T09:16:30,D,B,83.66000000000005,4.0,8.88888888888889,0.6577777777777778,1.0,1.0,1,61.33810696087812
scenario_1_kitchen_pm_spike_ep11_d036,scenario_1_kitchen_pm_spike_ep11,scenario_1_kitchen_pm_spike,36,2026-08-01T09:18:00,A,D,83.42000000000006,5.656854249492381,12.570787221094179,0.9302382543609693,1.0,1.0,1,47.99439496273203
scenario_1_kitchen_pm_spike_ep11_d036,scenario_1_kitchen_pm_spike_ep11,scenario_1_kitchen_pm_spike,36,2026-08-01T09:18:00,B,D,83.42000000000006,4.0,8.88888888888889,0.6577777777777778,1.0,1.0,1,65.62723536038516
scenario_1_kitchen_pm_spike_ep11_d036,scenario_1_kitchen_pm_spike_ep11,scenario_1_kitchen_pm_spike,36,2026-08-01T09:18:00,C,D,83.42000000000006,4.0,8.88888888888889,0.6577777777777778,1.0,1.0,1,635.5435473305855
scenario_1_kitchen_pm_spike_ep11_d036,scenario_1_kitchen_pm_spike_ep11,scenario_1_kitchen_pm_spike,36,2026-08-01T09:18:00,D,D,83.42000000000006,0.0,0.0,0.0,0.0,1.0,1,64.68748384137757
scenario_1_kitchen_pm_spike_ep11_d039,scenario_1_kitchen_pm_spike_ep11,scenario_1_kitchen_pm_spike,39,2026-08-01T09:19:30,A,A,83.18000000000006,0.0,0.0,0.0,0.0,1.0,1,51.99150668916354
scenario_1_kitchen_pm_spike_ep11_d039,scenario_1_kitchen_pm_spike_ep11,scenario_1_kitchen_pm_spike,39,2026-08-01T09:19:30,B,A,83.18000000000006,4.0,8.88888888888889,0.6577777777777778,1.0,1.0,1,68.5236024245769
scenario_1_kitchen_pm_spike_ep11_d039,scenario_1_kitchen_pm_spike_ep11,scenario_1_kitchen_pm_spike,39,2026-08-01T09:19:30,C,A,83.18000000000006,4.0,8.88888888888889,0.6577777777777778,1.0,1.0,1,602.0975407739531
scenario_1_kitchen_pm_spike_ep11_d039,scenario_1_kitchen_pm_spike_ep11,scenario_1_kitchen_pm_spike,39,2026-08-01T09:19:30,D,A,83.18000000000006,5.656854249492381,12.570787221094179,0.9302382543609693,1.0,1.0,1,67.61352505721197
scenario_1_kitchen_pm_spike_ep11_d042,scenario_1_kitchen_pm_spike_ep11,scenario_1_kitchen_pm_spike,42,2026-08-01T09:21:00,A,C,82.94000000000007,4.0,8.88888888888889,0.6577777777777778,1.0,1.0,1,55.52967592254299
scenario_1_kitchen_pm_spike_ep11_d042,scenario_1_kitchen_pm_spike_ep11,scenario_1_kitchen_pm_spike,42,2026-08-01T09:21:00,B,C,82.94000000000007,5.656854249492381,12.570787221094179,0.9302382543609693,1.0,1.0,1,71.02995458294254
scenario_1_kitchen_pm_spike_ep11_d042,scenario_1_kitchen_pm_spike_ep11,scenario_1_kitchen_pm_spike,42,2026-08-01T09:21:00,C,C,82.94000000000007,0.0,0.0,0.0,0.0,1.0,1,570.5810537440229
scenario_1_kitchen_pm_spike_ep11_d042,scenario_1_kitchen_pm_spike_ep11,scenario_1_kitchen_pm_spike,42,2026-08-01T09:21:00,D,C,82.94000000000007,4.0,8.88888888888889,0.6577777777777778,1.0,1.0,1,70.14935368217948
scenario_1_kitchen_pm_spike_ep11_d045,scenario_1_kitchen_pm_spike_ep11,scenario_1_kitchen_pm_spike,45,2026-08-01T09:22:30,A,D,82.70000000000007,5.656854249492381,12.570787221094179,0.9302382543609693,1.0,1.0,1,58.64414247553054
scenario_1_kitchen_pm_spike_ep11_d045,scenario_1_kitchen_pm_spike_ep11,scenario_1_kitchen_pm_spike,45,2026-08-01T09:22:30,B,D,82.70000000000007,4.0,8.88888888888889,0.6577777777777778,1.0,1.0,1,73.17720328580958
scenario_1_kitchen_pm_spike_ep11_d045,scenario_1_kitchen_pm_spike_ep11,scenario_1_kitchen_pm_spike,45,2026-08-01T09:22:30,C,D,82.70000000000007,4.0,8.88888888888889,0.6577777777777778,1.0,1.0,1,540.8768391817755
scenario_1_kitchen_pm_spike_ep11_d045,scenario_1_kitchen_pm_spike_ep11,scenario_1_kitchen_pm_spike,45,2026-08-01T09:22:30,D,D,82.70000000000007,0.0,0.0,0.0,0.0,1.0,1,72.32579876718842
scenario_1_kitchen_pm_spike_ep11_d048,scenario_1_kitchen_pm_spike_ep11,scenario_1_kitchen_pm_spike,48,2026-08-01T09:24:00,A,B,82.46000000000008,4.0,8.88888888888889,0.6577777777777778,1.0,1.0,1,61.36772089507281
scenario_1_kitchen_pm_spike_ep11_d048,scenario_1_kitchen_pm_spike_ep11,scenario_1_kitchen_pm_spike,48,2026-08-01T09:24:00,B,B,82.46000000000008,0.0,0.0,0.0,0.0,1.0,1,74.99410721633035
scenario_1_kitchen_pm_spike_ep11_d048,scenario_1_kitchen_pm_spike_ep11,scenario_1_kitchen_pm_spike,48,2026-08-01T09:24:00,C,B,82.46000000000008,5.656854249492381,12.570787221094179,0.9302382543609693,1.0,1.0,1,512.8749672356498
scenario_1_kitchen_pm_spike_ep11_d048,scenario_1_kitchen_pm_spike_ep11,scenario_1_kitchen_pm_spike,48,2026-08-01T09:24:00,D,B,82.46000000000008,4.0,8.88888888888889,0.6577777777777778,1.0,1.0,1,74.17154718212942
scenario_1_kitchen_pm_spike_ep11_d051,scenario_1_kitchen_pm_spike_ep11,scenario_1_kitchen_pm_spike,51,2026-08-01T09:25:30,A,C,82.22000000000008,4.0,8.88888888888889,0.6577777777777778,1.0,1.0,1,63.73096061095612
scenario_1_kitchen_pm_spike_ep11_d051,scenario_1_kitchen_pm_spike_ep11,scenario_1_kitchen_pm_spike,51,2026-08-01T09:25:30,B,C,82.22000000000008,5.656854249492381,12.570787221094179,0.9302382543609693,1.0,1.0,1,76.50741524386967
scenario_1_kitchen_pm_spike_ep11_d051,scenario_1_kitchen_pm_spike_ep11,scenario_1_kitchen_pm_spike,51,2026-08-01T09:25:30,C,C,82.22000000000008,0.0,0.0,0.0,0.0,1.0,1,486.47236255271946
scenario_1_kitchen_pm_spike_ep11_d051,scenario_1_kitchen_pm_spike_ep11,scenario_1_kitchen_pm_spike,51,2026-08-01T09:25:30,D,C,82.22000000000008,4.0,8.88888888888889,0.6577777777777778,1.0,1.0,1,75.71328559464746
scenario_1_kitchen_pm_spike_ep11_d054,scenario_1_kitchen_pm_spike_ep11,scenario_1_kitchen_pm_spike,54,2026-08-01T09:27:00,A,A,81.98000000000009,0.0,0.0,0.0,0.0,1.0,1,65.76229569049224
scenario_1_kitchen_pm_spike_ep11_d054,scenario_1_kitchen_pm_spike_ep11,scenario_1_kitchen_pm_spike,54,2026-08-01T09:27:00,B,A,81.98000000000009,4.0,8.88888888888889,0.6577777777777778,1.0,1.0,1,77.7420000708239
scenario_1_kitchen_pm_spike_ep11_d054,scenario_1_kitchen_pm_spike_ep11,scenario_1_kitchen_pm_spike,54,2026-08-01T09:27:00,C,A,81.98000000000009,4.0,8.88888888888889,0.6577777777777778,1.0,1.0,1,461.5723710192957
scenario_1_kitchen_pm_spike_ep11_d054,scenario_1_kitchen_pm_spike_ep11,scenario_1_kitchen_pm_spike,54,2026-08-01T09:27:00,D,A,81.98000000000009,5.656854249492381,12.570787221094179,0.9302382543609693,1.0,1.0,1,76.97583322135733
scenario_1_kitchen_pm_spike_ep11_d057,scenario_1_kitchen_pm_spike_ep11,scenario_1_kitchen_pm_spike,57,2026-08-01T09:28:30,A,B,81.7400000000001,4.0,8.88888888888889,0.6577777777777778,1.0,1.0,1,67.48818486890718
scenario_1_kitchen_pm_spike_ep11_d057,scenario_1_kitchen_pm_spike_ep11,scenario_1_kitchen_pm_spike,57,2026-08-01T09:28:30,B,B,81.7400000000001,0.0,0.0,0.0,0.0,1.0,1,78.72098317356517
scenario_1_kitchen_pm_spike_ep11_d057,scenario_1_kitchen_pm_spike_ep11,scenario_1_kitchen_pm_spike,57,2026-08-01T09:28:30,C,B,81.7400000000001,5.656854249492381,12.570787221094179,0.9302382543609693,1.0,1.0,1,438.0843540705496
scenario_1_kitchen_pm_spike_ep11_d057,scenario_1_kitchen_pm_spike_ep11,scenario_1_kitchen_pm_spike,57,2026-08-01T09:28:30,D,B,81.7400000000001,4.0,8.88888888888889,0.6577777777777778,1.0,1.0,1,77.98226594618654
scenario_1_kitchen_pm_spike_ep11_d060,scenario_1_kitchen_pm_spike_ep11,scenario_1_kitchen_pm_spike,60,2026-08-01T09:30:00,A,D,81.5000000000001,5.656854249492381,12.570787221094179,0.9302382543609693,1.0,1.0,1,68.93324248201498
scenario_1_kitchen_pm_spike_ep11_d060,scenario_1_kitchen_pm_spike_ep11,scenario_1_kitchen_pm_spike,60,2026-08-01T09:30:00,B,D,81.5000000000001,4.0,8.88888888888889,0.6577777777777778,1.0,1.0,1,79.46585159957294
scenario_1_kitchen_pm_spike_ep11_d060,scenario_1_kitchen_pm_spike_ep11,scenario_1_kitchen_pm_spike,60,2026-08-01T09:30:00,C,D,81.5000000000001,4.0,8.88888888888889,0.6577777777777778,1.0,1.0,1,415.9233088090057
scenario_1_kitchen_pm_spike_ep11_d060,scenario_1_kitchen_pm_spike_ep11,scenario_1_kitchen_pm_spike,60,2026-08-01T09:30:00,D,D,81.5000000000001,0.0,0.0,0.0,0.0,1.0,1,78.75403236236616
scenario_1_kitchen_pm_spike_ep11_d063,scenario_1_kitchen_pm_spike_ep11,scenario_1_kitchen_pm_spike,63,2026-08-01T09:31:30,A,A,81.2600000000001,0.0,0.0,0.0,0.0,1.0,1,70.12036088750779
scenario_1_kitchen_pm_spike_ep11_d063,scenario_1_kitchen_pm_spike_ep11,scenario_1_kitchen_pm_spike,63,2026-08-01T09:31:30,B,A,81.2600000000001,4.0,8.88888888888889,0.6577777777777778,1.0,1.0,1,79.99656714666685
scenario_1_kitchen_pm_spike_ep11_d063,scenario_1_kitchen_pm_spike_ep11,scenario_1_kitchen_pm_spike,63,2026-08-01T09:31:30,C,A,81.2600000000001,4.0,8.88888888888889,0.6577777777777778,1.0,1.0,1,395.0095122843453
scenario_1_kitchen_pm_spike_ep11_d063,scenario_1_kitchen_pm_spike_ep11,scenario_1_kitchen_pm_spike,63,2026-08-01T09:31:30,D,A,81.2600000000001,5.656854249492381,12.570787221094179,0.9302382543609693,1.0,1.0,1,79.31106225885787
scenario_1_kitchen_pm_spike_ep11_d066,scenario_1_kitchen_pm_spike_ep11,scenario_1_kitchen_pm_spike,66,2026-08-01T09:33:00,A,C,81.02000000000011,4.0,8.88888888888889,0.6577777777777778,1.0,1.0,1,71.07082492353584
scenario_1_kitchen_pm_spike_ep11_d066,scenario_1_kitchen_pm_spike_ep11,scenario_1_kitchen_pm_spike,66,2026-08-01T09:33:00,B,C,81.02000000000011,5.656854249492381,12.570787221094179,0.9302382543609693,1.0,1.0,1,80.33166841644811
scenario_1_kitchen_pm_spike_ep11_d066,scenario_1_kitchen_pm_spike_ep11,scenario_1_kitchen_pm_spike,66,2026-08-01T09:33:00,C,C,81.02000000000011,0.0,0.0,0.0,0.0,1.0,1,375.2681883923102
scenario_1_kitchen_pm_spike_ep11_d066,scenario_1_kitchen_pm_spike_ep11,scenario_1_kitchen_pm_spike,66,2026-08-01T09:33:00,D,C,81.02000000000011,4.0,8.88888888888889,0.6577777777777778,1.0,1.0,1,79.67186803849404
scenario_1_kitchen_pm_spike_ep11_d069,scenario_1_kitchen_pm_spike_ep11,scenario_1_kitchen_pm_spike,69,2026-08-01T09:34:30,A,D,80.78000000000011,5.656854249492381,12.570787221094179,0.9302382543609693,1.0,1.0,1,71.8044189180257
scenario_1_kitchen_pm_spike_ep11_d069,scenario_1_kitchen_pm_spike_ep11,scenario_1_kitchen_pm_spike,69,2026-08-01T09:34:30,B,D,80.78000000000011,4.0,8.88888888888889,0.6577777777777778,1.0,1.0,1,80.4883662023808
scenario_1_kitchen_pm_spike_ep11_d069,scenario_1_kitchen_pm_spike_ep11,scenario_1_kitchen_pm_spike,69,2026-08-01T09:34:30,C,D,80.78000000000011,4.0,8.88888888888889,0.6577777777777778,1.0,1.0,1,356.6291959491483
scenario_1_kitchen_pm_spike_ep11_d069,scenario_1_kitchen_pm_spike_ep11,scenario_1_kitchen_pm_spike,69,2026-08-01T09:34:30,D,D,80.78000000000011,0.0,0.0,0.0,0.0,1.0,1,79.85363952392095
scenario_1_kitchen_pm_spike_ep11_d072,scenario_1_kitchen_pm_spike_ep11,scenario_1_kitchen_pm_spike,72,2026-08-01T09:36:00,A,B,80.54000000000012,4.0,8.88888888888889,0.6577777777777778,1.0,1.0,1,72.3395267291587
scenario_1_kitchen_pm_spike_ep11_d072,scenario_1_kitchen_pm_spike_ep11,scenario_1_kitchen_pm_spike,72,2026-08-01T09:36:00,B,B,80.54000000000012,0.0,0.0,0.0,0.0,1.0,1,80.48263264331445
scenario_1_kitchen_pm_spike_ep11_d072,scenario_1_kitchen_pm_spike_ep11,scenario_1_kitchen_pm_spike,72,2026-08-01T09:36:00,C,B,80.54000000000012,5.656854249492381,12.570787221094179,0.9302382543609693,1.0,1.0,1,339.02673659029506
scenario_1_kitchen_pm_spike_ep11_d072,scenario_1_kitchen_pm_spike_ep11,scenario_1_kitchen_pm_spike,72,2026-08-01T09:36:00,D,B,80.54000000000012,4.0,8.88888888888889,0.6577777777777778,1.0,1.0,1,79.8723325779822
scenario_1_kitchen_pm_spike_ep11_d075,scenario_1_kitchen_pm_spike_ep11,scenario_1_kitchen_pm_spike,75,2026-08-01T09:37:30,A,C,80.30000000000013,4.0,8.88888888888889,0.6577777777777778,1.0,1.0,1,72.69322526662313
scenario_1_kitchen_pm_spike_ep11_d075,scenario_1_kitchen_pm_spike_ep11,scenario_1_kitchen_pm_spike,75,2026-08-01T09:37:30,B,C,80.30000000000013,5.656854249492381,12.570787221094179,0.9302382543609693,1.0,1.0,1,80.32928454558669
scenario_1_kitchen_pm_spike_ep11_d075,scenario_1_kitchen_pm_spike_ep11,scenario_1_kitchen_pm_spike,75,2026-08-01T09:37:30,C,C,80.30000000000013,0.0,0.0,0.0,0.0,1.0,1,322.39908122845304
scenario_1_kitchen_pm_spike_ep11_d075,scenario_1_kitchen_pm_spike_ep11,scenario_1_kitchen_pm_spike,75,2026-08-01T09:37:30,D,C,80.30000000000013,4.0,8.88888888888889,0.6577777777777778,1.0,1.0,1,79.74275193791402
scenario_1_kitchen_pm_spike_ep11_d078,scenario_1_kitchen_pm_spike_ep11,scenario_1_kitchen_pm_spike,78,2026-08-01T09:39:00,A,A,80.06000000000013,0.0,0.0,0.0,0.0,1.0,1,72.8813719143136
scenario_1_kitchen_pm_spike_ep11_d078,scenario_1_kitchen_pm_spike_ep11,scenario_1_kitchen_pm_spike,78,2026-08-01T09:39:00,B,A,80.06000000000013,4.0,8.88888888888889,0.6577777777777778,1.0,1.0,1,80.04206125081669
scenario_1_kitchen_pm_spike_ep11_d078,scenario_1_kitchen_pm_spike_ep11,scenario_1_kitchen_pm_spike,78,2026-08-01T09:39:00,C,A,80.06000000000013,4.0,8.88888888888889,0.6577777777777778,1.0,1.0,1,306.68831388703995
scenario_1_kitchen_pm_spike_ep11_d078,scenario_1_kitchen_pm_spike_ep11,scenario_1_kitchen_pm_spike,78,2026-08-01T09:39:00,D,A,80.06000000000013,5.656854249492381,12.570787221094179,0.9302382543609693,1.0,1.0,1,79.47862863694729
scenario_1_kitchen_pm_spike_ep11_d081,scenario_1_kitchen_pm_spike_ep11,scenario_1_kitchen_pm_spike,81,2026-08-01T09:40:30,A,B,79.82000000000014,4.0,8.88888888888889,0.6577777777777778,1.0,1.0,1,72.91868624814538
scenario_1_kitchen_pm_spike_ep11_d081,scenario_1_kitchen_pm_spike_ep11,scenario_1_kitchen_pm_spike,81,2026-08-01T09:40:30,B,B,79.82000000000014,0.0,0.0,0.0,0.0,1.0,1,79.6336974023045
scenario_1_kitchen_pm_spike_ep11_d081,scenario_1_kitchen_pm_spike_ep11,scenario_1_kitchen_pm_spike,81,2026-08-01T09:40:30,C,B,79.82000000000014,5.656854249492381,12.570787221094179,0.9302382543609693,1.0,1.0,1,291.840091800706
scenario_1_kitchen_pm_spike_ep11_d081,scenario_1_kitchen_pm_spike_ep11,scenario_1_kitchen_pm_spike,81,2026-08-01T09:40:30,D,B,79.82000000000014,4.0,8.88888888888889,0.6577777777777778,1.0,1.0,1,79.09269236296745
scenario_1_kitchen_pm_spike_ep11_d084,scenario_1_kitchen_pm_spike_ep11,scenario_1_kitchen_pm_spike,84,2026-08-01T09:42:00,A,D,79.58000000000014,5.656854249492381,12.570787221094179,0.9302382543609693,1.0,1.0,1,72.8188264173483
scenario_1_kitchen_pm_spike_ep11_d084,scenario_1_kitchen_pm_spike_ep11,scenario_1_kitchen_pm_spike,84,2026-08-01T09:42:00,B,D,79.58000000000014,4.0,8.88888888888889,0.6577777777777778,1.0,1.0,1,79.1159909401971
scenario_1_kitchen_pm_spike_ep11_d084,scenario_1_kitchen_pm_spike_ep11,scenario_1_kitchen_pm_spike,84,2026-08-01T09:42:00,C,D,79.58000000000014,4.0,8.88888888888889,0.6577777777777778,1.0,1.0,1,277.8034207454524
scenario_1_kitchen_pm_spike_ep11_d084,scenario_1_kitchen_pm_spike_ep11,scenario_1_kitchen_pm_spike,84,2026-08-01T09:42:00,D,D,79.58000000000014,0.0,0.0,0.0,0.0,1.0,1,78.5967390813795
scenario_1_kitchen_pm_spike_ep11_d087,scenario_1_kitchen_pm_spike_ep11,scenario_1_kitchen_pm_spike,87,2026-08-01T09:43:30,A,A,79.34000000000015,0.0,0.0,0.0,0.0,1.0,1,72.59446053391605
scenario_1_kitchen_pm_spike_ep11_d087,scenario_1_kitchen_pm_spike_ep11,scenario_1_kitchen_pm_spike,87,2026-08-01T09:43:30,B,A,79.34000000000015,4.0,8.88888888888889,0.6577777777777778,1.0,1.0,1,78.49986663433617
scenario_1_kitchen_pm_spike_ep11_d087,scenario_1_kitchen_pm_spike_ep11,scenario_1_kitchen_pm_spike,87,2026-08-01T09:43:30,C,A,79.34000000000015,4.0,8.88888888888889,0.6577777777777778,1.0,1.0,1,264.5304446272015
scenario_1_kitchen_pm_spike_ep11_d087,scenario_1_kitchen_pm_spike_ep11,scenario_1_kitchen_pm_spike,87,2026-08-01T09:43:30,D,A,79.34000000000015,5.656854249492381,12.570787221094179,0.9302382543609693,1.0,1.0,1,78.00169422830481
scenario_2_bedroom_voc_rise_ep00_d012,scenario_2_bedroom_voc_rise_ep00,scenario_2_bedroom_voc_rise,12,2026-08-01T09:06:00,A,A,93.04000000000002,0.0,0.0,0.0,0.0,1.0,1,17.09156494653911
scenario_2_bedroom_voc_rise_ep00_d012,scenario_2_bedroom_voc_rise_ep00,scenario_2_bedroom_voc_rise,12,2026-08-01T09:06:00,B,A,93.04000000000002,4.0,8.88888888888889,0.6577777777777778,1.0,1.0,1,34.804643600601594
scenario_2_bedroom_voc_rise_ep00_d012,scenario_2_bedroom_voc_rise_ep00,scenario_2_bedroom_voc_rise,12,2026-08-01T09:06:00,C,A,93.04000000000002,4.0,8.88888888888889,0.6577777777777778,1.0,1.0,1,36.07494861414466
scenario_2_bedroom_voc_rise_ep00_d012,scenario_2_bedroom_voc_rise_ep00,scenario_2_bedroom_voc_rise,12,2026-08-01T09:06:00,D,A,93.04000000000002,5.656854249492381,12.570787221094179,0.9302382543609693,1.0,1.0,1,7.928449088952448
scenario_2_bedroom_voc_rise_ep00_d015,scenario_2_bedroom_voc_rise_ep00,scenario_2_bedroom_voc_rise,15,2026-08-01T09:07:30,A,B,92.80000000000003,4.0,8.88888888888889,0.6577777777777778,1.0,1.0,1,17.12710383126813
scenario_2_bedroom_voc_rise_ep00_d015,scenario_2_bedroom_voc_rise_ep00,scenario_2_bedroom_voc_rise,15,2026-08-01T09:07:30,B,B,92.80000000000003,0.0,0.0,0.0,0.0,1.0,1,41.272108371137904
scenario_2_bedroom_voc_rise_ep00_d015,scenario_2_bedroom_voc_rise_ep00,scenario_2_bedroom_voc_rise,15,2026-08-01T09:07:30,C,B,92.80000000000003,5.656854249492381,12.570787221094179,0.9302382543609693,1.0,1.0,1,70.4413908160127
scenario_2_bedroom_voc_rise_ep00_d015,scenario_2_bedroom_voc_rise_ep00,scenario_2_bedroom_voc_rise,15,2026-08-01T09:07:30,D,B,92.80000000000003,4.0,8.88888888888889,0.6577777777777778,1.0,1.0,1,8.524842409569715
scenario_2_bedroom_voc_rise_ep00_d018,scenario_2_bedroom_voc_rise_ep00,scenario_2_bedroom_voc_rise,18,2026-08-01T09:09:00,A,D,92.56000000000003,5.656854249492381,12.570787221094179,0.9302382543609693,1.0,1.0,1,17.766081272799738
scenario_2_bedroom_voc_rise_ep00_d018,scenario_2_bedroom_voc_rise_ep00,scenario_2_bedroom_voc_rise,18,2026-08-01T09:09:00,B,D,92.56000000000003,4.0,8.88888888888889,0.6577777777777778,1.0,1.0,1,49.62738635727567
scenario_2_bedroom_voc_rise_ep00_d018,scenario_2_bedroom_voc_rise_ep00,scenario_2_bedroom_voc_rise,18,2026-08-01T09:09:00,C,D,92.56000000000003,4.0,8.88888888888889,0.6577777777777778,1.0,1.0,1,137.10964328413695
scenario_2_bedroom_voc_rise_ep00_d018,scenario_2_bedroom_voc_rise_ep00,scenario_2_bedroom_voc_rise,18,2026-08-01T09:09:00,D,D,92.56000000000003,0.0,0.0,0.0,0.0,1.0,1,9.690193357865724
scenario_2_bedroom_voc_rise_ep00_d021,scenario_2_bedroom_voc_rise_ep00,scenario_2_bedroom_voc_rise,21,2026-08-01T09:10:30,A,A,92.32000000000004,0.0,0.0,0.0,0.0,1.0,1,18.973839688044563
scenario_2_bedroom_voc_rise_ep00_d021,scenario_2_bedroom_voc_rise_ep00,scenario_2_bedroom_voc_rise,21,2026-08-01T09:10:30,B,A,92.32000000000004,4.0,8.88888888888889,0.6577777777777778,1.0,1.0,1,55.34183611329922
scenario_2_bedroom_voc_rise_ep00_d021,scenario_2_bedroom_voc_rise_ep00,scenario_2_bedroom_voc_rise,21,2026-08-01T09:10:30,C,A,92.32000000000004,4.0,8.88888888888889,0.6577777777777778,1.0,1.0,1,218.31240406845575
scenario_2_bedroom_voc_rise_ep00_d021,scenario_2_bedroom_voc_rise_ep00,scenario_2_bedroom_voc_rise,21,2026-08-01T09:10:30,D,A,92.32000000000004,5.656854249492381,12.570787221094179,0.9302382543609693,1.0,1.0,1,11.391973107249214
scenario_2_bedroom_voc_rise_ep00_d024,scenario_2_bedroom_voc_rise_ep00,scenario_2_bedroom_voc_rise,24,2026-08-01T09:12:00,A,C,92.08000000000004,4.0,8.88888888888889,0.6577777777777778,1.0,1.0,1,21.50943717778
scenario_2_bedroom_voc_rise_ep00_d024,scenario_2_bedroom_voc_rise_ep00,scenario_2_bedroom_voc_rise,24,2026-08-01T09:12:00,B,C,92.08000000000004,5.656854249492381,12.570787221094179,0.9302382543609693,1.0,1.0,1,64.4203506291401
scenario_2_bedroom_voc_rise_ep00_d024,scenario_2_bedroom_voc_rise_ep00,scenario_2_bedroom_voc_rise,24,2026-08-01T09:12:00,C,C,92.08000000000004,0.0,0.0,0.0,0.0,1.0,1,342.08394840615483
scenario_2_bedroom_voc_rise_ep00_d024,scenario_2_bedroom_voc_rise_ep00,scenario_2_bedroom_voc_rise,24,2026-08-01T09:12:00,D,C,92.08000000000004,4.0,8.88888888888889,0.6577777777777778,1.0,1.0,1,14.391236574258528
scenario_2_bedroom_voc_rise_ep00_d027,scenario_2_bedroom_voc_rise_ep00,scenario_2_bedroom_voc_rise,27,2026-08-01T09:13:30,A,D,91.84000000000005,5.656854249492381,12.570787221094179,0.9302382543609693,1.0,1.0,1,25.073578045089562
scenario_2_bedroom_voc_rise_ep00_d027,scenario_2_bedroom_voc_rise_ep00,scenario_2_bedroom_voc_rise,27,2026-08-01T09:13:30,B,D,91.84000000000005,4.0,8.88888888888889,0.6577777777777778,1.0,1.0,1,75.07160030948762
scenario_2_bedroom_voc_rise_ep00_d027,scenario_2_bedroom_voc_rise_ep00,scenario_2_bedroom_voc_rise,27,2026-08-01T09:13:30,C,D,91.84000000000005,4.0,8.88888888888889,0.6577777777777778,1.0,1.0,1,476.1278397896066
scenario_2_bedroom_voc_rise_ep00_d027,scenario_2_bedroom_voc_rise_ep00,scenario_2_bedroom_voc_rise,27,2026-08-01T09:13:30,D,D,91.84000000000005,0.0,0.0,0.0,0.0,1.0,1,18.390561144670528
scenario_2_bedroom_voc_rise_ep00_d030,scenario_2_bedroom_voc_rise_ep00,scenario_2_bedroom_voc_rise,30,2026-08-01T09:15:00,A,B,91.60000000000005,4.0,8.88888888888889,0.6577777777777778,1.0,1.0,1,29.568762646767254
scenario_2_bedroom_voc_rise_ep00_d030,scenario_2_bedroom_voc_rise_ep00,scenario_2_bedroom_voc_rise,30,2026-08-01T09:15:00,B,B,91.60000000000005,0.0,0.0,0.0,0.0,1.0,1,85.00387933046568
scenario_2_bedroom_voc_rise_ep00_d030,scenario_2_bedroom_voc_rise_ep00,scenario_2_bedroom_voc_rise,30,2026-08-01T09:15:00,C,B,91.60000000000005,5.656854249492381,12.570787221094179,0.9302382543609693,1.0,1.0,1,592.3409364997032
scenario_2_bedroom_voc_rise_ep00_d030,scenario_2_bedroom_voc_rise_ep00,scenario_2_bedroom_voc_rise,30,2026-08-01T09:15:00,D,B,91.60000000000005,4.0,8.88888888888889,0.6577777777777778,1.0,1.0,1,23.294204220268966
scenario_2_bedroom_voc_rise_ep00_d033,scenario_2_bedroom_voc_rise_ep00,scenario_2_bedroom_voc_rise,33,2026-08-01T09:16:30,A,C,91.36000000000006,4.0,8.88888888888889,0.6577777777777778,1.0,1.0,1,34.17303074577467
scenario_2_bedroom_voc_rise_ep00_d033,scenario_2_bedroom_voc_rise_ep00,scenario_2_bedroom_voc_rise,33,2026-08-01T09:16:30,B,C,91.36000000000006,5.656854249492381,12.570787221094179,0.9302382543609693,1.0,1.0,1,94.41510903526955
scenario_2_bedroom_voc_rise_ep00_d033,scenario_2_bedroom_voc_rise_ep00,scenario_2_bedroom_voc_rise,33,2026-08-01T09:16:30,C,C,91.36000000000006,0.0,0.0,0.0,0.0,1.0,1,636.9217037835272
scenario_2_bedroom_voc_rise_ep00_d033,scenario_2_bedroom_voc_rise_ep00,scenario_2_bedroom_voc_rise,33,2026-08-01T09:16:30,D,C,91.36000000000006,4.0,8.88888888888889,0.6577777777777778,1.0,1.0,1,28.28185378643775
scenario_2_bedroom_voc_rise_ep00_d036,scenario_2_bedroom_voc_rise_ep00,scenario_2_bedroom_voc_rise,36,2026-08-01T09:18:00,A,A,91.12000000000006,0.0,0.0,0.0,0.0,1.0,1,39.887266045597926
scenario_2_bedroom_voc_rise_ep00_d036,scenario_2_bedroom_voc_rise_ep00,scenario_2_bedroom_voc_rise,36,2026-08-01T09:18:00,B,A,91.12000000000006,4.0,8.88888888888889,0.6577777777777778,1.0,1.0,1,104.30618741003104
scenario_2_bedroom_voc_rise_ep00_d036,scenario_2_bedroom_voc_rise_ep00,scenario_2_bedroom_voc_rise,36,2026-08-01T09:18:00,C,A,91.12000000000006,4.0,8.88888888888889,0.6577777777777778,1.0,1.0,1,666.0686689111121
scenario_2_bedroom_voc_rise_ep00_d036,scenario_2_bedroom_voc_rise_ep00,scenario_2_bedroom_voc_rise,36,2026-08-01T09:18:00,D,A,91.12000000000006,5.656854249492381,12.570787221094179,0.9302382543609693,1.0,1.0,1,34.355939711481824
scenario_2_bedroom_voc_rise_ep00_d039,scenario_2_bedroom_voc_rise_ep00,scenario_2_bedroom_voc_rise,39,2026-08-01T09:19:30,A,B,90.88000000000007,4.0,8.88888888888889,0.6577777777777778,1.0,1.0,1,44.77679393050312
scenario_2_bedroom_voc_rise_ep00_d039,scenario_2_bedroom_voc_rise_ep00,scenario_2_bedroom_voc_rise,39,2026-08-01T09:19:30,B,B,90.88000000000007,0.0,0.0,0.0,0.0,1.0,1,114.53765889309739
scenario_2_bedroom_voc_rise_ep00_d039,scenario_2_bedroom_voc_rise_ep00,scenario_2_bedroom_voc_rise,39,2026-08-01T09:19:30,C,B,90.88000000000007,5.656854249492381,12.570787221094179,0.9302382543609693,1.0,1.0,1,630.7693165362796
scenario_2_bedroom_voc_rise_ep00_d039,scenario_2_bedroom_voc_rise_ep00,scenario_2_bedroom_voc_rise,39,2026-08-01T09:19:30,D,B,90.88000000000007,4.0,8.88888888888889,0.6577777777777778,1.0,1.0,1,39.58323782987145
scenario_2_bedroom_voc_rise_ep00_d042,scenario_2_bedroom_voc_rise_ep00,scenario_2_bedroom_voc_rise,42,2026-08-01T09:21:00,A,D,90.64000000000007,5.656854249492381,12.570787221094179,0.9302382543609693,1.0,1.0,1,49.211487805876004
scenario_2_bedroom_voc_rise_ep00_d042,scenario_2_bedroom_voc_rise_ep00,scenario_2_bedroom_voc_rise,42,2026-08-01T09:21:00,B,D,90.64000000000007,4.0,8.88888888888889,0.6577777777777778,1.0,1.0,1,123.15127141952485
scenario_2_bedroom_voc_rise_ep00_d042,scenario_2_bedroom_voc_rise_ep00,scenario_2_bedroom_voc_rise,42,2026-08-01T09:21:00,C,D,90.64000000000007,4.0,8.88888888888889,0.6577777777777778,1.0,1.0,1,597.5946659496162
scenario_2_bedroom_voc_rise_ep00_d042,scenario_2_bedroom_voc_rise_ep00,scenario_2_bedroom_voc_rise,42,2026-08-01T09:21:00,D,D,90.64000000000007,0.0,0.0,0.0,0.0,1.0,1,44.33498222996877
scenario_2_bedroom_voc_rise_ep00_d045,scenario_2_bedroom_voc_rise_ep00,scenario_2_bedroom_voc_rise,45,2026-08-01T09:22:30,A,A,90.40000000000008,0.0,0.0,0.0,0.0,1.0,1,53.22526706869894
scenario_2_bedroom_voc_rise_ep00_d045,scenario_2_bedroom_voc_rise_ep00,scenario_2_bedroom_voc_rise,45,2026-08-01T09:22:30,B,A,90.40000000000008,4.0,8.88888888888889,0.6577777777777778,1.0,1.0,1,130.52873660721912
scenario_2_bedroom_voc_rise_ep00_d045,scenario_2_bedroom_voc_rise_ep00,scenario_2_bedroom_voc_rise,45,2026-08-01T09:22:30,C,A,90.40000000000008,4.0,8.88888888888889,0.6577777777777778,1.0,1.0,1,566.4130583418969
scenario_2_bedroom_voc_rise_ep00_d045,scenario_2_bedroom_voc_rise_ep00,scenario_2_bedroom_voc_rise,45,2026-08-01T09:22:30,D,A,90.40000000000008,5.656854249492381,12.570787221094179,0.9302382543609693,1.0,1.0,1,48.646368801058316
scenario_2_bedroom_voc_rise_ep00_d048,scenario_2_bedroom_voc_rise_ep00,scenario_2_bedroom_voc_rise,48,2026-08-01T09:24:00,A,C,90.16000000000008,4.0,8.88888888888889,0.6577777777777778,1.0,1.0,1,56.872898342587405
scenario_2_bedroom_voc_rise_ep00_d048,scenario_2_bedroom_voc_rise_ep00,scenario_2_bedroom_voc_rise,48,2026-08-01T09:24:00,B,C,90.16000000000008,5.656854249492381,12.570787221094179,0.9302382543609693,1.0,1.0,1,137.8853870973312
scenario_2_bedroom_voc_rise_ep00_d048,scenario_2_bedroom_voc_rise_ep00,scenario_2_bedroom_voc_rise,48,2026-08-01T09:24:00,C,C,90.16000000000008,0.0,0.0,0.0,0.0,1.0,1,537.1243110059431
scenario_2_bedroom_voc_rise_ep00_d048,scenario_2_bedroom_voc_rise_ep00,scenario_2_bedroom_voc_rise,48,2026-08-01T09:24:00,D,C,90.16000000000008,4.0,8.88888888888889,0.6577777777777778,1.0,1.0,1,52.57336169732184
scenario_2_bedroom_voc_rise_ep00_d051,scenario_2_bedroom_voc_rise_ep00,scenario_2_bedroom_voc_rise,51,2026-08-01T09:25:30,A,D,89.92000000000009,5.656854249492381,12.570787221094179,0.9302382543609693,1.0,1.0,1,60.13590137655319
scenario_2_bedroom_voc_rise_ep00_d051,scenario_2_bedroom_voc_rise_ep00,scenario_2_bedroom_voc_rise,51,2026-08-01T09:25:30,B,D,89.92000000000009,4.0,8.88888888888889,0.6577777777777778,1.0,1.0,1,142.568757281844
scenario_2_bedroom_voc_rise_ep00_d051,scenario_2_bedroom_voc_rise_ep00,scenario_2_bedroom_voc_rise,51,2026-08-01T09:25:30,C,D,89.92000000000009,4.0,8.88888888888889,0.6577777777777778,1.0,1.0,1,509.564940910818
scenario_2_bedroom_voc_rise_ep00_d051,scenario_2_bedroom_voc_rise_ep00,scenario_2_bedroom_voc_rise,51,2026-08-01T09:25:30,D,D,89.92000000000009,0.0,0.0,0.0,0.0,1.0,1,56.09860413960132
scenario_2_bedroom_voc_rise_ep00_d054,scenario_2_bedroom_voc_rise_ep00,scenario_2_bedroom_voc_rise,54,2026-08-01T09:27:00,A,B,89.68000000000009,4.0,8.88888888888889,0.6577777777777778,1.0,1.0,1,63.04137904046911
scenario_2_bedroom_voc_rise_ep00_d054,scenario_2_bedroom_voc_rise_ep00,scenario_2_bedroom_voc_rise,54,2026-08-01T09:27:00,B,B,89.68000000000009,0.0,0.0,0.0,0.0,1.0,1,145.25525854325474
scenario_2_bedroom_voc_rise_ep00_d054,scenario_2_bedroom_voc_rise_ep00,scenario_2_bedroom_voc_rise,54,2026-08-01T09:27:00,C,B,89.68000000000009,5.656854249492381,12.570787221094179,0.9302382543609693,1.0,1.0,1,483.62635617651154
scenario_2_bedroom_voc_rise_ep00_d054,scenario_2_bedroom_voc_rise_ep00,scenario_2_bedroom_voc_rise,54,2026-08-01T09:27:00,D,B,89.68000000000009,4.0,8.88888888888889,0.6577777777777778,1.0,1.0,1,59.25025300837865
scenario_2_bedroom_voc_rise_ep00_d057,scenario_2_bedroom_voc_rise_ep00,scenario_2_bedroom_voc_rise,57,2026-08-01T09:28:30,A,C,89.4400000000001,4.0,8.88888888888889,0.6577777777777778,1.0,1.0,1,65.60804696700279
scenario_2_bedroom_voc_rise_ep00_d057,scenario_2_bedroom_voc_rise_ep00,scenario_2_bedroom_voc_rise,57,2026-08-01T09:28:30,B,C,89.4400000000001,5.656854249492381,12.570787221094179,0.9302382543609693,1.0,1.0,1,146.15040393288587
scenario_2_bedroom_voc_rise_ep00_d057,scenario_2_bedroom_voc_rise_ep00,scenario_2_bedroom_voc_rise,57,2026-08-01T09:28:30,C,C,89.4400000000001,0.0,0.0,0.0,0.0,1.0,1,459.2002881866799
scenario_2_bedroom_voc_rise_ep00_d057,scenario_2_bedroom_voc_rise_ep00,scenario_2_bedroom_voc_rise,57,2026-08-01T09:28:30,D,C,89.4400000000001,4.0,8.88888888888889,0.6577777777777778,1.0,1.0,1,62.048012796792364
scenario_2_bedroom_voc_rise_ep00_d060,scenario_2_bedroom_voc_rise_ep00,scenario_2_bedroom_voc_rise,60,2026-08-01T09:30:00,A,A,89.2000000000001,0.0,0.0,0.0,0.0,1.0,1,67.84218773806492
scenario_2_bedroom_voc_rise_ep00_d060,scenario_2_bedroom_voc_rise_ep00,scenario_2_bedroom_voc_rise,60,2026-08-01T09:30:00,B,A,89.2000000000001,4.0,8.88888888888889,0.6577777777777778,1.0,1.0,1,144.79772457944887
scenario_2_bedroom_voc_rise_ep00_d060,scenario_2_bedroom_voc_rise_ep00,scenario_2_bedroom_voc_rise,60,2026-08-01T09:30:00,C,A,89.2000000000001,4.0,8.88888888888889,0.6577777777777778,1.0,1.0,1,436.17418660581416
scenario_2_bedroom_voc_rise_ep00_d060,scenario_2_bedroom_voc_rise_ep00,scenario_2_bedroom_voc_rise,60,2026-08-01T09:30:00,D,A,89.2000000000001,5.656854249492381,12.570787221094179,0.9302382543609693,1.0,1.0,1,64.49909383963563
scenario_2_bedroom_voc_rise_ep00_d063,scenario_2_bedroom_voc_rise_ep00,scenario_2_bedroom_voc_rise,63,2026-08-01T09:31:30,A,B,88.96000000000011,4.0,8.88888888888889,0.6577777777777778,1.0,1.0,1,69.76894302941037
scenario_2_bedroom_voc_rise_ep00_d063,scenario_2_bedroom_voc_rise_ep00,scenario_2_bedroom_voc_rise,63,2026-08-01T09:31:30,B,B,88.96000000000011,0.0,0.0,0.0,0.0,1.0,1,142.43419250513125
scenario_2_bedroom_voc_rise_ep00_d063,scenario_2_bedroom_voc_rise_ep00,scenario_2_bedroom_voc_rise,63,2026-08-01T09:31:30,C,B,88.96000000000011,5.656854249492381,12.570787221094179,0.9302382543609693,1.0,1.0,1,414.4619882518033
scenario_2_bedroom_voc_rise_ep00_d063,scenario_2_bedroom_voc_rise_ep00,scenario_2_bedroom_voc_rise,63,2026-08-01T09:31:30,D,B,88.96000000000011,4.0,8.88888888888889,0.6577777777777778,1.0,1.0,1,66.62950824879658
scenario_2_bedroom_voc_rise_ep00_d066,scenario_2_bedroom_voc_rise_ep00,scenario_2_bedroom_voc_rise,66,2026-08-01T09:33:00,A,D,88.72000000000011,5.656854249492381,12.570787221094179,0.9302382543609693,1.0,1.0,1,71.40225752511378
scenario_2_bedroom_voc_rise_ep00_d066,scenario_2_bedroom_voc_rise_ep00,scenario_2_bedroom_voc_rise,66,2026-08-01T09:33:00,B,D,88.72000000000011,4.0,8.88888888888889,0.6577777777777778,1.0,1.0,1,140.01644892825857
scenario_2_bedroom_voc_rise_ep00_d066,scenario_2_bedroom_voc_rise_ep00,scenario_2_bedroom_voc_rise,66,2026-08-01T09:33:00,C,D,88.72000000000011,4.0,8.88888888888889,0.6577777777777778,1.0,1.0,1,393.9735713309956
scenario_2_bedroom_voc_rise_ep00_d066,scenario_2_bedroom_voc_rise_ep00,scenario_2_bedroom_voc_rise,66,2026-08-01T09:33:00,D,D,88.72000000000011,0.0,0.0,0.0,0.0,1.0,1,68.45401738253486
scenario_2_bedroom_voc_rise_ep00_d069,scenario_2_bedroom_voc_rise_ep00,scenario_2_bedroom_voc_rise,69,2026-08-01T09:34:30,A,A,88.48000000000012,0.0,0.0,0.0,0.0,1.0,1,72.76551474128019
scenario_2_bedroom_voc_rise_ep00_d069,scenario_2_bedroom_voc_rise_ep00,scenario_2_bedroom_voc_rise,69,2026-08-01T09:34:30,B,A,88.48000000000012,4.0,8.88888888888889,0.6577777777777778,1.0,1.0,1,137.55453490180685
scenario_2_bedroom_voc_rise_ep00_d069,scenario_2_bedroom_voc_rise_ep00,scenario_2_bedroom_voc_rise,69,2026-08-01T09:34:30,C,A,88.48000000000012,4.0,8.88888888888889,0.6577777777777778,1.0,1.0,1,374.6349330185101
scenario_2_bedroom_voc_rise_ep00_d069,scenario_2_bedroom_voc_rise_ep00,scenario_2_bedroom_voc_rise,69,2026-08-01T09:34:30,D,A,88.48000000000012,5.656854249492381,12.570787221094179,0.9302382543609693,1.0,1.0,1,69.99677100274403
scenario_2_bedroom_voc_rise_ep00_d072,scenario_2_bedroom_voc_rise_ep00,scenario_2_bedroom_voc_rise,72,2026-08-01T09:36:00,A,C,88.24000000000012,4.0,8.88888888888889,0.6577777777777778,1.0,1.0,1,73.88048044810807
scenario_2_bedroom_voc_rise_ep00_d072,scenario_2_bedroom_voc_rise_ep00,scenario_2_bedroom_voc_rise,72,2026-08-01T09:36:00,B,C,88.24000000000012,5.656854249492381,12.570787221094179,0.9302382543609693,1.0,1.0,1,135.05761806254395
scenario_2_bedroom_voc_rise_ep00_d072,scenario_2_bedroom_voc_rise_ep00,scenario_2_bedroom_voc_rise,72,2026-08-01T09:36:00,C,C,88.24000000000012,0.0,0.0,0.0,0.0,1.0,1,356.3767040547274
scenario_2_bedroom_voc_rise_ep00_d072,scenario_2_bedroom_voc_rise_ep00,scenario_2_bedroom_voc_rise,72,2026-08-01T09:36:00,D,C,88.24000000000012,4.0,8.88888888888889,0.6577777777777778,1.0,1.0,1,71.28025382310989
scenario_2_bedroom_voc_rise_ep00_d075,scenario_2_bedroom_voc_rise_ep00,scenario_2_bedroom_voc_rise,75,2026-08-01T09:37:30,A,D,88.00000000000013,5.656854249492381,12.570787221094179,0.9302382543609693,1.0,1.0,1,74.76740915564187
scenario_2_bedroom_voc_rise_ep00_d075,scenario_2_bedroom_voc_rise_ep00,scenario_2_bedroom_voc_rise,75,2026-08-01T09:37:30,B,D,88.00000000000013,4.0,8.88888888888889,0.6577777777777778,1.0,1.0,1,132.5340575813766
scenario_2_bedroom_voc_rise_ep00_d075,scenario_2_bedroom_voc_rise_ep00,scenario_2_bedroom_voc_rise,75,2026-08-01T09:37:30,C,D,88.00000000000013,4.0,8.88888888888889,0.6577777777777778,1.0,1.0,1,339.1338539346981
scenario_2_bedroom_voc_rise_ep00_d075,scenario_2_bedroom_voc_rise_ep00,scenario_2_bedroom_voc_rise,75,2026-08-01T09:37:30,D,D,88.00000000000013,0.0,0.0,0.0,0.0,1.0,1,72.3253949264572
scenario_2_bedroom_voc_rise_ep00_d078,scenario_2_bedroom_voc_rise_ep00,scenario_2_bedroom_voc_rise,78,2026-08-01T09:39:00,A,B,87.76000000000013,4.0,8.88888888888889,0.6577777777777778,1.0,1.0,1,75.44514372749586
scenario_2_bedroom_voc_rise_ep00_d078,scenario_2_bedroom_voc_rise_ep00,scenario_2_bedroom_voc_rise,78,2026-08-01T09:39:00,B,B,87.76000000000013,0.0,0.0,0.0,0.0,1.0,1,129.99146456021708
scenario_2_bedroom_voc_rise_ep00_d078,scenario_2_bedroom_voc_rise_ep00,scenario_2_bedroom_voc_rise,78,2026-08-01T09:39:00,C,B,87.76000000000013,5.656854249492381,12.570787221094179,0.9302382543609693,1.0,1.0,1,322.84541498741135
scenario_2_bedroom_voc_rise_ep00_d078,scenario_2_bedroom_voc_rise_ep00,scenario_2_bedroom_voc_rise,78,2026-08-01T09:39:00,D,B,87.76000000000013,4.0,8.88888888888889,0.6577777777777778,1.0,1.0,1,73.15167012772008
scenario_2_bedroom_voc_rise_ep00_d081,scenario_2_bedroom_voc_rise_ep00,scenario_2_bedroom_voc_rise,81,2026-08-01T09:40:30,A,C,87.52000000000014,4.0,8.88888888888889,0.6577777777777778,1.0,1.0,1,75.9312085625238
scenario_2_bedroom_voc_rise_ep00_d081,scenario_2_bedroom_voc_rise_ep00,scenario_2_bedroom_voc_rise,81,2026-08-01T09:40:30,B,C,87.52000000000014,5.656854249492381,12.570787221094179,0.9302382543609693,1.0,1.0,1,127.43675818583961
scenario_2_bedroom_voc_rise_ep00_d081,scenario_2_bedroom_voc_rise_ep00,scenario_2_bedroom_voc_rise,81,2026-08-01T09:40:30,C,C,87.52000000000014,0.0,0.0,0.0,0.0,1.0,1,307.4542241309855
scenario_2_bedroom_voc_rise_ep00_d081,scenario_2_bedroom_voc_rise_ep00,scenario_2_bedroom_voc_rise,81,2026-08-01T09:40:30,D,C,87.52000000000014,4.0,8.88888888888889,0.6577777777777778,1.0,1.0,1,73.7771977338823
scenario_2_bedroom_voc_rise_ep00_d084,scenario_2_bedroom_voc_rise_ep00,scenario_2_bedroom_voc_rise,84,2026-08-01T09:42:00,A,A,87.28000000000014,0.0,0.0,0.0,0.0,1.0,1,76.24189675630987
scenario_2_bedroom_voc_rise_ep00_d084,scenario_2_bedroom_voc_rise_ep00,scenario_2_bedroom_voc_rise,84,2026-08-01T09:42:00,B,A,87.28000000000014,4.0,8.88888888888889,0.6577777777777778,1.0,1.0,1,124.87621793040762
scenario_2_bedroom_voc_rise_ep00_d084,scenario_2_bedroom_voc_rise_ep00,scenario_2_bedroom_voc_rise,84,2026-08-01T09:42:00,C,A,87.28000000000014,4.0,8.88888888888889,0.6577777777777778,1.0,1.0,1,292.90668116797895
scenario_2_bedroom_voc_rise_ep00_d084,scenario_2_bedroom_voc_rise_ep00,scenario_2_bedroom_voc_rise,84,2026-08-01T09:42:00,D,A,87.28000000000014,5.656854249492381,12.570787221094179,0.9302382543609693,1.0,1.0,1,74.2188281234362
scenario_2_bedroom_voc_rise_ep00_d087,scenario_2_bedroom_voc_rise_ep00,scenario_2_bedroom_voc_rise,87,2026-08-01T09:43:30,A,B,87.04000000000015,4.0,8.88888888888889,0.6577777777777778,1.0,1.0,1,76.39235162810155
scenario_2_bedroom_voc_rise_ep00_d087,scenario_2_bedroom_voc_rise_ep00,scenario_2_bedroom_voc_rise,87,2026-08-01T09:43:30,B,B,87.04000000000015,0.0,0.0,0.0,0.0,1.0,1,122.31553206883632
scenario_2_bedroom_voc_rise_ep00_d087,scenario_2_bedroom_voc_rise_ep00,scenario_2_bedroom_voc_rise,87,2026-08-01T09:43:30,C,B,87.04000000000015,5.656854249492381,12.570787221094179,0.9302382543609693,1.0,1.0,1,279.15252255808366
scenario_2_bedroom_voc_rise_ep00_d087,scenario_2_bedroom_voc_rise_ep00,scenario_2_bedroom_voc_rise,87,2026-08-01T09:43:30,D,B,87.04000000000015,4.0,8.88888888888889,0.6577777777777778,1.0,1.0,1,74.49222754097445
scenario_2_bedroom_voc_rise_ep01_d012,scenario_2_bedroom_voc_rise_ep01,scenario_2_bedroom_voc_rise,12,2026-08-01T09:06:00,A,B,92.34000000000002,4.0,8.88888888888889,0.6577777777777778,1.0,1.0,1,16.73981485093327
scenario_2_bedroom_voc_rise_ep01_d012,scenario_2_bedroom_voc_rise_ep01,scenario_2_bedroom_voc_rise,12,2026-08-01T09:06:00,B,B,92.34000000000002,0.0,0.0,0.0,0.0,1.0,1,52.53612225256035
scenario_2_bedroom_voc_rise_ep01_d012,scenario_2_bedroom_voc_rise_ep01,scenario_2_bedroom_voc_rise,12,2026-08-01T09:06:00,C,B,92.34000000000002,5.656854249492381,12.570787221094179,0.9302382543609693,1.0,1.0,1,28.523195509236928
scenario_2_bedroom_voc_rise_ep01_d012,scenario_2_bedroom_voc_rise_ep01,scenario_2_bedroom_voc_rise,12,2026-08-01T09:06:00,D,B,92.34000000000002,4.0,8.88888888888889,0.6577777777777778,1.0,1.0,1,45.52734534215074
scenario_2_bedroom_voc_rise_ep01_d015,scenario_2_bedroom_voc_rise_ep01,scenario_2_bedroom_voc_rise,15,2026-08-01T09:07:30,A,C,92.10000000000002,4.0,8.88888888888889,0.6577777777777778,1.0,1.0,1,17.247897021175618
scenario_2_bedroom_voc_rise_ep01_d015,scenario_2_bedroom_voc_rise_ep01,scenario_2_bedroom_voc_rise,15,2026-08-01T09:07:30,B,C,92.10000000000002,5.656854249492381,12.570787221094179,0.9302382543609693,1.0,1.0,1,58.82142280547009
scenario_2_bedroom_voc_rise_ep01_d015,scenario_2_bedroom_voc_rise_ep01,scenario_2_bedroom_voc_rise,15,2026-08-01T09:07:30,C,C,92.10000000000002,0.0,0.0,0.0,0.0,1.0,1,65.46873332111068
scenario_2_bedroom_voc_rise_ep01_d015,scenario_2_bedroom_voc_rise_ep01,scenario_2_bedroom_voc_rise,15,2026-08-01T09:07:30,D,C,92.10000000000002,4.0,8.88888888888889,0.6577777777777778,1.0,1.0,1,44.19086097090201
scenario_2_bedroom_voc_rise_ep01_d018,scenario_2_bedroom_voc_rise_ep01,scenario_2_bedroom_voc_rise,18,2026-08-01T09:09:00,A,A,91.86000000000003,0.0,0.0,0.0,0.0,1.0,1,18.352885839997384
scenario_2_bedroom_voc_rise_ep01_d018,scenario_2_bedroom_voc_rise_ep01,scenario_2_bedroom_voc_rise,18,2026-08-01T09:09:00,B,A,91.86000000000003,4.0,8.88888888888889,0.6577777777777778,1.0,1.0,1,66.09164147374588
scenario_2_bedroom_voc_rise_ep01_d018,scenario_2_bedroom_voc_rise_ep01,scenario_2_bedroom_voc_rise,18,2026-08-01T09:09:00,C,A,91.86000000000003,4.0,8.88888888888889,0.6577777777777778,1.0,1.0,1,138.80214765905646
scenario_2_bedroom_voc_rise_ep01_d018,scenario_2_bedroom_voc_rise_ep01,scenario_2_bedroom_voc_rise,18,2026-08-01T09:09:00,D,A,91.86000000000003,5.656854249492381,12.570787221094179,0.9302382543609693,1.0,1.0,1,43.569507810425534
scenario_2_bedroom_voc_rise_ep01_d021,scenario_2_bedroom_voc_rise_ep01,scenario_2_bedroom_voc_rise,21,2026-08-01T09:10:30,A,B,91.62000000000003,4.0,8.88888888888889,0.6577777777777778,1.0,1.0,1,20.105406716496077
scenario_2_bedroom_voc_rise_ep01_d021,scenario_2_bedroom_voc_rise_ep01,scenario_2_bedroom_voc_rise,21,2026-08-01T09:10:30,B,B,91.62000000000003,0.0,0.0,0.0,0.0,1.0,1,73.93316010914543
scenario_2_bedroom_voc_rise_ep01_d021,scenario_2_bedroom_voc_rise_ep01,scenario_2_bedroom_voc_rise,21,2026-08-01T09:10:30,C,B,91.62000000000003,5.656854249492381,12.570787221094179,0.9302382543609693,1.0,1.0,1,228.49729615870194
scenario_2_bedroom_voc_rise_ep01_d021,scenario_2_bedroom_voc_rise_ep01,scenario_2_bedroom_voc_rise,21,2026-08-01T09:10:30,D,B,91.62000000000003,4.0,8.88888888888889,0.6577777777777778,1.0,1.0,1,43.706331978973026
scenario_2_bedroom_voc_rise_ep01_d024,scenario_2_bedroom_voc_rise_ep01,scenario_2_bedroom_voc_rise,24,2026-08-01T09:12:00,A,D,91.38000000000004,5.656854249492381,12.570787221094179,0.9302382543609693,1.0,1.0,1,22.732089595168418
scenario_2_bedroom_voc_rise_ep01_d024,scenario_2_bedroom_voc_rise_ep01,scenario_2_bedroom_voc_rise,24,2026-08-01T09:12:00,B,D,91.38000000000004,4.0,8.88888888888889,0.6577777777777778,1.0,1.0,1,80.09983452922347
scenario_2_bedroom_voc_rise_ep01_d024,scenario_2_bedroom_voc_rise_ep01,scenario_2_bedroom_voc_rise,24,2026-08-01T09:12:00,C,D,91.38000000000004,4.0,8.88888888888889,0.6577777777777778,1.0,1.0,1,336.7202419630844
scenario_2_bedroom_voc_rise_ep01_d024,scenario_2_bedroom_voc_rise_ep01,scenario_2_bedroom_voc_rise,24,2026-08-01T09:12:00,D,D,91.38000000000004,0.0,0.0,0.0,0.0,1.0,1,44.82087013764635
scenario_2_bedroom_voc_rise_ep01_d027,scenario_2_bedroom_voc_rise_ep01,scenario_2_bedroom_voc_rise,27,2026-08-01T09:13:30,A,A,91.14000000000004,0.0,0.0,0.0,0.0,1.0,1,26.32977309445232
scenario_2_bedroom_voc_rise_ep01_d027,scenario_2_bedroom_voc_rise_ep01,scenario_2_bedroom_voc_rise,27,2026-08-01T09:13:30,B,A,91.14000000000004,4.0,8.88888888888889,0.6577777777777778,1.0,1.0,1,90.65729434952027
scenario_2_bedroom_voc_rise_ep01_d027,scenario_2_bedroom_voc_rise_ep01,scenario_2_bedroom_voc_rise,27,2026-08-01T09:13:30,C,A,91.14000000000004,4.0,8.88888888888889,0.6577777777777778,1.0,1.0,1,455.1203157268608
scenario_2_bedroom_voc_rise_ep01_d027,scenario_2_bedroom_voc_rise_ep01,scenario_2_bedroom_voc_rise,27,2026-08-01T09:13:30,D,A,91.14000000000004,5.656854249492381,12.570787221094179,0.9302382543609693,1.0,1.0,1,47.003322458811226
scenario_2_bedroom_voc_rise_ep01_d030,scenario_2_bedroom_voc_rise_ep01,scenario_2_bedroom_voc_rise,30,2026-08-01T09:15:00,A,C,90.90000000000005,4.0,8.88888888888889,0.6577777777777778,1.0,1.0,1,30.91706752907544
scenario_2_bedroom_voc_rise_ep01_d030,scenario_2_bedroom_voc_rise_ep01,scenario_2_bedroom_voc_rise,30,2026-08-01T09:15:00,B,C,90.90000000000005,5.656854249492381,12.570787221094179,0.9302382543609693,1.0,1.0,1,100.061652076678
scenario_2_bedroom_voc_rise_ep01_d030,scenario_2_bedroom_voc_rise_ep01,scenario_2_bedroom_voc_rise,30,2026-08-01T09:15:00,C,C,90.90000000000005,0.0,0.0,0.0,0.0,1.0,1,558.8945592250815
scenario_2_bedroom_voc_rise_ep01_d030,scenario_2_bedroom_voc_rise_ep01,scenario_2_bedroom_voc_rise,30,2026-08-01T09:15:00,D,C,90.90000000000005,4.0,8.88888888888889,0.6577777777777778,1.0,1.0,1,50.266086477746285
scenario_2_bedroom_voc_rise_ep01_d033,scenario_2_bedroom_voc_rise_ep01,scenario_2_bedroom_voc_rise,33,2026-08-01T09:16:30,A,D,90.66000000000005,5.656854249492381,12.570787221094179,0.9302382543609693,1.0,1.0,1,36.89233964870846
scenario_2_bedroom_voc_rise_ep01_d033,scenario_2_bedroom_voc_rise_ep01,scenario_2_bedroom_voc_rise,33,2026-08-01T09:16:30,B,D,90.66000000000005,4.0,8.88888888888889,0.6577777777777778,1.0,1.0,1,109.55739819585187
scenario_2_bedroom_voc_rise_ep01_d033,scenario_2_bedroom_voc_rise_ep01,scenario_2_bedroom_voc_rise,33,2026-08-01T09:16:30,C,D,90.66000000000005,4.0,8.88888888888889,0.6577777777777778,1.0,1.0,1,653.2078041020889
scenario_2_bedroom_voc_rise_ep01_d033,scenario_2_bedroom_voc_rise_ep01,scenario_2_bedroom_voc_rise,33,2026-08-01T09:16:30,D,D,90.66000000000005,0.0,0.0,0.0,0.0,1.0,1,55.00171453173584
scenario_2_bedroom_voc_rise_ep01_d036,scenario_2_bedroom_voc_rise_ep01,scenario_2_bedroom_voc_rise,36,2026-08-01T09:18:00,A,B,90.42000000000006,4.0,8.88888888888889,0.6577777777777778,1.0,1.0,1,41.59379263855453
scenario_2_bedroom_voc_rise_ep01_d036,scenario_2_bedroom_voc_rise_ep01,scenario_2_bedroom_voc_rise,36,2026-08-01T09:18:00,B,B,90.42000000000006,0.0,0.0,0.0,0.0,1.0,1,118.70793206675376
scenario_2_bedroom_voc_rise_ep01_d036,scenario_2_bedroom_voc_rise_ep01,scenario_2_bedroom_voc_rise,36,2026-08-01T09:18:00,C,B,90.42000000000006,5.656854249492381,12.570787221094179,0.9302382543609693,1.0,1.0,1,630.3012997583899
scenario_2_bedroom_voc_rise_ep01_d036,scenario_2_bedroom_voc_rise_ep01,scenario_2_bedroom_voc_rise,36,2026-08-01T09:18:00,D,B,90.42000000000006,4.0,8.88888888888889,0.6577777777777778,1.0,1.0,1,58.54296821222374
scenario_2_bedroom_voc_rise_ep01_d039,scenario_2_bedroom_voc_rise_ep01,scenario_2_bedroom_voc_rise,39,2026-08-01T09:19:30,A,C,90.18000000000006,4.0,8.88888888888889,0.6577777777777778,1.0,1.0,1,46.41520660835204
scenario_2_bedroom_voc_rise_ep01_d039,scenario_2_bedroom_voc_rise_ep01,scenario_2_bedroom_voc_rise,39,2026-08-01T09:19:30,B,C,90.18000000000006,5.656854249492381,12.570787221094179,0.9302382543609693,1.0,1.0,1,127.28335935655741
scenario_2_bedroom_voc_rise_ep01_d039,scenario_2_bedroom_voc_rise_ep01,scenario_2_bedroom_voc_rise,39,2026-08-01T09:19:30,C,C,90.18000000000006,0.0,0.0,0.0,0.0,1.0,1,597.3079621761844
scenario_2_bedroom_voc_rise_ep01_d039,scenario_2_bedroom_voc_rise_ep01,scenario_2_bedroom_voc_rise,39,2026-08-01T09:19:30,D,C,90.18000000000006,4.0,8.88888888888889,0.6577777777777778,1.0,1.0,1,62.27853494414535
scenario_2_bedroom_voc_rise_ep01_d042,scenario_2_bedroom_voc_rise_ep01,scenario_2_bedroom_voc_rise,42,2026-08-01T09:21:00,A,A,89.94000000000007,0.0,0.0,0.0,0.0,1.0,1,50.77223146877486
scenario_2_bedroom_voc_rise_ep01_d042,scenario_2_bedroom_voc_rise_ep01,scenario_2_bedroom_voc_rise,42,2026-08-01T09:21:00,B,A,89.94000000000007,4.0,8.88888888888889,0.6577777777777778,1.0,1.0,1,134.90252601008729
scenario_2_bedroom_voc_rise_ep01_d042,scenario_2_bedroom_voc_rise_ep01,scenario_2_bedroom_voc_rise,42,2026-08-01T09:21:00,C,A,89.94000000000007,4.0,8.88888888888889,0.6577777777777778,1.0,1.0,1,566.2791129575098
scenario_2_bedroom_voc_rise_ep01_d042,scenario_2_bedroom_voc_rise_ep01,scenario_2_bedroom_voc_rise,42,2026-08-01T09:21:00,D,A,89.94000000000007,5.656854249492381,12.570787221094179,0.9302382543609693,1.0,1.0,1,65.61929848628529
scenario_2_bedroom_voc_rise_ep01_d045,scenario_2_bedroom_voc_rise_ep01,scenario_2_bedroom_voc_rise,45,2026-08-01T09:22:30,A,B,89.70000000000007,4.0,8.88888888888889,0.6577777777777778,1.0,1.0,1,54.730520205056564
scenario_2_bedroom_voc_rise_ep01_d045,scenario_2_bedroom_voc_rise_ep01,scenario_2_bedroom_voc_rise,45,2026-08-01T09:22:30,B,B,89.70000000000007,0.0,0.0,0.0,0.0,1.0,1,141.76055591998625
scenario_2_bedroom_voc_rise_ep01_d045,scenario_2_bedroom_voc_rise_ep01,scenario_2_bedroom_voc_rise,45,2026-08-01T09:22:30,C,B,89.70000000000007,5.656854249492381,12.570787221094179,0.9302382543609693,1.0,1.0,1,537.1244013691141
scenario_2_bedroom_voc_rise_ep01_d045,scenario_2_bedroom_voc_rise_ep01,scenario_2_bedroom_voc_rise,45,2026-08-01T09:22:30,D,B,89.70000000000007,4.0,8.88888888888889,0.6577777777777778,1.0,1.0,1,68.62645126412554
scenario_2_bedroom_voc_rise_ep01_d048,scenario_2_bedroom_voc_rise_ep01,scenario_2_bedroom_voc_rise,48,2026-08-01T09:24:00,A,D,89.46000000000008,5.656854249492381,12.570787221094179,0.9302382543609693,1.0,1.0,1,58.28158777379372
scenario_2_bedroom_voc_rise_ep01_d048,scenario_2_bedroom_voc_rise_ep01,scenario_2_bedroom_voc_rise,48,2026-08-01T09:24:00,B,D,89.46000000000008,4.0,8.88888888888889,0.6577777777777778,1.0,1.0,1,146.70483621520907
scenario_2_bedroom_voc_rise_ep01_d048,scenario_2_bedroom_voc_rise_ep01,scenario_2_bedroom_voc_rise,48,2026-08-01T09:24:00,C,D,89.46000000000008,4.0,8.88888888888889,0.6577777777777778,1.0,1.0,1,509.6893582698258
scenario_2_bedroom_voc_rise_ep01_d048,scenario_2_bedroom_voc_rise_ep01,scenario_2_bedroom_voc_rise,48,2026-08-01T09:24:00,D,D,89.46000000000008,0.0,0.0,0.0,0.0,1.0,1,71.28733366904089
scenario_2_bedroom_voc_rise_ep01_d051,scenario_2_bedroom_voc_rise_ep01,scenario_2_bedroom_voc_rise,51,2026-08-01T09:25:30,A,A,89.22000000000008,0.0,0.0,0.0,0.0,1.0,1,61.48322378190619
scenario_2_bedroom_voc_rise_ep01_d051,scenario_2_bedroom_voc_rise_ep01,scenario_2_bedroom_voc_rise,51,2026-08-01T09:25:30,B,A,89.22000000000008,4.0,8.88888888888889,0.6577777777777778,1.0,1.0,1,150.6673470398864
scenario_2_bedroom_voc_rise_ep01_d051,scenario_2_bedroom_voc_rise_ep01,scenario_2_bedroom_voc_rise,51,2026-08-01T09:25:30,C,A,89.22000000000008,4.0,8.88888888888889,0.6577777777777778,1.0,1.0,1,483.89516527798264
scenario_2_bedroom_voc_rise_ep01_d051,scenario_2_bedroom_voc_rise_ep01,scenario_2_bedroom_voc_rise,51,2026-08-01T09:25:30,D,A,89.22000000000008,5.656854249492381,12.570787221094179,0.9302382543609693,1.0,1.0,1,73.6558283966715
scenario_2_bedroom_voc_rise_ep01_d054,scenario_2_bedroom_voc_rise_ep01,scenario_2_bedroom_voc_rise,54,2026-08-01T09:27:00,A,C,88.98000000000009,4.0,8.88888888888889,0.6577777777777778,1.0,1.0,1,64.34335392948151
scenario_2_bedroom_voc_rise_ep01_d054,scenario_2_bedroom_voc_rise_ep01,scenario_2_bedroom_voc_rise,54,2026-08-01T09:27:00,B,C,88.98000000000009,5.656854249492381,12.570787221094179,0.9302382543609693,1.0,1.0,1,153.37900604129118
scenario_2_bedroom_voc_rise_ep01_d054,scenario_2_bedroom_voc_rise_ep01,scenario_2_bedroom_voc_rise,54,2026-08-01T09:27:00,C,C,88.98000000000009,0.0,0.0,0.0,0.0,1.0,1,459.6219140314222
scenario_2_bedroom_voc_rise_ep01_d054,scenario_2_bedroom_voc_rise_ep01,scenario_2_bedroom_voc_rise,54,2026-08-01T09:27:00,D,C,88.98000000000009,4.0,8.88888888888889,0.6577777777777778,1.0,1.0,1,75.73620472553353
scenario_2_bedroom_voc_rise_ep01_d057,scenario_2_bedroom_voc_rise_ep01,scenario_2_bedroom_voc_rise,57,2026-08-01T09:28:30,A,D,88.7400000000001,5.656854249492381,12.570787221094179,0.9302382543609693,1.0,1.0,1,66.86492529909788
scenario_2_bedroom_voc_rise_ep01_d057,scenario_2_bedroom_voc_rise_ep01,scenario_2_bedroom_voc_rise,57,2026-08-01T09:28:30,B,D,88.7400000000001,4.0,8.88888888888889,0.6577777777777778,1.0,1.0,1,153.90390891586185
scenario_2_bedroom_voc_rise_ep01_d057,scenario_2_bedroom_voc_rise_ep01,scenario_2_bedroom_voc_rise,57,2026-08-01T09:28:30,C,D,88.7400000000001,4.0,8.88888888888889,0.6577777777777778,1.0,1.0,1,436.7529279684243
scenario_2_bedroom_voc_rise_ep01_d057,scenario_2_bedroom_voc_rise_ep01,scenario_2_bedroom_voc_rise,57,2026-08-01T09:28:30,D,D,88.7400000000001,0.0,0.0,0.0,0.0,1.0,1,77.52798774304097
scenario_2_bedroom_voc_rise_ep01_d060,scenario_2_bedroom_voc_rise_ep01,scenario_2_bedroom_voc_rise,60,2026-08-01T09:30:00,A,B,88.5000000000001,4.0,8.88888888888889,0.6577777777777778,1.0,1.0,1,69.0737077527292
scenario_2_bedroom_voc_rise_ep01_d060,scenario_2_bedroom_voc_rise_ep01,scenario_2_bedroom_voc_rise,60,2026-08-01T09:30:00,B,B,88.5000000000001,0.0,0.0,0.0,0.0,1.0,1,152.8388988080394
scenario_2_bedroom_voc_rise_ep01_d060,scenario_2_bedroom_voc_rise_ep01,scenario_2_bedroom_voc_rise,60,2026-08-01T09:30:00,C,B,88.5000000000001,5.656854249492381,12.570787221094179,0.9302382543609693,1.0,1.0,1,415.2020364069042
scenario_2_bedroom_voc_rise_ep01_d060,scenario_2_bedroom_voc_rise_ep01,scenario_2_bedroom_voc_rise,60,2026-08-01T09:30:00,D,B,88.5000000000001,4.0,8.88888888888889,0.6577777777777778,1.0,1.0,1,79.05374470937568
scenario_2_bedroom_voc_rise_ep01_d063,scenario_2_bedroom_voc_rise_ep01,scenario_2_bedroom_voc_rise,63,2026-08-01T09:31:30,A,C,88.2600000000001,4.0,8.88888888888889,0.6577777777777778,1.0,1.0,1,70.96141326145903
scenario_2_bedroom_voc_rise_ep01_d063,scenario_2_bedroom_voc_rise_ep01,scenario_2_bedroom_voc_rise,63,2026-08-01T09:31:30,B,C,88.2600000000001,5.656854249492381,12.570787221094179,0.9302382543609693,1.0,1.0,1,150.02831740290344
scenario_2_bedroom_voc_rise_ep01_d063,scenario_2_bedroom_voc_rise_ep01,scenario_2_bedroom_voc_rise,63,2026-08-01T09:31:30,C,C,88.2600000000001,0.0,0.0,0.0,0.0,1.0,1,394.85620042286473
scenario_2_bedroom_voc_rise_ep01_d063,scenario_2_bedroom_voc_rise_ep01,scenario_2_bedroom_voc_rise,63,2026-08-01T09:31:30,D,C,88.2600000000001,4.0,8.88888888888889,0.6577777777777778,1.0,1.0,1,80.3021903183751
scenario_2_bedroom_voc_rise_ep01_d066,scenario_2_bedroom_voc_rise_ep01,scenario_2_bedroom_voc_rise,66,2026-08-01T09:33:00,A,A,88.02000000000011,0.0,0.0,0.0,0.0,1.0,1,72.55803707238351
scenario_2_bedroom_voc_rise_ep01_d066,scenario_2_bedroom_voc_rise_ep01,scenario_2_bedroom_voc_rise,66,2026-08-01T09:33:00,B,A,88.02000000000011,4.0,8.88888888888889,0.6577777777777778,1.0,1.0,1,147.19045278041358
scenario_2_bedroom_voc_rise_ep01_d066,scenario_2_bedroom_voc_rise_ep01,scenario_2_bedroom_voc_rise,66,2026-08-01T09:33:00,C,A,88.02000000000011,4.0,8.88888888888889,0.6577777777777778,1.0,1.0,1,375.647392257453
scenario_2_bedroom_voc_rise_ep01_d066,scenario_2_bedroom_voc_rise_ep01,scenario_2_bedroom_voc_rise,66,2026-08-01T09:33:00,D,A,88.02000000000011,5.656854249492381,12.570787221094179,0.9302382543609693,1.0,1.0,1,81.3005146979308
scenario_2_bedroom_voc_rise_ep01_d069,scenario_2_bedroom_voc_rise_ep01,scenario_2_bedroom_voc_rise,69,2026-08-01T09:34:30,A,B,87.78000000000011,4.0,8.88888888888889,0.6577777777777778,1.0,1.0,1,73.88678905837196
scenario_2_bedroom_voc_rise_ep01_d069,scenario_2_bedroom_voc_rise_ep01,scenario_2_bedroom_voc_rise,69,2026-08-01T09:34:30,B,B,87.78000000000011,0.0,0.0,0.0,0.0,1.0,1,144.33368542989365
scenario_2_bedroom_voc_rise_ep01_d069,scenario_2_bedroom_voc_rise_ep01,scenario_2_bedroom_voc_rise,69,2026-08-01T09:34:30,C,B,87.78000000000011,5.656854249492381,12.570787221094179,0.9302382543609693,1.0,1.0,1,357.5070945630106
scenario_2_bedroom_voc_rise_ep01_d069,scenario_2_bedroom_voc_rise_ep01,scenario_2_bedroom_voc_rise,69,2026-08-01T09:34:30,D,B,87.78000000000011,4.0,8.88888888888889,0.6577777777777778,1.0,1.0,1,82.0693024377365
scenario_2_bedroom_voc_rise_ep01_d072,scenario_2_bedroom_voc_rise_ep01,scenario_2_bedroom_voc_rise,72,2026-08-01T09:36:00,A,D,87.54000000000012,5.656854249492381,12.570787221094179,0.9302382543609693,1.0,1.0,1,74.96927397974514
scenario_2_bedroom_voc_rise_ep01_d072,scenario_2_bedroom_voc_rise_ep01,scenario_2_bedroom_voc_rise,72,2026-08-01T09:36:00,B,D,87.54000000000012,4.0,8.88888888888889,0.6577777777777778,1.0,1.0,1,141.46562548501583
scenario_2_bedroom_voc_rise_ep01_d072,scenario_2_bedroom_voc_rise_ep01,scenario_2_bedroom_voc_rise,72,2026-08-01T09:36:00,C,D,87.54000000000012,4.0,8.88888888888889,0.6577777777777778,1.0,1.0,1,340.371076312558
scenario_2_bedroom_voc_rise_ep01_d072,scenario_2_bedroom_voc_rise_ep01,scenario_2_bedroom_voc_rise,72,2026-08-01T09:36:00,D,D,87.54000000000012,0.0,0.0,0.0,0.0,1.0,1,82.62770131920274
scenario_2_bedroom_voc_rise_ep01_d075,scenario_2_bedroom_voc_rise_ep01,scenario_2_bedroom_voc_rise,75,2026-08-01T09:37:30,A,A,87.30000000000013,0.0,0.0,0.0,0.0,1.0,1,75.82559708243934
scenario_2_bedroom_voc_rise_ep01_d075,scenario_2_bedroom_voc_rise_ep01,scenario_2_bedroom_voc_rise,75,2026-08-01T09:37:30,B,A,87.30000000000013,4.0,8.88888888888889,0.6577777777777778,1.0,1.0,1,138.59317126128212
scenario_2_bedroom_voc_rise_ep01_d075,scenario_2_bedroom_voc_rise_ep01,scenario_2_bedroom_voc_rise,75,2026-08-01T09:37:30,C,A,87.30000000000013,4.0,8.88888888888889,0.6577777777777778,1.0,1.0,1,324.17912001502
scenario_2_bedroom_voc_rise_ep01_d075,scenario_2_bedroom_voc_rise_ep01,scenario_2_bedroom_voc_rise,75,2026-08-01T09:37:30,D,A,87.30000000000013,5.656854249492381,12.570787221094179,0.9302382543609693,1.0,1.0,1,82.99351712148973
scenario_2_bedroom_voc_rise_ep01_d078,scenario_2_bedroom_voc_rise_ep01,scenario_2_bedroom_voc_rise,78,2026-08-01T09:39:00,A,C,87.06000000000013,4.0,8.88888888888889,0.6577777777777778,1.0,1.0,1,76.47446288493506
scenario_2_bedroom_voc_rise_ep01_d078,scenario_2_bedroom_voc_rise_ep01,scenario_2_bedroom_voc_rise,78,2026-08-01T09:39:00,B,C,87.06000000000013,5.656854249492381,12.570787221094179,0.9302382543609693,1.0,1.0,1,135.7225636399337
scenario_2_bedroom_voc_rise_ep01_d078,scenario_2_bedroom_voc_rise_ep01,scenario_2_bedroom_voc_rise,78,2026-08-01T09:39:00,C,C,87.06000000000013,0.0,0.0,0.0,0.0,1.0,1,308.87476642061506
scenario_2_bedroom_voc_rise_ep01_d078,scenario_2_bedroom_voc_rise_ep01,scenario_2_bedroom_voc_rise,78,2026-08-01T09:39:00,D,C,87.06000000000013,4.0,8.88888888888889,0.6577777777777778,1.0,1.0,1,83.18330230843162
scenario_2_bedroom_voc_rise_ep01_d081,scenario_2_bedroom_voc_rise_ep01,scenario_2_bedroom_voc_rise,81,2026-08-01T09:40:30,A,D,86.82000000000014,5.656854249492381,12.570787221094179,0.9302382543609693,1.0,1.0,1,76.93326758979583
scenario_2_bedroom_voc_rise_ep01_d081,scenario_2_bedroom_voc_rise_ep01,scenario_2_bedroom_voc_rise,81,2026-08-01T09:40:30,B,D,86.82000000000014,4.0,8.88888888888889,0.6577777777777778,1.0,1.0,1,132.85943658375777
scenario_2_bedroom_voc_rise_ep01_d081,scenario_2_bedroom_voc_rise_ep01,scenario_2_bedroom_voc_rise,81,2026-08-01T09:40:30,C,D,86.82000000000014,4.0,8.88888888888889,0.6577777777777778,1.0,1.0,1,294.40507559158254
scenario_2_bedroom_voc_rise_ep01_d081,scenario_2_bedroom_voc_rise_ep01,scenario_2_bedroom_voc_rise,81,2026-08-01T09:40:30,D,D,86.82000000000014,0.0,0.0,0.0,0.0,1.0,1,83.21243898783973
scenario_2_bedroom_voc_rise_ep01_d084,scenario_2_bedroom_voc_rise_ep01,scenario_2_bedroom_voc_rise,84,2026-08-01T09:42:00,A,B,86.58000000000014,4.0,8.88888888888889,0.6577777777777778,1.0,1.0,1,77.21818552791979
scenario_2_bedroom_voc_rise_ep01_d084,scenario_2_bedroom_voc_rise_ep01,scenario_2_bedroom_voc_rise,84,2026-08-01T09:42:00,B,B,86.58000000000014,0.0,0.0,0.0,0.0,1.0,1,130.00886405105393
scenario_2_bedroom_voc_rise_ep01_d084,scenario_2_bedroom_voc_rise_ep01,scenario_2_bedroom_voc_rise,84,2026-08-01T09:42:00,C,B,86.58000000000014,5.656854249492381,12.570787221094179,0.9302382543609693,1.0,1.0,1,280.720403285836
scenario_2_bedroom_voc_rise_ep01_d084,scenario_2_bedroom_voc_rise_ep01,scenario_2_bedroom_voc_rise,84,2026-08-01T09:42:00,D,B,86.58000000000014,4.0,8.88888888888889,0.6577777777777778,1.0,1.0,1,83.09521650971624
scenario_2_bedroom_voc_rise_ep01_d087,scenario_2_bedroom_voc_rise_ep01,scenario_2_bedroom_voc_rise,87,2026-08-01T09:43:30,A,C,86.34000000000015,4.0,8.88888888888889,0.6577777777777778,1.0,1.0,1,77.3442500174931
scenario_2_bedroom_voc_rise_ep01_d087,scenario_2_bedroom_voc_rise_ep01,scenario_2_bedroom_voc_rise,87,2026-08-01T09:43:30,B,C,86.34000000000015,5.656854249492381,12.570787221094179,0.9302382543609693,1.0,1.0,1,127.1754035559328
scenario_2_bedroom_voc_rise_ep01_d087,scenario_2_bedroom_voc_rise_ep01,scenario_2_bedroom_voc_rise,87,2026-08-01T09:43:30,C,C,86.34000000000015,0.0,0.0,0.0,0.0,1.0,1,267.7741916688676
scenario_2_bedroom_voc_rise_ep01_d087,scenario_2_bedroom_voc_rise_ep01,scenario_2_bedroom_voc_rise,87,2026-08-01T09:43:30,D,C,86.34000000000015,4.0,8.88888888888889,0.6577777777777778,1.0,1.0,1,82.844904046495
scenario_2_bedroom_voc_rise_ep02_d012,scenario_2_bedroom_voc_rise_ep02,scenario_2_bedroom_voc_rise,12,2026-08-01T09:06:00,A,C,91.64000000000001,4.0,8.88888888888889,0.6577777777777778,1.0,1.0,1,38.52929036267733
scenario_2_bedroom_voc_rise_ep02_d012,scenario_2_bedroom_voc_rise_ep02,scenario_2_bedroom_voc_rise,12,2026-08-01T09:06:00,B,C,91.64000000000001,5.656854249492381,12.570787221094179,0.9302382543609693,1.0,1.0,1,64.74401605630987
scenario_2_bedroom_voc_rise_ep02_d012,scenario_2_bedroom_voc_rise_ep02,scenario_2_bedroom_voc_rise,12,2026-08-01T09:06:00,C,C,91.64000000000001,0.0,0.0,0.0,0.0,1.0,1,49.73822013229346
scenario_2_bedroom_voc_rise_ep02_d012,scenario_2_bedroom_voc_rise_ep02,scenario_2_bedroom_voc_rise,12,2026-08-01T09:06:00,D,C,91.64000000000001,4.0,8.88888888888889,0.6577777777777778,1.0,1.0,1,25.225828938712823
scenario_2_bedroom_voc_rise_ep02_d015,scenario_2_bedroom_voc_rise_ep02,scenario_2_bedroom_voc_rise,15,2026-08-01T09:07:30,A,D,91.40000000000002,5.656854249492381,12.570787221094179,0.9302382543609693,1.0,1.0,1,37.895190859450054
scenario_2_bedroom_voc_rise_ep02_d015,scenario_2_bedroom_voc_rise_ep02,scenario_2_bedroom_voc_rise,15,2026-08-01T09:07:30,B,D,91.40000000000002,4.0,8.88888888888889,0.6577777777777778,1.0,1.0,1,70.23297015047956
scenario_2_bedroom_voc_rise_ep02_d015,scenario_2_bedroom_voc_rise_ep02,scenario_2_bedroom_voc_rise,15,2026-08-01T09:07:30,C,D,91.40000000000002,4.0,8.88888888888889,0.6577777777777778,1.0,1.0,1,81.29585386141127
scenario_2_bedroom_voc_rise_ep02_d015,scenario_2_bedroom_voc_rise_ep02,scenario_2_bedroom_voc_rise,15,2026-08-01T09:07:30,D,D,91.40000000000002,0.0,0.0,0.0,0.0,1.0,1,25.447595112274485
scenario_2_bedroom_voc_rise_ep02_d018,scenario_2_bedroom_voc_rise_ep02,scenario_2_bedroom_voc_rise,18,2026-08-01T09:09:00,A,B,91.16000000000003,4.0,8.88888888888889,0.6577777777777778,1.0,1.0,1,37.86164835548777
scenario_2_bedroom_voc_rise_ep02_d018,scenario_2_bedroom_voc_rise_ep02,scenario_2_bedroom_voc_rise,18,2026-08-01T09:09:00,B,B,91.16000000000003,0.0,0.0,0.0,0.0,1.0,1,76.15661647216905
scenario_2_bedroom_voc_rise_ep02_d018,scenario_2_bedroom_voc_rise_ep02,scenario_2_bedroom_voc_rise,18,2026-08-01T09:09:00,C,B,91.16000000000003,5.656854249492381,12.570787221094179,0.9302382543609693,1.0,1.0,1,147.67578204629103
scenario_2_bedroom_voc_rise_ep02_d018,scenario_2_bedroom_voc_rise_ep02,scenario_2_bedroom_voc_rise,18,2026-08-01T09:09:00,D,B,91.16000000000003,4.0,8.88888888888889,0.6577777777777778,1.0,1.0,1,26.214870760795293
scenario_2_bedroom_voc_rise_ep02_d021,scenario_2_bedroom_voc_rise_ep02,scenario_2_bedroom_voc_rise,21,2026-08-01T09:10:30,A,C,90.92000000000003,4.0,8.88888888888889,0.6577777777777778,1.0,1.0,1,38.64810351787355
scenario_2_bedroom_voc_rise_ep02_d021,scenario_2_bedroom_voc_rise_ep02,scenario_2_bedroom_voc_rise,21,2026-08-01T09:10:30,B,C,90.92000000000003,5.656854249492381,12.570787221094179,0.9302382543609693,1.0,1.0,1,83.37865018836646
scenario_2_bedroom_voc_rise_ep02_d021,scenario_2_bedroom_voc_rise_ep02,scenario_2_bedroom_voc_rise,21,2026-08-01T09:10:30,C,C,90.92000000000003,0.0,0.0,0.0,0.0,1.0,1,241.74582055130224
scenario_2_bedroom_voc_rise_ep02_d021,scenario_2_bedroom_voc_rise_ep02,scenario_2_bedroom_voc_rise,21,2026-08-01T09:10:30,D,C,90.92000000000003,4.0,8.88888888888889,0.6577777777777778,1.0,1.0,1,27.75063632882143
scenario_2_bedroom_voc_rise_ep02_d024,scenario_2_bedroom_voc_rise_ep02,scenario_2_bedroom_voc_rise,24,2026-08-01T09:12:00,A,A,90.68000000000004,0.0,0.0,0.0,0.0,1.0,1,40.63291000087361
scenario_2_bedroom_voc_rise_ep02_d024,scenario_2_bedroom_voc_rise_ep02,scenario_2_bedroom_voc_rise,24,2026-08-01T09:12:00,B,A,90.68000000000004,4.0,8.88888888888889,0.6577777777777778,1.0,1.0,1,90.79907981137467
scenario_2_bedroom_voc_rise_ep02_d024,scenario_2_bedroom_voc_rise_ep02,scenario_2_bedroom_voc_rise,24,2026-08-01T09:12:00,C,A,90.68000000000004,4.0,8.88888888888889,0.6577777777777778,1.0,1.0,1,363.0405286564219
scenario_2_bedroom_voc_rise_ep02_d024,scenario_2_bedroom_voc_rise_ep02,scenario_2_bedroom_voc_rise,24,2026-08-01T09:12:00,D,A,90.68000000000004,5.656854249492381,12.570787221094179,0.9302382543609693,1.0,1.0,1,30.436557668740534
scenario_2_bedroom_voc_rise_ep02_d027,scenario_2_bedroom_voc_rise_ep02,scenario_2_bedroom_voc_rise,27,2026-08-01T09:13:30,A,B,90.44000000000004,4.0,8.88888888888889,0.6577777777777778,1.0,1.0,1,43.53818294157463
scenario_2_bedroom_voc_rise_ep02_d027,scenario_2_bedroom_voc_rise_ep02,scenario_2_bedroom_voc_rise,27,2026-08-01T09:13:30,B,B,90.44000000000004,0.0,0.0,0.0,0.0,1.0,1,100.50322520810937
scenario_2_bedroom_voc_rise_ep02_d027,scenario_2_bedroom_voc_rise_ep02,scenario_2_bedroom_voc_rise,27,2026-08-01T09:13:30,C,B,90.44000000000004,5.656854249492381,12.570787221094179,0.9302382543609693,1.0,1.0,1,485.652814359534
scenario_2_bedroom_voc_rise_ep02_d027,scenario_2_bedroom_voc_rise_ep02,scenario_2_bedroom_voc_rise,27,2026-08-01T09:13:30,D,B,90.44000000000004,4.0,8.88888888888889,0.6577777777777778,1.0,1.0,1,33.997849165578145
scenario_2_bedroom_voc_rise_ep02_d030,scenario_2_bedroom_voc_rise_ep02,scenario_2_bedroom_voc_rise,30,2026-08-01T09:15:00,A,D,90.20000000000005,5.656854249492381,12.570787221094179,0.9302382543609693,1.0,1.0,1,47.14572249011735
scenario_2_bedroom_voc_rise_ep02_d030,scenario_2_bedroom_voc_rise_ep02,scenario_2_bedroom_voc_rise,30,2026-08-01T09:15:00,B,D,90.20000000000005,4.0,8.88888888888889,0.6577777777777778,1.0,1.0,1,108.005607817792
scenario_2_bedroom_voc_rise_ep02_d030,scenario_2_bedroom_voc_rise_ep02,scenario_2_bedroom_voc_rise,30,2026-08-01T09:15:00,C,D,90.20000000000005,4.0,8.88888888888889,0.6577777777777778,1.0,1.0,1,587.4421705385073
scenario_2_bedroom_voc_rise_ep02_d030,scenario_2_bedroom_voc_rise_ep02,scenario_2_bedroom_voc_rise,30,2026-08-01T09:15:00,D,D,90.20000000000005,0.0,0.0,0.0,0.0,1.0,1,38.21921095614448
scenario_2_bedroom_voc_rise_ep02_d033,scenario_2_bedroom_voc_rise_ep02,scenario_2_bedroom_voc_rise,33,2026-08-01T09:16:30,A,A,89.96000000000005,0.0,0.0,0.0,0.0,1.0,1,51.5267158868603
scenario_2_bedroom_voc_rise_ep02_d033,scenario_2_bedroom_voc_rise_ep02,scenario_2_bedroom_voc_rise,33,2026-08-01T09:16:30,B,A,89.96000000000005,4.0,8.88888888888889,0.6577777777777778,1.0,1.0,1,119.51681805623707
scenario_2_bedroom_voc_rise_ep02_d033,scenario_2_bedroom_voc_rise_ep02,scenario_2_bedroom_voc_rise,33,2026-08-01T09:16:30,C,A,89.96000000000005,4.0,8.88888888888889,0.6577777777777778,1.0,1.0,1,640.7755127519558
scenario_2_bedroom_voc_rise_ep02_d033,scenario_2_bedroom_voc_rise_ep02,scenario_2_bedroom_voc_rise,33,2026-08-01T09:16:30,D,A,89.96000000000005,5.656854249492381,12.570787221094179,0.9302382543609693,1.0,1.0,1,43.17454381526545
scenario_2_bedroom_voc_rise_ep02_d036,scenario_2_bedroom_voc_rise_ep02,scenario_2_bedroom_voc_rise,36,2026-08-01T09:18:00,A,C,89.72000000000006,4.0,8.88888888888889,0.6577777777777778,1.0,1.0,1,56.59828709813473
scenario_2_bedroom_voc_rise_ep02_d036,scenario_2_bedroom_voc_rise_ep02,scenario_2_bedroom_voc_rise,36,2026-08-01T09:18:00,B,C,89.72000000000006,5.656854249492381,12.570787221094179,0.9302382543609693,1.0,1.0,1,126.55011677591051
scenario_2_bedroom_voc_rise_ep02_d036,scenario_2_bedroom_voc_rise_ep02,scenario_2_bedroom_voc_rise,36,2026-08-01T09:18:00,C,C,89.72000000000006,0.0,0.0,0.0,0.0,1.0,1,665.5654587292604
scenario_2_bedroom_voc_rise_ep02_d036,scenario_2_bedroom_voc_rise_ep02,scenario_2_bedroom_voc_rise,36,2026-08-01T09:18:00,D,C,89.72000000000006,4.0,8.88888888888889,0.6577777777777778,1.0,1.0,1,48.78351077733919
scenario_2_bedroom_voc_rise_ep02_d039,scenario_2_bedroom_voc_rise_ep02,scenario_2_bedroom_voc_rise,39,2026-08-01T09:19:30,A,D,89.48000000000006,5.656854249492381,12.570787221094179,0.9302382543609693,1.0,1.0,1,60.8841390867301
scenario_2_bedroom_voc_rise_ep02_d039,scenario_2_bedroom_voc_rise_ep02,scenario_2_bedroom_voc_rise,39,2026-08-01T09:19:30,B,D,89.48000000000006,4.0,8.88888888888889,0.6577777777777778,1.0,1.0,1,135.44776162932453
scenario_2_bedroom_voc_rise_ep02_d039,scenario_2_bedroom_voc_rise_ep02,scenario_2_bedroom_voc_rise,39,2026-08-01T09:19:30,C,D,89.48000000000006,4.0,8.88888888888889,0.6577777777777778,1.0,1.0,1,630.748680580492
scenario_2_bedroom_voc_rise_ep02_d039,scenario_2_bedroom_voc_rise_ep02,scenario_2_bedroom_voc_rise,39,2026-08-01T09:19:30,D,D,89.48000000000006,0.0,0.0,0.0,0.0,1.0,1,53.5721906222268
scenario_2_bedroom_voc_rise_ep02_d042,scenario_2_bedroom_voc_rise_ep02,scenario_2_bedroom_voc_rise,42,2026-08-01T09:21:00,A,B,89.24000000000007,4.0,8.88888888888889,0.6577777777777778,1.0,1.0,1,64.73377745941161
scenario_2_bedroom_voc_rise_ep02_d042,scenario_2_bedroom_voc_rise_ep02,scenario_2_bedroom_voc_rise,42,2026-08-01T09:21:00,B,B,89.24000000000007,0.0,0.0,0.0,0.0,1.0,1,142.65267085461278
scenario_2_bedroom_voc_rise_ep02_d042,scenario_2_bedroom_voc_rise_ep02,scenario_2_bedroom_voc_rise,42,2026-08-01T09:21:00,C,B,89.24000000000007,5.656854249492381,12.570787221094179,0.9302382543609693,1.0,1.0,1,598.0065381057934
scenario_2_bedroom_voc_rise_ep02_d042,scenario_2_bedroom_voc_rise_ep02,scenario_2_bedroom_voc_rise,42,2026-08-01T09:21:00,D,B,89.24000000000007,4.0,8.88888888888889,0.6577777777777778,1.0,1.0,1,57.89231201732082
scenario_2_bedroom_voc_rise_ep02_d045,scenario_2_bedroom_voc_rise_ep02,scenario_2_bedroom_voc_rise,45,2026-08-01T09:22:30,A,C,89.00000000000007,4.0,8.88888888888889,0.6577777777777778,1.0,1.0,1,68.23423519355606
scenario_2_bedroom_voc_rise_ep02_d045,scenario_2_bedroom_voc_rise_ep02,scenario_2_bedroom_voc_rise,45,2026-08-01T09:22:30,B,C,89.00000000000007,5.656854249492381,12.570787221094179,0.9302382543609693,1.0,1.0,1,151.0622818566328
scenario_2_bedroom_voc_rise_ep02_d045,scenario_2_bedroom_voc_rise_ep02,scenario_2_bedroom_voc_rise,45,2026-08-01T09:22:30,C,C,89.00000000000007,0.0,0.0,0.0,0.0,1.0,1,567.2648373600391
scenario_2_bedroom_voc_rise_ep02_d045,scenario_2_bedroom_voc_rise_ep02,scenario_2_bedroom_voc_rise,45,2026-08-01T09:22:30,D,C,89.00000000000007,4.0,8.88888888888889,0.6577777777777778,1.0,1.0,1,61.83298806418952
scenario_2_bedroom_voc_rise_ep02_d048,scenario_2_bedroom_voc_rise_ep02,scenario_2_bedroom_voc_rise,48,2026-08-01T09:24:00,A,A,88.76000000000008,0.0,0.0,0.0,0.0,1.0,1,71.33429931967976
scenario_2_bedroom_voc_rise_ep02_d048,scenario_2_bedroom_voc_rise_ep02,scenario_2_bedroom_voc_rise,48,2026-08-01T09:24:00,B,A,88.76000000000008,4.0,8.88888888888889,0.6577777777777778,1.0,1.0,1,156.05677736389703
scenario_2_bedroom_voc_rise_ep02_d048,scenario_2_bedroom_voc_rise_ep02,scenario_2_bedroom_voc_rise,48,2026-08-01T09:24:00,C,A,88.76000000000008,4.0,8.88888888888889,0.6577777777777778,1.0,1.0,1,538.321491217956
scenario_2_bedroom_voc_rise_ep02_d048,scenario_2_bedroom_voc_rise_ep02,scenario_2_bedroom_voc_rise,48,2026-08-01T09:24:00,D,A,88.76000000000008,5.656854249492381,12.570787221094179,0.9302382543609693,1.0,1.0,1,65.34495216991581
scenario_2_bedroom_voc_rise_ep02_d051,scenario_2_bedroom_voc_rise_ep02,scenario_2_bedroom_voc_rise,51,2026-08-01T09:25:30,A,B,88.52000000000008,4.0,8.88888888888889,0.6577777777777778,1.0,1.0,1,74.12292663537846
scenario_2_bedroom_voc_rise_ep02_d051,scenario_2_bedroom_voc_rise_ep02,scenario_2_bedroom_voc_rise,51,2026-08-01T09:25:30,B,B,88.52000000000008,0.0,0.0,0.0,0.0,1.0,1,161.2113442880052
scenario_2_bedroom_voc_rise_ep02_d051,scenario_2_bedroom_voc_rise_ep02,scenario_2_bedroom_voc_rise,51,2026-08-01T09:25:30,C,B,88.52000000000008,5.656854249492381,12.570787221094179,0.9302382543609693,1.0,1.0,1,511.12427030955655
scenario_2_bedroom_voc_rise_ep02_d051,scenario_2_bedroom_voc_rise_ep02,scenario_2_bedroom_voc_rise,51,2026-08-01T09:25:30,D,B,88.52000000000008,4.0,8.88888888888889,0.6577777777777778,1.0,1.0,1,68.51898235923659
scenario_2_bedroom_voc_rise_ep02_d054,scenario_2_bedroom_voc_rise_ep02,scenario_2_bedroom_voc_rise,54,2026-08-01T09:27:00,A,D,88.28000000000009,5.656854249492381,12.570787221094179,0.9302382543609693,1.0,1.0,1,76.56433860460288
scenario_2_bedroom_voc_rise_ep02_d054,scenario_2_bedroom_voc_rise_ep02,scenario_2_bedroom_voc_rise,54,2026-08-01T09:27:00,B,D,88.28000000000009,4.0,8.88888888888889,0.6577777777777778,1.0,1.0,1,163.98599946461445
scenario_2_bedroom_voc_rise_ep02_d054,scenario_2_bedroom_voc_rise_ep02,scenario_2_bedroom_voc_rise,54,2026-08-01T09:27:00,C,D,88.28000000000009,4.0,8.88888888888889,0.6577777777777778,1.0,1.0,1,485.50527582821064
scenario_2_bedroom_voc_rise_ep02_d054,scenario_2_bedroom_voc_rise_ep02,scenario_2_bedroom_voc_rise,54,2026-08-01T09:27:00,D,D,88.28000000000009,0.0,0.0,0.0,0.0,1.0,1,71.32100421933751
scenario_2_bedroom_voc_rise_ep02_d057,scenario_2_bedroom_voc_rise_ep02,scenario_2_bedroom_voc_rise,57,2026-08-01T09:28:30,A,A,88.04000000000009,0.0,0.0,0.0,0.0,1.0,1,78.65511912547026
scenario_2_bedroom_voc_rise_ep02_d057,scenario_2_bedroom_voc_rise_ep02,scenario_2_bedroom_voc_rise,57,2026-08-01T09:28:30,B,A,88.04000000000009,4.0,8.88888888888889,0.6577777777777778,1.0,1.0,1,163.0225475722118
scenario_2_bedroom_voc_rise_ep02_d057,scenario_2_bedroom_voc_rise_ep02,scenario_2_bedroom_voc_rise,57,2026-08-01T09:28:30,C,A,88.04000000000009,4.0,8.88888888888889,0.6577777777777778,1.0,1.0,1,461.33745515352007
scenario_2_bedroom_voc_rise_ep02_d057,scenario_2_bedroom_voc_rise_ep02,scenario_2_bedroom_voc_rise,57,2026-08-01T09:28:30,D,A,88.04000000000009,5.656854249492381,12.570787221094179,0.9302382543609693,1.0,1.0,1,73.74919619604952
scenario_2_bedroom_voc_rise_ep02_d060,scenario_2_bedroom_voc_rise_ep02,scenario_2_bedroom_voc_rise,60,2026-08-01T09:30:00,A,C,87.8000000000001,4.0,8.88888888888889,0.6577777777777778,1.0,1.0,1,80.47892649922505
scenario_2_bedroom_voc_rise_ep02_d060,scenario_2_bedroom_voc_rise_ep02,scenario_2_bedroom_voc_rise,60,2026-08-01T09:30:00,B,C,87.8000000000001,5.656854249492381,12.570787221094179,0.9302382543609693,1.0,1.0,1,161.9906143267067
scenario_2_bedroom_voc_rise_ep02_d060,scenario_2_bedroom_voc_rise_ep02,scenario_2_bedroom_voc_rise,60,2026-08-01T09:30:00,C,C,87.8000000000001,0.0,0.0,0.0,0.0,1.0,1,438.58876905651255
scenario_2_bedroom_voc_rise_ep02_d060,scenario_2_bedroom_voc_rise_ep02,scenario_2_bedroom_voc_rise,60,2026-08-01T09:30:00,D,C,87.8000000000001,4.0,8.88888888888889,0.6577777777777778,1.0,1.0,1,75.8887086072773
scenario_2_bedroom_voc_rise_ep02_d063,scenario_2_bedroom_voc_rise_ep02,scenario_2_bedroom_voc_rise,63,2026-08-01T09:31:30,A,D,87.5600000000001,5.656854249492381,12.570787221094179,0.9302382543609693,1.0,1.0,1,81.99191636129308
scenario_2_bedroom_voc_rise_ep02_d063,scenario_2_bedroom_voc_rise_ep02,scenario_2_bedroom_voc_rise,63,2026-08-01T09:31:30,B,D,87.5600000000001,4.0,8.88888888888889,0.6577777777777778,1.0,1.0,1,158.9587274362009
scenario_2_bedroom_voc_rise_ep02_d063,scenario_2_bedroom_voc_rise_ep02,scenario_2_bedroom_voc_rise,63,2026-08-01T09:31:30,C,D,87.5600000000001,4.0,8.88888888888889,0.6577777777777778,1.0,1.0,1,417.1071048477427
scenario_2_bedroom_voc_rise_ep02_d063,scenario_2_bedroom_voc_rise_ep02,scenario_2_bedroom_voc_rise,63,2026-08-01T09:31:30,D,D,87.5600000000001,0.0,0.0,0.0,0.0,1.0,1,77.69709316571175
scenario_2_bedroom_voc_rise_ep02_d066,scenario_2_bedroom_voc_rise_ep02,scenario_2_bedroom_voc_rise,66,2026-08-01T09:33:00,A,B,87.3200000000001,4.0,8.88888888888889,0.6577777777777778,1.0,1.0,1,83.22779322751012
scenario_2_bedroom_voc_rise_ep02_d066,scenario_2_bedroom_voc_rise_ep02,scenario_2_bedroom_voc_rise,66,2026-08-01T09:33:00,B,B,87.3200000000001,0.0,0.0,0.0,0.0,1.0,1,155.90319030880278
scenario_2_bedroom_voc_rise_ep02_d066,scenario_2_bedroom_voc_rise_ep02,scenario_2_bedroom_voc_rise,66,2026-08-01T09:33:00,C,B,87.3200000000001,5.656854249492381,12.570787221094179,0.9302382543609693,1.0,1.0,1,396.8248508751676
scenario_2_bedroom_voc_rise_ep02_d066,scenario_2_bedroom_voc_rise_ep02,scenario_2_bedroom_voc_rise,66,2026-08-01T09:33:00,D,B,87.3200000000001,4.0,8.88888888888889,0.6577777777777778,1.0,1.0,1,79.2093606930116
scenario_2_bedroom_voc_rise_ep02_d069,scenario_2_bedroom_voc_rise_ep02,scenario_2_bedroom_voc_rise,69,2026-08-01T09:34:30,A,C,87.08000000000011,4.0,8.88888888888889,0.6577777777777778,1.0,1.0,1,84.20915510011059
scenario_2_bedroom_voc_rise_ep02_d069,scenario_2_bedroom_voc_rise_ep02,scenario_2_bedroom_voc_rise,69,2026-08-01T09:34:30,B,C,87.08000000000011,5.656854249492381,12.570787221094179,0.9302382543609693,1.0,1.0,1,152.8324622471805
scenario_2_bedroom_voc_rise_ep02_d069,scenario_2_bedroom_voc_rise_ep02,scenario_2_bedroom_voc_rise,69,2026-08-01T09:34:30,C,C,87.08000000000011,0.0,0.0,0.0,0.0,1.0,1,377.669794714393
scenario_2_bedroom_voc_rise_ep02_d069,scenario_2_bedroom_voc_rise_ep02,scenario_2_bedroom_voc_rise,69,2026-08-01T09:34:30,D,C,87.08000000000011,4.0,8.88888888888889,0.6577777777777778,1.0,1.0,1,80.44933149727171
scenario_2_bedroom_voc_rise_ep02_d072,scenario_2_bedroom_voc_rise_ep02,scenario_2_bedroom_voc_rise,72,2026-08-01T09:36:00,A,A,86.84000000000012,0.0,0.0,0.0,0.0,1.0,1,84.95702619874146
scenario_2_bedroom_voc_rise_ep02_d072,scenario_2_bedroom_voc_rise_ep02,scenario_2_bedroom_voc_rise,72,2026-08-01T09:36:00,B,A,86.84000000000012,4.0,8.88888888888889,0.6577777777777778,1.0,1.0,1,149.75421767408966
scenario_2_bedroom_voc_rise_ep02_d072,scenario_2_bedroom_voc_rise_ep02,scenario_2_bedroom_voc_rise,72,2026-08-01T09:36:00,C,A,86.84000000000012,4.0,8.88888888888889,0.6577777777777778,1.0,1.0,1,359.5742381495295
scenario_2_bedroom_voc_rise_ep02_d072,scenario_2_bedroom_voc_rise_ep02,scenario_2_bedroom_voc_rise,72,2026-08-01T09:36:00,D,A,86.84000000000012,5.656854249492381,12.570787221094179,0.9302382543609693,1.0,1.0,1,81.43917350450943
scenario_2_bedroom_voc_rise_ep02_d075,scenario_2_bedroom_voc_rise_ep02,scenario_2_bedroom_voc_rise,75,2026-08-01T09:37:30,A,B,86.60000000000012,4.0,8.88888888888889,0.6577777777777778,1.0,1.0,1,85.49096076144338
scenario_2_bedroom_voc_rise_ep02_d075,scenario_2_bedroom_voc_rise_ep02,scenario_2_bedroom_voc_rise,75,2026-08-01T09:37:30,B,B,86.60000000000012,0.0,0.0,0.0,0.0,1.0,1,146.6754059008165
scenario_2_bedroom_voc_rise_ep02_d075,scenario_2_bedroom_voc_rise_ep02,scenario_2_bedroom_voc_rise,75,2026-08-01T09:37:30,C,B,86.60000000000012,5.656854249492381,12.570787221094179,0.9302382543609693,1.0,1.0,1,342.47471004892066
scenario_2_bedroom_voc_rise_ep02_d075,scenario_2_bedroom_voc_rise_ep02,scenario_2_bedroom_voc_rise,75,2026-08-01T09:37:30,D,B,86.60000000000012,4.0,8.88888888888889,0.6577777777777778,1.0,1.0,1,82.19951111299201
scenario_2_bedroom_voc_rise_ep02_d078,scenario_2_bedroom_voc_rise_ep02,scenario_2_bedroom_voc_rise,78,2026-08-01T09:39:00,A,D,86.36000000000013,5.656854249492381,12.570787221094179,0.9302382543609693,1.0,1.0,1,85.82914014447806
scenario_2_bedroom_voc_rise_ep02_d078,scenario_2_bedroom_voc_rise_ep02,scenario_2_bedroom_voc_rise,78,2026-08-01T09:39:00,B,D,86.36000000000013,4.0,8.88888888888889,0.6577777777777778,1.0,1.0,1,143.6023066530422
scenario_2_bedroom_voc_rise_ep02_d078,scenario_2_bedroom_voc_rise_ep02,scenario_2_bedroom_voc_rise,78,2026-08-01T09:39:00,C,D,86.36000000000013,4.0,8.88888888888889,0.6577777777777778,1.0,1.0,1,326.311697642107
scenario_2_bedroom_voc_rise_ep02_d078,scenario_2_bedroom_voc_rise_ep02,scenario_2_bedroom_voc_rise,78,2026-08-01T09:39:00,D,D,86.36000000000013,0.0,0.0,0.0,0.0,1.0,1,82.74952702155497
scenario_2_bedroom_voc_rise_ep02_d081,scenario_2_bedroom_voc_rise_ep02,scenario_2_bedroom_voc_rise,81,2026-08-01T09:40:30,A,A,86.12000000000013,0.0,0.0,0.0,0.0,1.0,1,85.9884636499362
scenario_2_bedroom_voc_rise_ep02_d081,scenario_2_bedroom_voc_rise_ep02,scenario_2_bedroom_voc_rise,81,2026-08-01T09:40:30,B,A,86.12000000000013,4.0,8.88888888888889,0.6577777777777778,1.0,1.0,1,140.54058164569324
scenario_2_bedroom_voc_rise_ep02_d081,scenario_2_bedroom_voc_rise_ep02,scenario_2_bedroom_voc_rise,81,2026-08-01T09:40:30,C,A,86.12000000000013,4.0,8.88888888888889,0.6577777777777778,1.0,1.0,1,311.0293950150401
scenario_2_bedroom_voc_rise_ep02_d081,scenario_2_bedroom_voc_rise_ep02,scenario_2_bedroom_voc_rise,81,2026-08-01T09:40:30,D,A,86.12000000000013,5.656854249492381,12.570787221094179,0.9302382543609693,1.0,1.0,1,83.10705748174519
scenario_2_bedroom_voc_rise_ep02_d084,scenario_2_bedroom_voc_rise_ep02,scenario_2_bedroom_voc_rise,84,2026-08-01T09:42:00,A,C,85.88000000000014,4.0,8.88888888888889,0.6577777777777778,1.0,1.0,1,85.9846334826475
scenario_2_bedroom_voc_rise_ep02_d084,scenario_2_bedroom_voc_rise_ep02,scenario_2_bedroom_voc_rise,84,2026-08-01T09:42:00,B,C,85.88000000000014,5.656854249492381,12.570787221094179,0.9302382543609693,1.0,1.0,1,137.4953224786766
scenario_2_bedroom_voc_rise_ep02_d084,scenario_2_bedroom_voc_rise_ep02,scenario_2_bedroom_voc_rise,84,2026-08-01T09:42:00,C,C,85.88000000000014,0.0,0.0,0.0,0.0,1.0,1,296.5754677167166
scenario_2_bedroom_voc_rise_ep02_d084,scenario_2_bedroom_voc_rise_ep02,scenario_2_bedroom_voc_rise,84,2026-08-01T09:42:00,D,C,85.88000000000014,4.0,8.88888888888889,0.6577777777777778,1.0,1.0,1,83.28868139484916
scenario_2_bedroom_voc_rise_ep02_d087,scenario_2_bedroom_voc_rise_ep02,scenario_2_bedroom_voc_rise,87,2026-08-01T09:43:30,A,D,85.64000000000014,5.656854249492381,12.570787221094179,0.9302382543609693,1.0,1.0,1,85.83223421232424
scenario_2_bedroom_voc_rise_ep02_d087,scenario_2_bedroom_voc_rise_ep02,scenario_2_bedroom_voc_rise,87,2026-08-01T09:43:30,B,D,85.64000000000014,4.0,8.88888888888889,0.6577777777777778,1.0,1.0,1,134.4710951070108
scenario_2_bedroom_voc_rise_ep02_d087,scenario_2_bedroom_voc_rise_ep02,scenario_2_bedroom_voc_rise,87,2026-08-01T09:43:30,C,D,85.64000000000014,4.0,8.88888888888889,0.6577777777777778,1.0,1.0,1,282.90083244159484
scenario_2_bedroom_voc_rise_ep02_d087,scenario_2_bedroom_voc_rise_ep02,scenario_2_bedroom_voc_rise,87,2026-08-01T09:43:30,D,D,85.64000000000014,0.0,0.0,0.0,0.0,1.0,1,83.30980364800735
scenario_2_bedroom_voc_rise_ep03_d012,scenario_2_bedroom_voc_rise_ep03,scenario_2_bedroom_voc_rise,12,2026-08-01T09:06:00,A,D,90.94000000000003,5.656854249492381,12.570787221094179,0.9302382543609693,1.0,1.0,1,36.00716977971882
scenario_2_bedroom_voc_rise_ep03_d012,scenario_2_bedroom_voc_rise_ep03,scenario_2_bedroom_voc_rise,12,2026-08-01T09:06:00,B,D,90.94000000000003,4.0,8.88888888888889,0.6577777777777778,1.0,1.0,1,39.207689966039425
scenario_2_bedroom_voc_rise_ep03_d012,scenario_2_bedroom_voc_rise_ep03,scenario_2_bedroom_voc_rise,12,2026-08-01T09:06:00,C,D,90.94000000000003,4.0,8.88888888888889,0.6577777777777778,1.0,1.0,1,56.68249901279836
scenario_2_bedroom_voc_rise_ep03_d012,scenario_2_bedroom_voc_rise_ep03,scenario_2_bedroom_voc_rise,12,2026-08-01T09:06:00,D,D,90.94000000000003,0.0,0.0,0.0,0.0,1.0,1,30.51226224373943
scenario_2_bedroom_voc_rise_ep03_d015,scenario_2_bedroom_voc_rise_ep03,scenario_2_bedroom_voc_rise,15,2026-08-01T09:07:30,A,A,90.70000000000003,0.0,0.0,0.0,0.0,1.0,1,35.40106179216559
scenario_2_bedroom_voc_rise_ep03_d015,scenario_2_bedroom_voc_rise_ep03,scenario_2_bedroom_voc_rise,15,2026-08-01T09:07:30,B,A,90.70000000000003,4.0,8.88888888888889,0.6577777777777778,1.0,1.0,1,47.94141337171857
scenario_2_bedroom_voc_rise_ep03_d015,scenario_2_bedroom_voc_rise_ep03,scenario_2_bedroom_voc_rise,15,2026-08-01T09:07:30,C,A,90.70000000000003,4.0,8.88888888888889,0.6577777777777778,1.0,1.0,1,86.29498388233412
scenario_2_bedroom_voc_rise_ep03_d015,scenario_2_bedroom_voc_rise_ep03,scenario_2_bedroom_voc_rise,15,2026-08-01T09:07:30,D,A,90.70000000000003,5.656854249492381,12.570787221094179,0.9302382543609693,1.0,1.0,1,30.227511700641912
scenario_2_bedroom_voc_rise_ep03_d018,scenario_2_bedroom_voc_rise_ep03,scenario_2_bedroom_voc_rise,18,2026-08-01T09:09:00,A,C,90.46000000000004,4.0,8.88888888888889,0.6577777777777778,1.0,1.0,1,35.320893114324804
scenario_2_bedroom_voc_rise_ep03_d018,scenario_2_bedroom_voc_rise_ep03,scenario_2_bedroom_voc_rise,18,2026-08-01T09:09:00,B,C,90.46000000000004,5.656854249492381,12.570787221094179,0.9302382543609693,1.0,1.0,1,53.96954552252271
scenario_2_bedroom_voc_rise_ep03_d018,scenario_2_bedroom_voc_rise_ep03,scenario_2_bedroom_voc_rise,18,2026-08-01T09:09:00,C,C,90.46000000000004,0.0,0.0,0.0,0.0,1.0,1,149.64021957557043
scenario_2_bedroom_voc_rise_ep03_d018,scenario_2_bedroom_voc_rise_ep03,scenario_2_bedroom_voc_rise,18,2026-08-01T09:09:00,D,C,90.46000000000004,4.0,8.88888888888889,0.6577777777777778,1.0,1.0,1,30.449818362887186
scenario_2_bedroom_voc_rise_ep03_d021,scenario_2_bedroom_voc_rise_ep03,scenario_2_bedroom_voc_rise,21,2026-08-01T09:10:30,A,D,90.22000000000004,5.656854249492381,12.570787221094179,0.9302382543609693,1.0,1.0,1,36.333771375262586
scenario_2_bedroom_voc_rise_ep03_d021,scenario_2_bedroom_voc_rise_ep03,scenario_2_bedroom_voc_rise,21,2026-08-01T09:10:30,B,D,90.22000000000004,4.0,8.88888888888889,0.6577777777777778,1.0,1.0,1,62.96766672025842
scenario_2_bedroom_voc_rise_ep03_d021,scenario_2_bedroom_voc_rise_ep03,scenario_2_bedroom_voc_rise,21,2026-08-01T09:10:30,C,D,90.22000000000004,4.0,8.88888888888889,0.6577777777777778,1.0,1.0,1,256.3691764475308
scenario_2_bedroom_voc_rise_ep03_d021,scenario_2_bedroom_voc_rise_ep03,scenario_2_bedroom_voc_rise,21,2026-08-01T09:10:30,D,D,90.22000000000004,0.0,0.0,0.0,0.0,1.0,1,31.747404715690436
scenario_2_bedroom_voc_rise_ep03_d024,scenario_2_bedroom_voc_rise_ep03,scenario_2_bedroom_voc_rise,24,2026-08-01T09:12:00,A,B,89.98000000000005,4.0,8.88888888888889,0.6577777777777778,1.0,1.0,1,37.73321411021152
scenario_2_bedroom_voc_rise_ep03_d024,scenario_2_bedroom_voc_rise_ep03,scenario_2_bedroom_voc_rise,24,2026-08-01T09:12:00,B,B,89.98000000000005,0.0,0.0,0.0,0.0,1.0,1,71.32465617794333
scenario_2_bedroom_voc_rise_ep03_d024,scenario_2_bedroom_voc_rise_ep03,scenario_2_bedroom_voc_rise,24,2026-08-01T09:12:00,C,B,89.98000000000005,5.656854249492381,12.570787221094179,0.9302382543609693,1.0,1.0,1,342.037734880216
scenario_2_bedroom_voc_rise_ep03_d024,scenario_2_bedroom_voc_rise_ep03,scenario_2_bedroom_voc_rise,24,2026-08-01T09:12:00,D,B,89.98000000000005,4.0,8.88888888888889,0.6577777777777778,1.0,1.0,1,33.41483699772607
scenario_2_bedroom_voc_rise_ep03_d027,scenario_2_bedroom_voc_rise_ep03,scenario_2_bedroom_voc_rise,27,2026-08-01T09:13:30,A,C,89.74000000000005,4.0,8.88888888888889,0.6577777777777778,1.0,1.0,1,40.63180265841561
scenario_2_bedroom_voc_rise_ep03_d027,scenario_2_bedroom_voc_rise_ep03,scenario_2_bedroom_voc_rise,27,2026-08-01T09:13:30,B,C,89.74000000000005,5.656854249492381,12.570787221094179,0.9302382543609693,1.0,1.0,1,80.70231330341198
scenario_2_bedroom_voc_rise_ep03_d027,scenario_2_bedroom_voc_rise_ep03,scenario_2_bedroom_voc_rise,27,2026-08-01T09:13:30,C,C,89.74000000000005,0.0,0.0,0.0,0.0,1.0,1,470.32805718898703
scenario_2_bedroom_voc_rise_ep03_d027,scenario_2_bedroom_voc_rise_ep03,scenario_2_bedroom_voc_rise,27,2026-08-01T09:13:30,D,C,89.74000000000005,4.0,8.88888888888889,0.6577777777777778,1.0,1.0,1,36.56568304418852
scenario_2_bedroom_voc_rise_ep03_d030,scenario_2_bedroom_voc_rise_ep03,scenario_2_bedroom_voc_rise,30,2026-08-01T09:15:00,A,A,89.50000000000006,0.0,0.0,0.0,0.0,1.0,1,44.79888838401325
scenario_2_bedroom_voc_rise_ep03_d030,scenario_2_bedroom_voc_rise_ep03,scenario_2_bedroom_voc_rise,30,2026-08-01T09:15:00,B,A,89.50000000000006,4.0,8.88888888888889,0.6577777777777778,1.0,1.0,1,90.15741710948691
scenario_2_bedroom_voc_rise_ep03_d030,scenario_2_bedroom_voc_rise_ep03,scenario_2_bedroom_voc_rise,30,2026-08-01T09:15:00,C,A,89.50000000000006,4.0,8.88888888888889,0.6577777777777778,1.0,1.0,1,597.42426367126
scenario_2_bedroom_voc_rise_ep03_d030,scenario_2_bedroom_voc_rise_ep03,scenario_2_bedroom_voc_rise,30,2026-08-01T09:15:00,D,A,89.50000000000006,5.656854249492381,12.570787221094179,0.9302382543609693,1.0,1.0,1,40.97022221639759
scenario_2_bedroom_voc_rise_ep03_d033,scenario_2_bedroom_voc_rise_ep03,scenario_2_bedroom_voc_rise,33,2026-08-01T09:16:30,A,B,89.26000000000006,4.0,8.88888888888889,0.6577777777777778,1.0,1.0,1,49.773848214635336
scenario_2_bedroom_voc_rise_ep03_d033,scenario_2_bedroom_voc_rise_ep03,scenario_2_bedroom_voc_rise,33,2026-08-01T09:16:30,B,B,89.26000000000006,0.0,0.0,0.0,0.0,1.0,1,100.45515064568826
scenario_2_bedroom_voc_rise_ep03_d033,scenario_2_bedroom_voc_rise_ep03,scenario_2_bedroom_voc_rise,33,2026-08-01T09:16:30,C,B,89.26000000000006,5.656854249492381,12.570787221094179,0.9302382543609693,1.0,1.0,1,675.6595534061369
scenario_2_bedroom_voc_rise_ep03_d033,scenario_2_bedroom_voc_rise_ep03,scenario_2_bedroom_voc_rise,33,2026-08-01T09:16:30,D,B,89.26000000000006,4.0,8.88888888888889,0.6577777777777778,1.0,1.0,1,46.16870442689583
scenario_2_bedroom_voc_rise_ep03_d036,scenario_2_bedroom_voc_rise_ep03,scenario_2_bedroom_voc_rise,36,2026-08-01T09:18:00,A,D,89.02000000000007,5.656854249492381,12.570787221094179,0.9302382543609693,1.0,1.0,1,54.61837005175698
scenario_2_bedroom_voc_rise_ep03_d036,scenario_2_bedroom_voc_rise_ep03,scenario_2_bedroom_voc_rise,36,2026-08-01T09:18:00,B,D,89.02000000000007,4.0,8.88888888888889,0.6577777777777778,1.0,1.0,1,110.21695992144714
scenario_2_bedroom_voc_rise_ep03_d036,scenario_2_bedroom_voc_rise_ep03,scenario_2_bedroom_voc_rise,36,2026-08-01T09:18:00,C,D,89.02000000000007,4.0,8.88888888888889,0.6577777777777778,1.0,1.0,1,681.7837872072112
scenario_2_bedroom_voc_rise_ep03_d036,scenario_2_bedroom_voc_rise_ep03,scenario_2_bedroom_voc_rise,36,2026-08-01T09:18:00,D,D,89.02000000000007,0.0,0.0,0.0,0.0,1.0,1,51.22363882743184
scenario_2_bedroom_voc_rise_ep03_d039,scenario_2_bedroom_voc_rise_ep03,scenario_2_bedroom_voc_rise,39,2026-08-01T09:19:30,A,A,88.78000000000007,0.0,0.0,0.0,0.0,1.0,1,59.001646810332886
scenario_2_bedroom_voc_rise_ep03_d039,scenario_2_bedroom_voc_rise_ep03,scenario_2_bedroom_voc_rise,39,2026-08-01T09:19:30,B,A,88.78000000000007,4.0,8.88888888888889,0.6577777777777778,1.0,1.0,1,119.96752014500726
scenario_2_bedroom_voc_rise_ep03_d039,scenario_2_bedroom_voc_rise_ep03,scenario_2_bedroom_voc_rise,39,2026-08-01T09:19:30,C,A,88.78000000000007,4.0,8.88888888888889,0.6577777777777778,1.0,1.0,1,645.9040983509376
scenario_2_bedroom_voc_rise_ep03_d039,scenario_2_bedroom_voc_rise_ep03,scenario_2_bedroom_voc_rise,39,2026-08-01T09:19:30,D,A,88.78000000000007,5.656854249492381,12.570787221094179,0.9302382543609693,1.0,1.0,1,55.80499092997866
scenario_2_bedroom_voc_rise_ep03_d042,scenario_2_bedroom_voc_rise_ep03,scenario_2_bedroom_voc_rise,42,2026-08-01T09:21:00,A,C,88.54000000000008,4.0,8.88888888888889,0.6577777777777778,1.0,1.0,1,62.966620972816145
scenario_2_bedroom_voc_rise_ep03_d042,scenario_2_bedroom_voc_rise_ep03,scenario_2_bedroom_voc_rise,42,2026-08-01T09:21:00,B,C,88.54000000000008,5.656854249492381,12.570787221094179,0.9302382543609693,1.0,1.0,1,129.18517082422431
scenario_2_bedroom_voc_rise_ep03_d042,scenario_2_bedroom_voc_rise_ep03,scenario_2_bedroom_voc_rise,42,2026-08-01T09:21:00,C,C,88.54000000000008,0.0,0.0,0.0,0.0,1.0,1,612.1910068258526
scenario_2_bedroom_voc_rise_ep03_d042,scenario_2_bedroom_voc_rise_ep03,scenario_2_bedroom_voc_rise,42,2026-08-01T09:21:00,D,C,88.54000000000008,4.0,8.88888888888889,0.6577777777777778,1.0,1.0,1,59.95643005763577
scenario_2_bedroom_voc_rise_ep03_d045,scenario_2_bedroom_voc_rise_ep03,scenario_2_bedroom_voc_rise,45,2026-08-01T09:22:30,A,D,88.30000000000008,5.656854249492381,12.570787221094179,0.9302382543609693,1.0,1.0,1,66.50810787875275
scenario_2_bedroom_voc_rise_ep03_d045,scenario_2_bedroom_voc_rise_ep03,scenario_2_bedroom_voc_rise,45,2026-08-01T09:22:30,B,D,88.30000000000008,4.0,8.88888888888889,0.6577777777777778,1.0,1.0,1,136.29325378405588
scenario_2_bedroom_voc_rise_ep03_d045,scenario_2_bedroom_voc_rise_ep03,scenario_2_bedroom_voc_rise,45,2026-08-01T09:22:30,C,D,88.30000000000008,4.0,8.88888888888889,0.6577777777777778,1.0,1.0,1,580.4733715246134
scenario_2_bedroom_voc_rise_ep03_d045,scenario_2_bedroom_voc_rise_ep03,scenario_2_bedroom_voc_rise,45,2026-08-01T09:22:30,D,D,88.30000000000008,0.0,0.0,0.0,0.0,1.0,1,63.67345535777463
scenario_2_bedroom_voc_rise_ep03_d048,scenario_2_bedroom_voc_rise_ep03,scenario_2_bedroom_voc_rise,48,2026-08-01T09:24:00,A,B,88.06000000000009,4.0,8.88888888888889,0.6577777777777778,1.0,1.0,1,69.70716935648352
scenario_2_bedroom_voc_rise_ep03_d048,scenario_2_bedroom_voc_rise_ep03,scenario_2_bedroom_voc_rise,48,2026-08-01T09:24:00,B,B,88.06000000000009,0.0,0.0,0.0,0.0,1.0,1,143.40788555240033
scenario_2_bedroom_voc_rise_ep03_d048,scenario_2_bedroom_voc_rise_ep03,scenario_2_bedroom_voc_rise,48,2026-08-01T09:24:00,C,B,88.06000000000009,5.656854249492381,12.570787221094179,0.9302382543609693,1.0,1.0,1,550.6769528738432
scenario_2_bedroom_voc_rise_ep03_d048,scenario_2_bedroom_voc_rise_ep03,scenario_2_bedroom_voc_rise,48,2026-08-01T09:24:00,D,B,88.06000000000009,4.0,8.88888888888889,0.6577777777777778,1.0,1.0,1,67.03777199433989
scenario_2_bedroom_voc_rise_ep03_d051,scenario_2_bedroom_voc_rise_ep03,scenario_2_bedroom_voc_rise,51,2026-08-01T09:25:30,A,C,87.82000000000009,4.0,8.88888888888889,0.6577777777777778,1.0,1.0,1,72.53600548108739
scenario_2_bedroom_voc_rise_ep03_d051,scenario_2_bedroom_voc_rise_ep03,scenario_2_bedroom_voc_rise,51,2026-08-01T09:25:30,B,C,87.82000000000009,5.656854249492381,12.570787221094179,0.9302382543609693,1.0,1.0,1,147.96280786494458
scenario_2_bedroom_voc_rise_ep03_d051,scenario_2_bedroom_voc_rise_ep03,scenario_2_bedroom_voc_rise,51,2026-08-01T09:25:30,C,C,87.82000000000009,0.0,0.0,0.0,0.0,1.0,1,522.6286204822748
scenario_2_bedroom_voc_rise_ep03_d051,scenario_2_bedroom_voc_rise_ep03,scenario_2_bedroom_voc_rise,51,2026-08-01T09:25:30,D,C,87.82000000000009,4.0,8.88888888888889,0.6577777777777778,1.0,1.0,1,70.0221853132523
scenario_2_bedroom_voc_rise_ep03_d054,scenario_2_bedroom_voc_rise_ep03,scenario_2_bedroom_voc_rise,54,2026-08-01T09:27:00,A,A,87.5800000000001,0.0,0.0,0.0,0.0,1.0,1,75.05305591828233
scenario_2_bedroom_voc_rise_ep03_d054,scenario_2_bedroom_voc_rise_ep03,scenario_2_bedroom_voc_rise,54,2026-08-01T09:27:00,B,A,87.5800000000001,4.0,8.88888888888889,0.6577777777777778,1.0,1.0,1,151.81326793621975
scenario_2_bedroom_voc_rise_ep03_d054,scenario_2_bedroom_voc_rise_ep03,scenario_2_bedroom_voc_rise,54,2026-08-01T09:27:00,C,A,87.5800000000001,4.0,8.88888888888889,0.6577777777777778,1.0,1.0,1,496.25081429912257
scenario_2_bedroom_voc_rise_ep03_d054,scenario_2_bedroom_voc_rise_ep03,scenario_2_bedroom_voc_rise,54,2026-08-01T09:27:00,D,A,87.5800000000001,5.656854249492381,12.570787221094179,0.9302382543609693,1.0,1.0,1,72.6857044498372
scenario_2_bedroom_voc_rise_ep03_d057,scenario_2_bedroom_voc_rise_ep03,scenario_2_bedroom_voc_rise,57,2026-08-01T09:28:30,A,B,87.3400000000001,4.0,8.88888888888889,0.6577777777777778,1.0,1.0,1,77.22927405441328
scenario_2_bedroom_voc_rise_ep03_d057,scenario_2_bedroom_voc_rise_ep03,scenario_2_bedroom_voc_rise,57,2026-08-01T09:28:30,B,B,87.3400000000001,0.0,0.0,0.0,0.0,1.0,1,152.63684971326347
scenario_2_bedroom_voc_rise_ep03_d057,scenario_2_bedroom_voc_rise_ep03,scenario_2_bedroom_voc_rise,57,2026-08-01T09:28:30,C,B,87.3400000000001,5.656854249492381,12.570787221094179,0.9302382543609693,1.0,1.0,1,471.38721966252297
scenario_2_bedroom_voc_rise_ep03_d057,scenario_2_bedroom_voc_rise_ep03,scenario_2_bedroom_voc_rise,57,2026-08-01T09:28:30,D,B,87.3400000000001,4.0,8.88888888888889,0.6577777777777778,1.0,1.0,1,74.9998185870561
scenario_2_bedroom_voc_rise_ep03_d060,scenario_2_bedroom_voc_rise_ep03,scenario_2_bedroom_voc_rise,60,2026-08-01T09:30:00,A,D,87.10000000000011,5.656854249492381,12.570787221094179,0.9302382543609693,1.0,1.0,1,79.10206693484429
scenario_2_bedroom_voc_rise_ep03_d060,scenario_2_bedroom_voc_rise_ep03,scenario_2_bedroom_voc_rise,60,2026-08-01T09:30:00,B,D,87.10000000000011,4.0,8.88888888888889,0.6577777777777778,1.0,1.0,1,151.8850144858527
scenario_2_bedroom_voc_rise_ep03_d060,scenario_2_bedroom_voc_rise_ep03,scenario_2_bedroom_voc_rise,60,2026-08-01T09:30:00,C,D,87.10000000000011,4.0,8.88888888888889,0.6577777777777778,1.0,1.0,1,447.9561466211908
scenario_2_bedroom_voc_rise_ep03_d060,scenario_2_bedroom_voc_rise_ep03,scenario_2_bedroom_voc_rise,60,2026-08-01T09:30:00,D,D,87.10000000000011,0.0,0.0,0.0,0.0,1.0,1,77.00243889498324
scenario_2_bedroom_voc_rise_ep03_d063,scenario_2_bedroom_voc_rise_ep03,scenario_2_bedroom_voc_rise,63,2026-08-01T09:31:30,A,A,86.86000000000011,0.0,0.0,0.0,0.0,1.0,1,80.66922320687968
scenario_2_bedroom_voc_rise_ep03_d063,scenario_2_bedroom_voc_rise_ep03,scenario_2_bedroom_voc_rise,63,2026-08-01T09:31:30,B,A,86.86000000000011,4.0,8.88888888888889,0.6577777777777778,1.0,1.0,1,149.44964763754092
scenario_2_bedroom_voc_rise_ep03_d063,scenario_2_bedroom_voc_rise_ep03,scenario_2_bedroom_voc_rise,63,2026-08-01T09:31:30,C,A,86.86000000000011,4.0,8.88888888888889,0.6577777777777778,1.0,1.0,1,425.8439332557018
scenario_2_bedroom_voc_rise_ep03_d063,scenario_2_bedroom_voc_rise_ep03,scenario_2_bedroom_voc_rise,63,2026-08-01T09:31:30,D,A,86.86000000000011,5.656854249492381,12.570787221094179,0.9302382543609693,1.0,1.0,1,78.69182835529205
scenario_2_bedroom_voc_rise_ep03_d066,scenario_2_bedroom_voc_rise_ep03,scenario_2_bedroom_voc_rise,66,2026-08-01T09:33:00,A,C,86.62000000000012,4.0,8.88888888888889,0.6577777777777778,1.0,1.0,1,81.9552414071079
scenario_2_bedroom_voc_rise_ep03_d066,scenario_2_bedroom_voc_rise_ep03,scenario_2_bedroom_voc_rise,66,2026-08-01T09:33:00,B,C,86.62000000000012,5.656854249492381,12.570787221094179,0.9302382543609693,1.0,1.0,1,146.95278958675726
scenario_2_bedroom_voc_rise_ep03_d066,scenario_2_bedroom_voc_rise_ep03,scenario_2_bedroom_voc_rise,66,2026-08-01T09:33:00,C,C,86.62000000000012,0.0,0.0,0.0,0.0,1.0,1,404.9707830281136
scenario_2_bedroom_voc_rise_ep03_d066,scenario_2_bedroom_voc_rise_ep03,scenario_2_bedroom_voc_rise,66,2026-08-01T09:33:00,D,C,86.62000000000012,4.0,8.88888888888889,0.6577777777777778,1.0,1.0,1,80.09293181781072
scenario_2_bedroom_voc_rise_ep03_d069,scenario_2_bedroom_voc_rise_ep03,scenario_2_bedroom_voc_rise,69,2026-08-01T09:34:30,A,D,86.38000000000012,5.656854249492381,12.570787221094179,0.9302382543609693,1.0,1.0,1,82.98303278052435
scenario_2_bedroom_voc_rise_ep03_d069,scenario_2_bedroom_voc_rise_ep03,scenario_2_bedroom_voc_rise,69,2026-08-01T09:34:30,B,D,86.38000000000012,4.0,8.88888888888889,0.6577777777777778,1.0,1.0,1,144.4053280504054
scenario_2_bedroom_voc_rise_ep03_d069,scenario_2_bedroom_voc_rise_ep03,scenario_2_bedroom_voc_rise,69,2026-08-01T09:34:30,C,D,86.38000000000012,4.0,8.88888888888889,0.6577777777777778,1.0,1.0,1,385.26200818457073
scenario_2_bedroom_voc_rise_ep03_d069,scenario_2_bedroom_voc_rise_ep03,scenario_2_bedroom_voc_rise,69,2026-08-01T09:34:30,D,D,86.38000000000012,0.0,0.0,0.0,0.0,1.0,1,81.22908048325166
scenario_2_bedroom_voc_rise_ep03_d072,scenario_2_bedroom_voc_rise_ep03,scenario_2_bedroom_voc_rise,72,2026-08-01T09:36:00,A,B,86.14000000000013,4.0,8.88888888888889,0.6577777777777778,1.0,1.0,1,83.7739119148182
scenario_2_bedroom_voc_rise_ep03_d072,scenario_2_bedroom_voc_rise_ep03,scenario_2_bedroom_voc_rise,72,2026-08-01T09:36:00,B,B,86.14000000000013,0.0,0.0,0.0,0.0,1.0,1,141.81721030092922
scenario_2_bedroom_voc_rise_ep03_d072,scenario_2_bedroom_voc_rise_ep03,scenario_2_bedroom_voc_rise,72,2026-08-01T09:36:00,C,B,86.14000000000013,5.656854249492381,12.570787221094179,0.9302382543609693,1.0,1.0,1,366.64759047036796
scenario_2_bedroom_voc_rise_ep03_d072,scenario_2_bedroom_voc_rise_ep03,scenario_2_bedroom_voc_rise,72,2026-08-01T09:36:00,D,B,86.14000000000013,4.0,8.88888888888889,0.6577777777777778,1.0,1.0,1,82.12198410184806
scenario_2_bedroom_voc_rise_ep03_d075,scenario_2_bedroom_voc_rise_ep03,scenario_2_bedroom_voc_rise,75,2026-08-01T09:37:30,A,C,85.90000000000013,4.0,8.88888888888889,0.6577777777777778,1.0,1.0,1,84.34770213419142
scenario_2_bedroom_voc_rise_ep03_d075,scenario_2_bedroom_voc_rise_ep03,scenario_2_bedroom_voc_rise,75,2026-08-01T09:37:30,B,C,85.90000000000013,5.656854249492381,12.570787221094179,0.9302382543609693,1.0,1.0,1,139.19751287366034
scenario_2_bedroom_voc_rise_ep03_d075,scenario_2_bedroom_voc_rise_ep03,scenario_2_bedroom_voc_rise,75,2026-08-01T09:37:30,C,C,85.90000000000013,0.0,0.0,0.0,0.0,1.0,1,349.06188420791386
scenario_2_bedroom_voc_rise_ep03_d075,scenario_2_bedroom_voc_rise_ep03,scenario_2_bedroom_voc_rise,75,2026-08-01T09:37:30,D,C,85.90000000000013,4.0,8.88888888888889,0.6577777777777778,1.0,1.0,1,82.79183783819371
scenario_2_bedroom_voc_rise_ep03_d078,scenario_2_bedroom_voc_rise_ep03,scenario_2_bedroom_voc_rise,78,2026-08-01T09:39:00,A,A,85.66000000000014,0.0,0.0,0.0,0.0,1.0,1,84.72283408417684
scenario_2_bedroom_voc_rise_ep03_d078,scenario_2_bedroom_voc_rise_ep03,scenario_2_bedroom_voc_rise,78,2026-08-01T09:39:00,B,A,85.66000000000014,4.0,8.88888888888889,0.6577777777777778,1.0,1.0,1,136.55450639749643
scenario_2_bedroom_voc_rise_ep03_d078,scenario_2_bedroom_voc_rise_ep03,scenario_2_bedroom_voc_rise,78,2026-08-01T09:39:00,C,A,85.66000000000014,4.0,8.88888888888889,0.6577777777777778,1.0,1.0,1,332.4433383967148
scenario_2_bedroom_voc_rise_ep03_d078,scenario_2_bedroom_voc_rise_ep03,scenario_2_bedroom_voc_rise,78,2026-08-01T09:39:00,D,A,85.66000000000014,5.656854249492381,12.570787221094179,0.9302382543609693,1.0,1.0,1,83.25742223936959
scenario_2_bedroom_voc_rise_ep03_d081,scenario_2_bedroom_voc_rise_ep03,scenario_2_bedroom_voc_rise,81,2026-08-01T09:40:30,A,B,85.42000000000014,4.0,8.88888888888889,0.6577777777777778,1.0,1.0,1,84.91643794354559
scenario_2_bedroom_voc_rise_ep03_d081,scenario_2_bedroom_voc_rise_ep03,scenario_2_bedroom_voc_rise,81,2026-08-01T09:40:30,B,B,85.42000000000014,0.0,0.0,0.0,0.0,1.0,1,133.89571588092213
scenario_2_bedroom_voc_rise_ep03_d081,scenario_2_bedroom_voc_rise_ep03,scenario_2_bedroom_voc_rise,81,2026-08-01T09:40:30,C,B,85.42000000000014,5.656854249492381,12.570787221094179,0.9302382543609693,1.0,1.0,1,316.7342366129659
scenario_2_bedroom_voc_rise_ep03_d081,scenario_2_bedroom_voc_rise_ep03,scenario_2_bedroom_voc_rise,81,2026-08-01T09:40:30,D,B,85.42000000000014,4.0,8.88888888888889,0.6577777777777778,1.0,1.0,1,83.53619674769016
scenario_2_bedroom_voc_rise_ep03_d084,scenario_2_bedroom_voc_rise_ep03,scenario_2_bedroom_voc_rise,84,2026-08-01T09:42:00,A,D,85.18000000000015,5.656854249492381,12.570787221094179,0.9302382543609693,1.0,1.0,1,84.94442967156942
scenario_2_bedroom_voc_rise_ep03_d084,scenario_2_bedroom_voc_rise_ep03,scenario_2_bedroom_voc_rise,84,2026-08-01T09:42:00,B,D,85.18000000000015,4.0,8.88888888888889,0.6577777777777778,1.0,1.0,1,131.22797676315054
scenario_2_bedroom_voc_rise_ep03_d084,scenario_2_bedroom_voc_rise_ep03,scenario_2_bedroom_voc_rise,84,2026-08-01T09:42:00,C,D,85.18000000000015,4.0,8.88888888888889,0.6577777777777778,1.0,1.0,1,301.88045356494194
scenario_2_bedroom_voc_rise_ep03_d084,scenario_2_bedroom_voc_rise_ep03,scenario_2_bedroom_voc_rise,84,2026-08-01T09:42:00,D,D,85.18000000000015,0.0,0.0,0.0,0.0,1.0,1,83.64438717128496
scenario_2_bedroom_voc_rise_ep03_d087,scenario_2_bedroom_voc_rise_ep03,scenario_2_bedroom_voc_rise,87,2026-08-01T09:43:30,A,A,84.94000000000015,0.0,0.0,0.0,0.0,1.0,1,84.82159167281725
scenario_2_bedroom_voc_rise_ep03_d087,scenario_2_bedroom_voc_rise_ep03,scenario_2_bedroom_voc_rise,87,2026-08-01T09:43:30,B,A,84.94000000000015,4.0,8.88888888888889,0.6577777777777778,1.0,1.0,1,128.5574870192886
scenario_2_bedroom_voc_rise_ep03_d087,scenario_2_bedroom_voc_rise_ep03,scenario_2_bedroom_voc_rise,87,2026-08-01T09:43:30,C,A,84.94000000000015,4.0,8.88888888888889,0.6577777777777778,1.0,1.0,1,287.8312272340063
scenario_2_bedroom_voc_rise_ep03_d087,scenario_2_bedroom_voc_rise_ep03,scenario_2_bedroom_voc_rise,87,2026-08-01T09:43:30,D,A,84.94000000000015,5.656854249492381,12.570787221094179,0.9302382543609693,1.0,1.0,1,83.59706749934526
scenario_2_bedroom_voc_rise_ep04_d012,scenario_2_bedroom_voc_rise_ep04,scenario_2_bedroom_voc_rise,12,2026-08-01T09:06:00,A,A,90.24000000000002,0.0,0.0,0.0,0.0,1.0,1,28.185162407488406
scenario_2_bedroom_voc_rise_ep04_d012,scenario_2_bedroom_voc_rise_ep04,scenario_2_bedroom_voc_rise,12,2026-08-01T09:06:00,B,A,90.24000000000002,4.0,8.88888888888889,0.6577777777777778,1.0,1.0,1,61.46812061061809
scenario_2_bedroom_voc_rise_ep04_d012,scenario_2_bedroom_voc_rise_ep04,scenario_2_bedroom_voc_rise,12,2026-08-01T09:06:00,C,A,90.24000000000002,4.0,8.88888888888889,0.6577777777777778,1.0,1.0,1,33.87997391693534
scenario_2_bedroom_voc_rise_ep04_d012,scenario_2_bedroom_voc_rise_ep04,scenario_2_bedroom_voc_rise,12,2026-08-01T09:06:00,D,A,90.24000000000002,5.656854249492381,12.570787221094179,0.9302382543609693,1.0,1.0,1,38.1123350482697
scenario_2_bedroom_voc_rise_ep04_d015,scenario_2_bedroom_voc_rise_ep04,scenario_2_bedroom_voc_rise,15,2026-08-01T09:07:30,A,B,90.00000000000003,4.0,8.88888888888889,0.6577777777777778,1.0,1.0,1,28.079113235665545
scenario_2_bedroom_voc_rise_ep04_d015,scenario_2_bedroom_voc_rise_ep04,scenario_2_bedroom_voc_rise,15,2026-08-01T09:07:30,B,B,90.00000000000003,0.0,0.0,0.0,0.0,1.0,1,65.75572486104147
scenario_2_bedroom_voc_rise_ep04_d015,scenario_2_bedroom_voc_rise_ep04,scenario_2_bedroom_voc_rise,15,2026-08-01T09:07:30,C,B,90.00000000000003,5.656854249492381,12.570787221094179,0.9302382543609693,1.0,1.0,1,71.76710779170173
scenario_2_bedroom_voc_rise_ep04_d015,scenario_2_bedroom_voc_rise_ep04,scenario_2_bedroom_voc_rise,15,2026-08-01T09:07:30,D,B,90.00000000000003,4.0,8.88888888888889,0.6577777777777778,1.0,1.0,1,37.423810888344065
scenario_2_bedroom_voc_rise_ep04_d018,scenario_2_bedroom_voc_rise_ep04,scenario_2_bedroom_voc_rise,18,2026-08-01T09:09:00,A,D,89.76000000000003,5.656854249492381,12.570787221094179,0.9302382543609693,1.0,1.0,1,28.54872670578527
scenario_2_bedroom_voc_rise_ep04_d018,scenario_2_bedroom_voc_rise_ep04,scenario_2_bedroom_voc_rise,18,2026-08-01T09:09:00,B,D,89.76000000000003,4.0,8.88888888888889,0.6577777777777778,1.0,1.0,1,72.93055464427482
scenario_2_bedroom_voc_rise_ep04_d018,scenario_2_bedroom_voc_rise_ep04,scenario_2_bedroom_voc_rise,18,2026-08-01T09:09:00,C,D,89.76000000000003,4.0,8.88888888888889,0.6577777777777778,1.0,1.0,1,137.76228544379887
scenario_2_bedroom_voc_rise_ep04_d018,scenario_2_bedroom_voc_rise_ep04,scenario_2_bedroom_voc_rise,18,2026-08-01T09:09:00,D,D,89.76000000000003,0.0,0.0,0.0,0.0,1.0,1,37.34529059621525
scenario_2_bedroom_voc_rise_ep04_d021,scenario_2_bedroom_voc_rise_ep04,scenario_2_bedroom_voc_rise,21,2026-08-01T09:10:30,A,A,89.52000000000004,0.0,0.0,0.0,0.0,1.0,1,29.726963259600552
scenario_2_bedroom_voc_rise_ep04_d021,scenario_2_bedroom_voc_rise_ep04,scenario_2_bedroom_voc_rise,21,2026-08-01T09:10:30,B,A,89.52000000000004,4.0,8.88888888888889,0.6577777777777778,1.0,1.0,1,80.73903941818219
scenario_2_bedroom_voc_rise_ep04_d021,scenario_2_bedroom_voc_rise_ep04,scenario_2_bedroom_voc_rise,21,2026-08-01T09:10:30,C,A,89.52000000000004,4.0,8.88888888888889,0.6577777777777778,1.0,1.0,1,225.13681122368348
scenario_2_bedroom_voc_rise_ep04_d021,scenario_2_bedroom_voc_rise_ep04,scenario_2_bedroom_voc_rise,21,2026-08-01T09:10:30,D,A,89.52000000000004,5.656854249492381,12.570787221094179,0.9302382543609693,1.0,1.0,1,38.00769991200025
scenario_2_bedroom_voc_rise_ep04_d024,scenario_2_bedroom_voc_rise_ep04,scenario_2_bedroom_voc_rise,24,2026-08-01T09:12:00,A,C,89.28000000000004,4.0,8.88888888888889,0.6577777777777778,1.0,1.0,1,32.03421192776159
scenario_2_bedroom_voc_rise_ep04_d024,scenario_2_bedroom_voc_rise_ep04,scenario_2_bedroom_voc_rise,24,2026-08-01T09:12:00,B,C,89.28000000000004,5.656854249492381,12.570787221094179,0.9302382543609693,1.0,1.0,1,89.06153410567617
scenario_2_bedroom_voc_rise_ep04_d024,scenario_2_bedroom_voc_rise_ep04,scenario_2_bedroom_voc_rise,24,2026-08-01T09:12:00,C,C,89.28000000000004,0.0,0.0,0.0,0.0,1.0,1,342.4303900635475
scenario_2_bedroom_voc_rise_ep04_d024,scenario_2_bedroom_voc_rise_ep04,scenario_2_bedroom_voc_rise,24,2026-08-01T09:12:00,D,C,89.28000000000004,4.0,8.88888888888889,0.6577777777777778,1.0,1.0,1,39.82951432819823
scenario_2_bedroom_voc_rise_ep04_d027,scenario_2_bedroom_voc_rise_ep04,scenario_2_bedroom_voc_rise,27,2026-08-01T09:13:30,A,D,89.04000000000005,5.656854249492381,12.570787221094179,0.9302382543609693,1.0,1.0,1,35.52066624685608
scenario_2_bedroom_voc_rise_ep04_d027,scenario_2_bedroom_voc_rise_ep04,scenario_2_bedroom_voc_rise,27,2026-08-01T09:13:30,B,D,89.04000000000005,4.0,8.88888888888889,0.6577777777777778,1.0,1.0,1,95.79693915005578
scenario_2_bedroom_voc_rise_ep04_d027,scenario_2_bedroom_voc_rise_ep04,scenario_2_bedroom_voc_rise,27,2026-08-01T09:13:30,C,D,89.04000000000005,4.0,8.88888888888889,0.6577777777777778,1.0,1.0,1,481.32034350976755
scenario_2_bedroom_voc_rise_ep04_d027,scenario_2_bedroom_voc_rise_ep04,scenario_2_bedroom_voc_rise,27,2026-08-01T09:13:30,D,D,89.04000000000005,0.0,0.0,0.0,0.0,1.0,1,42.85912775491397
scenario_2_bedroom_voc_rise_ep04_d030,scenario_2_bedroom_voc_rise_ep04,scenario_2_bedroom_voc_rise,30,2026-08-01T09:15:00,A,B,88.80000000000005,4.0,8.88888888888889,0.6577777777777778,1.0,1.0,1,39.587036894400626
scenario_2_bedroom_voc_rise_ep04_d030,scenario_2_bedroom_voc_rise_ep04,scenario_2_bedroom_voc_rise,30,2026-08-01T09:15:00,B,B,88.80000000000005,0.0,0.0,0.0,0.0,1.0,1,106.42133114408011
scenario_2_bedroom_voc_rise_ep04_d030,scenario_2_bedroom_voc_rise_ep04,scenario_2_bedroom_voc_rise,30,2026-08-01T09:15:00,C,B,88.80000000000005,5.656854249492381,12.570787221094179,0.9302382543609693,1.0,1.0,1,586.16125642101
scenario_2_bedroom_voc_rise_ep04_d030,scenario_2_bedroom_voc_rise_ep04,scenario_2_bedroom_voc_rise,30,2026-08-01T09:15:00,D,B,88.80000000000005,4.0,8.88888888888889,0.6577777777777778,1.0,1.0,1,46.49555833926365
scenario_2_bedroom_voc_rise_ep04_d033,scenario_2_bedroom_voc_rise_ep04,scenario_2_bedroom_voc_rise,33,2026-08-01T09:16:30,A,C,88.56000000000006,4.0,8.88888888888889,0.6577777777777778,1.0,1.0,1,43.933553329103916
scenario_2_bedroom_voc_rise_ep04_d033,scenario_2_bedroom_voc_rise_ep04,scenario_2_bedroom_voc_rise,33,2026-08-01T09:16:30,B,C,88.56000000000006,5.656854249492381,12.570787221094179,0.9302382543609693,1.0,1.0,1,114.876803646172
scenario_2_bedroom_voc_rise_ep04_d033,scenario_2_bedroom_voc_rise_ep04,scenario_2_bedroom_voc_rise,33,2026-08-01T09:16:30,C,C,88.56000000000006,0.0,0.0,0.0,0.0,1.0,1,630.0948189688959
scenario_2_bedroom_voc_rise_ep04_d033,scenario_2_bedroom_voc_rise_ep04,scenario_2_bedroom_voc_rise,33,2026-08-01T09:16:30,D,C,88.56000000000006,4.0,8.88888888888889,0.6577777777777778,1.0,1.0,1,50.437443699921914
scenario_2_bedroom_voc_rise_ep04_d036,scenario_2_bedroom_voc_rise_ep04,scenario_2_bedroom_voc_rise,36,2026-08-01T09:18:00,A,A,88.32000000000006,0.0,0.0,0.0,0.0,1.0,1,48.81330999539637
scenario_2_bedroom_voc_rise_ep04_d036,scenario_2_bedroom_voc_rise_ep04,scenario_2_bedroom_voc_rise,36,2026-08-01T09:18:00,B,A,88.32000000000006,4.0,8.88888888888889,0.6577777777777778,1.0,1.0,1,123.51073414347047
scenario_2_bedroom_voc_rise_ep04_d036,scenario_2_bedroom_voc_rise_ep04,scenario_2_bedroom_voc_rise,36,2026-08-01T09:18:00,C,A,88.32000000000006,4.0,8.88888888888889,0.6577777777777778,1.0,1.0,1,635.3635910124749
scenario_2_bedroom_voc_rise_ep04_d036,scenario_2_bedroom_voc_rise_ep04,scenario_2_bedroom_voc_rise,36,2026-08-01T09:18:00,D,A,88.32000000000006,5.656854249492381,12.570787221094179,0.9302382543609693,1.0,1.0,1,54.93638111101586
scenario_2_bedroom_voc_rise_ep04_d039,scenario_2_bedroom_voc_rise_ep04,scenario_2_bedroom_voc_rise,39,2026-08-01T09:19:30,A,B,88.08000000000007,4.0,8.88888888888889,0.6577777777777778,1.0,1.0,1,53.28009021155549
scenario_2_bedroom_voc_rise_ep04_d039,scenario_2_bedroom_voc_rise_ep04,scenario_2_bedroom_voc_rise,39,2026-08-01T09:19:30,B,B,88.08000000000007,0.0,0.0,0.0,0.0,1.0,1,132.45239046887923
scenario_2_bedroom_voc_rise_ep04_d039,scenario_2_bedroom_voc_rise_ep04,scenario_2_bedroom_voc_rise,39,2026-08-01T09:19:30,C,B,88.08000000000007,5.656854249492381,12.570787221094179,0.9302382543609693,1.0,1.0,1,602.1648018374192
scenario_2_bedroom_voc_rise_ep04_d039,scenario_2_bedroom_voc_rise_ep04,scenario_2_bedroom_voc_rise,39,2026-08-01T09:19:30,D,B,88.08000000000007,4.0,8.88888888888889,0.6577777777777778,1.0,1.0,1,59.04474573145603
scenario_2_bedroom_voc_rise_ep04_d042,scenario_2_bedroom_voc_rise_ep04,scenario_2_bedroom_voc_rise,42,2026-08-01T09:21:00,A,D,87.84000000000007,5.656854249492381,12.570787221094179,0.9302382543609693,1.0,1.0,1,57.30541169081698
scenario_2_bedroom_voc_rise_ep04_d042,scenario_2_bedroom_voc_rise_ep04,scenario_2_bedroom_voc_rise,42,2026-08-01T09:21:00,B,D,87.84000000000007,4.0,8.88888888888889,0.6577777777777778,1.0,1.0,1,139.45132541344333
scenario_2_bedroom_voc_rise_ep04_d042,scenario_2_bedroom_voc_rise_ep04,scenario_2_bedroom_voc_rise,42,2026-08-01T09:21:00,C,D,87.84000000000007,4.0,8.88888888888889,0.6577777777777778,1.0,1.0,1,570.9432583532209
scenario_2_bedroom_voc_rise_ep04_d042,scenario_2_bedroom_voc_rise_ep04,scenario_2_bedroom_voc_rise,42,2026-08-01T09:21:00,D,D,87.84000000000007,0.0,0.0,0.0,0.0,1.0,1,62.732730807204916
scenario_2_bedroom_voc_rise_ep04_d045,scenario_2_bedroom_voc_rise_ep04,scenario_2_bedroom_voc_rise,45,2026-08-01T09:22:30,A,A,87.60000000000008,0.0,0.0,0.0,0.0,1.0,1,60.96292681293153
scenario_2_bedroom_voc_rise_ep04_d045,scenario_2_bedroom_voc_rise_ep04,scenario_2_bedroom_voc_rise,45,2026-08-01T09:22:30,B,A,87.60000000000008,4.0,8.88888888888889,0.6577777777777778,1.0,1.0,1,146.5874985596854
scenario_2_bedroom_voc_rise_ep04_d045,scenario_2_bedroom_voc_rise_ep04,scenario_2_bedroom_voc_rise,45,2026-08-01T09:22:30,C,A,87.60000000000008,4.0,8.88888888888889,0.6577777777777778,1.0,1.0,1,541.6172955183208
scenario_2_bedroom_voc_rise_ep04_d045,scenario_2_bedroom_voc_rise_ep04,scenario_2_bedroom_voc_rise,45,2026-08-01T09:22:30,D,A,87.60000000000008,5.656854249492381,12.570787221094179,0.9302382543609693,1.0,1.0,1,66.07274294345325
scenario_2_bedroom_voc_rise_ep04_d048,scenario_2_bedroom_voc_rise_ep04,scenario_2_bedroom_voc_rise,48,2026-08-01T09:24:00,A,C,87.36000000000008,4.0,8.88888888888889,0.6577777777777778,1.0,1.0,1,64.27493205622204
scenario_2_bedroom_voc_rise_ep04_d048,scenario_2_bedroom_voc_rise_ep04,scenario_2_bedroom_voc_rise,48,2026-08-01T09:24:00,B,C,87.36000000000008,5.656854249492381,12.570787221094179,0.9302382543609693,1.0,1.0,1,153.33041591630285
scenario_2_bedroom_voc_rise_ep04_d048,scenario_2_bedroom_voc_rise_ep04,scenario_2_bedroom_voc_rise,48,2026-08-01T09:24:00,C,C,87.36000000000008,0.0,0.0,0.0,0.0,1.0,1,514.0638661005198
scenario_2_bedroom_voc_rise_ep04_d048,scenario_2_bedroom_voc_rise_ep04,scenario_2_bedroom_voc_rise,48,2026-08-01T09:24:00,D,C,87.36000000000008,4.0,8.88888888888889,0.6577777777777778,1.0,1.0,1,69.08590683744455
scenario_2_bedroom_voc_rise_ep04_d051,scenario_2_bedroom_voc_rise_ep04,scenario_2_bedroom_voc_rise,51,2026-08-01T09:25:30,A,D,87.12000000000009,5.656854249492381,12.570787221094179,0.9302382543609693,1.0,1.0,1,67.22127793950062
scenario_2_bedroom_voc_rise_ep04_d051,scenario_2_bedroom_voc_rise_ep04,scenario_2_bedroom_voc_rise,51,2026-08-01T09:25:30,B,D,87.12000000000009,4.0,8.88888888888889,0.6577777777777778,1.0,1.0,1,157.6736893127213
scenario_2_bedroom_voc_rise_ep04_d051,scenario_2_bedroom_voc_rise_ep04,scenario_2_bedroom_voc_rise,51,2026-08-01T09:25:30,C,D,87.12000000000009,4.0,8.88888888888889,0.6577777777777778,1.0,1.0,1,488.1268101578894
scenario_2_bedroom_voc_rise_ep04_d051,scenario_2_bedroom_voc_rise_ep04,scenario_2_bedroom_voc_rise,51,2026-08-01T09:25:30,D,D,87.12000000000009,0.0,0.0,0.0,0.0,1.0,1,71.75097080320347
scenario_2_bedroom_voc_rise_ep04_d054,scenario_2_bedroom_voc_rise_ep04,scenario_2_bedroom_voc_rise,54,2026-08-01T09:27:00,A,B,86.8800000000001,4.0,8.88888888888889,0.6577777777777778,1.0,1.0,1,69.82948419006334
scenario_2_bedroom_voc_rise_ep04_d054,scenario_2_bedroom_voc_rise_ep04,scenario_2_bedroom_voc_rise,54,2026-08-01T09:27:00,B,B,86.8800000000001,0.0,0.0,0.0,0.0,1.0,1,159.98115116247118
scenario_2_bedroom_voc_rise_ep04_d054,scenario_2_bedroom_voc_rise_ep04,scenario_2_bedroom_voc_rise,54,2026-08-01T09:27:00,C,B,86.8800000000001,5.656854249492381,12.570787221094179,0.9302382543609693,1.0,1.0,1,463.7063708728417
scenario_2_bedroom_voc_rise_ep04_d054,scenario_2_bedroom_voc_rise_ep04,scenario_2_bedroom_voc_rise,54,2026-08-01T09:27:00,D,B,86.8800000000001,4.0,8.88888888888889,0.6577777777777778,1.0,1.0,1,74.0944177873971
scenario_2_bedroom_voc_rise_ep04_d057,scenario_2_bedroom_voc_rise_ep04,scenario_2_bedroom_voc_rise,57,2026-08-01T09:28:30,A,C,86.6400000000001,4.0,8.88888888888889,0.6577777777777778,1.0,1.0,1,72.09853743254234
scenario_2_bedroom_voc_rise_ep04_d057,scenario_2_bedroom_voc_rise_ep04,scenario_2_bedroom_voc_rise,57,2026-08-01T09:28:30,B,C,86.6400000000001,5.656854249492381,12.570787221094179,0.9302382543609693,1.0,1.0,1,159.46172849924574
scenario_2_bedroom_voc_rise_ep04_d057,scenario_2_bedroom_voc_rise_ep04,scenario_2_bedroom_voc_rise,57,2026-08-01T09:28:30,C,C,86.6400000000001,0.0,0.0,0.0,0.0,1.0,1,440.68243139319543
scenario_2_bedroom_voc_rise_ep04_d057,scenario_2_bedroom_voc_rise_ep04,scenario_2_bedroom_voc_rise,57,2026-08-01T09:28:30,D,C,86.6400000000001,4.0,8.88888888888889,0.6577777777777778,1.0,1.0,1,76.11425915508516
scenario_2_bedroom_voc_rise_ep04_d060,scenario_2_bedroom_voc_rise_ep04,scenario_2_bedroom_voc_rise,60,2026-08-01T09:30:00,A,A,86.4000000000001,0.0,0.0,0.0,0.0,1.0,1,74.082071101873
scenario_2_bedroom_voc_rise_ep04_d060,scenario_2_bedroom_voc_rise_ep04,scenario_2_bedroom_voc_rise,60,2026-08-01T09:30:00,B,A,86.4000000000001,4.0,8.88888888888889,0.6577777777777778,1.0,1.0,1,158.12817310762648
scenario_2_bedroom_voc_rise_ep04_d060,scenario_2_bedroom_voc_rise_ep04,scenario_2_bedroom_voc_rise,60,2026-08-01T09:30:00,C,A,86.4000000000001,4.0,8.88888888888889,0.6577777777777778,1.0,1.0,1,418.9971699120954
scenario_2_bedroom_voc_rise_ep04_d060,scenario_2_bedroom_voc_rise_ep04,scenario_2_bedroom_voc_rise,60,2026-08-01T09:30:00,D,A,86.4000000000001,5.656854249492381,12.570787221094179,0.9302382543609693,1.0,1.0,1,77.86321093362403
scenario_2_bedroom_voc_rise_ep04_d063,scenario_2_bedroom_voc_rise_ep04,scenario_2_bedroom_voc_rise,63,2026-08-01T09:31:30,A,B,86.16000000000011,4.0,8.88888888888889,0.6577777777777778,1.0,1.0,1,75.7571461285595
scenario_2_bedroom_voc_rise_ep04_d063,scenario_2_bedroom_voc_rise_ep04,scenario_2_bedroom_voc_rise,63,2026-08-01T09:31:30,B,B,86.16000000000011,0.0,0.0,0.0,0.0,1.0,1,155.1050236176959
scenario_2_bedroom_voc_rise_ep04_d063,scenario_2_bedroom_voc_rise_ep04,scenario_2_bedroom_voc_rise,63,2026-08-01T09:31:30,C,B,86.16000000000011,5.656854249492381,12.570787221094179,0.9302382543609693,1.0,1.0,1,398.52334922232376
scenario_2_bedroom_voc_rise_ep04_d063,scenario_2_bedroom_voc_rise_ep04,scenario_2_bedroom_voc_rise,63,2026-08-01T09:31:30,D,B,86.16000000000011,4.0,8.88888888888889,0.6577777777777778,1.0,1.0,1,79.31747104882129
scenario_2_bedroom_voc_rise_ep04_d066,scenario_2_bedroom_voc_rise_ep04,scenario_2_bedroom_voc_rise,66,2026-08-01T09:33:00,A,D,85.92000000000012,5.656854249492381,12.570787221094179,0.9302382543609693,1.0,1.0,1,77.15223889106142
scenario_2_bedroom_voc_rise_ep04_d066,scenario_2_bedroom_voc_rise_ep04,scenario_2_bedroom_voc_rise,66,2026-08-01T09:33:00,B,D,85.92000000000012,4.0,8.88888888888889,0.6577777777777778,1.0,1.0,1,152.06467845577095
scenario_2_bedroom_voc_rise_ep04_d066,scenario_2_bedroom_voc_rise_ep04,scenario_2_bedroom_voc_rise,66,2026-08-01T09:33:00,C,D,85.92000000000012,4.0,8.88888888888889,0.6577777777777778,1.0,1.0,1,379.1918450756127
scenario_2_bedroom_voc_rise_ep04_d066,scenario_2_bedroom_voc_rise_ep04,scenario_2_bedroom_voc_rise,66,2026-08-01T09:33:00,D,D,85.92000000000012,0.0,0.0,0.0,0.0,1.0,1,80.50470403486429
scenario_2_bedroom_voc_rise_ep04_d069,scenario_2_bedroom_voc_rise_ep04,scenario_2_bedroom_voc_rise,69,2026-08-01T09:34:30,A,A,85.68000000000012,0.0,0.0,0.0,0.0,1.0,1,78.28989793213032
scenario_2_bedroom_voc_rise_ep04_d069,scenario_2_bedroom_voc_rise_ep04,scenario_2_bedroom_voc_rise,69,2026-08-01T09:34:30,B,A,85.68000000000012,4.0,8.88888888888889,0.6577777777777778,1.0,1.0,1,149.0149778788982
scenario_2_bedroom_voc_rise_ep04_d069,scenario_2_bedroom_voc_rise_ep04,scenario_2_bedroom_voc_rise,69,2026-08-01T09:34:30,C,A,85.68000000000012,4.0,8.88888888888889,0.6577777777777778,1.0,1.0,1,360.9338728186366
scenario_2_bedroom_voc_rise_ep04_d069,scenario_2_bedroom_voc_rise_ep04,scenario_2_bedroom_voc_rise,69,2026-08-01T09:34:30,D,A,85.68000000000012,5.656854249492381,12.570787221094179,0.9302382543609693,1.0,1.0,1,81.44669470246777
scenario_2_bedroom_voc_rise_ep04_d072,scenario_2_bedroom_voc_rise_ep04,scenario_2_bedroom_voc_rise,72,2026-08-01T09:36:00,A,C,85.44000000000013,4.0,8.88888888888889,0.6577777777777778,1.0,1.0,1,79.19110870153122
scenario_2_bedroom_voc_rise_ep04_d072,scenario_2_bedroom_voc_rise_ep04,scenario_2_bedroom_voc_rise,72,2026-08-01T09:36:00,B,C,85.44000000000013,5.656854249492381,12.570787221094179,0.9302382543609693,1.0,1.0,1,145.9630229069803
scenario_2_bedroom_voc_rise_ep04_d072,scenario_2_bedroom_voc_rise_ep04,scenario_2_bedroom_voc_rise,72,2026-08-01T09:36:00,C,C,85.44000000000013,0.0,0.0,0.0,0.0,1.0,1,343.6849496729062
scenario_2_bedroom_voc_rise_ep04_d072,scenario_2_bedroom_voc_rise_ep04,scenario_2_bedroom_voc_rise,72,2026-08-01T09:36:00,D,C,85.44000000000013,4.0,8.88888888888889,0.6577777777777778,1.0,1.0,1,82.16371001591438
scenario_2_bedroom_voc_rise_ep04_d075,scenario_2_bedroom_voc_rise_ep04,scenario_2_bedroom_voc_rise,75,2026-08-01T09:37:30,A,D,85.20000000000013,5.656854249492381,12.570787221094179,0.9302382543609693,1.0,1.0,1,79.87539641499734
scenario_2_bedroom_voc_rise_ep04_d075,scenario_2_bedroom_voc_rise_ep04,scenario_2_bedroom_voc_rise,75,2026-08-01T09:37:30,B,D,85.20000000000013,4.0,8.88888888888889,0.6577777777777778,1.0,1.0,1,142.91523199504718
scenario_2_bedroom_voc_rise_ep04_d075,scenario_2_bedroom_voc_rise_ep04,scenario_2_bedroom_voc_rise,75,2026-08-01T09:37:30,C,D,85.20000000000013,4.0,8.88888888888889,0.6577777777777778,1.0,1.0,1,327.384620975032
scenario_2_bedroom_voc_rise_ep04_d075,scenario_2_bedroom_voc_rise_ep04,scenario_2_bedroom_voc_rise,75,2026-08-01T09:37:30,D,D,85.20000000000013,0.0,0.0,0.0,0.0,1.0,1,82.67459925790672
scenario_2_bedroom_voc_rise_ep04_d078,scenario_2_bedroom_voc_rise_ep04,scenario_2_bedroom_voc_rise,78,2026-08-01T09:39:00,A,B,84.96000000000014,4.0,8.88888888888889,0.6577777777777778,1.0,1.0,1,80.36092228196367
scenario_2_bedroom_voc_rise_ep04_d078,scenario_2_bedroom_voc_rise_ep04,scenario_2_bedroom_voc_rise,78,2026-08-01T09:39:00,B,B,84.96000000000014,0.0,0.0,0.0,0.0,1.0,1,139.87739366615506
scenario_2_bedroom_voc_rise_ep04_d078,scenario_2_bedroom_voc_rise_ep04,scenario_2_bedroom_voc_rise,78,2026-08-01T09:39:00,C,B,84.96000000000014,5.656854249492381,12.570787221094179,0.9302382543609693,1.0,1.0,1,311.97620397025196
scenario_2_bedroom_voc_rise_ep04_d078,scenario_2_bedroom_voc_rise_ep04,scenario_2_bedroom_voc_rise,78,2026-08-01T09:39:00,D,B,84.96000000000014,4.0,8.88888888888889,0.6577777777777778,1.0,1.0,1,82.9968877244155
scenario_2_bedroom_voc_rise_ep04_d081,scenario_2_bedroom_voc_rise_ep04,scenario_2_bedroom_voc_rise,81,2026-08-01T09:40:30,A,C,84.72000000000014,4.0,8.88888888888889,0.6577777777777778,1.0,1.0,1,80.66457352607767
scenario_2_bedroom_voc_rise_ep04_d081,scenario_2_bedroom_voc_rise_ep04,scenario_2_bedroom_voc_rise,81,2026-08-01T09:40:30,B,C,84.72000000000014,5.656854249492381,12.570787221094179,0.9302382543609693,1.0,1.0,1,136.85471538330717
scenario_2_bedroom_voc_rise_ep04_d081,scenario_2_bedroom_voc_rise_ep04,scenario_2_bedroom_voc_rise,81,2026-08-01T09:40:30,C,C,84.72000000000014,0.0,0.0,0.0,0.0,1.0,1,297.4065480302837
scenario_2_bedroom_voc_rise_ep04_d081,scenario_2_bedroom_voc_rise_ep04,scenario_2_bedroom_voc_rise,81,2026-08-01T09:40:30,D,C,84.72000000000014,4.0,8.88888888888889,0.6577777777777778,1.0,1.0,1,83.14686436384432
scenario_2_bedroom_voc_rise_ep04_d084,scenario_2_bedroom_voc_rise_ep04,scenario_2_bedroom_voc_rise,84,2026-08-01T09:42:00,A,A,84.48000000000015,0.0,0.0,0.0,0.0,1.0,1,80.80204759552475
scenario_2_bedroom_voc_rise_ep04_d084,scenario_2_bedroom_voc_rise_ep04,scenario_2_bedroom_voc_rise,84,2026-08-01T09:42:00,B,A,84.48000000000015,4.0,8.88888888888889,0.6577777777777778,1.0,1.0,1,133.85186892002048
scenario_2_bedroom_voc_rise_ep04_d084,scenario_2_bedroom_voc_rise_ep04,scenario_2_bedroom_voc_rise,84,2026-08-01T09:42:00,C,A,84.48000000000015,4.0,8.88888888888889,0.6577777777777778,1.0,1.0,1,283.625810239216
scenario_2_bedroom_voc_rise_ep04_d084,scenario_2_bedroom_voc_rise_ep04,scenario_2_bedroom_voc_rise,84,2026-08-01T09:42:00,D,A,84.48000000000015,5.656854249492381,12.570787221094179,0.9302382543609693,1.0,1.0,1,83.13966374843017
scenario_2_bedroom_voc_rise_ep04_d087,scenario_2_bedroom_voc_rise_ep04,scenario_2_bedroom_voc_rise,87,2026-08-01T09:43:30,A,B,84.24000000000015,4.0,8.88888888888889,0.6577777777777778,1.0,1.0,1,80.78793093484273
scenario_2_bedroom_voc_rise_ep04_d087,scenario_2_bedroom_voc_rise_ep04,scenario_2_bedroom_voc_rise,87,2026-08-01T09:43:30,B,B,84.24000000000015,0.0,0.0,0.0,0.0,1.0,1,130.87303247151112
scenario_2_bedroom_voc_rise_ep04_d087,scenario_2_bedroom_voc_rise_ep04,scenario_2_bedroom_voc_rise,87,2026-08-01T09:43:30,C,B,84.24000000000015,5.656854249492381,12.570787221094179,0.9302382543609693,1.0,1.0,1,270.58724535917827
scenario_2_bedroom_voc_rise_ep04_d087,scenario_2_bedroom_voc_rise_ep04,scenario_2_bedroom_voc_rise,87,2026-08-01T09:43:30,D,B,84.24000000000015,4.0,8.88888888888889,0.6577777777777778,1.0,1.0,1,82.98934274099224
scenario_2_bedroom_voc_rise_ep05_d012,scenario_2_bedroom_voc_rise_ep05,scenario_2_bedroom_voc_rise,12,2026-08-01T09:06:00,A,B,89.54000000000002,4.0,8.88888888888889,0.6577777777777778,1.0,1.0,1,25.186263074300825
scenario_2_bedroom_voc_rise_ep05_d012,scenario_2_bedroom_voc_rise_ep05,scenario_2_bedroom_voc_rise,12,2026-08-01T09:06:00,B,B,89.54000000000002,0.0,0.0,0.0,0.0,1.0,1,34.75641323410156
scenario_2_bedroom_voc_rise_ep05_d012,scenario_2_bedroom_voc_rise_ep05,scenario_2_bedroom_voc_rise,12,2026-08-01T09:06:00,C,B,89.54000000000002,5.656854249492381,12.570787221094179,0.9302382543609693,1.0,1.0,1,32.298647648243275
scenario_2_bedroom_voc_rise_ep05_d012,scenario_2_bedroom_voc_rise_ep05,scenario_2_bedroom_voc_rise,12,2026-08-01T09:06:00,D,B,89.54000000000002,4.0,8.88888888888889,0.6577777777777778,1.0,1.0,1,13.850585927818884
scenario_2_bedroom_voc_rise_ep05_d015,scenario_2_bedroom_voc_rise_ep05,scenario_2_bedroom_voc_rise,15,2026-08-01T09:07:30,A,C,89.30000000000003,4.0,8.88888888888889,0.6577777777777778,1.0,1.0,1,24.854839747622236
scenario_2_bedroom_voc_rise_ep05_d015,scenario_2_bedroom_voc_rise_ep05,scenario_2_bedroom_voc_rise,15,2026-08-01T09:07:30,B,C,89.30000000000003,5.656854249492381,12.570787221094179,0.9302382543609693,1.0,1.0,1,42.61616646548197
scenario_2_bedroom_voc_rise_ep05_d015,scenario_2_bedroom_voc_rise_ep05,scenario_2_bedroom_voc_rise,15,2026-08-01T09:07:30,C,C,89.30000000000003,0.0,0.0,0.0,0.0,1.0,1,68.05054153977574
scenario_2_bedroom_voc_rise_ep05_d015,scenario_2_bedroom_voc_rise_ep05,scenario_2_bedroom_voc_rise,15,2026-08-01T09:07:30,D,C,89.30000000000003,4.0,8.88888888888889,0.6577777777777778,1.0,1.0,1,14.201107003818322
scenario_2_bedroom_voc_rise_ep05_d018,scenario_2_bedroom_voc_rise_ep05,scenario_2_bedroom_voc_rise,18,2026-08-01T09:09:00,A,A,89.06000000000003,0.0,0.0,0.0,0.0,1.0,1,25.041181777692827
scenario_2_bedroom_voc_rise_ep05_d018,scenario_2_bedroom_voc_rise_ep05,scenario_2_bedroom_voc_rise,18,2026-08-01T09:09:00,B,A,89.06000000000003,4.0,8.88888888888889,0.6577777777777778,1.0,1.0,1,50.783880904629655
scenario_2_bedroom_voc_rise_ep05_d018,scenario_2_bedroom_voc_rise_ep05,scenario_2_bedroom_voc_rise,18,2026-08-01T09:09:00,C,A,89.06000000000003,4.0,8.88888888888889,0.6577777777777778,1.0,1.0,1,129.3973085514316
scenario_2_bedroom_voc_rise_ep05_d018,scenario_2_bedroom_voc_rise_ep05,scenario_2_bedroom_voc_rise,18,2026-08-01T09:09:00,D,A,89.06000000000003,5.656854249492381,12.570787221094179,0.9302382543609693,1.0,1.0,1,15.028162424107222
scenario_2_bedroom_voc_rise_ep05_d021,scenario_2_bedroom_voc_rise_ep05,scenario_2_bedroom_voc_rise,21,2026-08-01T09:10:30,A,B,88.82000000000004,4.0,8.88888888888889,0.6577777777777778,1.0,1.0,1,26.29728284812495
scenario_2_bedroom_voc_rise_ep05_d021,scenario_2_bedroom_voc_rise_ep05,scenario_2_bedroom_voc_rise,21,2026-08-01T09:10:30,B,B,88.82000000000004,0.0,0.0,0.0,0.0,1.0,1,58.20314364552564
scenario_2_bedroom_voc_rise_ep05_d021,scenario_2_bedroom_voc_rise_ep05,scenario_2_bedroom_voc_rise,21,2026-08-01T09:10:30,C,B,88.82000000000004,5.656854249492381,12.570787221094179,0.9302382543609693,1.0,1.0,1,239.4810030293513
scenario_2_bedroom_voc_rise_ep05_d021,scenario_2_bedroom_voc_rise_ep05,scenario_2_bedroom_voc_rise,21,2026-08-01T09:10:30,D,B,88.82000000000004,4.0,8.88888888888889,0.6577777777777778,1.0,1.0,1,16.88625097256363
scenario_2_bedroom_voc_rise_ep05_d024,scenario_2_bedroom_voc_rise_ep05,scenario_2_bedroom_voc_rise,24,2026-08-01T09:12:00,A,D,88.58000000000004,5.656854249492381,12.570787221094179,0.9302382543609693,1.0,1.0,1,28.139072400184432
scenario_2_bedroom_voc_rise_ep05_d024,scenario_2_bedroom_voc_rise_ep05,scenario_2_bedroom_voc_rise,24,2026-08-01T09:12:00,B,D,88.58000000000004,4.0,8.88888888888889,0.6577777777777778,1.0,1.0,1,67.18943525087639
scenario_2_bedroom_voc_rise_ep05_d024,scenario_2_bedroom_voc_rise_ep05,scenario_2_bedroom_voc_rise,24,2026-08-01T09:12:00,C,D,88.58000000000004,4.0,8.88888888888889,0.6577777777777778,1.0,1.0,1,337.8692685706079
scenario_2_bedroom_voc_rise_ep05_d024,scenario_2_bedroom_voc_rise_ep05,scenario_2_bedroom_voc_rise,24,2026-08-01T09:12:00,D,D,88.58000000000004,0.0,0.0,0.0,0.0,1.0,1,19.29365426318668
scenario_2_bedroom_voc_rise_ep05_d027,scenario_2_bedroom_voc_rise_ep05,scenario_2_bedroom_voc_rise,27,2026-08-01T09:13:30,A,A,88.34000000000005,0.0,0.0,0.0,0.0,1.0,1,31.336112054869545
scenario_2_bedroom_voc_rise_ep05_d027,scenario_2_bedroom_voc_rise_ep05,scenario_2_bedroom_voc_rise,27,2026-08-01T09:13:30,B,A,88.34000000000005,4.0,8.88888888888889,0.6577777777777778,1.0,1.0,1,76.53965547946359
scenario_2_bedroom_voc_rise_ep05_d027,scenario_2_bedroom_voc_rise_ep05,scenario_2_bedroom_voc_rise,27,2026-08-01T09:13:30,C,A,88.34000000000005,4.0,8.88888888888889,0.6577777777777778,1.0,1.0,1,468.32634679361365
scenario_2_bedroom_voc_rise_ep05_d027,scenario_2_bedroom_voc_rise_ep05,scenario_2_bedroom_voc_rise,27,2026-08-01T09:13:30,D,A,88.34000000000005,5.656854249492381,12.570787221094179,0.9302382543609693,1.0,1.0,1,23.022142540437017
scenario_2_bedroom_voc_rise_ep05_d030,scenario_2_bedroom_voc_rise_ep05,scenario_2_bedroom_voc_rise,30,2026-08-01T09:15:00,A,C,88.10000000000005,4.0,8.88888888888889,0.6577777777777778,1.0,1.0,1,35.830583019532014
scenario_2_bedroom_voc_rise_ep05_d030,scenario_2_bedroom_voc_rise_ep05,scenario_2_bedroom_voc_rise,30,2026-08-01T09:15:00,B,C,88.10000000000005,5.656854249492381,12.570787221094179,0.9302382543609693,1.0,1.0,1,86.26994072252864
scenario_2_bedroom_voc_rise_ep05_d030,scenario_2_bedroom_voc_rise_ep05,scenario_2_bedroom_voc_rise,30,2026-08-01T09:15:00,C,C,88.10000000000005,0.0,0.0,0.0,0.0,1.0,1,592.9019653898595
scenario_2_bedroom_voc_rise_ep05_d030,scenario_2_bedroom_voc_rise_ep05,scenario_2_bedroom_voc_rise,30,2026-08-01T09:15:00,D,C,88.10000000000005,4.0,8.88888888888889,0.6577777777777778,1.0,1.0,1,28.01597088650533
scenario_2_bedroom_voc_rise_ep05_d033,scenario_2_bedroom_voc_rise_ep05,scenario_2_bedroom_voc_rise,33,2026-08-01T09:16:30,A,D,87.86000000000006,5.656854249492381,12.570787221094179,0.9302382543609693,1.0,1.0,1,41.44245189426442
scenario_2_bedroom_voc_rise_ep05_d033,scenario_2_bedroom_voc_rise_ep05,scenario_2_bedroom_voc_rise,33,2026-08-01T09:16:30,B,D,87.86000000000006,4.0,8.88888888888889,0.6577777777777778,1.0,1.0,1,96.57502273369164
scenario_2_bedroom_voc_rise_ep05_d033,scenario_2_bedroom_voc_rise_ep05,scenario_2_bedroom_voc_rise,33,2026-08-01T09:16:30,C,D,87.86000000000006,4.0,8.88888888888889,0.6577777777777778,1.0,1.0,1,679.4023640703097
scenario_2_bedroom_voc_rise_ep05_d033,scenario_2_bedroom_voc_rise_ep05,scenario_2_bedroom_voc_rise,33,2026-08-01T09:16:30,D,D,87.86000000000006,0.0,0.0,0.0,0.0,1.0,1,34.097053286454866
scenario_2_bedroom_voc_rise_ep05_d036,scenario_2_bedroom_voc_rise_ep05,scenario_2_bedroom_voc_rise,36,2026-08-01T09:18:00,A,B,87.62000000000006,4.0,8.88888888888889,0.6577777777777778,1.0,1.0,1,46.613183044983316
scenario_2_bedroom_voc_rise_ep05_d036,scenario_2_bedroom_voc_rise_ep05,scenario_2_bedroom_voc_rise,36,2026-08-01T09:18:00,B,B,87.62000000000006,0.0,0.0,0.0,0.0,1.0,1,107.18086926220121
scenario_2_bedroom_voc_rise_ep05_d036,scenario_2_bedroom_voc_rise_ep05,scenario_2_bedroom_voc_rise,36,2026-08-01T09:18:00,C,B,87.62000000000006,5.656854249492381,12.570787221094179,0.9302382543609693,1.0,1.0,1,681.8149022282187
scenario_2_bedroom_voc_rise_ep05_d036,scenario_2_bedroom_voc_rise_ep05,scenario_2_bedroom_voc_rise,36,2026-08-01T09:18:00,D,B,87.62000000000006,4.0,8.88888888888889,0.6577777777777778,1.0,1.0,1,39.70868275167095
scenario_2_bedroom_voc_rise_ep05_d039,scenario_2_bedroom_voc_rise_ep05,scenario_2_bedroom_voc_rise,39,2026-08-01T09:19:30,A,C,87.38000000000007,4.0,8.88888888888889,0.6577777777777778,1.0,1.0,1,51.305379407590635
scenario_2_bedroom_voc_rise_ep05_d039,scenario_2_bedroom_voc_rise_ep05,scenario_2_bedroom_voc_rise,39,2026-08-01T09:19:30,B,C,87.38000000000007,5.656854249492381,12.570787221094179,0.9302382543609693,1.0,1.0,1,115.70732349502327
scenario_2_bedroom_voc_rise_ep05_d039,scenario_2_bedroom_voc_rise_ep05,scenario_2_bedroom_voc_rise,39,2026-08-01T09:19:30,C,C,87.38000000000007,0.0,0.0,0.0,0.0,1.0,1,645.680366794044
scenario_2_bedroom_voc_rise_ep05_d039,scenario_2_bedroom_voc_rise_ep05,scenario_2_bedroom_voc_rise,39,2026-08-01T09:19:30,D,C,87.38000000000007,4.0,8.88888888888889,0.6577777777777778,1.0,1.0,1,44.81517939741457
scenario_2_bedroom_voc_rise_ep05_d042,scenario_2_bedroom_voc_rise_ep05,scenario_2_bedroom_voc_rise,42,2026-08-01T09:21:00,A,A,87.14000000000007,0.0,0.0,0.0,0.0,1.0,1,55.59725674847414
scenario_2_bedroom_voc_rise_ep05_d042,scenario_2_bedroom_voc_rise_ep05,scenario_2_bedroom_voc_rise,42,2026-08-01T09:21:00,B,A,87.14000000000007,4.0,8.88888888888889,0.6577777777777778,1.0,1.0,1,125.49788296464703
scenario_2_bedroom_voc_rise_ep05_d042,scenario_2_bedroom_voc_rise_ep05,scenario_2_bedroom_voc_rise,42,2026-08-01T09:21:00,C,A,87.14000000000007,4.0,8.88888888888889,0.6577777777777778,1.0,1.0,1,611.769271263048
scenario_2_bedroom_voc_rise_ep05_d042,scenario_2_bedroom_voc_rise_ep05,scenario_2_bedroom_voc_rise,42,2026-08-01T09:21:00,D,A,87.14000000000007,5.656854249492381,12.570787221094179,0.9302382543609693,1.0,1.0,1,49.496371529244016
scenario_2_bedroom_voc_rise_ep05_d045,scenario_2_bedroom_voc_rise_ep05,scenario_2_bedroom_voc_rise,45,2026-08-01T09:22:30,A,B,86.90000000000008,4.0,8.88888888888889,0.6577777777777778,1.0,1.0,1,59.46456683721499
scenario_2_bedroom_voc_rise_ep05_d045,scenario_2_bedroom_voc_rise_ep05,scenario_2_bedroom_voc_rise,45,2026-08-01T09:22:30,B,B,86.90000000000008,0.0,0.0,0.0,0.0,1.0,1,133.41762093239436
scenario_2_bedroom_voc_rise_ep05_d045,scenario_2_bedroom_voc_rise_ep05,scenario_2_bedroom_voc_rise,45,2026-08-01T09:22:30,C,B,86.90000000000008,5.656854249492381,12.570787221094179,0.9302382543609693,1.0,1.0,1,579.8887677013531
scenario_2_bedroom_voc_rise_ep05_d045,scenario_2_bedroom_voc_rise_ep05,scenario_2_bedroom_voc_rise,45,2026-08-01T09:22:30,D,B,86.90000000000008,4.0,8.88888888888889,0.6577777777777778,1.0,1.0,1,53.72952522176661
scenario_2_bedroom_voc_rise_ep05_d048,scenario_2_bedroom_voc_rise_ep05,scenario_2_bedroom_voc_rise,48,2026-08-01T09:24:00,A,D,86.66000000000008,5.656854249492381,12.570787221094179,0.9302382543609693,1.0,1.0,1,62.929500010021684
scenario_2_bedroom_voc_rise_ep05_d048,scenario_2_bedroom_voc_rise_ep05,scenario_2_bedroom_voc_rise,48,2026-08-01T09:24:00,B,D,86.66000000000008,4.0,8.88888888888889,0.6577777777777778,1.0,1.0,1,139.52097240719309
scenario_2_bedroom_voc_rise_ep05_d048,scenario_2_bedroom_voc_rise_ep05,scenario_2_bedroom_voc_rise,48,2026-08-01T09:24:00,C,D,86.66000000000008,4.0,8.88888888888889,0.6577777777777778,1.0,1.0,1,549.9032797599627
scenario_2_bedroom_voc_rise_ep05_d048,scenario_2_bedroom_voc_rise_ep05,scenario_2_bedroom_voc_rise,48,2026-08-01T09:24:00,D,D,86.66000000000008,0.0,0.0,0.0,0.0,1.0,1,57.538252894242305
scenario_2_bedroom_voc_rise_ep05_d051,scenario_2_bedroom_voc_rise_ep05,scenario_2_bedroom_voc_rise,51,2026-08-01T09:25:30,A,A,86.42000000000009,0.0,0.0,0.0,0.0,1.0,1,66.05554887606309
scenario_2_bedroom_voc_rise_ep05_d051,scenario_2_bedroom_voc_rise_ep05,scenario_2_bedroom_voc_rise,51,2026-08-01T09:25:30,B,A,86.42000000000009,4.0,8.88888888888889,0.6577777777777778,1.0,1.0,1,145.2093218890093
scenario_2_bedroom_voc_rise_ep05_d051,scenario_2_bedroom_voc_rise_ep05,scenario_2_bedroom_voc_rise,51,2026-08-01T09:25:30,C,A,86.42000000000009,4.0,8.88888888888889,0.6577777777777778,1.0,1.0,1,521.7286703841751
scenario_2_bedroom_voc_rise_ep05_d051,scenario_2_bedroom_voc_rise_ep05,scenario_2_bedroom_voc_rise,51,2026-08-01T09:25:30,D,A,86.42000000000009,5.656854249492381,12.570787221094179,0.9302382543609693,1.0,1.0,1,60.98738265945576
scenario_2_bedroom_voc_rise_ep05_d054,scenario_2_bedroom_voc_rise_ep05,scenario_2_bedroom_voc_rise,54,2026-08-01T09:27:00,A,C,86.18000000000009,4.0,8.88888888888889,0.6577777777777778,1.0,1.0,1,68.80967038899598
scenario_2_bedroom_voc_rise_ep05_d054,scenario_2_bedroom_voc_rise_ep05,scenario_2_bedroom_voc_rise,54,2026-08-01T09:27:00,B,C,86.18000000000009,5.656854249492381,12.570787221094179,0.9302382543609693,1.0,1.0,1,148.10277511474033
scenario_2_bedroom_voc_rise_ep05_d054,scenario_2_bedroom_voc_rise_ep05,scenario_2_bedroom_voc_rise,54,2026-08-01T09:27:00,C,C,86.18000000000009,0.0,0.0,0.0,0.0,1.0,1,495.1937526013096
scenario_2_bedroom_voc_rise_ep05_d054,scenario_2_bedroom_voc_rise_ep05,scenario_2_bedroom_voc_rise,54,2026-08-01T09:27:00,D,C,86.18000000000009,4.0,8.88888888888889,0.6577777777777778,1.0,1.0,1,64.04512569103804
scenario_2_bedroom_voc_rise_ep05_d057,scenario_2_bedroom_voc_rise_ep05,scenario_2_bedroom_voc_rise,57,2026-08-01T09:28:30,A,D,85.9400000000001,5.656854249492381,12.570787221094179,0.9302382543609693,1.0,1.0,1,71.21073411003249
scenario_2_bedroom_voc_rise_ep05_d057,scenario_2_bedroom_voc_rise_ep05,scenario_2_bedroom_voc_rise,57,2026-08-01T09:28:30,B,D,85.9400000000001,4.0,8.88888888888889,0.6577777777777778,1.0,1.0,1,148.23609414306816
scenario_2_bedroom_voc_rise_ep05_d057,scenario_2_bedroom_voc_rise_ep05,scenario_2_bedroom_voc_rise,57,2026-08-01T09:28:30,C,D,85.9400000000001,4.0,8.88888888888889,0.6577777777777778,1.0,1.0,1,470.1881283407481
scenario_2_bedroom_voc_rise_ep05_d057,scenario_2_bedroom_voc_rise_ep05,scenario_2_bedroom_voc_rise,57,2026-08-01T09:28:30,D,D,85.9400000000001,0.0,0.0,0.0,0.0,1.0,1,66.73152945694551
scenario_2_bedroom_voc_rise_ep05_d060,scenario_2_bedroom_voc_rise_ep05,scenario_2_bedroom_voc_rise,60,2026-08-01T09:30:00,A,B,85.7000000000001,4.0,8.88888888888889,0.6577777777777778,1.0,1.0,1,73.31598290740726
scenario_2_bedroom_voc_rise_ep05_d060,scenario_2_bedroom_voc_rise_ep05,scenario_2_bedroom_voc_rise,60,2026-08-01T09:30:00,B,B,85.7000000000001,0.0,0.0,0.0,0.0,1.0,1,147.6347075862982
scenario_2_bedroom_voc_rise_ep05_d060,scenario_2_bedroom_voc_rise_ep05,scenario_2_bedroom_voc_rise,60,2026-08-01T09:30:00,C,B,85.7000000000001,5.656854249492381,12.570787221094179,0.9302382543609693,1.0,1.0,1,446.6480788433264
scenario_2_bedroom_voc_rise_ep05_d060,scenario_2_bedroom_voc_rise_ep05,scenario_2_bedroom_voc_rise,60,2026-08-01T09:30:00,D,B,85.7000000000001,4.0,8.88888888888889,0.6577777777777778,1.0,1.0,1,69.10494308403486
scenario_2_bedroom_voc_rise_ep05_d063,scenario_2_bedroom_voc_rise_ep05,scenario_2_bedroom_voc_rise,63,2026-08-01T09:31:30,A,C,85.46000000000011,4.0,8.88888888888889,0.6577777777777778,1.0,1.0,1,75.1016644304641
scenario_2_bedroom_voc_rise_ep05_d063,scenario_2_bedroom_voc_rise_ep05,scenario_2_bedroom_voc_rise,63,2026-08-01T09:31:30,B,C,85.46000000000011,5.656854249492381,12.570787221094179,0.9302382543609693,1.0,1.0,1,145.31295359928072
scenario_2_bedroom_voc_rise_ep05_d063,scenario_2_bedroom_voc_rise_ep05,scenario_2_bedroom_voc_rise,63,2026-08-01T09:31:30,C,C,85.46000000000011,0.0,0.0,0.0,0.0,1.0,1,424.43666248309023
scenario_2_bedroom_voc_rise_ep05_d063,scenario_2_bedroom_voc_rise_ep05,scenario_2_bedroom_voc_rise,63,2026-08-01T09:31:30,D,C,85.46000000000011,4.0,8.88888888888889,0.6577777777777778,1.0,1.0,1,71.14265321078847
scenario_2_bedroom_voc_rise_ep05_d066,scenario_2_bedroom_voc_rise_ep05,scenario_2_bedroom_voc_rise,66,2026-08-01T09:33:00,A,A,85.22000000000011,0.0,0.0,0.0,0.0,1.0,1,76.59655164273954
scenario_2_bedroom_voc_rise_ep05_d066,scenario_2_bedroom_voc_rise_ep05,scenario_2_bedroom_voc_rise,66,2026-08-01T09:33:00,B,A,85.22000000000011,4.0,8.88888888888889,0.6577777777777778,1.0,1.0,1,142.9271394783741
scenario_2_bedroom_voc_rise_ep05_d066,scenario_2_bedroom_voc_rise_ep05,scenario_2_bedroom_voc_rise,66,2026-08-01T09:33:00,C,A,85.22000000000011,4.0,8.88888888888889,0.6577777777777778,1.0,1.0,1,403.47673593222044
scenario_2_bedroom_voc_rise_ep05_d066,scenario_2_bedroom_voc_rise_ep05,scenario_2_bedroom_voc_rise,66,2026-08-01T09:33:00,D,A,85.22000000000011,5.656854249492381,12.570787221094179,0.9302382543609693,1.0,1.0,1,72.87440863026677
scenario_2_bedroom_voc_rise_ep05_d069,scenario_2_bedroom_voc_rise_ep05,scenario_2_bedroom_voc_rise,69,2026-08-01T09:34:30,A,B,84.98000000000012,4.0,8.88888888888889,0.6577777777777778,1.0,1.0,1,77.82405895820011
scenario_2_bedroom_voc_rise_ep05_d069,scenario_2_bedroom_voc_rise_ep05,scenario_2_bedroom_voc_rise,69,2026-08-01T09:34:30,B,B,84.98000000000012,0.0,0.0,0.0,0.0,1.0,1,140.48818149048066
scenario_2_bedroom_voc_rise_ep05_d069,scenario_2_bedroom_voc_rise_ep05,scenario_2_bedroom_voc_rise,69,2026-08-01T09:34:30,C,B,84.98000000000012,5.656854249492381,12.570787221094179,0.9302382543609693,1.0,1.0,1,383.6926030108085
scenario_2_bedroom_voc_rise_ep05_d069,scenario_2_bedroom_voc_rise_ep05,scenario_2_bedroom_voc_rise,69,2026-08-01T09:34:30,D,B,84.98000000000012,4.0,8.88888888888889,0.6577777777777778,1.0,1.0,1,74.32454028393977
scenario_2_bedroom_voc_rise_ep05_d072,scenario_2_bedroom_voc_rise_ep05,scenario_2_bedroom_voc_rise,72,2026-08-01T09:36:00,A,D,84.74000000000012,5.656854249492381,12.570787221094179,0.9302382543609693,1.0,1.0,1,78.80597448992603
scenario_2_bedroom_voc_rise_ep05_d072,scenario_2_bedroom_voc_rise_ep05,scenario_2_bedroom_voc_rise,72,2026-08-01T09:36:00,B,D,84.74000000000012,4.0,8.88888888888889,0.6577777777777778,1.0,1.0,1,138.00605737827323
scenario_2_bedroom_voc_rise_ep05_d072,scenario_2_bedroom_voc_rise_ep05,scenario_2_bedroom_voc_rise,72,2026-08-01T09:36:00,C,D,84.74000000000012,4.0,8.88888888888889,0.6577777777777778,1.0,1.0,1,365.0133096698686
scenario_2_bedroom_voc_rise_ep05_d072,scenario_2_bedroom_voc_rise_ep05,scenario_2_bedroom_voc_rise,72,2026-08-01T09:36:00,D,D,84.74000000000012,0.0,0.0,0.0,0.0,1.0,1,75.51569713132426
scenario_2_bedroom_voc_rise_ep05_d075,scenario_2_bedroom_voc_rise_ep05,scenario_2_bedroom_voc_rise,75,2026-08-01T09:37:30,A,A,84.50000000000013,0.0,0.0,0.0,0.0,1.0,1,79.56256731469011
scenario_2_bedroom_voc_rise_ep05_d075,scenario_2_bedroom_voc_rise_ep05,scenario_2_bedroom_voc_rise,75,2026-08-01T09:37:30,B,A,84.50000000000013,4.0,8.88888888888889,0.6577777777777778,1.0,1.0,1,135.48987585094346
scenario_2_bedroom_voc_rise_ep05_d075,scenario_2_bedroom_voc_rise_ep05,scenario_2_bedroom_voc_rise,75,2026-08-01T09:37:30,C,A,84.50000000000013,4.0,8.88888888888889,0.6577777777777778,1.0,1.0,1,347.3723420824542
scenario_2_bedroom_voc_rise_ep05_d075,scenario_2_bedroom_voc_rise_ep05,scenario_2_bedroom_voc_rise,75,2026-08-01T09:37:30,D,A,84.50000000000013,5.656854249492381,12.570787221094179,0.9302382543609693,1.0,1.0,1,76.46895681339333
scenario_2_bedroom_voc_rise_ep05_d078,scenario_2_bedroom_voc_rise_ep05,scenario_2_bedroom_voc_rise,78,2026-08-01T09:39:00,A,C,84.26000000000013,4.0,8.88888888888889,0.6577777777777778,1.0,1.0,1,80.11268780674436
scenario_2_bedroom_voc_rise_ep05_d078,scenario_2_bedroom_voc_rise_ep05,scenario_2_bedroom_voc_rise,78,2026-08-01T09:39:00,B,C,84.26000000000013,5.656854249492381,12.570787221094179,0.9302382543609693,1.0,1.0,1,132.94794121392215
scenario_2_bedroom_voc_rise_ep05_d078,scenario_2_bedroom_voc_rise_ep05,scenario_2_bedroom_voc_rise,78,2026-08-01T09:39:00,C,C,84.26000000000013,0.0,0.0,0.0,0.0,1.0,1,330.7073440915241
scenario_2_bedroom_voc_rise_ep05_d078,scenario_2_bedroom_voc_rise_ep05,scenario_2_bedroom_voc_rise,78,2026-08-01T09:39:00,D,C,84.26000000000013,4.0,8.88888888888889,0.6577777777777778,1.0,1.0,1,77.20392917678532
scenario_2_bedroom_voc_rise_ep05_d081,scenario_2_bedroom_voc_rise_ep05,scenario_2_bedroom_voc_rise,81,2026-08-01T09:40:30,A,D,84.02000000000014,5.656854249492381,12.570787221094179,0.9302382543609693,1.0,1.0,1,80.4738614849457
scenario_2_bedroom_voc_rise_ep05_d081,scenario_2_bedroom_voc_rise_ep05,scenario_2_bedroom_voc_rise,81,2026-08-01T09:40:30,B,D,84.02000000000014,4.0,8.88888888888889,0.6577777777777778,1.0,1.0,1,130.38781346857468
scenario_2_bedroom_voc_rise_ep05_d081,scenario_2_bedroom_voc_rise_ep05,scenario_2_bedroom_voc_rise,81,2026-08-01T09:40:30,C,D,84.02000000000014,4.0,8.88888888888889,0.6577777777777778,1.0,1.0,1,314.9598527699435
scenario_2_bedroom_voc_rise_ep05_d081,scenario_2_bedroom_voc_rise_ep05,scenario_2_bedroom_voc_rise,81,2026-08-01T09:40:30,D,D,84.02000000000014,0.0,0.0,0.0,0.0,1.0,1,77.73885311577783
scenario_2_bedroom_voc_rise_ep05_d084,scenario_2_bedroom_voc_rise_ep05,scenario_2_bedroom_voc_rise,84,2026-08-01T09:42:00,A,B,83.78000000000014,4.0,8.88888888888889,0.6577777777777778,1.0,1.0,1,80.6623767889646
scenario_2_bedroom_voc_rise_ep05_d084,scenario_2_bedroom_voc_rise_ep05,scenario_2_bedroom_voc_rise,84,2026-08-01T09:42:00,B,B,83.78000000000014,0.0,0.0,0.0,0.0,1.0,1,127.81636419070969
scenario_2_bedroom_voc_rise_ep05_d084,scenario_2_bedroom_voc_rise_ep05,scenario_2_bedroom_voc_rise,84,2026-08-01T09:42:00,C,B,83.78000000000014,5.656854249492381,12.570787221094179,0.9302382543609693,1.0,1.0,1,300.0750509280921
scenario_2_bedroom_voc_rise_ep05_d084,scenario_2_bedroom_voc_rise_ep05,scenario_2_bedroom_voc_rise,84,2026-08-01T09:42:00,D,B,83.78000000000014,4.0,8.88888888888889,0.6577777777777778,1.0,1.0,1,78.0906871597897
scenario_2_bedroom_voc_rise_ep05_d087,scenario_2_bedroom_voc_rise_ep05,scenario_2_bedroom_voc_rise,87,2026-08-01T09:43:30,A,C,83.54000000000015,4.0,8.88888888888889,0.6577777777777778,1.0,1.0,1,80.69336717375336
scenario_2_bedroom_voc_rise_ep05_d087,scenario_2_bedroom_voc_rise_ep05,scenario_2_bedroom_voc_rise,87,2026-08-01T09:43:30,B,C,83.54000000000015,5.656854249492381,12.570787221094179,0.9302382543609693,1.0,1.0,1,125.23982847595789
scenario_2_bedroom_voc_rise_ep05_d087,scenario_2_bedroom_voc_rise_ep05,scenario_2_bedroom_voc_rise,87,2026-08-01T09:43:30,C,C,83.54000000000015,0.0,0.0,0.0,0.0,1.0,1,286.001535479517
scenario_2_bedroom_voc_rise_ep05_d087,scenario_2_bedroom_voc_rise_ep05,scenario_2_bedroom_voc_rise,87,2026-08-01T09:43:30,D,C,83.54000000000015,4.0,8.88888888888889,0.6577777777777778,1.0,1.0,1,78.27519420692101
scenario_2_bedroom_voc_rise_ep06_d012,scenario_2_bedroom_voc_rise_ep06,scenario_2_bedroom_voc_rise,12,2026-08-01T09:06:00,A,C,88.84000000000002,4.0,8.88888888888889,0.6577777777777778,1.0,1.0,1,23.22446532374181
scenario_2_bedroom_voc_rise_ep06_d012,scenario_2_bedroom_voc_rise_ep06,scenario_2_bedroom_voc_rise,12,2026-08-01T09:06:00,B,C,88.84000000000002,5.656854249492381,12.570787221094179,0.9302382543609693,1.0,1.0,1,72.07177979352679
scenario_2_bedroom_voc_rise_ep06_d012,scenario_2_bedroom_voc_rise_ep06,scenario_2_bedroom_voc_rise,12,2026-08-01T09:06:00,C,C,88.84000000000002,0.0,0.0,0.0,0.0,1.0,1,49.69180907634495
scenario_2_bedroom_voc_rise_ep06_d012,scenario_2_bedroom_voc_rise_ep06,scenario_2_bedroom_voc_rise,12,2026-08-01T09:06:00,D,C,88.84000000000002,4.0,8.88888888888889,0.6577777777777778,1.0,1.0,1,45.35122056400655
scenario_2_bedroom_voc_rise_ep06_d015,scenario_2_bedroom_voc_rise_ep06,scenario_2_bedroom_voc_rise,15,2026-08-01T09:07:30,A,D,88.60000000000002,5.656854249492381,12.570787221094179,0.9302382543609693,1.0,1.0,1,23.717124803439333
scenario_2_bedroom_voc_rise_ep06_d015,scenario_2_bedroom_voc_rise_ep06,scenario_2_bedroom_voc_rise,15,2026-08-01T09:07:30,B,D,88.60000000000002,4.0,8.88888888888889,0.6577777777777778,1.0,1.0,1,76.9439484601661
scenario_2_bedroom_voc_rise_ep06_d015,scenario_2_bedroom_voc_rise_ep06,scenario_2_bedroom_voc_rise,15,2026-08-01T09:07:30,C,D,88.60000000000002,4.0,8.88888888888889,0.6577777777777778,1.0,1.0,1,83.41243710671768
scenario_2_bedroom_voc_rise_ep06_d015,scenario_2_bedroom_voc_rise_ep06,scenario_2_bedroom_voc_rise,15,2026-08-01T09:07:30,D,D,88.60000000000002,0.0,0.0,0.0,0.0,1.0,1,44.37016414246989
scenario_2_bedroom_voc_rise_ep06_d018,scenario_2_bedroom_voc_rise_ep06,scenario_2_bedroom_voc_rise,18,2026-08-01T09:09:00,A,B,88.36000000000003,4.0,8.88888888888889,0.6577777777777778,1.0,1.0,1,24.81585357364054
scenario_2_bedroom_voc_rise_ep06_d018,scenario_2_bedroom_voc_rise_ep06,scenario_2_bedroom_voc_rise,18,2026-08-01T09:09:00,B,B,88.36000000000003,0.0,0.0,0.0,0.0,1.0,1,83.19037194850375
scenario_2_bedroom_voc_rise_ep06_d018,scenario_2_bedroom_voc_rise_ep06,scenario_2_bedroom_voc_rise,18,2026-08-01T09:09:00,C,B,88.36000000000003,5.656854249492381,12.570787221094179,0.9302382543609693,1.0,1.0,1,154.85054491800452
scenario_2_bedroom_voc_rise_ep06_d018,scenario_2_bedroom_voc_rise_ep06,scenario_2_bedroom_voc_rise,18,2026-08-01T09:09:00,D,B,88.36000000000003,4.0,8.88888888888889,0.6577777777777778,1.0,1.0,1,44.09275405464575
scenario_2_bedroom_voc_rise_ep06_d021,scenario_2_bedroom_voc_rise_ep06,scenario_2_bedroom_voc_rise,21,2026-08-01T09:10:30,A,C,88.12000000000003,4.0,8.88888888888889,0.6577777777777778,1.0,1.0,1,26.549088997280705
scenario_2_bedroom_voc_rise_ep06_d021,scenario_2_bedroom_voc_rise_ep06,scenario_2_bedroom_voc_rise,21,2026-08-01T09:10:30,B,C,88.12000000000003,5.656854249492381,12.570787221094179,0.9302382543609693,1.0,1.0,1,91.25741029892492
scenario_2_bedroom_voc_rise_ep06_d021,scenario_2_bedroom_voc_rise_ep06,scenario_2_bedroom_voc_rise,21,2026-08-01T09:10:30,C,C,88.12000000000003,0.0,0.0,0.0,0.0,1.0,1,241.9254134540098
scenario_2_bedroom_voc_rise_ep06_d021,scenario_2_bedroom_voc_rise_ep06,scenario_2_bedroom_voc_rise,21,2026-08-01T09:10:30,D,C,88.12000000000003,4.0,8.88888888888889,0.6577777777777778,1.0,1.0,1,44.540997929520245
scenario_2_bedroom_voc_rise_ep06_d024,scenario_2_bedroom_voc_rise_ep06,scenario_2_bedroom_voc_rise,24,2026-08-01T09:12:00,A,A,87.88000000000004,0.0,0.0,0.0,0.0,1.0,1,29.659841479823626
scenario_2_bedroom_voc_rise_ep06_d024,scenario_2_bedroom_voc_rise_ep06,scenario_2_bedroom_voc_rise,24,2026-08-01T09:12:00,B,A,87.88000000000004,4.0,8.88888888888889,0.6577777777777778,1.0,1.0,1,98.5498420140243
scenario_2_bedroom_voc_rise_ep06_d024,scenario_2_bedroom_voc_rise_ep06,scenario_2_bedroom_voc_rise,24,2026-08-01T09:12:00,C,A,87.88000000000004,4.0,8.88888888888889,0.6577777777777778,1.0,1.0,1,378.02126231534817
scenario_2_bedroom_voc_rise_ep06_d024,scenario_2_bedroom_voc_rise_ep06,scenario_2_bedroom_voc_rise,24,2026-08-01T09:12:00,D,A,87.88000000000004,5.656854249492381,12.570787221094179,0.9302382543609693,1.0,1.0,1,46.451898445194274
scenario_2_bedroom_voc_rise_ep06_d027,scenario_2_bedroom_voc_rise_ep06,scenario_2_bedroom_voc_rise,27,2026-08-01T09:13:30,A,B,87.64000000000004,4.0,8.88888888888889,0.6577777777777778,1.0,1.0,1,33.336528772191286
scenario_2_bedroom_voc_rise_ep06_d027,scenario_2_bedroom_voc_rise_ep06,scenario_2_bedroom_voc_rise,27,2026-08-01T09:13:30,B,B,87.64000000000004,0.0,0.0,0.0,0.0,1.0,1,107.72525802798214
scenario_2_bedroom_voc_rise_ep06_d027,scenario_2_bedroom_voc_rise_ep06,scenario_2_bedroom_voc_rise,27,2026-08-01T09:13:30,C,B,87.64000000000004,5.656854249492381,12.570787221094179,0.9302382543609693,1.0,1.0,1,497.72884283569624
scenario_2_bedroom_voc_rise_ep06_d027,scenario_2_bedroom_voc_rise_ep06,scenario_2_bedroom_voc_rise,27,2026-08-01T09:13:30,D,B,87.64000000000004,4.0,8.88888888888889,0.6577777777777778,1.0,1.0,1,49.00826002481972
scenario_2_bedroom_voc_rise_ep06_d030,scenario_2_bedroom_voc_rise_ep06,scenario_2_bedroom_voc_rise,30,2026-08-01T09:15:00,A,D,87.40000000000005,5.656854249492381,12.570787221094179,0.9302382543609693,1.0,1.0,1,37.92443083558646
scenario_2_bedroom_voc_rise_ep06_d030,scenario_2_bedroom_voc_rise_ep06,scenario_2_bedroom_voc_rise,30,2026-08-01T09:15:00,B,D,87.40000000000005,4.0,8.88888888888889,0.6577777777777778,1.0,1.0,1,116.06064179654504
scenario_2_bedroom_voc_rise_ep06_d030,scenario_2_bedroom_voc_rise_ep06,scenario_2_bedroom_voc_rise,30,2026-08-01T09:15:00,C,D,87.40000000000005,4.0,8.88888888888889,0.6577777777777778,1.0,1.0,1,604.1490187825314
scenario_2_bedroom_voc_rise_ep06_d030,scenario_2_bedroom_voc_rise_ep06,scenario_2_bedroom_voc_rise,30,2026-08-01T09:15:00,D,D,87.40000000000005,0.0,0.0,0.0,0.0,1.0,1,52.55011789549599
scenario_2_bedroom_voc_rise_ep06_d033,scenario_2_bedroom_voc_rise_ep06,scenario_2_bedroom_voc_rise,33,2026-08-01T09:16:30,A,A,87.16000000000005,0.0,0.0,0.0,0.0,1.0,1,42.962555027452936
scenario_2_bedroom_voc_rise_ep06_d033,scenario_2_bedroom_voc_rise_ep06,scenario_2_bedroom_voc_rise,33,2026-08-01T09:16:30,B,A,87.16000000000005,4.0,8.88888888888889,0.6577777777777778,1.0,1.0,1,124.42787767605091
scenario_2_bedroom_voc_rise_ep06_d033,scenario_2_bedroom_voc_rise_ep06,scenario_2_bedroom_voc_rise,33,2026-08-01T09:16:30,C,A,87.16000000000005,4.0,8.88888888888889,0.6577777777777778,1.0,1.0,1,657.4724465586692
scenario_2_bedroom_voc_rise_ep06_d033,scenario_2_bedroom_voc_rise_ep06,scenario_2_bedroom_voc_rise,33,2026-08-01T09:16:30,D,A,87.16000000000005,5.656854249492381,12.570787221094179,0.9302382543609693,1.0,1.0,1,56.61157915212175
scenario_2_bedroom_voc_rise_ep06_d036,scenario_2_bedroom_voc_rise_ep06,scenario_2_bedroom_voc_rise,36,2026-08-01T09:18:00,A,C,86.92000000000006,4.0,8.88888888888889,0.6577777777777778,1.0,1.0,1,48.175140229682256
scenario_2_bedroom_voc_rise_ep06_d036,scenario_2_bedroom_voc_rise_ep06,scenario_2_bedroom_voc_rise,36,2026-08-01T09:18:00,B,C,86.92000000000006,5.656854249492381,12.570787221094179,0.9302382543609693,1.0,1.0,1,133.54796539765812
scenario_2_bedroom_voc_rise_ep06_d036,scenario_2_bedroom_voc_rise_ep06,scenario_2_bedroom_voc_rise,36,2026-08-01T09:18:00,C,C,86.92000000000006,0.0,0.0,0.0,0.0,1.0,1,658.0205050988002
scenario_2_bedroom_voc_rise_ep06_d036,scenario_2_bedroom_voc_rise_ep06,scenario_2_bedroom_voc_rise,36,2026-08-01T09:18:00,D,C,86.92000000000006,4.0,8.88888888888889,0.6577777777777778,1.0,1.0,1,60.912304337719206
scenario_2_bedroom_voc_rise_ep06_d039,scenario_2_bedroom_voc_rise_ep06,scenario_2_bedroom_voc_rise,39,2026-08-01T09:19:30,A,D,86.68000000000006,5.656854249492381,12.570787221094179,0.9302382543609693,1.0,1.0,1,53.04596768771876
scenario_2_bedroom_voc_rise_ep06_d039,scenario_2_bedroom_voc_rise_ep06,scenario_2_bedroom_voc_rise,39,2026-08-01T09:19:30,B,D,86.68000000000006,4.0,8.88888888888889,0.6577777777777778,1.0,1.0,1,142.17328227282246
scenario_2_bedroom_voc_rise_ep06_d039,scenario_2_bedroom_voc_rise_ep06,scenario_2_bedroom_voc_rise,39,2026-08-01T09:19:30,C,D,86.68000000000006,4.0,8.88888888888889,0.6577777777777778,1.0,1.0,1,623.7371761354993
scenario_2_bedroom_voc_rise_ep06_d039,scenario_2_bedroom_voc_rise_ep06,scenario_2_bedroom_voc_rise,39,2026-08-01T09:19:30,D,D,86.68000000000006,0.0,0.0,0.0,0.0,1.0,1,64.93179720637022
scenario_2_bedroom_voc_rise_ep06_d042,scenario_2_bedroom_voc_rise_ep06,scenario_2_bedroom_voc_rise,42,2026-08-01T09:21:00,A,B,86.44000000000007,4.0,8.88888888888889,0.6577777777777778,1.0,1.0,1,57.42976405696777
scenario_2_bedroom_voc_rise_ep06_d042,scenario_2_bedroom_voc_rise_ep06,scenario_2_bedroom_voc_rise,42,2026-08-01T09:21:00,B,B,86.44000000000007,0.0,0.0,0.0,0.0,1.0,1,148.53864664151865
scenario_2_bedroom_voc_rise_ep06_d042,scenario_2_bedroom_voc_rise_ep06,scenario_2_bedroom_voc_rise,42,2026-08-01T09:21:00,C,B,86.44000000000007,5.656854249492381,12.570787221094179,0.9302382543609693,1.0,1.0,1,591.4807031366627
scenario_2_bedroom_voc_rise_ep06_d042,scenario_2_bedroom_voc_rise_ep06,scenario_2_bedroom_voc_rise,42,2026-08-01T09:21:00,D,B,86.44000000000007,4.0,8.88888888888889,0.6577777777777778,1.0,1.0,1,68.52078806933673
scenario_2_bedroom_voc_rise_ep06_d045,scenario_2_bedroom_voc_rise_ep06,scenario_2_bedroom_voc_rise,45,2026-08-01T09:22:30,A,C,86.20000000000007,4.0,8.88888888888889,0.6577777777777778,1.0,1.0,1,61.39907864794509
scenario_2_bedroom_voc_rise_ep06_d045,scenario_2_bedroom_voc_rise_ep06,scenario_2_bedroom_voc_rise,45,2026-08-01T09:22:30,B,C,86.20000000000007,5.656854249492381,12.570787221094179,0.9302382543609693,1.0,1.0,1,155.01728658770526
scenario_2_bedroom_voc_rise_ep06_d045,scenario_2_bedroom_voc_rise_ep06,scenario_2_bedroom_voc_rise,45,2026-08-01T09:22:30,C,C,86.20000000000007,0.0,0.0,0.0,0.0,1.0,1,561.162228509932
scenario_2_bedroom_voc_rise_ep06_d045,scenario_2_bedroom_voc_rise_ep06,scenario_2_bedroom_voc_rise,45,2026-08-01T09:22:30,D,C,86.20000000000007,4.0,8.88888888888889,0.6577777777777778,1.0,1.0,1,71.74809262623717
scenario_2_bedroom_voc_rise_ep06_d048,scenario_2_bedroom_voc_rise_ep06,scenario_2_bedroom_voc_rise,48,2026-08-01T09:24:00,A,A,85.96000000000008,0.0,0.0,0.0,0.0,1.0,1,64.98036204781693
scenario_2_bedroom_voc_rise_ep06_d048,scenario_2_bedroom_voc_rise_ep06,scenario_2_bedroom_voc_rise,48,2026-08-01T09:24:00,B,A,85.96000000000008,4.0,8.88888888888889,0.6577777777777778,1.0,1.0,1,160.4674544556501
scenario_2_bedroom_voc_rise_ep06_d048,scenario_2_bedroom_voc_rise_ep06,scenario_2_bedroom_voc_rise,48,2026-08-01T09:24:00,C,A,85.96000000000008,4.0,8.88888888888889,0.6577777777777778,1.0,1.0,1,532.6571594235409
scenario_2_bedroom_voc_rise_ep06_d048,scenario_2_bedroom_voc_rise_ep06,scenario_2_bedroom_voc_rise,48,2026-08-01T09:24:00,D,A,85.96000000000008,5.656854249492381,12.570787221094179,0.9302382543609693,1.0,1.0,1,74.63667337508764
scenario_2_bedroom_voc_rise_ep06_d051,scenario_2_bedroom_voc_rise_ep06,scenario_2_bedroom_voc_rise,51,2026-08-01T09:25:30,A,B,85.72000000000008,4.0,8.88888888888889,0.6577777777777778,1.0,1.0,1,68.16597549209223
scenario_2_bedroom_voc_rise_ep06_d051,scenario_2_bedroom_voc_rise_ep06,scenario_2_bedroom_voc_rise,51,2026-08-01T09:25:30,B,B,85.72000000000008,0.0,0.0,0.0,0.0,1.0,1,163.4870204458307
scenario_2_bedroom_voc_rise_ep06_d051,scenario_2_bedroom_voc_rise_ep06,scenario_2_bedroom_voc_rise,51,2026-08-01T09:25:30,C,B,85.72000000000008,5.656854249492381,12.570787221094179,0.9302382543609693,1.0,1.0,1,505.8165117580618
scenario_2_bedroom_voc_rise_ep06_d051,scenario_2_bedroom_voc_rise_ep06,scenario_2_bedroom_voc_rise,51,2026-08-01T09:25:30,D,B,85.72000000000008,4.0,8.88888888888889,0.6577777777777778,1.0,1.0,1,77.17563289667942
scenario_2_bedroom_voc_rise_ep06_d054,scenario_2_bedroom_voc_rise_ep06,scenario_2_bedroom_voc_rise,54,2026-08-01T09:27:00,A,D,85.48000000000009,5.656854249492381,12.570787221094179,0.9302382543609693,1.0,1.0,1,71.01367712571437
scenario_2_bedroom_voc_rise_ep06_d054,scenario_2_bedroom_voc_rise_ep06,scenario_2_bedroom_voc_rise,54,2026-08-01T09:27:00,B,D,85.48000000000009,4.0,8.88888888888889,0.6577777777777778,1.0,1.0,1,165.90225985303368
scenario_2_bedroom_voc_rise_ep06_d054,scenario_2_bedroom_voc_rise_ep06,scenario_2_bedroom_voc_rise,54,2026-08-01T09:27:00,C,D,85.48000000000009,4.0,8.88888888888889,0.6577777777777778,1.0,1.0,1,480.5657736734795
scenario_2_bedroom_voc_rise_ep06_d054,scenario_2_bedroom_voc_rise_ep06,scenario_2_bedroom_voc_rise,54,2026-08-01T09:27:00,D,D,85.48000000000009,0.0,0.0,0.0,0.0,1.0,1,79.41968507927459
scenario_2_bedroom_voc_rise_ep06_d057,scenario_2_bedroom_voc_rise_ep06,scenario_2_bedroom_voc_rise,57,2026-08-01T09:28:30,A,A,85.2400000000001,0.0,0.0,0.0,0.0,1.0,1,73.49972832889966
scenario_2_bedroom_voc_rise_ep06_d057,scenario_2_bedroom_voc_rise_ep06,scenario_2_bedroom_voc_rise,57,2026-08-01T09:28:30,B,A,85.2400000000001,4.0,8.88888888888889,0.6577777777777778,1.0,1.0,1,165.8366290521726
scenario_2_bedroom_voc_rise_ep06_d057,scenario_2_bedroom_voc_rise_ep06,scenario_2_bedroom_voc_rise,57,2026-08-01T09:28:30,C,A,85.2400000000001,4.0,8.88888888888889,0.6577777777777778,1.0,1.0,1,456.7574292234892
scenario_2_bedroom_voc_rise_ep06_d057,scenario_2_bedroom_voc_rise_ep06,scenario_2_bedroom_voc_rise,57,2026-08-01T09:28:30,D,A,85.2400000000001,5.656854249492381,12.570787221094179,0.9302382543609693,1.0,1.0,1,81.34224739051751
scenario_2_bedroom_voc_rise_ep06_d060,scenario_2_bedroom_voc_rise_ep06,scenario_2_bedroom_voc_rise,60,2026-08-01T09:30:00,A,C,85.0000000000001,4.0,8.88888888888889,0.6577777777777778,1.0,1.0,1,75.65191260697861
scenario_2_bedroom_voc_rise_ep06_d060,scenario_2_bedroom_voc_rise_ep06,scenario_2_bedroom_voc_rise,60,2026-08-01T09:30:00,B,C,85.0000000000001,5.656854249492381,12.570787221094179,0.9302382543609693,1.0,1.0,1,163.76890805251855
scenario_2_bedroom_voc_rise_ep06_d060,scenario_2_bedroom_voc_rise_ep06,scenario_2_bedroom_voc_rise,60,2026-08-01T09:30:00,C,C,85.0000000000001,0.0,0.0,0.0,0.0,1.0,1,434.3034319490455
scenario_2_bedroom_voc_rise_ep06_d060,scenario_2_bedroom_voc_rise_ep06,scenario_2_bedroom_voc_rise,60,2026-08-01T09:30:00,D,C,85.0000000000001,4.0,8.88888888888889,0.6577777777777778,1.0,1.0,1,82.96844663172396
scenario_2_bedroom_voc_rise_ep06_d063,scenario_2_bedroom_voc_rise_ep06,scenario_2_bedroom_voc_rise,63,2026-08-01T09:31:30,A,D,84.7600000000001,5.656854249492381,12.570787221094179,0.9302382543609693,1.0,1.0,1,77.48902659981923
scenario_2_bedroom_voc_rise_ep06_d063,scenario_2_bedroom_voc_rise_ep06,scenario_2_bedroom_voc_rise,63,2026-08-01T09:31:30,B,D,84.7600000000001,4.0,8.88888888888889,0.6577777777777778,1.0,1.0,1,160.6174027938407
scenario_2_bedroom_voc_rise_ep06_d063,scenario_2_bedroom_voc_rise_ep06,scenario_2_bedroom_voc_rise,63,2026-08-01T09:31:30,C,D,84.7600000000001,4.0,8.88888888888889,0.6577777777777778,1.0,1.0,1,413.114185604318
scenario_2_bedroom_voc_rise_ep06_d063,scenario_2_bedroom_voc_rise_ep06,scenario_2_bedroom_voc_rise,63,2026-08-01T09:31:30,D,D,84.7600000000001,0.0,0.0,0.0,0.0,1.0,1,84.31459767035108
scenario_2_bedroom_voc_rise_ep06_d066,scenario_2_bedroom_voc_rise_ep06,scenario_2_bedroom_voc_rise,66,2026-08-01T09:33:00,A,B,84.52000000000011,4.0,8.88888888888889,0.6577777777777778,1.0,1.0,1,79.02783911252595
scenario_2_bedroom_voc_rise_ep06_d066,scenario_2_bedroom_voc_rise_ep06,scenario_2_bedroom_voc_rise,66,2026-08-01T09:33:00,B,B,84.52000000000011,0.0,0.0,0.0,0.0,1.0,1,157.45064407222162
scenario_2_bedroom_voc_rise_ep06_d066,scenario_2_bedroom_voc_rise_ep06,scenario_2_bedroom_voc_rise,66,2026-08-01T09:33:00,C,B,84.52000000000011,5.656854249492381,12.570787221094179,0.9302382543609693,1.0,1.0,1,393.1050256685778
scenario_2_bedroom_voc_rise_ep06_d066,scenario_2_bedroom_voc_rise_ep06,scenario_2_bedroom_voc_rise,66,2026-08-01T09:33:00,D,B,84.52000000000011,4.0,8.88888888888889,0.6577777777777778,1.0,1.0,1,85.39515099630398
scenario_2_bedroom_voc_rise_ep06_d069,scenario_2_bedroom_voc_rise_ep06,scenario_2_bedroom_voc_rise,69,2026-08-01T09:34:30,A,C,84.28000000000011,4.0,8.88888888888889,0.6577777777777778,1.0,1.0,1,80.29232760239756
scenario_2_bedroom_voc_rise_ep06_d069,scenario_2_bedroom_voc_rise_ep06,scenario_2_bedroom_voc_rise,69,2026-08-01T09:34:30,B,C,84.28000000000011,5.656854249492381,12.570787221094179,0.9302382543609693,1.0,1.0,1,154.27651012036586
scenario_2_bedroom_voc_rise_ep06_d069,scenario_2_bedroom_voc_rise_ep06,scenario_2_bedroom_voc_rise,69,2026-08-01T09:34:30,C,C,84.28000000000011,0.0,0.0,0.0,0.0,1.0,1,374.2050089752081
scenario_2_bedroom_voc_rise_ep06_d069,scenario_2_bedroom_voc_rise_ep06,scenario_2_bedroom_voc_rise,69,2026-08-01T09:34:30,D,C,84.28000000000011,4.0,8.88888888888889,0.6577777777777778,1.0,1.0,1,86.23191848475471
scenario_2_bedroom_voc_rise_ep06_d072,scenario_2_bedroom_voc_rise_ep06,scenario_2_bedroom_voc_rise,72,2026-08-01T09:36:00,A,A,84.04000000000012,0.0,0.0,0.0,0.0,1.0,1,81.30480596048665
scenario_2_bedroom_voc_rise_ep06_d072,scenario_2_bedroom_voc_rise_ep06,scenario_2_bedroom_voc_rise,72,2026-08-01T09:36:00,B,A,84.04000000000012,4.0,8.88888888888889,0.6577777777777778,1.0,1.0,1,151.10213378258027
scenario_2_bedroom_voc_rise_ep06_d072,scenario_2_bedroom_voc_rise_ep06,scenario_2_bedroom_voc_rise,72,2026-08-01T09:36:00,C,A,84.04000000000012,4.0,8.88888888888889,0.6577777777777778,1.0,1.0,1,356.34762332746914
scenario_2_bedroom_voc_rise_ep06_d072,scenario_2_bedroom_voc_rise_ep06,scenario_2_bedroom_voc_rise,72,2026-08-01T09:36:00,D,A,84.04000000000012,5.656854249492381,12.570787221094179,0.9302382543609693,1.0,1.0,1,86.84519115490662
scenario_2_bedroom_voc_rise_ep06_d075,scenario_2_bedroom_voc_rise_ep06,scenario_2_bedroom_voc_rise,75,2026-08-01T09:37:30,A,B,83.80000000000013,4.0,8.88888888888889,0.6577777777777778,1.0,1.0,1,82.0860341539692
scenario_2_bedroom_voc_rise_ep06_d075,scenario_2_bedroom_voc_rise_ep06,scenario_2_bedroom_voc_rise,75,2026-08-01T09:37:30,B,B,83.80000000000013,0.0,0.0,0.0,0.0,1.0,1,147.93395963500507
scenario_2_bedroom_voc_rise_ep06_d075,scenario_2_bedroom_voc_rise_ep06,scenario_2_bedroom_voc_rise,75,2026-08-01T09:37:30,C,B,83.80000000000013,5.656854249492381,12.570787221094179,0.9302382543609693,1.0,1.0,1,339.4705058248893
scenario_2_bedroom_voc_rise_ep06_d075,scenario_2_bedroom_voc_rise_ep06,scenario_2_bedroom_voc_rise,75,2026-08-01T09:37:30,D,B,83.80000000000013,4.0,8.88888888888889,0.6577777777777778,1.0,1.0,1,87.25383944513396
scenario_2_bedroom_voc_rise_ep06_d078,scenario_2_bedroom_voc_rise_ep06,scenario_2_bedroom_voc_rise,78,2026-08-01T09:39:00,A,D,83.56000000000013,5.656854249492381,12.570787221094179,0.9302382543609693,1.0,1.0,1,82.65532078765477
scenario_2_bedroom_voc_rise_ep06_d078,scenario_2_bedroom_voc_rise_ep06,scenario_2_bedroom_voc_rise,78,2026-08-01T09:39:00,B,D,83.56000000000013,4.0,8.88888888888889,0.6577777777777778,1.0,1.0,1,144.77779703919919
scenario_2_bedroom_voc_rise_ep06_d078,scenario_2_bedroom_voc_rise_ep06,scenario_2_bedroom_voc_rise,78,2026-08-01T09:39:00,C,D,83.56000000000013,4.0,8.88888888888889,0.6577777777777778,1.0,1.0,1,323.51517923466395
scenario_2_bedroom_voc_rise_ep06_d078,scenario_2_bedroom_voc_rise_ep06,scenario_2_bedroom_voc_rise,78,2026-08-01T09:39:00,D,D,83.56000000000013,0.0,0.0,0.0,0.0,1.0,1,87.47540702010929
scenario_2_bedroom_voc_rise_ep06_d081,scenario_2_bedroom_voc_rise_ep06,scenario_2_bedroom_voc_rise,81,2026-08-01T09:40:30,A,A,83.32000000000014,0.0,0.0,0.0,0.0,1.0,1,83.03061903824323
scenario_2_bedroom_voc_rise_ep06_d081,scenario_2_bedroom_voc_rise_ep06,scenario_2_bedroom_voc_rise,81,2026-08-01T09:40:30,B,A,83.32000000000014,4.0,8.88888888888889,0.6577777777777778,1.0,1.0,1,141.6388694090581
scenario_2_bedroom_voc_rise_ep06_d081,scenario_2_bedroom_voc_rise_ep06,scenario_2_bedroom_voc_rise,81,2026-08-01T09:40:30,C,A,83.32000000000014,4.0,8.88888888888889,0.6577777777777778,1.0,1.0,1,308.4268052482804
scenario_2_bedroom_voc_rise_ep06_d081,scenario_2_bedroom_voc_rise_ep06,scenario_2_bedroom_voc_rise,81,2026-08-01T09:40:30,D,A,83.32000000000014,5.656854249492381,12.570787221094179,0.9302382543609693,1.0,1.0,1,87.52619852350131
scenario_2_bedroom_voc_rise_ep06_d084,scenario_2_bedroom_voc_rise_ep06,scenario_2_bedroom_voc_rise,84,2026-08-01T09:42:00,A,C,83.08000000000014,4.0,8.88888888888889,0.6577777777777778,1.0,1.0,1,83.22861638589256
scenario_2_bedroom_voc_rise_ep06_d084,scenario_2_bedroom_voc_rise_ep06,scenario_2_bedroom_voc_rise,84,2026-08-01T09:42:00,B,C,83.08000000000014,5.656854249492381,12.570787221094179,0.9302382543609693,1.0,1.0,1,138.5218599520931
scenario_2_bedroom_voc_rise_ep06_d084,scenario_2_bedroom_voc_rise_ep06,scenario_2_bedroom_voc_rise,84,2026-08-01T09:42:00,C,C,83.08000000000014,0.0,0.0,0.0,0.0,1.0,1,294.1539535382734
scenario_2_bedroom_voc_rise_ep06_d084,scenario_2_bedroom_voc_rise_ep06,scenario_2_bedroom_voc_rise,84,2026-08-01T09:42:00,D,C,83.08000000000014,4.0,8.88888888888889,0.6577777777777778,1.0,1.0,1,87.42136166344858
scenario_2_bedroom_voc_rise_ep06_d087,scenario_2_bedroom_voc_rise_ep06,scenario_2_bedroom_voc_rise,87,2026-08-01T09:43:30,A,D,82.84000000000015,5.656854249492381,12.570787221094179,0.9302382543609693,1.0,1.0,1,83.26481854059148
scenario_2_bedroom_voc_rise_ep06_d087,scenario_2_bedroom_voc_rise_ep06,scenario_2_bedroom_voc_rise,87,2026-08-01T09:43:30,B,D,82.84000000000015,4.0,8.88888888888889,0.6577777777777778,1.0,1.0,1,135.43095412845219
scenario_2_bedroom_voc_rise_ep06_d087,scenario_2_bedroom_voc_rise_ep06,scenario_2_bedroom_voc_rise,87,2026-08-01T09:43:30,C,D,82.84000000000015,4.0,8.88888888888889,0.6577777777777778,1.0,1.0,1,280.6483855997899
scenario_2_bedroom_voc_rise_ep06_d087,scenario_2_bedroom_voc_rise_ep06,scenario_2_bedroom_voc_rise,87,2026-08-01T09:43:30,D,D,82.84000000000015,0.0,0.0,0.0,0.0,1.0,1,87.17496399336005
scenario_2_bedroom_voc_rise_ep07_d012,scenario_2_bedroom_voc_rise_ep07,scenario_2_bedroom_voc_rise,12,2026-08-01T09:06:00,A,D,88.14000000000001,5.656854249492381,12.570787221094179,0.9302382543609693,1.0,1.0,1,43.41087042040692
scenario_2_bedroom_voc_rise_ep07_d012,scenario_2_bedroom_voc_rise_ep07,scenario_2_bedroom_voc_rise,12,2026-08-01T09:06:00,B,D,88.14000000000001,4.0,8.88888888888889,0.6577777777777778,1.0,1.0,1,59.5748794271982
scenario_2_bedroom_voc_rise_ep07_d012,scenario_2_bedroom_voc_rise_ep07,scenario_2_bedroom_voc_rise,12,2026-08-01T09:06:00,C,D,88.14000000000001,4.0,8.88888888888889,0.6577777777777778,1.0,1.0,1,35.40773573379357
scenario_2_bedroom_voc_rise_ep07_d012,scenario_2_bedroom_voc_rise_ep07,scenario_2_bedroom_voc_rise,12,2026-08-01T09:06:00,D,D,88.14000000000001,0.0,0.0,0.0,0.0,1.0,1,18.803037740937327
scenario_2_bedroom_voc_rise_ep07_d015,scenario_2_bedroom_voc_rise_ep07,scenario_2_bedroom_voc_rise,15,2026-08-01T09:07:30,A,A,87.90000000000002,0.0,0.0,0.0,0.0,1.0,1,42.30782191181925
scenario_2_bedroom_voc_rise_ep07_d015,scenario_2_bedroom_voc_rise_ep07,scenario_2_bedroom_voc_rise,15,2026-08-01T09:07:30,B,A,87.90000000000002,4.0,8.88888888888889,0.6577777777777778,1.0,1.0,1,66.17219921955422
scenario_2_bedroom_voc_rise_ep07_d015,scenario_2_bedroom_voc_rise_ep07,scenario_2_bedroom_voc_rise,15,2026-08-01T09:07:30,C,A,87.90000000000002,4.0,8.88888888888889,0.6577777777777778,1.0,1.0,1,68.07211940073506
scenario_2_bedroom_voc_rise_ep07_d015,scenario_2_bedroom_voc_rise_ep07,scenario_2_bedroom_voc_rise,15,2026-08-01T09:07:30,D,A,87.90000000000002,5.656854249492381,12.570787221094179,0.9302382543609693,1.0,1.0,1,19.263475746752988
scenario_2_bedroom_voc_rise_ep07_d018,scenario_2_bedroom_voc_rise_ep07,scenario_2_bedroom_voc_rise,18,2026-08-01T09:09:00,A,C,87.66000000000003,4.0,8.88888888888889,0.6577777777777778,1.0,1.0,1,41.90626634452747
scenario_2_bedroom_voc_rise_ep07_d018,scenario_2_bedroom_voc_rise_ep07,scenario_2_bedroom_voc_rise,18,2026-08-01T09:09:00,B,C,87.66000000000003,5.656854249492381,12.570787221094179,0.9302382543609693,1.0,1.0,1,73.30193102241685
scenario_2_bedroom_voc_rise_ep07_d018,scenario_2_bedroom_voc_rise_ep07,scenario_2_bedroom_voc_rise,18,2026-08-01T09:09:00,C,C,87.66000000000003,0.0,0.0,0.0,0.0,1.0,1,140.9176938580215
scenario_2_bedroom_voc_rise_ep07_d018,scenario_2_bedroom_voc_rise_ep07,scenario_2_bedroom_voc_rise,18,2026-08-01T09:09:00,D,C,87.66000000000003,4.0,8.88888888888889,0.6577777777777778,1.0,1.0,1,20.325937730332043
scenario_2_bedroom_voc_rise_ep07_d021,scenario_2_bedroom_voc_rise_ep07,scenario_2_bedroom_voc_rise,21,2026-08-01T09:10:30,A,D,87.42000000000003,5.656854249492381,12.570787221094179,0.9302382543609693,1.0,1.0,1,42.07252106111605
scenario_2_bedroom_voc_rise_ep07_d021,scenario_2_bedroom_voc_rise_ep07,scenario_2_bedroom_voc_rise,21,2026-08-01T09:10:30,B,D,87.42000000000003,4.0,8.88888888888889,0.6577777777777778,1.0,1.0,1,79.35956971173744
scenario_2_bedroom_voc_rise_ep07_d021,scenario_2_bedroom_voc_rise_ep07,scenario_2_bedroom_voc_rise,21,2026-08-01T09:10:30,C,D,87.42000000000003,4.0,8.88888888888889,0.6577777777777778,1.0,1.0,1,220.12961301572545
scenario_2_bedroom_voc_rise_ep07_d021,scenario_2_bedroom_voc_rise_ep07,scenario_2_bedroom_voc_rise,21,2026-08-01T09:10:30,D,D,87.42000000000003,0.0,0.0,0.0,0.0,1.0,1,21.863076623095367
scenario_2_bedroom_voc_rise_ep07_d024,scenario_2_bedroom_voc_rise_ep07,scenario_2_bedroom_voc_rise,24,2026-08-01T09:12:00,A,B,87.18000000000004,4.0,8.88888888888889,0.6577777777777778,1.0,1.0,1,43.77483787830738
scenario_2_bedroom_voc_rise_ep07_d024,scenario_2_bedroom_voc_rise_ep07,scenario_2_bedroom_voc_rise,24,2026-08-01T09:12:00,B,B,87.18000000000004,0.0,0.0,0.0,0.0,1.0,1,87.45582866829227
scenario_2_bedroom_voc_rise_ep07_d024,scenario_2_bedroom_voc_rise_ep07,scenario_2_bedroom_voc_rise,24,2026-08-01T09:12:00,C,B,87.18000000000004,5.656854249492381,12.570787221094179,0.9302382543609693,1.0,1.0,1,351.3389983898219
scenario_2_bedroom_voc_rise_ep07_d024,scenario_2_bedroom_voc_rise_ep07,scenario_2_bedroom_voc_rise,24,2026-08-01T09:12:00,D,B,87.18000000000004,4.0,8.88888888888889,0.6577777777777778,1.0,1.0,1,24.84907587623161
scenario_2_bedroom_voc_rise_ep07_d027,scenario_2_bedroom_voc_rise_ep07,scenario_2_bedroom_voc_rise,27,2026-08-01T09:13:30,A,C,86.94000000000004,4.0,8.88888888888889,0.6577777777777778,1.0,1.0,1,46.734083386408884
scenario_2_bedroom_voc_rise_ep07_d027,scenario_2_bedroom_voc_rise_ep07,scenario_2_bedroom_voc_rise,27,2026-08-01T09:13:30,B,C,86.94000000000004,5.656854249492381,12.570787221094179,0.9302382543609693,1.0,1.0,1,95.72487946740466
scenario_2_bedroom_voc_rise_ep07_d027,scenario_2_bedroom_voc_rise_ep07,scenario_2_bedroom_voc_rise,27,2026-08-01T09:13:30,C,C,86.94000000000004,0.0,0.0,0.0,0.0,1.0,1,499.57686887253556
scenario_2_bedroom_voc_rise_ep07_d027,scenario_2_bedroom_voc_rise_ep07,scenario_2_bedroom_voc_rise,27,2026-08-01T09:13:30,D,C,86.94000000000004,4.0,8.88888888888889,0.6577777777777778,1.0,1.0,1,29.010355539367993
scenario_2_bedroom_voc_rise_ep07_d030,scenario_2_bedroom_voc_rise_ep07,scenario_2_bedroom_voc_rise,30,2026-08-01T09:15:00,A,A,86.70000000000005,0.0,0.0,0.0,0.0,1.0,1,49.20204862463129
scenario_2_bedroom_voc_rise_ep07_d030,scenario_2_bedroom_voc_rise_ep07,scenario_2_bedroom_voc_rise,30,2026-08-01T09:15:00,B,A,86.70000000000005,4.0,8.88888888888889,0.6577777777777778,1.0,1.0,1,103.50179753202019
scenario_2_bedroom_voc_rise_ep07_d030,scenario_2_bedroom_voc_rise_ep07,scenario_2_bedroom_voc_rise,30,2026-08-01T09:15:00,C,A,86.70000000000005,4.0,8.88888888888889,0.6577777777777778,1.0,1.0,1,563.2745779267623
scenario_2_bedroom_voc_rise_ep07_d030,scenario_2_bedroom_voc_rise_ep07,scenario_2_bedroom_voc_rise,30,2026-08-01T09:15:00,D,A,86.70000000000005,5.656854249492381,12.570787221094179,0.9302382543609693,1.0,1.0,1,32.603906068655306
scenario_2_bedroom_voc_rise_ep07_d033,scenario_2_bedroom_voc_rise_ep07,scenario_2_bedroom_voc_rise,33,2026-08-01T09:16:30,A,B,86.46000000000005,4.0,8.88888888888889,0.6577777777777778,1.0,1.0,1,53.995485845448684
scenario_2_bedroom_voc_rise_ep07_d033,scenario_2_bedroom_voc_rise_ep07,scenario_2_bedroom_voc_rise,33,2026-08-01T09:16:30,B,B,86.46000000000005,0.0,0.0,0.0,0.0,1.0,1,114.52201941552084
scenario_2_bedroom_voc_rise_ep07_d033,scenario_2_bedroom_voc_rise_ep07,scenario_2_bedroom_voc_rise,33,2026-08-01T09:16:30,C,B,86.46000000000005,5.656854249492381,12.570787221094179,0.9302382543609693,1.0,1.0,1,649.1948214007289
scenario_2_bedroom_voc_rise_ep07_d033,scenario_2_bedroom_voc_rise_ep07,scenario_2_bedroom_voc_rise,33,2026-08-01T09:16:30,D,B,86.46000000000005,4.0,8.88888888888889,0.6577777777777778,1.0,1.0,1,38.45134768265939
scenario_2_bedroom_voc_rise_ep07_d036,scenario_2_bedroom_voc_rise_ep07,scenario_2_bedroom_voc_rise,36,2026-08-01T09:18:00,A,D,86.22000000000006,5.656854249492381,12.570787221094179,0.9302382543609693,1.0,1.0,1,58.973259360931934
scenario_2_bedroom_voc_rise_ep07_d036,scenario_2_bedroom_voc_rise_ep07,scenario_2_bedroom_voc_rise,36,2026-08-01T09:18:00,B,D,86.22000000000006,4.0,8.88888888888889,0.6577777777777778,1.0,1.0,1,123.86260349402801
scenario_2_bedroom_voc_rise_ep07_d036,scenario_2_bedroom_voc_rise_ep07,scenario_2_bedroom_voc_rise,36,2026-08-01T09:18:00,C,D,86.22000000000006,4.0,8.88888888888889,0.6577777777777778,1.0,1.0,1,675.8544488271534
scenario_2_bedroom_voc_rise_ep07_d036,scenario_2_bedroom_voc_rise_ep07,scenario_2_bedroom_voc_rise,36,2026-08-01T09:18:00,D,D,86.22000000000006,0.0,0.0,0.0,0.0,1.0,1,44.41610235748294
scenario_2_bedroom_voc_rise_ep07_d039,scenario_2_bedroom_voc_rise_ep07,scenario_2_bedroom_voc_rise,39,2026-08-01T09:19:30,A,A,85.98000000000006,0.0,0.0,0.0,0.0,1.0,1,63.13741949823566
scenario_2_bedroom_voc_rise_ep07_d039,scenario_2_bedroom_voc_rise_ep07,scenario_2_bedroom_voc_rise,39,2026-08-01T09:19:30,B,A,85.98000000000006,4.0,8.88888888888889,0.6577777777777778,1.0,1.0,1,132.8611033440077
scenario_2_bedroom_voc_rise_ep07_d039,scenario_2_bedroom_voc_rise_ep07,scenario_2_bedroom_voc_rise,39,2026-08-01T09:19:30,C,A,85.98000000000006,4.0,8.88888888888889,0.6577777777777778,1.0,1.0,1,640.418755341723
scenario_2_bedroom_voc_rise_ep07_d039,scenario_2_bedroom_voc_rise_ep07,scenario_2_bedroom_voc_rise,39,2026-08-01T09:19:30,D,A,85.98000000000006,5.656854249492381,12.570787221094179,0.9302382543609693,1.0,1.0,1,49.5044875805263
scenario_2_bedroom_voc_rise_ep07_d042,scenario_2_bedroom_voc_rise_ep07,scenario_2_bedroom_voc_rise,42,2026-08-01T09:21:00,A,C,85.74000000000007,4.0,8.88888888888889,0.6577777777777778,1.0,1.0,1,66.87559357168175
scenario_2_bedroom_voc_rise_ep07_d042,scenario_2_bedroom_voc_rise_ep07,scenario_2_bedroom_voc_rise,42,2026-08-01T09:21:00,B,C,85.74000000000007,5.656854249492381,12.570787221094179,0.9302382543609693,1.0,1.0,1,140.0626371411588
scenario_2_bedroom_voc_rise_ep07_d042,scenario_2_bedroom_voc_rise_ep07,scenario_2_bedroom_voc_rise,42,2026-08-01T09:21:00,C,C,85.74000000000007,0.0,0.0,0.0,0.0,1.0,1,607.0992431353448
scenario_2_bedroom_voc_rise_ep07_d042,scenario_2_bedroom_voc_rise_ep07,scenario_2_bedroom_voc_rise,42,2026-08-01T09:21:00,D,C,85.74000000000007,4.0,8.88888888888889,0.6577777777777778,1.0,1.0,1,54.10812585659983
scenario_2_bedroom_voc_rise_ep07_d045,scenario_2_bedroom_voc_rise_ep07,scenario_2_bedroom_voc_rise,45,2026-08-01T09:22:30,A,D,85.50000000000007,5.656854249492381,12.570787221094179,0.9302382543609693,1.0,1.0,1,70.25948995527915
scenario_2_bedroom_voc_rise_ep07_d045,scenario_2_bedroom_voc_rise_ep07,scenario_2_bedroom_voc_rise,45,2026-08-01T09:22:30,B,D,85.50000000000007,4.0,8.88888888888889,0.6577777777777778,1.0,1.0,1,147.91433990411565
scenario_2_bedroom_voc_rise_ep07_d045,scenario_2_bedroom_voc_rise_ep07,scenario_2_bedroom_voc_rise,45,2026-08-01T09:22:30,C,D,85.50000000000007,4.0,8.88888888888889,0.6577777777777778,1.0,1.0,1,575.8044166032194
scenario_2_bedroom_voc_rise_ep07_d045,scenario_2_bedroom_voc_rise_ep07,scenario_2_bedroom_voc_rise,45,2026-08-01T09:22:30,D,D,85.50000000000007,0.0,0.0,0.0,0.0,1.0,1,58.302466131039864
scenario_2_bedroom_voc_rise_ep07_d048,scenario_2_bedroom_voc_rise_ep07,scenario_2_bedroom_voc_rise,48,2026-08-01T09:24:00,A,B,85.26000000000008,4.0,8.88888888888889,0.6577777777777778,1.0,1.0,1,73.29154051553905
scenario_2_bedroom_voc_rise_ep07_d048,scenario_2_bedroom_voc_rise_ep07,scenario_2_bedroom_voc_rise,48,2026-08-01T09:24:00,B,B,85.26000000000008,0.0,0.0,0.0,0.0,1.0,1,154.7845413293262
scenario_2_bedroom_voc_rise_ep07_d048,scenario_2_bedroom_voc_rise_ep07,scenario_2_bedroom_voc_rise,48,2026-08-01T09:24:00,C,B,85.26000000000008,5.656854249492381,12.570787221094179,0.9302382543609693,1.0,1.0,1,546.3839814612936
scenario_2_bedroom_voc_rise_ep07_d048,scenario_2_bedroom_voc_rise_ep07,scenario_2_bedroom_voc_rise,48,2026-08-01T09:24:00,D,B,85.26000000000008,4.0,8.88888888888889,0.6577777777777778,1.0,1.0,1,62.09344246528212
scenario_2_bedroom_voc_rise_ep07_d051,scenario_2_bedroom_voc_rise_ep07,scenario_2_bedroom_voc_rise,51,2026-08-01T09:25:30,A,C,85.02000000000008,4.0,8.88888888888889,0.6577777777777778,1.0,1.0,1,75.95353642440182
scenario_2_bedroom_voc_rise_ep07_d051,scenario_2_bedroom_voc_rise_ep07,scenario_2_bedroom_voc_rise,51,2026-08-01T09:25:30,B,C,85.02000000000008,5.656854249492381,12.570787221094179,0.9302382543609693,1.0,1.0,1,158.6235670087883
scenario_2_bedroom_voc_rise_ep07_d051,scenario_2_bedroom_voc_rise_ep07,scenario_2_bedroom_voc_rise,51,2026-08-01T09:25:30,C,C,85.02000000000008,0.0,0.0,0.0,0.0,1.0,1,518.6768078553848
scenario_2_bedroom_voc_rise_ep07_d051,scenario_2_bedroom_voc_rise_ep07,scenario_2_bedroom_voc_rise,51,2026-08-01T09:25:30,D,C,85.02000000000008,4.0,8.88888888888889,0.6577777777777778,1.0,1.0,1,65.46612505554322
scenario_2_bedroom_voc_rise_ep07_d054,scenario_2_bedroom_voc_rise_ep07,scenario_2_bedroom_voc_rise,54,2026-08-01T09:27:00,A,A,84.78000000000009,0.0,0.0,0.0,0.0,1.0,1,78.29420523826025
scenario_2_bedroom_voc_rise_ep07_d054,scenario_2_bedroom_voc_rise_ep07,scenario_2_bedroom_voc_rise,54,2026-08-01T09:27:00,B,A,84.78000000000009,4.0,8.88888888888889,0.6577777777777778,1.0,1.0,1,160.9377310071925
scenario_2_bedroom_voc_rise_ep07_d054,scenario_2_bedroom_voc_rise_ep07,scenario_2_bedroom_voc_rise,54,2026-08-01T09:27:00,C,A,84.78000000000009,4.0,8.88888888888889,0.6577777777777778,1.0,1.0,1,492.59787792675525
scenario_2_bedroom_voc_rise_ep07_d054,scenario_2_bedroom_voc_rise_ep07,scenario_2_bedroom_voc_rise,54,2026-08-01T09:27:00,D,A,84.78000000000009,5.656854249492381,12.570787221094179,0.9302382543609693,1.0,1.0,1,68.47231154677752
scenario_2_bedroom_voc_rise_ep07_d057,scenario_2_bedroom_voc_rise_ep07,scenario_2_bedroom_voc_rise,57,2026-08-01T09:28:30,A,B,84.54000000000009,4.0,8.88888888888889,0.6577777777777778,1.0,1.0,1,80.3025918728963
scenario_2_bedroom_voc_rise_ep07_d057,scenario_2_bedroom_voc_rise_ep07,scenario_2_bedroom_voc_rise,57,2026-08-01T09:28:30,B,B,84.54000000000009,0.0,0.0,0.0,0.0,1.0,1,160.72969270214662
scenario_2_bedroom_voc_rise_ep07_d057,scenario_2_bedroom_voc_rise_ep07,scenario_2_bedroom_voc_rise,57,2026-08-01T09:28:30,C,B,84.54000000000009,5.656854249492381,12.570787221094179,0.9302382543609693,1.0,1.0,1,468.0110776909414
scenario_2_bedroom_voc_rise_ep07_d057,scenario_2_bedroom_voc_rise_ep07,scenario_2_bedroom_voc_rise,57,2026-08-01T09:28:30,D,B,84.54000000000009,4.0,8.88888888888889,0.6577777777777778,1.0,1.0,1,71.10392133383789
scenario_2_bedroom_voc_rise_ep07_d060,scenario_2_bedroom_voc_rise_ep07,scenario_2_bedroom_voc_rise,60,2026-08-01T09:30:00,A,D,84.3000000000001,5.656854249492381,12.570787221094179,0.9302382543609693,1.0,1.0,1,82.04590489283078
scenario_2_bedroom_voc_rise_ep07_d060,scenario_2_bedroom_voc_rise_ep07,scenario_2_bedroom_voc_rise,60,2026-08-01T09:30:00,B,D,84.3000000000001,4.0,8.88888888888889,0.6577777777777778,1.0,1.0,1,160.1389375572203
scenario_2_bedroom_voc_rise_ep07_d060,scenario_2_bedroom_voc_rise_ep07,scenario_2_bedroom_voc_rise,60,2026-08-01T09:30:00,C,D,84.3000000000001,4.0,8.88888888888889,0.6577777777777778,1.0,1.0,1,444.8664920532833
scenario_2_bedroom_voc_rise_ep07_d060,scenario_2_bedroom_voc_rise_ep07,scenario_2_bedroom_voc_rise,60,2026-08-01T09:30:00,D,D,84.3000000000001,0.0,0.0,0.0,0.0,1.0,1,73.43085432631119
scenario_2_bedroom_voc_rise_ep07_d063,scenario_2_bedroom_voc_rise_ep07,scenario_2_bedroom_voc_rise,63,2026-08-01T09:31:30,A,A,84.0600000000001,0.0,0.0,0.0,0.0,1.0,1,83.47710322137004
scenario_2_bedroom_voc_rise_ep07_d063,scenario_2_bedroom_voc_rise_ep07,scenario_2_bedroom_voc_rise,63,2026-08-01T09:31:30,B,A,84.0600000000001,4.0,8.88888888888889,0.6577777777777778,1.0,1.0,1,157.2147978153473
scenario_2_bedroom_voc_rise_ep07_d063,scenario_2_bedroom_voc_rise_ep07,scenario_2_bedroom_voc_rise,63,2026-08-01T09:31:30,C,A,84.0600000000001,4.0,8.88888888888889,0.6577777777777778,1.0,1.0,1,423.00747563906725
scenario_2_bedroom_voc_rise_ep07_d063,scenario_2_bedroom_voc_rise_ep07,scenario_2_bedroom_voc_rise,63,2026-08-01T09:31:30,D,A,84.0600000000001,5.656854249492381,12.570787221094179,0.9302382543609693,1.0,1.0,1,75.4085893377387
scenario_2_bedroom_voc_rise_ep07_d066,scenario_2_bedroom_voc_rise_ep07,scenario_2_bedroom_voc_rise,66,2026-08-01T09:33:00,A,C,83.8200000000001,4.0,8.88888888888889,0.6577777777777778,1.0,1.0,1,84.63484902635241
scenario_2_bedroom_voc_rise_ep07_d066,scenario_2_bedroom_voc_rise_ep07,scenario_2_bedroom_voc_rise,66,2026-08-01T09:33:00,B,C,83.8200000000001,5.656854249492381,12.570787221094179,0.9302382543609693,1.0,1.0,1,154.2601669791186
scenario_2_bedroom_voc_rise_ep07_d066,scenario_2_bedroom_voc_rise_ep07,scenario_2_bedroom_voc_rise,66,2026-08-01T09:33:00,C,C,83.8200000000001,0.0,0.0,0.0,0.0,1.0,1,402.3701229208134
scenario_2_bedroom_voc_rise_ep07_d066,scenario_2_bedroom_voc_rise_ep07,scenario_2_bedroom_voc_rise,66,2026-08-01T09:33:00,D,C,83.8200000000001,4.0,8.88888888888889,0.6577777777777778,1.0,1.0,1,77.0781479050313
scenario_2_bedroom_voc_rise_ep07_d069,scenario_2_bedroom_voc_rise_ep07,scenario_2_bedroom_voc_rise,69,2026-08-01T09:34:30,A,D,83.58000000000011,5.656854249492381,12.570787221094179,0.9302382543609693,1.0,1.0,1,85.5415809282133
scenario_2_bedroom_voc_rise_ep07_d069,scenario_2_bedroom_voc_rise_ep07,scenario_2_bedroom_voc_rise,69,2026-08-01T09:34:30,B,D,83.58000000000011,4.0,8.88888888888889,0.6577777777777778,1.0,1.0,1,151.28392633027443
scenario_2_bedroom_voc_rise_ep07_d069,scenario_2_bedroom_voc_rise_ep07,scenario_2_bedroom_voc_rise,69,2026-08-01T09:34:30,C,D,83.58000000000011,4.0,8.88888888888889,0.6577777777777778,1.0,1.0,1,382.8808896627429
scenario_2_bedroom_voc_rise_ep07_d069,scenario_2_bedroom_voc_rise_ep07,scenario_2_bedroom_voc_rise,69,2026-08-01T09:34:30,D,D,83.58000000000011,0.0,0.0,0.0,0.0,1.0,1,78.46417773236453
scenario_2_bedroom_voc_rise_ep07_d072,scenario_2_bedroom_voc_rise_ep07,scenario_2_bedroom_voc_rise,72,2026-08-01T09:36:00,A,B,83.34000000000012,4.0,8.88888888888889,0.6577777777777778,1.0,1.0,1,86.21817077723608
scenario_2_bedroom_voc_rise_ep07_d072,scenario_2_bedroom_voc_rise_ep07,scenario_2_bedroom_voc_rise,72,2026-08-01T09:36:00,B,B,83.34000000000012,0.0,0.0,0.0,0.0,1.0,1,148.29414712834568
scenario_2_bedroom_voc_rise_ep07_d072,scenario_2_bedroom_voc_rise_ep07,scenario_2_bedroom_voc_rise,72,2026-08-01T09:36:00,C,B,83.34000000000012,5.656854249492381,12.570787221094179,0.9302382543609693,1.0,1.0,1,364.4708269392713
scenario_2_bedroom_voc_rise_ep07_d072,scenario_2_bedroom_voc_rise_ep07,scenario_2_bedroom_voc_rise,72,2026-08-01T09:36:00,D,B,83.34000000000012,4.0,8.88888888888889,0.6577777777777778,1.0,1.0,1,79.58961905096407
scenario_2_bedroom_voc_rise_ep07_d075,scenario_2_bedroom_voc_rise_ep07,scenario_2_bedroom_voc_rise,75,2026-08-01T09:37:30,A,C,83.10000000000012,4.0,8.88888888888889,0.6577777777777778,1.0,1.0,1,86.68402714153922
scenario_2_bedroom_voc_rise_ep07_d075,scenario_2_bedroom_voc_rise_ep07,scenario_2_bedroom_voc_rise,75,2026-08-01T09:37:30,B,C,83.10000000000012,5.656854249492381,12.570787221094179,0.9302382543609693,1.0,1.0,1,145.2981518426468
scenario_2_bedroom_voc_rise_ep07_d075,scenario_2_bedroom_voc_rise_ep07,scenario_2_bedroom_voc_rise,75,2026-08-01T09:37:30,C,C,83.10000000000012,0.0,0.0,0.0,0.0,1.0,1,347.0752890068359
scenario_2_bedroom_voc_rise_ep07_d075,scenario_2_bedroom_voc_rise_ep07,scenario_2_bedroom_voc_rise,75,2026-08-01T09:37:30,D,C,83.10000000000012,4.0,8.88888888888889,0.6577777777777778,1.0,1.0,1,80.47581707808945
scenario_2_bedroom_voc_rise_ep07_d078,scenario_2_bedroom_voc_rise_ep07,scenario_2_bedroom_voc_rise,78,2026-08-01T09:39:00,A,A,82.86000000000013,0.0,0.0,0.0,0.0,1.0,1,86.95719210790844
scenario_2_bedroom_voc_rise_ep07_d078,scenario_2_bedroom_voc_rise_ep07,scenario_2_bedroom_voc_rise,78,2026-08-01T09:39:00,B,A,82.86000000000013,4.0,8.88888888888889,0.6577777777777778,1.0,1.0,1,142.30257105763667
scenario_2_bedroom_voc_rise_ep07_d078,scenario_2_bedroom_voc_rise_ep07,scenario_2_bedroom_voc_rise,78,2026-08-01T09:39:00,C,A,82.86000000000013,4.0,8.88888888888889,0.6577777777777778,1.0,1.0,1,330.6336598884484
scenario_2_bedroom_voc_rise_ep07_d078,scenario_2_bedroom_voc_rise_ep07,scenario_2_bedroom_voc_rise,78,2026-08-01T09:39:00,D,A,82.86000000000013,5.656854249492381,12.570787221094179,0.9302382543609693,1.0,1.0,1,81.14262721634918
scenario_2_bedroom_voc_rise_ep07_d081,scenario_2_bedroom_voc_rise_ep07,scenario_2_bedroom_voc_rise,81,2026-08-01T09:40:30,A,B,82.62000000000013,4.0,8.88888888888889,0.6577777777777778,1.0,1.0,1,87.0544318237362
scenario_2_bedroom_voc_rise_ep07_d081,scenario_2_bedroom_voc_rise_ep07,scenario_2_bedroom_voc_rise,81,2026-08-01T09:40:30,B,B,82.62000000000013,0.0,0.0,0.0,0.0,1.0,1,139.31339634798746
scenario_2_bedroom_voc_rise_ep07_d081,scenario_2_bedroom_voc_rise_ep07,scenario_2_bedroom_voc_rise,81,2026-08-01T09:40:30,C,B,82.62000000000013,5.656854249492381,12.570787221094179,0.9302382543609693,1.0,1.0,1,315.089097468472
scenario_2_bedroom_voc_rise_ep07_d081,scenario_2_bedroom_voc_rise_ep07,scenario_2_bedroom_voc_rise,81,2026-08-01T09:40:30,D,B,82.62000000000013,4.0,8.88888888888889,0.6577777777777778,1.0,1.0,1,81.60851345821015
scenario_2_bedroom_voc_rise_ep07_d084,scenario_2_bedroom_voc_rise_ep07,scenario_2_bedroom_voc_rise,84,2026-08-01T09:42:00,A,D,82.38000000000014,5.656854249492381,12.570787221094179,0.9302382543609693,1.0,1.0,1,86.99132118106013
scenario_2_bedroom_voc_rise_ep07_d084,scenario_2_bedroom_voc_rise_ep07,scenario_2_bedroom_voc_rise,84,2026-08-01T09:42:00,B,D,82.38000000000014,4.0,8.88888888888889,0.6577777777777778,1.0,1.0,1,136.33602939980824
scenario_2_bedroom_voc_rise_ep07_d084,scenario_2_bedroom_voc_rise_ep07,scenario_2_bedroom_voc_rise,84,2026-08-01T09:42:00,C,D,82.38000000000014,4.0,8.88888888888889,0.6577777777777778,1.0,1.0,1,300.38829397250413
scenario_2_bedroom_voc_rise_ep07_d084,scenario_2_bedroom_voc_rise_ep07,scenario_2_bedroom_voc_rise,84,2026-08-01T09:42:00,D,D,82.38000000000014,0.0,0.0,0.0,0.0,1.0,1,81.8906404308957
scenario_2_bedroom_voc_rise_ep07_d087,scenario_2_bedroom_voc_rise_ep07,scenario_2_bedroom_voc_rise,87,2026-08-01T09:43:30,A,A,82.14000000000014,0.0,0.0,0.0,0.0,1.0,1,86.7823230180586
scenario_2_bedroom_voc_rise_ep07_d087,scenario_2_bedroom_voc_rise_ep07,scenario_2_bedroom_voc_rise,87,2026-08-01T09:43:30,B,A,82.14000000000014,4.0,8.88888888888889,0.6577777777777778,1.0,1.0,1,133.375327635772
scenario_2_bedroom_voc_rise_ep07_d087,scenario_2_bedroom_voc_rise_ep07,scenario_2_bedroom_voc_rise,87,2026-08-01T09:43:30,C,A,82.14000000000014,4.0,8.88888888888889,0.6577777777777778,1.0,1.0,1,286.4812517796196
scenario_2_bedroom_voc_rise_ep07_d087,scenario_2_bedroom_voc_rise_ep07,scenario_2_bedroom_voc_rise,87,2026-08-01T09:43:30,D,A,82.14000000000014,5.656854249492381,12.570787221094179,0.9302382543609693,1.0,1.0,1,82.00495948906814
scenario_2_bedroom_voc_rise_ep08_d012,scenario_2_bedroom_voc_rise_ep08,scenario_2_bedroom_voc_rise,12,2026-08-01T09:06:00,A,A,87.44000000000003,0.0,0.0,0.0,0.0,1.0,1,41.8458887144231
scenario_2_bedroom_voc_rise_ep08_d012,scenario_2_bedroom_voc_rise_ep08,scenario_2_bedroom_voc_rise,12,2026-08-01T09:06:00,B,A,87.44000000000003,4.0,8.88888888888889,0.6577777777777778,1.0,1.0,1,54.5023336002763
scenario_2_bedroom_voc_rise_ep08_d012,scenario_2_bedroom_voc_rise_ep08,scenario_2_bedroom_voc_rise,12,2026-08-01T09:06:00,C,A,87.44000000000003,4.0,8.88888888888889,0.6577777777777778,1.0,1.0,1,49.30892092109718
scenario_2_bedroom_voc_rise_ep08_d012,scenario_2_bedroom_voc_rise_ep08,scenario_2_bedroom_voc_rise,12,2026-08-01T09:06:00,D,A,87.44000000000003,5.656854249492381,12.570787221094179,0.9302382543609693,1.0,1.0,1,46.9665496774594
scenario_2_bedroom_voc_rise_ep08_d015,scenario_2_bedroom_voc_rise_ep08,scenario_2_bedroom_voc_rise,15,2026-08-01T09:07:30,A,B,87.20000000000003,4.0,8.88888888888889,0.6577777777777778,1.0,1.0,1,41.232522646250914
scenario_2_bedroom_voc_rise_ep08_d015,scenario_2_bedroom_voc_rise_ep08,scenario_2_bedroom_voc_rise,15,2026-08-01T09:07:30,B,B,87.20000000000003,0.0,0.0,0.0,0.0,1.0,1,62.380083543726755
scenario_2_bedroom_voc_rise_ep08_d015,scenario_2_bedroom_voc_rise_ep08,scenario_2_bedroom_voc_rise,15,2026-08-01T09:07:30,C,B,87.20000000000003,5.656854249492381,12.570787221094179,0.9302382543609693,1.0,1.0,1,87.87632462744762
scenario_2_bedroom_voc_rise_ep08_d015,scenario_2_bedroom_voc_rise_ep08,scenario_2_bedroom_voc_rise,15,2026-08-01T09:07:30,D,B,87.20000000000003,4.0,8.88888888888889,0.6577777777777778,1.0,1.0,1,46.02893380921
scenario_2_bedroom_voc_rise_ep08_d018,scenario_2_bedroom_voc_rise_ep08,scenario_2_bedroom_voc_rise,18,2026-08-01T09:09:00,A,D,86.96000000000004,5.656854249492381,12.570787221094179,0.9302382543609693,1.0,1.0,1,41.09257977779248
scenario_2_bedroom_voc_rise_ep08_d018,scenario_2_bedroom_voc_rise_ep08,scenario_2_bedroom_voc_rise,18,2026-08-01T09:09:00,B,D,86.96000000000004,4.0,8.88888888888889,0.6577777777777778,1.0,1.0,1,68.63925331555401
scenario_2_bedroom_voc_rise_ep08_d018,scenario_2_bedroom_voc_rise_ep08,scenario_2_bedroom_voc_rise,18,2026-08-01T09:09:00,C,D,86.96000000000004,4.0,8.88888888888889,0.6577777777777778,1.0,1.0,1,149.30870732584708
scenario_2_bedroom_voc_rise_ep08_d018,scenario_2_bedroom_voc_rise_ep08,scenario_2_bedroom_voc_rise,18,2026-08-01T09:09:00,D,D,86.96000000000004,0.0,0.0,0.0,0.0,1.0,1,45.58530815768938
scenario_2_bedroom_voc_rise_ep08_d021,scenario_2_bedroom_voc_rise_ep08,scenario_2_bedroom_voc_rise,21,2026-08-01T09:10:30,A,A,86.72000000000004,0.0,0.0,0.0,0.0,1.0,1,41.82779303311645
scenario_2_bedroom_voc_rise_ep08_d021,scenario_2_bedroom_voc_rise_ep08,scenario_2_bedroom_voc_rise,21,2026-08-01T09:10:30,B,A,86.72000000000004,4.0,8.88888888888889,0.6577777777777778,1.0,1.0,1,75.27839174795065
scenario_2_bedroom_voc_rise_ep08_d021,scenario_2_bedroom_voc_rise_ep08,scenario_2_bedroom_voc_rise,21,2026-08-01T09:10:30,C,A,86.72000000000004,4.0,8.88888888888889,0.6577777777777778,1.0,1.0,1,242.60162326920397
scenario_2_bedroom_voc_rise_ep08_d021,scenario_2_bedroom_voc_rise_ep08,scenario_2_bedroom_voc_rise,21,2026-08-01T09:10:30,D,A,86.72000000000004,5.656854249492381,12.570787221094179,0.9302382543609693,1.0,1.0,1,46.036099118935
scenario_2_bedroom_voc_rise_ep08_d024,scenario_2_bedroom_voc_rise_ep08,scenario_2_bedroom_voc_rise,24,2026-08-01T09:12:00,A,C,86.48000000000005,4.0,8.88888888888889,0.6577777777777778,1.0,1.0,1,43.839412075876
scenario_2_bedroom_voc_rise_ep08_d024,scenario_2_bedroom_voc_rise_ep08,scenario_2_bedroom_voc_rise,24,2026-08-01T09:12:00,B,C,86.48000000000005,5.656854249492381,12.570787221094179,0.9302382543609693,1.0,1.0,1,84.2836669246019
scenario_2_bedroom_voc_rise_ep08_d024,scenario_2_bedroom_voc_rise_ep08,scenario_2_bedroom_voc_rise,24,2026-08-01T09:12:00,C,C,86.48000000000005,0.0,0.0,0.0,0.0,1.0,1,371.8318986135977
scenario_2_bedroom_voc_rise_ep08_d024,scenario_2_bedroom_voc_rise_ep08,scenario_2_bedroom_voc_rise,24,2026-08-01T09:12:00,D,C,86.48000000000005,4.0,8.88888888888889,0.6577777777777778,1.0,1.0,1,47.781332937423485
scenario_2_bedroom_voc_rise_ep08_d027,scenario_2_bedroom_voc_rise_ep08,scenario_2_bedroom_voc_rise,27,2026-08-01T09:13:30,A,D,86.24000000000005,5.656854249492381,12.570787221094179,0.9302382543609693,1.0,1.0,1,46.311579411849834
scenario_2_bedroom_voc_rise_ep08_d027,scenario_2_bedroom_voc_rise_ep08,scenario_2_bedroom_voc_rise,27,2026-08-01T09:13:30,B,D,86.24000000000005,4.0,8.88888888888889,0.6577777777777778,1.0,1.0,1,92.98446932884099
scenario_2_bedroom_voc_rise_ep08_d027,scenario_2_bedroom_voc_rise_ep08,scenario_2_bedroom_voc_rise,27,2026-08-01T09:13:30,C,D,86.24000000000005,4.0,8.88888888888889,0.6577777777777778,1.0,1.0,1,481.82038151047504
scenario_2_bedroom_voc_rise_ep08_d027,scenario_2_bedroom_voc_rise_ep08,scenario_2_bedroom_voc_rise,27,2026-08-01T09:13:30,D,D,86.24000000000005,0.0,0.0,0.0,0.0,1.0,1,50.0040065157591
scenario_2_bedroom_voc_rise_ep08_d030,scenario_2_bedroom_voc_rise_ep08,scenario_2_bedroom_voc_rise,30,2026-08-01T09:15:00,A,B,86.00000000000006,4.0,8.88888888888889,0.6577777777777778,1.0,1.0,1,49.72843189197647
scenario_2_bedroom_voc_rise_ep08_d030,scenario_2_bedroom_voc_rise_ep08,scenario_2_bedroom_voc_rise,30,2026-08-01T09:15:00,B,B,86.00000000000006,0.0,0.0,0.0,0.0,1.0,1,101.0546330413531
scenario_2_bedroom_voc_rise_ep08_d030,scenario_2_bedroom_voc_rise_ep08,scenario_2_bedroom_voc_rise,30,2026-08-01T09:15:00,C,B,86.00000000000006,5.656854249492381,12.570787221094179,0.9302382543609693,1.0,1.0,1,579.6712928549518
scenario_2_bedroom_voc_rise_ep08_d030,scenario_2_bedroom_voc_rise_ep08,scenario_2_bedroom_voc_rise,30,2026-08-01T09:15:00,D,B,86.00000000000006,4.0,8.88888888888889,0.6577777777777778,1.0,1.0,1,53.187183962302015
scenario_2_bedroom_voc_rise_ep08_d033,scenario_2_bedroom_voc_rise_ep08,scenario_2_bedroom_voc_rise,33,2026-08-01T09:16:30,A,C,85.76000000000006,4.0,8.88888888888889,0.6577777777777778,1.0,1.0,1,53.43900216182078
scenario_2_bedroom_voc_rise_ep08_d033,scenario_2_bedroom_voc_rise_ep08,scenario_2_bedroom_voc_rise,33,2026-08-01T09:16:30,B,C,85.76000000000006,5.656854249492381,12.570787221094179,0.9302382543609693,1.0,1.0,1,110.54385680340351
scenario_2_bedroom_voc_rise_ep08_d033,scenario_2_bedroom_voc_rise_ep08,scenario_2_bedroom_voc_rise,33,2026-08-01T09:16:30,C,C,85.76000000000006,0.0,0.0,0.0,0.0,1.0,1,616.0838310522888
scenario_2_bedroom_voc_rise_ep08_d033,scenario_2_bedroom_voc_rise_ep08,scenario_2_bedroom_voc_rise,33,2026-08-01T09:16:30,D,C,85.76000000000006,4.0,8.88888888888889,0.6577777777777778,1.0,1.0,1,56.678893401098776
scenario_2_bedroom_voc_rise_ep08_d036,scenario_2_bedroom_voc_rise_ep08,scenario_2_bedroom_voc_rise,36,2026-08-01T09:18:00,A,A,85.52000000000007,0.0,0.0,0.0,0.0,1.0,1,58.52039018068854
scenario_2_bedroom_voc_rise_ep08_d036,scenario_2_bedroom_voc_rise_ep08,scenario_2_bedroom_voc_rise,36,2026-08-01T09:18:00,B,A,85.52000000000007,4.0,8.88888888888889,0.6577777777777778,1.0,1.0,1,120.78115280869793
scenario_2_bedroom_voc_rise_ep08_d036,scenario_2_bedroom_voc_rise_ep08,scenario_2_bedroom_voc_rise,36,2026-08-01T09:18:00,C,A,85.52000000000007,4.0,8.88888888888889,0.6577777777777778,1.0,1.0,1,651.4345774492922
scenario_2_bedroom_voc_rise_ep08_d036,scenario_2_bedroom_voc_rise_ep08,scenario_2_bedroom_voc_rise,36,2026-08-01T09:18:00,D,A,85.52000000000007,5.656854249492381,12.570787221094179,0.9302382543609693,1.0,1.0,1,61.555294147236964
scenario_2_bedroom_voc_rise_ep08_d039,scenario_2_bedroom_voc_rise_ep08,scenario_2_bedroom_voc_rise,39,2026-08-01T09:19:30,A,B,85.28000000000007,4.0,8.88888888888889,0.6577777777777778,1.0,1.0,1,62.620249458325816
scenario_2_bedroom_voc_rise_ep08_d039,scenario_2_bedroom_voc_rise_ep08,scenario_2_bedroom_voc_rise,39,2026-08-01T09:19:30,B,B,85.28000000000007,0.0,0.0,0.0,0.0,1.0,1,129.0396232288881
scenario_2_bedroom_voc_rise_ep08_d039,scenario_2_bedroom_voc_rise_ep08,scenario_2_bedroom_voc_rise,39,2026-08-01T09:19:30,C,B,85.28000000000007,5.656854249492381,12.570787221094179,0.9302382543609693,1.0,1.0,1,617.4655711171713
scenario_2_bedroom_voc_rise_ep08_d039,scenario_2_bedroom_voc_rise_ep08,scenario_2_bedroom_voc_rise,39,2026-08-01T09:19:30,D,B,85.28000000000007,4.0,8.88888888888889,0.6577777777777778,1.0,1.0,1,65.46315887662922
scenario_2_bedroom_voc_rise_ep08_d042,scenario_2_bedroom_voc_rise_ep08,scenario_2_bedroom_voc_rise,42,2026-08-01T09:21:00,A,D,85.04000000000008,5.656854249492381,12.570787221094179,0.9302382543609693,1.0,1.0,1,66.30745871425916
scenario_2_bedroom_voc_rise_ep08_d042,scenario_2_bedroom_voc_rise_ep08,scenario_2_bedroom_voc_rise,42,2026-08-01T09:21:00,B,D,85.04000000000008,4.0,8.88888888888889,0.6577777777777778,1.0,1.0,1,136.77301247831474
scenario_2_bedroom_voc_rise_ep08_d042,scenario_2_bedroom_voc_rise_ep08,scenario_2_bedroom_voc_rise,42,2026-08-01T09:21:00,C,D,85.04000000000008,4.0,8.88888888888889,0.6577777777777778,1.0,1.0,1,585.5282182576777
scenario_2_bedroom_voc_rise_ep08_d042,scenario_2_bedroom_voc_rise_ep08,scenario_2_bedroom_voc_rise,42,2026-08-01T09:21:00,D,D,85.04000000000008,0.0,0.0,0.0,0.0,1.0,1,68.97054147766835
scenario_2_bedroom_voc_rise_ep08_d045,scenario_2_bedroom_voc_rise_ep08,scenario_2_bedroom_voc_rise,45,2026-08-01T09:22:30,A,A,84.80000000000008,0.0,0.0,0.0,0.0,1.0,1,69.61048479875217
scenario_2_bedroom_voc_rise_ep08_d045,scenario_2_bedroom_voc_rise_ep08,scenario_2_bedroom_voc_rise,45,2026-08-01T09:22:30,B,A,84.80000000000008,4.0,8.88888888888889,0.6577777777777778,1.0,1.0,1,143.39857176618693
scenario_2_bedroom_voc_rise_ep08_d045,scenario_2_bedroom_voc_rise_ep08,scenario_2_bedroom_voc_rise,45,2026-08-01T09:22:30,C,A,84.80000000000008,4.0,8.88888888888889,0.6577777777777778,1.0,1.0,1,555.4940410844322
scenario_2_bedroom_voc_rise_ep08_d045,scenario_2_bedroom_voc_rise_ep08,scenario_2_bedroom_voc_rise,45,2026-08-01T09:22:30,D,A,84.80000000000008,5.656854249492381,12.570787221094179,0.9302382543609693,1.0,1.0,1,72.10513640714862
scenario_2_bedroom_voc_rise_ep08_d048,scenario_2_bedroom_voc_rise_ep08,scenario_2_bedroom_voc_rise,48,2026-08-01T09:24:00,A,C,84.56000000000009,4.0,8.88888888888889,0.6577777777777778,1.0,1.0,1,72.57473326486888
scenario_2_bedroom_voc_rise_ep08_d048,scenario_2_bedroom_voc_rise_ep08,scenario_2_bedroom_voc_rise,48,2026-08-01T09:24:00,B,C,84.56000000000009,5.656854249492381,12.570787221094179,0.9302382543609693,1.0,1.0,1,149.6975134283814
scenario_2_bedroom_voc_rise_ep08_d048,scenario_2_bedroom_voc_rise_ep08,scenario_2_bedroom_voc_rise,48,2026-08-01T09:24:00,C,C,84.56000000000009,0.0,0.0,0.0,0.0,1.0,1,527.261577790239
scenario_2_bedroom_voc_rise_ep08_d048,scenario_2_bedroom_voc_rise_ep08,scenario_2_bedroom_voc_rise,48,2026-08-01T09:24:00,D,C,84.56000000000009,4.0,8.88888888888889,0.6577777777777778,1.0,1.0,1,74.91162592451064
scenario_2_bedroom_voc_rise_ep08_d051,scenario_2_bedroom_voc_rise_ep08,scenario_2_bedroom_voc_rise,51,2026-08-01T09:25:30,A,D,84.32000000000009,5.656854249492381,12.570787221094179,0.9302382543609693,1.0,1.0,1,75.2245740486162
scenario_2_bedroom_voc_rise_ep08_d051,scenario_2_bedroom_voc_rise_ep08,scenario_2_bedroom_voc_rise,51,2026-08-01T09:25:30,B,D,84.32000000000009,4.0,8.88888888888889,0.6577777777777778,1.0,1.0,1,155.1756134538507
scenario_2_bedroom_voc_rise_ep08_d051,scenario_2_bedroom_voc_rise_ep08,scenario_2_bedroom_voc_rise,51,2026-08-01T09:25:30,C,D,84.32000000000009,4.0,8.88888888888889,0.6577777777777778,1.0,1.0,1,500.7177611672996
scenario_2_bedroom_voc_rise_ep08_d051,scenario_2_bedroom_voc_rise_ep08,scenario_2_bedroom_voc_rise,51,2026-08-01T09:25:30,D,D,84.32000000000009,0.0,0.0,0.0,0.0,1.0,1,77.41370264683337
scenario_2_bedroom_voc_rise_ep08_d054,scenario_2_bedroom_voc_rise_ep08,scenario_2_bedroom_voc_rise,54,2026-08-01T09:27:00,A,B,84.0800000000001,4.0,8.88888888888889,0.6577777777777778,1.0,1.0,1,77.52497818822098
scenario_2_bedroom_voc_rise_ep08_d054,scenario_2_bedroom_voc_rise_ep08,scenario_2_bedroom_voc_rise,54,2026-08-01T09:27:00,B,B,84.0800000000001,0.0,0.0,0.0,0.0,1.0,1,157.49711354390092
scenario_2_bedroom_voc_rise_ep08_d054,scenario_2_bedroom_voc_rise_ep08,scenario_2_bedroom_voc_rise,54,2026-08-01T09:27:00,C,B,84.0800000000001,5.656854249492381,12.570787221094179,0.9302382543609693,1.0,1.0,1,475.69894981456446
scenario_2_bedroom_voc_rise_ep08_d054,scenario_2_bedroom_voc_rise_ep08,scenario_2_bedroom_voc_rise,54,2026-08-01T09:27:00,D,B,84.0800000000001,4.0,8.88888888888889,0.6577777777777778,1.0,1.0,1,79.57570334212119
scenario_2_bedroom_voc_rise_ep08_d057,scenario_2_bedroom_voc_rise_ep08,scenario_2_bedroom_voc_rise,57,2026-08-01T09:28:30,A,C,83.8400000000001,4.0,8.88888888888889,0.6577777777777778,1.0,1.0,1,79.49962977987548
scenario_2_bedroom_voc_rise_ep08_d057,scenario_2_bedroom_voc_rise_ep08,scenario_2_bedroom_voc_rise,57,2026-08-01T09:28:30,B,C,83.8400000000001,5.656854249492381,12.570787221094179,0.9302382543609693,1.0,1.0,1,157.12421386856022
scenario_2_bedroom_voc_rise_ep08_d057,scenario_2_bedroom_voc_rise_ep08,scenario_2_bedroom_voc_rise,57,2026-08-01T09:28:30,C,C,83.8400000000001,0.0,0.0,0.0,0.0,1.0,1,452.1084734616852
scenario_2_bedroom_voc_rise_ep08_d057,scenario_2_bedroom_voc_rise_ep08,scenario_2_bedroom_voc_rise,57,2026-08-01T09:28:30,D,C,83.8400000000001,4.0,8.88888888888889,0.6577777777777778,1.0,1.0,1,81.42071814547717
scenario_2_bedroom_voc_rise_ep08_d060,scenario_2_bedroom_voc_rise_ep08,scenario_2_bedroom_voc_rise,60,2026-08-01T09:30:00,A,A,83.60000000000011,0.0,0.0,0.0,0.0,1.0,1,81.21753812006045
scenario_2_bedroom_voc_rise_ep08_d060,scenario_2_bedroom_voc_rise_ep08,scenario_2_bedroom_voc_rise,60,2026-08-01T09:30:00,B,A,83.60000000000011,4.0,8.88888888888889,0.6577777777777778,1.0,1.0,1,156.65648531460283
scenario_2_bedroom_voc_rise_ep08_d060,scenario_2_bedroom_voc_rise_ep08,scenario_2_bedroom_voc_rise,60,2026-08-01T09:30:00,C,A,83.60000000000011,4.0,8.88888888888889,0.6577777777777778,1.0,1.0,1,429.9027148631478
scenario_2_bedroom_voc_rise_ep08_d060,scenario_2_bedroom_voc_rise_ep08,scenario_2_bedroom_voc_rise,60,2026-08-01T09:30:00,D,A,83.60000000000011,5.656854249492381,12.570787221094179,0.9302382543609693,1.0,1.0,1,83.01720013638692
scenario_2_bedroom_voc_rise_ep08_d063,scenario_2_bedroom_voc_rise_ep08,scenario_2_bedroom_voc_rise,63,2026-08-01T09:31:30,A,B,83.36000000000011,4.0,8.88888888888889,0.6577777777777778,1.0,1.0,1,82.62850515258219
scenario_2_bedroom_voc_rise_ep08_d063,scenario_2_bedroom_voc_rise_ep08,scenario_2_bedroom_voc_rise,63,2026-08-01T09:31:30,B,B,83.36000000000011,0.0,0.0,0.0,0.0,1.0,1,153.8751414628798
scenario_2_bedroom_voc_rise_ep08_d063,scenario_2_bedroom_voc_rise_ep08,scenario_2_bedroom_voc_rise,63,2026-08-01T09:31:30,C,B,83.36000000000011,5.656854249492381,12.570787221094179,0.9302382543609693,1.0,1.0,1,408.9260810445096
scenario_2_bedroom_voc_rise_ep08_d063,scenario_2_bedroom_voc_rise_ep08,scenario_2_bedroom_voc_rise,63,2026-08-01T09:31:30,D,B,83.36000000000011,4.0,8.88888888888889,0.6577777777777778,1.0,1.0,1,84.31443038413954
scenario_2_bedroom_voc_rise_ep08_d066,scenario_2_bedroom_voc_rise_ep08,scenario_2_bedroom_voc_rise,66,2026-08-01T09:33:00,A,D,83.12000000000012,5.656854249492381,12.570787221094179,0.9302382543609693,1.0,1.0,1,83.76987144076702
scenario_2_bedroom_voc_rise_ep08_d066,scenario_2_bedroom_voc_rise_ep08,scenario_2_bedroom_voc_rise,66,2026-08-01T09:33:00,B,D,83.12000000000012,4.0,8.88888888888889,0.6577777777777778,1.0,1.0,1,151.05710183168094
scenario_2_bedroom_voc_rise_ep08_d066,scenario_2_bedroom_voc_rise_ep08,scenario_2_bedroom_voc_rise,66,2026-08-01T09:33:00,C,D,83.12000000000012,4.0,8.88888888888889,0.6577777777777778,1.0,1.0,1,389.11728493498003
scenario_2_bedroom_voc_rise_ep08_d066,scenario_2_bedroom_voc_rise_ep08,scenario_2_bedroom_voc_rise,66,2026-08-01T09:33:00,D,D,83.12000000000012,0.0,0.0,0.0,0.0,1.0,1,85.3492616713886
scenario_2_bedroom_voc_rise_ep08_d069,scenario_2_bedroom_voc_rise_ep08,scenario_2_bedroom_voc_rise,69,2026-08-01T09:34:30,A,A,82.88000000000012,0.0,0.0,0.0,0.0,1.0,1,84.66374559650808
scenario_2_bedroom_voc_rise_ep08_d069,scenario_2_bedroom_voc_rise_ep08,scenario_2_bedroom_voc_rise,69,2026-08-01T09:34:30,B,A,82.88000000000012,4.0,8.88888888888889,0.6577777777777778,1.0,1.0,1,148.21154051046892
scenario_2_bedroom_voc_rise_ep08_d069,scenario_2_bedroom_voc_rise_ep08,scenario_2_bedroom_voc_rise,69,2026-08-01T09:34:30,C,A,82.88000000000012,4.0,8.88888888888889,0.6577777777777778,1.0,1.0,1,370.406140272195
scenario_2_bedroom_voc_rise_ep08_d069,scenario_2_bedroom_voc_rise_ep08,scenario_2_bedroom_voc_rise,69,2026-08-01T09:34:30,D,A,82.88000000000012,5.656854249492381,12.570787221094179,0.9302382543609693,1.0,1.0,1,86.14334581779212
scenario_2_bedroom_voc_rise_ep08_d072,scenario_2_bedroom_voc_rise_ep08,scenario_2_bedroom_voc_rise,72,2026-08-01T09:36:00,A,C,82.64000000000013,4.0,8.88888888888889,0.6577777777777778,1.0,1.0,1,85.33069320088998
scenario_2_bedroom_voc_rise_ep08_d072,scenario_2_bedroom_voc_rise_ep08,scenario_2_bedroom_voc_rise,72,2026-08-01T09:36:00,B,C,82.64000000000013,5.656854249492381,12.570787221094179,0.9302382543609693,1.0,1.0,1,145.34680659015908
scenario_2_bedroom_voc_rise_ep08_d072,scenario_2_bedroom_voc_rise_ep08,scenario_2_bedroom_voc_rise,72,2026-08-01T09:36:00,C,C,82.64000000000013,0.0,0.0,0.0,0.0,1.0,1,352.72684389944493
scenario_2_bedroom_voc_rise_ep08_d072,scenario_2_bedroom_voc_rise_ep08,scenario_2_bedroom_voc_rise,72,2026-08-01T09:36:00,D,C,82.64000000000013,4.0,8.88888888888889,0.6577777777777778,1.0,1.0,1,86.71682062934747
scenario_2_bedroom_voc_rise_ep08_d075,scenario_2_bedroom_voc_rise_ep08,scenario_2_bedroom_voc_rise,75,2026-08-01T09:37:30,A,D,82.40000000000013,5.656854249492381,12.570787221094179,0.9302382543609693,1.0,1.0,1,85.78983869296485
scenario_2_bedroom_voc_rise_ep08_d075,scenario_2_bedroom_voc_rise_ep08,scenario_2_bedroom_voc_rise,75,2026-08-01T09:37:30,B,D,82.40000000000013,4.0,8.88888888888889,0.6577777777777778,1.0,1.0,1,142.47048621083945
scenario_2_bedroom_voc_rise_ep08_d075,scenario_2_bedroom_voc_rise_ep08,scenario_2_bedroom_voc_rise,75,2026-08-01T09:37:30,C,D,82.40000000000013,4.0,8.88888888888889,0.6577777777777778,1.0,1.0,1,336.01769714041234
scenario_2_bedroom_voc_rise_ep08_d075,scenario_2_bedroom_voc_rise_ep08,scenario_2_bedroom_voc_rise,75,2026-08-01T09:37:30,D,D,82.40000000000013,0.0,0.0,0.0,0.0,1.0,1,87.0884099414061
scenario_2_bedroom_voc_rise_ep08_d078,scenario_2_bedroom_voc_rise_ep08,scenario_2_bedroom_voc_rise,78,2026-08-01T09:39:00,A,B,82.16000000000014,4.0,8.88888888888889,0.6577777777777778,1.0,1.0,1,86.05896067608523
scenario_2_bedroom_voc_rise_ep08_d078,scenario_2_bedroom_voc_rise_ep08,scenario_2_bedroom_voc_rise,78,2026-08-01T09:39:00,B,B,82.16000000000014,0.0,0.0,0.0,0.0,1.0,1,139.5894602364624
scenario_2_bedroom_voc_rise_ep08_d078,scenario_2_bedroom_voc_rise_ep08,scenario_2_bedroom_voc_rise,78,2026-08-01T09:39:00,C,B,82.16000000000014,5.656854249492381,12.570787221094179,0.9302382543609693,1.0,1.0,1,320.22084502429277
scenario_2_bedroom_voc_rise_ep08_d078,scenario_2_bedroom_voc_rise_ep08,scenario_2_bedroom_voc_rise,78,2026-08-01T09:39:00,D,B,82.16000000000014,4.0,8.88888888888889,0.6577777777777778,1.0,1.0,1,87.27551719681014
scenario_2_bedroom_voc_rise_ep08_d081,scenario_2_bedroom_voc_rise_ep08,scenario_2_bedroom_voc_rise,81,2026-08-01T09:40:30,A,C,81.92000000000014,4.0,8.88888888888889,0.6577777777777778,1.0,1.0,1,86.15458106333722
scenario_2_bedroom_voc_rise_ep08_d081,scenario_2_bedroom_voc_rise_ep08,scenario_2_bedroom_voc_rise,81,2026-08-01T09:40:30,B,C,81.92000000000014,5.656854249492381,12.570787221094179,0.9302382543609693,1.0,1.0,1,136.70995785560444
scenario_2_bedroom_voc_rise_ep08_d081,scenario_2_bedroom_voc_rise_ep08,scenario_2_bedroom_voc_rise,81,2026-08-01T09:40:30,C,C,81.92000000000014,0.0,0.0,0.0,0.0,1.0,1,305.28203221403385
scenario_2_bedroom_voc_rise_ep08_d081,scenario_2_bedroom_voc_rise_ep08,scenario_2_bedroom_voc_rise,81,2026-08-01T09:40:30,D,C,81.92000000000014,4.0,8.88888888888889,0.6577777777777778,1.0,1.0,1,87.29431297316387
scenario_2_bedroom_voc_rise_ep08_d084,scenario_2_bedroom_voc_rise_ep08,scenario_2_bedroom_voc_rise,84,2026-08-01T09:42:00,A,A,81.68000000000015,0.0,0.0,0.0,0.0,1.0,1,86.09204845669046
scenario_2_bedroom_voc_rise_ep08_d084,scenario_2_bedroom_voc_rise_ep08,scenario_2_bedroom_voc_rise,84,2026-08-01T09:42:00,B,A,81.68000000000015,4.0,8.88888888888889,0.6577777777777778,1.0,1.0,1,133.8376063872504
scenario_2_bedroom_voc_rise_ep08_d084,scenario_2_bedroom_voc_rise_ep08,scenario_2_bedroom_voc_rise,84,2026-08-01T09:42:00,C,A,81.68000000000015,4.0,8.88888888888889,0.6577777777777778,1.0,1.0,1,291.15037456415973
scenario_2_bedroom_voc_rise_ep08_d084,scenario_2_bedroom_voc_rise_ep08,scenario_2_bedroom_voc_rise,84,2026-08-01T09:42:00,D,A,81.68000000000015,5.656854249492381,12.570787221094179,0.9302382543609693,1.0,1.0,1,87.15981684687381
scenario_2_bedroom_voc_rise_ep08_d087,scenario_2_bedroom_voc_rise_ep08,scenario_2_bedroom_voc_rise,87,2026-08-01T09:43:30,A,B,81.44000000000015,4.0,8.88888888888889,0.6577777777777778,1.0,1.0,1,85.88561612929561
scenario_2_bedroom_voc_rise_ep08_d087,scenario_2_bedroom_voc_rise_ep08,scenario_2_bedroom_voc_rise,87,2026-08-01T09:43:30,B,B,81.44000000000015,0.0,0.0,0.0,0.0,1.0,1,130.97747755177897
scenario_2_bedroom_voc_rise_ep08_d087,scenario_2_bedroom_voc_rise_ep08,scenario_2_bedroom_voc_rise,87,2026-08-01T09:43:30,C,B,81.44000000000015,5.656854249492381,12.570787221094179,0.9302382543609693,1.0,1.0,1,277.7781453038017
scenario_2_bedroom_voc_rise_ep08_d087,scenario_2_bedroom_voc_rise_ep08,scenario_2_bedroom_voc_rise,87,2026-08-01T09:43:30,D,B,81.44000000000015,4.0,8.88888888888889,0.6577777777777778,1.0,1.0,1,86.88597395679585
scenario_2_bedroom_voc_rise_ep09_d012,scenario_2_bedroom_voc_rise_ep09,scenario_2_bedroom_voc_rise,12,2026-08-01T09:06:00,A,B,86.74000000000002,4.0,8.88888888888889,0.6577777777777778,1.0,1.0,1,13.516209106900362
scenario_2_bedroom_voc_rise_ep09_d012,scenario_2_bedroom_voc_rise_ep09,scenario_2_bedroom_voc_rise,12,2026-08-01T09:06:00,B,B,86.74000000000002,0.0,0.0,0.0,0.0,1.0,1,62.30326666874868
scenario_2_bedroom_voc_rise_ep09_d012,scenario_2_bedroom_voc_rise_ep09,scenario_2_bedroom_voc_rise,12,2026-08-01T09:06:00,C,B,86.74000000000002,5.656854249492381,12.570787221094179,0.9302382543609693,1.0,1.0,1,24.080505202736447
scenario_2_bedroom_voc_rise_ep09_d012,scenario_2_bedroom_voc_rise_ep09,scenario_2_bedroom_voc_rise,12,2026-08-01T09:06:00,D,B,86.74000000000002,4.0,8.88888888888889,0.6577777777777778,1.0,1.0,1,19.215610840530417
scenario_2_bedroom_voc_rise_ep09_d015,scenario_2_bedroom_voc_rise_ep09,scenario_2_bedroom_voc_rise,15,2026-08-01T09:07:30,A,C,86.50000000000003,4.0,8.88888888888889,0.6577777777777778,1.0,1.0,1,14.008629185646896
scenario_2_bedroom_voc_rise_ep09_d015,scenario_2_bedroom_voc_rise_ep09,scenario_2_bedroom_voc_rise,15,2026-08-01T09:07:30,B,C,86.50000000000003,5.656854249492381,12.570787221094179,0.9302382543609693,1.0,1.0,1,67.82218212347368
scenario_2_bedroom_voc_rise_ep09_d015,scenario_2_bedroom_voc_rise_ep09,scenario_2_bedroom_voc_rise,15,2026-08-01T09:07:30,C,C,86.50000000000003,0.0,0.0,0.0,0.0,1.0,1,59.48221634085667
scenario_2_bedroom_voc_rise_ep09_d015,scenario_2_bedroom_voc_rise_ep09,scenario_2_bedroom_voc_rise,15,2026-08-01T09:07:30,D,C,86.50000000000003,4.0,8.88888888888889,0.6577777777777778,1.0,1.0,1,19.3678322190255
scenario_2_bedroom_voc_rise_ep09_d018,scenario_2_bedroom_voc_rise_ep09,scenario_2_bedroom_voc_rise,18,2026-08-01T09:09:00,A,A,86.26000000000003,0.0,0.0,0.0,0.0,1.0,1,15.068584083677706
scenario_2_bedroom_voc_rise_ep09_d018,scenario_2_bedroom_voc_rise_ep09,scenario_2_bedroom_voc_rise,18,2026-08-01T09:09:00,B,A,86.26000000000003,4.0,8.88888888888889,0.6577777777777778,1.0,1.0,1,72.58663172925822
scenario_2_bedroom_voc_rise_ep09_d018,scenario_2_bedroom_voc_rise_ep09,scenario_2_bedroom_voc_rise,18,2026-08-01T09:09:00,C,A,86.26000000000003,4.0,8.88888888888889,0.6577777777777778,1.0,1.0,1,132.25132723217143
scenario_2_bedroom_voc_rise_ep09_d018,scenario_2_bedroom_voc_rise_ep09,scenario_2_bedroom_voc_rise,18,2026-08-01T09:09:00,D,A,86.26000000000003,5.656854249492381,12.570787221094179,0.9302382543609693,1.0,1.0,1,20.107998328458052
scenario_2_bedroom_voc_rise_ep09_d021,scenario_2_bedroom_voc_rise_ep09,scenario_2_bedroom_voc_rise,21,2026-08-01T09:10:30,A,B,86.02000000000004,4.0,8.88888888888889,0.6577777777777778,1.0,1.0,1,16.75448858564755
scenario_2_bedroom_voc_rise_ep09_d021,scenario_2_bedroom_voc_rise_ep09,scenario_2_bedroom_voc_rise,21,2026-08-01T09:10:30,B,B,86.02000000000004,0.0,0.0,0.0,0.0,1.0,1,78.67607697276628
scenario_2_bedroom_voc_rise_ep09_d021,scenario_2_bedroom_voc_rise_ep09,scenario_2_bedroom_voc_rise,21,2026-08-01T09:10:30,C,B,86.02000000000004,5.656854249492381,12.570787221094179,0.9302382543609693,1.0,1.0,1,220.84545521872622
scenario_2_bedroom_voc_rise_ep09_d021,scenario_2_bedroom_voc_rise_ep09,scenario_2_bedroom_voc_rise,21,2026-08-01T09:10:30,D,B,86.02000000000004,4.0,8.88888888888889,0.6577777777777778,1.0,1.0,1,21.493293287553115
scenario_2_bedroom_voc_rise_ep09_d024,scenario_2_bedroom_voc_rise_ep09,scenario_2_bedroom_voc_rise,24,2026-08-01T09:12:00,A,D,85.78000000000004,5.656854249492381,12.570787221094179,0.9302382543609693,1.0,1.0,1,19.410314214237587
scenario_2_bedroom_voc_rise_ep09_d024,scenario_2_bedroom_voc_rise_ep09,scenario_2_bedroom_voc_rise,24,2026-08-01T09:12:00,B,D,85.78000000000004,4.0,8.88888888888889,0.6577777777777778,1.0,1.0,1,86.55540241720996
scenario_2_bedroom_voc_rise_ep09_d024,scenario_2_bedroom_voc_rise_ep09,scenario_2_bedroom_voc_rise,24,2026-08-01T09:12:00,C,D,85.78000000000004,4.0,8.88888888888889,0.6577777777777778,1.0,1.0,1,329.98994148252336
scenario_2_bedroom_voc_rise_ep09_d024,scenario_2_bedroom_voc_rise_ep09,scenario_2_bedroom_voc_rise,24,2026-08-01T09:12:00,D,D,85.78000000000004,0.0,0.0,0.0,0.0,1.0,1,23.866532528119706
scenario_2_bedroom_voc_rise_ep09_d027,scenario_2_bedroom_voc_rise_ep09,scenario_2_bedroom_voc_rise,27,2026-08-01T09:13:30,A,A,85.54000000000005,0.0,0.0,0.0,0.0,1.0,1,23.381331782305324
scenario_2_bedroom_voc_rise_ep09_d027,scenario_2_bedroom_voc_rise_ep09,scenario_2_bedroom_voc_rise,27,2026-08-01T09:13:30,B,A,85.54000000000005,4.0,8.88888888888889,0.6577777777777778,1.0,1.0,1,94.9051150715793
scenario_2_bedroom_voc_rise_ep09_d027,scenario_2_bedroom_voc_rise_ep09,scenario_2_bedroom_voc_rise,27,2026-08-01T09:13:30,C,A,85.54000000000005,4.0,8.88888888888889,0.6577777777777778,1.0,1.0,1,466.2587700301152
scenario_2_bedroom_voc_rise_ep09_d027,scenario_2_bedroom_voc_rise_ep09,scenario_2_bedroom_voc_rise,27,2026-08-01T09:13:30,D,A,85.54000000000005,5.656854249492381,12.570787221094179,0.9302382543609693,1.0,1.0,1,27.571900806269696
scenario_2_bedroom_voc_rise_ep09_d030,scenario_2_bedroom_voc_rise_ep09,scenario_2_bedroom_voc_rise,30,2026-08-01T09:15:00,A,C,85.30000000000005,4.0,8.88888888888889,0.6577777777777778,1.0,1.0,1,27.95091838542953
scenario_2_bedroom_voc_rise_ep09_d030,scenario_2_bedroom_voc_rise_ep09,scenario_2_bedroom_voc_rise,30,2026-08-01T09:15:00,B,C,85.30000000000005,5.656854249492381,12.570787221094179,0.9302382543609693,1.0,1.0,1,102.85461824821914
scenario_2_bedroom_voc_rise_ep09_d030,scenario_2_bedroom_voc_rise_ep09,scenario_2_bedroom_voc_rise,30,2026-08-01T09:15:00,C,C,85.30000000000005,0.0,0.0,0.0,0.0,1.0,1,568.325378671853
scenario_2_bedroom_voc_rise_ep09_d030,scenario_2_bedroom_voc_rise_ep09,scenario_2_bedroom_voc_rise,30,2026-08-01T09:15:00,D,C,85.30000000000005,4.0,8.88888888888889,0.6577777777777778,1.0,1.0,1,31.891754931825062
scenario_2_bedroom_voc_rise_ep09_d033,scenario_2_bedroom_voc_rise_ep09,scenario_2_bedroom_voc_rise,33,2026-08-01T09:16:30,A,D,85.06000000000006,5.656854249492381,12.570787221094179,0.9302382543609693,1.0,1.0,1,33.956945883181334
scenario_2_bedroom_voc_rise_ep09_d033,scenario_2_bedroom_voc_rise_ep09,scenario_2_bedroom_voc_rise,33,2026-08-01T09:16:30,B,D,85.06000000000006,4.0,8.88888888888889,0.6577777777777778,1.0,1.0,1,112.5698913498752
scenario_2_bedroom_voc_rise_ep09_d033,scenario_2_bedroom_voc_rise_ep09,scenario_2_bedroom_voc_rise,33,2026-08-01T09:16:30,C,D,85.06000000000006,4.0,8.88888888888889,0.6577777777777778,1.0,1.0,1,651.5505821247134
scenario_2_bedroom_voc_rise_ep09_d033,scenario_2_bedroom_voc_rise_ep09,scenario_2_bedroom_voc_rise,33,2026-08-01T09:16:30,D,D,85.06000000000006,0.0,0.0,0.0,0.0,1.0,1,37.663008247167454
scenario_2_bedroom_voc_rise_ep09_d036,scenario_2_bedroom_voc_rise_ep09,scenario_2_bedroom_voc_rise,36,2026-08-01T09:18:00,A,B,84.82000000000006,4.0,8.88888888888889,0.6577777777777778,1.0,1.0,1,39.50474768183881
scenario_2_bedroom_voc_rise_ep09_d036,scenario_2_bedroom_voc_rise_ep09,scenario_2_bedroom_voc_rise,36,2026-08-01T09:18:00,B,B,84.82000000000006,0.0,0.0,0.0,0.0,1.0,1,120.92844887703495
scenario_2_bedroom_voc_rise_ep09_d036,scenario_2_bedroom_voc_rise_ep09,scenario_2_bedroom_voc_rise,36,2026-08-01T09:18:00,C,B,84.82000000000006,5.656854249492381,12.570787221094179,0.9302382543609693,1.0,1.0,1,657.6993969623359
scenario_2_bedroom_voc_rise_ep09_d036,scenario_2_bedroom_voc_rise_ep09,scenario_2_bedroom_voc_rise,36,2026-08-01T09:18:00,D,B,84.82000000000006,4.0,8.88888888888889,0.6577777777777778,1.0,1.0,1,42.99009365225038
scenario_2_bedroom_voc_rise_ep09_d039,scenario_2_bedroom_voc_rise_ep09,scenario_2_bedroom_voc_rise,39,2026-08-01T09:19:30,A,C,84.58000000000007,4.0,8.88888888888889,0.6577777777777778,1.0,1.0,1,44.55413856023961
scenario_2_bedroom_voc_rise_ep09_d039,scenario_2_bedroom_voc_rise_ep09,scenario_2_bedroom_voc_rise,39,2026-08-01T09:19:30,B,C,84.58000000000007,5.656854249492381,12.570787221094179,0.9302382543609693,1.0,1.0,1,129.34585258214452
scenario_2_bedroom_voc_rise_ep09_d039,scenario_2_bedroom_voc_rise_ep09,scenario_2_bedroom_voc_rise,39,2026-08-01T09:19:30,C,C,84.58000000000007,0.0,0.0,0.0,0.0,1.0,1,623.0281697940236
scenario_2_bedroom_voc_rise_ep09_d039,scenario_2_bedroom_voc_rise_ep09,scenario_2_bedroom_voc_rise,39,2026-08-01T09:19:30,D,C,84.58000000000007,4.0,8.88888888888889,0.6577777777777778,1.0,1.0,1,47.83197990240319
scenario_2_bedroom_voc_rise_ep09_d042,scenario_2_bedroom_voc_rise_ep09,scenario_2_bedroom_voc_rise,42,2026-08-01T09:21:00,A,A,84.34000000000007,0.0,0.0,0.0,0.0,1.0,1,49.12685205186153
scenario_2_bedroom_voc_rise_ep09_d042,scenario_2_bedroom_voc_rise_ep09,scenario_2_bedroom_voc_rise,42,2026-08-01T09:21:00,B,A,84.34000000000007,4.0,8.88888888888889,0.6577777777777778,1.0,1.0,1,136.3883173918589
scenario_2_bedroom_voc_rise_ep09_d042,scenario_2_bedroom_voc_rise_ep09,scenario_2_bedroom_voc_rise,42,2026-08-01T09:21:00,C,A,84.34000000000007,4.0,8.88888888888889,0.6577777777777778,1.0,1.0,1,590.4322153819421
scenario_2_bedroom_voc_rise_ep09_d042,scenario_2_bedroom_voc_rise_ep09,scenario_2_bedroom_voc_rise,42,2026-08-01T09:21:00,D,A,84.34000000000007,5.656854249492381,12.570787221094179,0.9302382543609693,1.0,1.0,1,52.20960567796806
scenario_2_bedroom_voc_rise_ep09_d045,scenario_2_bedroom_voc_rise_ep09,scenario_2_bedroom_voc_rise,45,2026-08-01T09:22:30,A,B,84.10000000000008,4.0,8.88888888888889,0.6577777777777778,1.0,1.0,1,53.290347070914095
scenario_2_bedroom_voc_rise_ep09_d045,scenario_2_bedroom_voc_rise_ep09,scenario_2_bedroom_voc_rise,45,2026-08-01T09:22:30,B,B,84.10000000000008,0.0,0.0,0.0,0.0,1.0,1,143.62624277153327
scenario_2_bedroom_voc_rise_ep09_d045,scenario_2_bedroom_voc_rise_ep09,scenario_2_bedroom_voc_rise,45,2026-08-01T09:22:30,C,B,84.10000000000008,5.656854249492381,12.570787221094179,0.9302382543609693,1.0,1.0,1,559.8150475443601
scenario_2_bedroom_voc_rise_ep09_d045,scenario_2_bedroom_voc_rise_ep09,scenario_2_bedroom_voc_rise,45,2026-08-01T09:22:30,D,B,84.10000000000008,4.0,8.88888888888889,0.6577777777777778,1.0,1.0,1,56.18968310027162
scenario_2_bedroom_voc_rise_ep09_d048,scenario_2_bedroom_voc_rise_ep09,scenario_2_bedroom_voc_rise,48,2026-08-01T09:24:00,A,D,83.86000000000008,5.656854249492381,12.570787221094179,0.9302382543609693,1.0,1.0,1,57.05224632105137
scenario_2_bedroom_voc_rise_ep09_d048,scenario_2_bedroom_voc_rise_ep09,scenario_2_bedroom_voc_rise,48,2026-08-01T09:24:00,B,D,83.86000000000008,4.0,8.88888888888889,0.6577777777777778,1.0,1.0,1,149.27051331623397
scenario_2_bedroom_voc_rise_ep09_d048,scenario_2_bedroom_voc_rise_ep09,scenario_2_bedroom_voc_rise,48,2026-08-01T09:24:00,C,D,83.86000000000008,4.0,8.88888888888889,0.6577777777777778,1.0,1.0,1,531.030875595153
scenario_2_bedroom_voc_rise_ep09_d048,scenario_2_bedroom_voc_rise_ep09,scenario_2_bedroom_voc_rise,48,2026-08-01T09:24:00,D,D,83.86000000000008,0.0,0.0,0.0,0.0,1.0,1,59.779133220145695
scenario_2_bedroom_voc_rise_ep09_d051,scenario_2_bedroom_voc_rise_ep09,scenario_2_bedroom_voc_rise,51,2026-08-01T09:25:30,A,A,83.62000000000009,0.0,0.0,0.0,0.0,1.0,1,60.45222126878821
scenario_2_bedroom_voc_rise_ep09_d051,scenario_2_bedroom_voc_rise_ep09,scenario_2_bedroom_voc_rise,51,2026-08-01T09:25:30,B,A,83.62000000000009,4.0,8.88888888888889,0.6577777777777778,1.0,1.0,1,154.4153767827322
scenario_2_bedroom_voc_rise_ep09_d051,scenario_2_bedroom_voc_rise_ep09,scenario_2_bedroom_voc_rise,51,2026-08-01T09:25:30,C,A,83.62000000000009,4.0,8.88888888888889,0.6577777777777778,1.0,1.0,1,503.9758128036003
scenario_2_bedroom_voc_rise_ep09_d051,scenario_2_bedroom_voc_rise_ep09,scenario_2_bedroom_voc_rise,51,2026-08-01T09:25:30,D,A,83.62000000000009,5.656854249492381,12.570787221094179,0.9302382543609693,1.0,1.0,1,63.01696824944224
scenario_2_bedroom_voc_rise_ep09_d054,scenario_2_bedroom_voc_rise_ep09,scenario_2_bedroom_voc_rise,54,2026-08-01T09:27:00,A,C,83.3800000000001,4.0,8.88888888888889,0.6577777777777778,1.0,1.0,1,63.46072613730371
scenario_2_bedroom_voc_rise_ep09_d054,scenario_2_bedroom_voc_rise_ep09,scenario_2_bedroom_voc_rise,54,2026-08-01T09:27:00,B,C,83.3800000000001,5.656854249492381,12.570787221094179,0.9302382543609693,1.0,1.0,1,156.29041158593122
scenario_2_bedroom_voc_rise_ep09_d054,scenario_2_bedroom_voc_rise_ep09,scenario_2_bedroom_voc_rise,54,2026-08-01T09:27:00,C,C,83.3800000000001,0.0,0.0,0.0,0.0,1.0,1,478.4859773290352
scenario_2_bedroom_voc_rise_ep09_d054,scenario_2_bedroom_voc_rise_ep09,scenario_2_bedroom_voc_rise,54,2026-08-01T09:27:00,D,C,83.3800000000001,4.0,8.88888888888889,0.6577777777777778,1.0,1.0,1,65.87302298026316
scenario_2_bedroom_voc_rise_ep09_d057,scenario_2_bedroom_voc_rise_ep09,scenario_2_bedroom_voc_rise,57,2026-08-01T09:28:30,A,D,83.1400000000001,5.656854249492381,12.570787221094179,0.9302382543609693,1.0,1.0,1,66.10807468843495
scenario_2_bedroom_voc_rise_ep09_d057,scenario_2_bedroom_voc_rise_ep09,scenario_2_bedroom_voc_rise,57,2026-08-01T09:28:30,B,D,83.1400000000001,4.0,8.88888888888889,0.6577777777777778,1.0,1.0,1,155.86857837662387
scenario_2_bedroom_voc_rise_ep09_d057,scenario_2_bedroom_voc_rise_ep09,scenario_2_bedroom_voc_rise,57,2026-08-01T09:28:30,C,D,83.1400000000001,4.0,8.88888888888889,0.6577777777777778,1.0,1.0,1,454.46597660713087
scenario_2_bedroom_voc_rise_ep09_d057,scenario_2_bedroom_voc_rise_ep09,scenario_2_bedroom_voc_rise,57,2026-08-01T09:28:30,D,D,83.1400000000001,0.0,0.0,0.0,0.0,1.0,1,68.37702914947158
scenario_2_bedroom_voc_rise_ep09_d060,scenario_2_bedroom_voc_rise_ep09,scenario_2_bedroom_voc_rise,60,2026-08-01T09:30:00,A,B,82.9000000000001,4.0,8.88888888888889,0.6577777777777778,1.0,1.0,1,68.45374392466329
scenario_2_bedroom_voc_rise_ep09_d060,scenario_2_bedroom_voc_rise_ep09,scenario_2_bedroom_voc_rise,60,2026-08-01T09:30:00,B,B,82.9000000000001,0.0,0.0,0.0,0.0,1.0,1,155.07493427269424
scenario_2_bedroom_voc_rise_ep09_d060,scenario_2_bedroom_voc_rise_ep09,scenario_2_bedroom_voc_rise,60,2026-08-01T09:30:00,C,B,82.9000000000001,5.656854249492381,12.570787221094179,0.9302382543609693,1.0,1.0,1,431.8576567077241
scenario_2_bedroom_voc_rise_ep09_d060,scenario_2_bedroom_voc_rise_ep09,scenario_2_bedroom_voc_rise,60,2026-08-01T09:30:00,D,B,82.9000000000001,4.0,8.88888888888889,0.6577777777777778,1.0,1.0,1,70.58791687065127
scenario_2_bedroom_voc_rise_ep09_d063,scenario_2_bedroom_voc_rise_ep09,scenario_2_bedroom_voc_rise,63,2026-08-01T09:31:30,A,C,82.66000000000011,4.0,8.88888888888889,0.6577777777777778,1.0,1.0,1,70.4624969917545
scenario_2_bedroom_voc_rise_ep09_d063,scenario_2_bedroom_voc_rise_ep09,scenario_2_bedroom_voc_rise,63,2026-08-01T09:31:30,B,C,82.66000000000011,5.656854249492381,12.570787221094179,0.9302382543609693,1.0,1.0,1,152.18841489409897
scenario_2_bedroom_voc_rise_ep09_d063,scenario_2_bedroom_voc_rise_ep09,scenario_2_bedroom_voc_rise,63,2026-08-01T09:31:30,C,C,82.66000000000011,0.0,0.0,0.0,0.0,1.0,1,410.5157065007977
scenario_2_bedroom_voc_rise_ep09_d063,scenario_2_bedroom_voc_rise_ep09,scenario_2_bedroom_voc_rise,63,2026-08-01T09:31:30,D,C,82.66000000000011,4.0,8.88888888888889,0.6577777777777778,1.0,1.0,1,72.46993540513063
scenario_2_bedroom_voc_rise_ep09_d066,scenario_2_bedroom_voc_rise_ep09,scenario_2_bedroom_voc_rise,66,2026-08-01T09:33:00,A,A,82.42000000000012,0.0,0.0,0.0,0.0,1.0,1,72.16961616817093
scenario_2_bedroom_voc_rise_ep09_d066,scenario_2_bedroom_voc_rise_ep09,scenario_2_bedroom_voc_rise,66,2026-08-01T09:33:00,B,A,82.42000000000012,4.0,8.88888888888889,0.6577777777777778,1.0,1.0,1,149.27746607560812
scenario_2_bedroom_voc_rise_ep09_d066,scenario_2_bedroom_voc_rise_ep09,scenario_2_bedroom_voc_rise,66,2026-08-01T09:33:00,C,A,82.42000000000012,4.0,8.88888888888889,0.6577777777777778,1.0,1.0,1,390.37240522961304
scenario_2_bedroom_voc_rise_ep09_d066,scenario_2_bedroom_voc_rise_ep09,scenario_2_bedroom_voc_rise,66,2026-08-01T09:33:00,D,A,82.42000000000012,5.656854249492381,12.570787221094179,0.9302382543609693,1.0,1.0,1,74.05788414973495
scenario_2_bedroom_voc_rise_ep09_d069,scenario_2_bedroom_voc_rise_ep09,scenario_2_bedroom_voc_rise,69,2026-08-01T09:34:30,A,B,82.18000000000012,4.0,8.88888888888889,0.6577777777777778,1.0,1.0,1,73.59908198767016
scenario_2_bedroom_voc_rise_ep09_d069,scenario_2_bedroom_voc_rise_ep09,scenario_2_bedroom_voc_rise,69,2026-08-01T09:34:30,B,B,82.18000000000012,0.0,0.0,0.0,0.0,1.0,1,146.3503359794272
scenario_2_bedroom_voc_rise_ep09_d069,scenario_2_bedroom_voc_rise_ep09,scenario_2_bedroom_voc_rise,69,2026-08-01T09:34:30,C,B,82.18000000000012,5.656854249492381,12.570787221094179,0.9302382543609693,1.0,1.0,1,371.3553473972015
scenario_2_bedroom_voc_rise_ep09_d069,scenario_2_bedroom_voc_rise_ep09,scenario_2_bedroom_voc_rise,69,2026-08-01T09:34:30,D,B,82.18000000000012,4.0,8.88888888888889,0.6577777777777778,1.0,1.0,1,75.37528987968972
scenario_2_bedroom_voc_rise_ep09_d072,scenario_2_bedroom_voc_rise_ep09,scenario_2_bedroom_voc_rise,72,2026-08-01T09:36:00,A,D,81.94000000000013,5.656854249492381,12.570787221094179,0.9302382543609693,1.0,1.0,1,74.7732172407957
scenario_2_bedroom_voc_rise_ep09_d072,scenario_2_bedroom_voc_rise_ep09,scenario_2_bedroom_voc_rise,72,2026-08-01T09:36:00,B,D,81.94000000000013,4.0,8.88888888888889,0.6577777777777778,1.0,1.0,1,143.4145101122133
scenario_2_bedroom_voc_rise_ep09_d072,scenario_2_bedroom_voc_rise_ep09,scenario_2_bedroom_voc_rise,72,2026-08-01T09:36:00,C,D,81.94000000000013,4.0,8.88888888888889,0.6577777777777778,1.0,1.0,1,353.39666170919554
scenario_2_bedroom_voc_rise_ep09_d072,scenario_2_bedroom_voc_rise_ep09,scenario_2_bedroom_voc_rise,72,2026-08-01T09:36:00,D,D,81.94000000000013,0.0,0.0,0.0,0.0,1.0,1,76.44404898495168
scenario_2_bedroom_voc_rise_ep09_d075,scenario_2_bedroom_voc_rise_ep09,scenario_2_bedroom_voc_rise,75,2026-08-01T09:37:30,A,A,81.70000000000013,0.0,0.0,0.0,0.0,1.0,1,75.7127960628834
scenario_2_bedroom_voc_rise_ep09_d075,scenario_2_bedroom_voc_rise_ep09,scenario_2_bedroom_voc_rise,75,2026-08-01T09:37:30,B,A,81.70000000000013,4.0,8.88888888888889,0.6577777777777778,1.0,1.0,1,140.47676934765445
scenario_2_bedroom_voc_rise_ep09_d075,scenario_2_bedroom_voc_rise_ep09,scenario_2_bedroom_voc_rise,75,2026-08-01T09:37:30,C,A,81.70000000000013,4.0,8.88888888888889,0.6577777777777778,1.0,1.0,1,336.43272240648264
scenario_2_bedroom_voc_rise_ep09_d075,scenario_2_bedroom_voc_rise_ep09,scenario_2_bedroom_voc_rise,75,2026-08-01T09:37:30,D,A,81.70000000000013,5.656854249492381,12.570787221094179,0.9302382543609693,1.0,1.0,1,77.28453490052698
scenario_2_bedroom_voc_rise_ep09_d078,scenario_2_bedroom_voc_rise_ep09,scenario_2_bedroom_voc_rise,78,2026-08-01T09:39:00,A,C,81.46000000000014,4.0,8.88888888888889,0.6577777777777778,1.0,1.0,1,76.43714598256724
scenario_2_bedroom_voc_rise_ep09_d078,scenario_2_bedroom_voc_rise_ep09,scenario_2_bedroom_voc_rise,78,2026-08-01T09:39:00,B,C,81.46000000000014,5.656854249492381,12.570787221094179,0.9302382543609693,1.0,1.0,1,137.54324383167796
scenario_2_bedroom_voc_rise_ep09_d078,scenario_2_bedroom_voc_rise_ep09,scenario_2_bedroom_voc_rise,78,2026-08-01T09:39:00,C,C,81.46000000000014,0.0,0.0,0.0,0.0,1.0,1,320.40387910797506
scenario_2_bedroom_voc_rise_ep09_d078,scenario_2_bedroom_voc_rise_ep09,scenario_2_bedroom_voc_rise,78,2026-08-01T09:39:00,D,C,81.46000000000014,4.0,8.88888888888889,0.6577777777777778,1.0,1.0,1,77.91569859826427
scenario_2_bedroom_voc_rise_ep09_d081,scenario_2_bedroom_voc_rise_ep09,scenario_2_bedroom_voc_rise,81,2026-08-01T09:40:30,A,D,81.22000000000014,5.656854249492381,12.570787221094179,0.9302382543609693,1.0,1.0,1,76.96424338154225
scenario_2_bedroom_voc_rise_ep09_d081,scenario_2_bedroom_voc_rise_ep09,scenario_2_bedroom_voc_rise,81,2026-08-01T09:40:30,B,D,81.22000000000014,4.0,8.88888888888889,0.6577777777777778,1.0,1.0,1,134.6194630532293
scenario_2_bedroom_voc_rise_ep09_d081,scenario_2_bedroom_voc_rise_ep09,scenario_2_bedroom_voc_rise,81,2026-08-01T09:40:30,C,D,81.22000000000014,4.0,8.88888888888889,0.6577777777777778,1.0,1.0,1,305.25420397310756
scenario_2_bedroom_voc_rise_ep09_d081,scenario_2_bedroom_voc_rise_ep09,scenario_2_bedroom_voc_rise,81,2026-08-01T09:40:30,D,D,81.22000000000014,0.0,0.0,0.0,0.0,1.0,1,78.35516258461257
scenario_2_bedroom_voc_rise_ep09_d084,scenario_2_bedroom_voc_rise_ep09,scenario_2_bedroom_voc_rise,84,2026-08-01T09:42:00,A,B,80.98000000000015,4.0,8.88888888888889,0.6577777777777778,1.0,1.0,1,77.3108027874739
scenario_2_bedroom_voc_rise_ep09_d084,scenario_2_bedroom_voc_rise_ep09,scenario_2_bedroom_voc_rise,84,2026-08-01T09:42:00,B,B,80.98000000000015,0.0,0.0,0.0,0.0,1.0,1,131.71040234445832
scenario_2_bedroom_voc_rise_ep09_d084,scenario_2_bedroom_voc_rise_ep09,scenario_2_bedroom_voc_rise,84,2026-08-01T09:42:00,C,B,80.98000000000015,5.656854249492381,12.570787221094179,0.9302382543609693,1.0,1.0,1,290.9312550703015
scenario_2_bedroom_voc_rise_ep09_d084,scenario_2_bedroom_voc_rise_ep09,scenario_2_bedroom_voc_rise,84,2026-08-01T09:42:00,D,B,80.98000000000015,4.0,8.88888888888889,0.6577777777777778,1.0,1.0,1,78.6193088205182
scenario_2_bedroom_voc_rise_ep09_d087,scenario_2_bedroom_voc_rise_ep09,scenario_2_bedroom_voc_rise,87,2026-08-01T09:43:30,A,C,80.74000000000015,4.0,8.88888888888889,0.6577777777777778,1.0,1.0,1,77.49236039507878
scenario_2_bedroom_voc_rise_ep09_d087,scenario_2_bedroom_voc_rise_ep09,scenario_2_bedroom_voc_rise,87,2026-08-01T09:43:30,B,C,80.74000000000015,5.656854249492381,12.570787221094179,0.9302382543609693,1.0,1.0,1,128.82052605632794
scenario_2_bedroom_voc_rise_ep09_d087,scenario_2_bedroom_voc_rise_ep09,scenario_2_bedroom_voc_rise,87,2026-08-01T09:43:30,C,C,80.74000000000015,0.0,0.0,0.0,0.0,1.0,1,277.3858549093603
scenario_2_bedroom_voc_rise_ep09_d087,scenario_2_bedroom_voc_rise_ep09,scenario_2_bedroom_voc_rise,87,2026-08-01T09:43:30,D,C,80.74000000000015,4.0,8.88888888888889,0.6577777777777778,1.0,1.0,1,78.72336095299329
scenario_2_bedroom_voc_rise_ep10_d012,scenario_2_bedroom_voc_rise_ep10,scenario_2_bedroom_voc_rise,12,2026-08-01T09:06:00,A,C,86.04000000000002,4.0,8.88888888888889,0.6577777777777778,1.0,1.0,1,44.564384365553224
scenario_2_bedroom_voc_rise_ep10_d012,scenario_2_bedroom_voc_rise_ep10,scenario_2_bedroom_voc_rise,12,2026-08-01T09:06:00,B,C,86.04000000000002,5.656854249492381,12.570787221094179,0.9302382543609693,1.0,1.0,1,52.80537948629842
scenario_2_bedroom_voc_rise_ep10_d012,scenario_2_bedroom_voc_rise_ep10,scenario_2_bedroom_voc_rise,12,2026-08-01T09:06:00,C,C,86.04000000000002,0.0,0.0,0.0,0.0,1.0,1,33.607241889755585
scenario_2_bedroom_voc_rise_ep10_d012,scenario_2_bedroom_voc_rise_ep10,scenario_2_bedroom_voc_rise,12,2026-08-01T09:06:00,D,C,86.04000000000002,4.0,8.88888888888889,0.6577777777777778,1.0,1.0,1,18.810710217334645
scenario_2_bedroom_voc_rise_ep10_d015,scenario_2_bedroom_voc_rise_ep10,scenario_2_bedroom_voc_rise,15,2026-08-01T09:07:30,A,D,85.80000000000003,5.656854249492381,12.570787221094179,0.9302382543609693,1.0,1.0,1,43.33671323766805
scenario_2_bedroom_voc_rise_ep10_d015,scenario_2_bedroom_voc_rise_ep10,scenario_2_bedroom_voc_rise,15,2026-08-01T09:07:30,B,D,85.80000000000003,4.0,8.88888888888889,0.6577777777777778,1.0,1.0,1,58.92698155385415
scenario_2_bedroom_voc_rise_ep10_d015,scenario_2_bedroom_voc_rise_ep10,scenario_2_bedroom_voc_rise,15,2026-08-01T09:07:30,C,D,85.80000000000003,4.0,8.88888888888889,0.6577777777777778,1.0,1.0,1,67.9448401977898
scenario_2_bedroom_voc_rise_ep10_d015,scenario_2_bedroom_voc_rise_ep10,scenario_2_bedroom_voc_rise,15,2026-08-01T09:07:30,D,D,85.80000000000003,0.0,0.0,0.0,0.0,1.0,1,19.16072620377929
scenario_2_bedroom_voc_rise_ep10_d018,scenario_2_bedroom_voc_rise_ep10,scenario_2_bedroom_voc_rise,18,2026-08-01T09:09:00,A,B,85.56000000000003,4.0,8.88888888888889,0.6577777777777778,1.0,1.0,1,42.75182656260256
scenario_2_bedroom_voc_rise_ep10_d018,scenario_2_bedroom_voc_rise_ep10,scenario_2_bedroom_voc_rise,18,2026-08-01T09:09:00,B,B,85.56000000000003,0.0,0.0,0.0,0.0,1.0,1,65.70570612216011
scenario_2_bedroom_voc_rise_ep10_d018,scenario_2_bedroom_voc_rise_ep10,scenario_2_bedroom_voc_rise,18,2026-08-01T09:09:00,C,B,85.56000000000003,5.656854249492381,12.570787221094179,0.9302382543609693,1.0,1.0,1,134.1296928514471
scenario_2_bedroom_voc_rise_ep10_d018,scenario_2_bedroom_voc_rise_ep10,scenario_2_bedroom_voc_rise,18,2026-08-01T09:09:00,D,B,85.56000000000003,4.0,8.88888888888889,0.6577777777777778,1.0,1.0,1,20.056452087111666
scenario_2_bedroom_voc_rise_ep10_d021,scenario_2_bedroom_voc_rise_ep10,scenario_2_bedroom_voc_rise,21,2026-08-01T09:10:30,A,C,85.32000000000004,4.0,8.88888888888889,0.6577777777777778,1.0,1.0,1,43.18092735096889
scenario_2_bedroom_voc_rise_ep10_d021,scenario_2_bedroom_voc_rise_ep10,scenario_2_bedroom_voc_rise,21,2026-08-01T09:10:30,B,C,85.32000000000004,5.656854249492381,12.570787221094179,0.9302382543609693,1.0,1.0,1,72.74651720996542
scenario_2_bedroom_voc_rise_ep10_d021,scenario_2_bedroom_voc_rise_ep10,scenario_2_bedroom_voc_rise,21,2026-08-01T09:10:30,C,C,85.32000000000004,0.0,0.0,0.0,0.0,1.0,1,239.2436008766739
scenario_2_bedroom_voc_rise_ep10_d021,scenario_2_bedroom_voc_rise_ep10,scenario_2_bedroom_voc_rise,21,2026-08-01T09:10:30,D,C,85.32000000000004,4.0,8.88888888888889,0.6577777777777778,1.0,1.0,1,21.875088613106527
scenario_2_bedroom_voc_rise_ep10_d024,scenario_2_bedroom_voc_rise_ep10,scenario_2_bedroom_voc_rise,24,2026-08-01T09:12:00,A,A,85.08000000000004,0.0,0.0,0.0,0.0,1.0,1,44.452352143269536
scenario_2_bedroom_voc_rise_ep10_d024,scenario_2_bedroom_voc_rise_ep10,scenario_2_bedroom_voc_rise,24,2026-08-01T09:12:00,B,A,85.08000000000004,4.0,8.88888888888889,0.6577777777777778,1.0,1.0,1,80.15245464824648
scenario_2_bedroom_voc_rise_ep10_d024,scenario_2_bedroom_voc_rise_ep10,scenario_2_bedroom_voc_rise,24,2026-08-01T09:12:00,C,A,85.08000000000004,4.0,8.88888888888889,0.6577777777777778,1.0,1.0,1,346.8858479069638
scenario_2_bedroom_voc_rise_ep10_d024,scenario_2_bedroom_voc_rise_ep10,scenario_2_bedroom_voc_rise,24,2026-08-01T09:12:00,D,A,85.08000000000004,5.656854249492381,12.570787221094179,0.9302382543609693,1.0,1.0,1,24.450598048935035
scenario_2_bedroom_voc_rise_ep10_d027,scenario_2_bedroom_voc_rise_ep10,scenario_2_bedroom_voc_rise,27,2026-08-01T09:13:30,A,B,84.84000000000005,4.0,8.88888888888889,0.6577777777777778,1.0,1.0,1,46.88762344093129
scenario_2_bedroom_voc_rise_ep10_d027,scenario_2_bedroom_voc_rise_ep10,scenario_2_bedroom_voc_rise,27,2026-08-01T09:13:30,B,B,84.84000000000005,0.0,0.0,0.0,0.0,1.0,1,89.57309390428486
scenario_2_bedroom_voc_rise_ep10_d027,scenario_2_bedroom_voc_rise_ep10,scenario_2_bedroom_voc_rise,27,2026-08-01T09:13:30,C,B,84.84000000000005,5.656854249492381,12.570787221094179,0.9302382543609693,1.0,1.0,1,478.07954608054774
scenario_2_bedroom_voc_rise_ep10_d027,scenario_2_bedroom_voc_rise_ep10,scenario_2_bedroom_voc_rise,27,2026-08-01T09:13:30,D,B,84.84000000000005,4.0,8.88888888888889,0.6577777777777778,1.0,1.0,1,28.10977977126322
scenario_2_bedroom_voc_rise_ep10_d030,scenario_2_bedroom_voc_rise_ep10,scenario_2_bedroom_voc_rise,30,2026-08-01T09:15:00,A,D,84.60000000000005,5.656854249492381,12.570787221094179,0.9302382543609693,1.0,1.0,1,50.24438694192236
scenario_2_bedroom_voc_rise_ep10_d030,scenario_2_bedroom_voc_rise_ep10,scenario_2_bedroom_voc_rise,30,2026-08-01T09:15:00,B,D,84.60000000000005,4.0,8.88888888888889,0.6577777777777778,1.0,1.0,1,98.4162542795134
scenario_2_bedroom_voc_rise_ep10_d030,scenario_2_bedroom_voc_rise_ep10,scenario_2_bedroom_voc_rise,30,2026-08-01T09:15:00,C,D,84.60000000000005,4.0,8.88888888888889,0.6577777777777778,1.0,1.0,1,583.2412718807425
scenario_2_bedroom_voc_rise_ep10_d030,scenario_2_bedroom_voc_rise_ep10,scenario_2_bedroom_voc_rise,30,2026-08-01T09:15:00,D,D,84.60000000000005,0.0,0.0,0.0,0.0,1.0,1,32.61522921263531
scenario_2_bedroom_voc_rise_ep10_d033,scenario_2_bedroom_voc_rise_ep10,scenario_2_bedroom_voc_rise,33,2026-08-01T09:16:30,A,A,84.36000000000006,0.0,0.0,0.0,0.0,1.0,1,54.24380584862456
scenario_2_bedroom_voc_rise_ep10_d033,scenario_2_bedroom_voc_rise_ep10,scenario_2_bedroom_voc_rise,33,2026-08-01T09:16:30,B,A,84.36000000000006,4.0,8.88888888888889,0.6577777777777778,1.0,1.0,1,108.00422709133431
scenario_2_bedroom_voc_rise_ep10_d033,scenario_2_bedroom_voc_rise_ep10,scenario_2_bedroom_voc_rise,33,2026-08-01T09:16:30,C,A,84.36000000000006,4.0,8.88888888888889,0.6577777777777778,1.0,1.0,1,638.9763586286515
scenario_2_bedroom_voc_rise_ep10_d033,scenario_2_bedroom_voc_rise_ep10,scenario_2_bedroom_voc_rise,33,2026-08-01T09:16:30,D,A,84.36000000000006,5.656854249492381,12.570787221094179,0.9302382543609693,1.0,1.0,1,37.69275252440798
scenario_2_bedroom_voc_rise_ep10_d036,scenario_2_bedroom_voc_rise_ep10,scenario_2_bedroom_voc_rise,36,2026-08-01T09:18:00,A,C,84.12000000000006,4.0,8.88888888888889,0.6577777777777778,1.0,1.0,1,59.31062634292812
scenario_2_bedroom_voc_rise_ep10_d036,scenario_2_bedroom_voc_rise_ep10,scenario_2_bedroom_voc_rise,36,2026-08-01T09:18:00,B,C,84.12000000000006,5.656854249492381,12.570787221094179,0.9302382543609693,1.0,1.0,1,118.50638222688622
scenario_2_bedroom_voc_rise_ep10_d036,scenario_2_bedroom_voc_rise_ep10,scenario_2_bedroom_voc_rise,36,2026-08-01T09:18:00,C,C,84.12000000000006,0.0,0.0,0.0,0.0,1.0,1,673.2286361428212
scenario_2_bedroom_voc_rise_ep10_d036,scenario_2_bedroom_voc_rise_ep10,scenario_2_bedroom_voc_rise,36,2026-08-01T09:18:00,D,C,84.12000000000006,4.0,8.88888888888889,0.6577777777777778,1.0,1.0,1,43.77145113614665
scenario_2_bedroom_voc_rise_ep10_d039,scenario_2_bedroom_voc_rise_ep10,scenario_2_bedroom_voc_rise,39,2026-08-01T09:19:30,A,D,83.88000000000007,5.656854249492381,12.570787221094179,0.9302382543609693,1.0,1.0,1,63.40936199788439
scenario_2_bedroom_voc_rise_ep10_d039,scenario_2_bedroom_voc_rise_ep10,scenario_2_bedroom_voc_rise,39,2026-08-01T09:19:30,B,D,83.88000000000007,4.0,8.88888888888889,0.6577777777777778,1.0,1.0,1,127.78876151911504
scenario_2_bedroom_voc_rise_ep10_d039,scenario_2_bedroom_voc_rise_ep10,scenario_2_bedroom_voc_rise,39,2026-08-01T09:19:30,C,D,83.88000000000007,4.0,8.88888888888889,0.6577777777777778,1.0,1.0,1,637.9067443983058
scenario_2_bedroom_voc_rise_ep10_d039,scenario_2_bedroom_voc_rise_ep10,scenario_2_bedroom_voc_rise,39,2026-08-01T09:19:30,D,D,83.88000000000007,0.0,0.0,0.0,0.0,1.0,1,48.81992406035488
scenario_2_bedroom_voc_rise_ep10_d042,scenario_2_bedroom_voc_rise_ep10,scenario_2_bedroom_voc_rise,42,2026-08-01T09:21:00,A,B,83.64000000000007,4.0,8.88888888888889,0.6577777777777778,1.0,1.0,1,67.07695949530398
scenario_2_bedroom_voc_rise_ep10_d042,scenario_2_bedroom_voc_rise_ep10,scenario_2_bedroom_voc_rise,42,2026-08-01T09:21:00,B,B,83.64000000000007,0.0,0.0,0.0,0.0,1.0,1,135.40469528180438
scenario_2_bedroom_voc_rise_ep10_d042,scenario_2_bedroom_voc_rise_ep10,scenario_2_bedroom_voc_rise,42,2026-08-01T09:21:00,C,B,83.64000000000007,5.656854249492381,12.570787221094179,0.9302382543609693,1.0,1.0,1,604.6849883589432
scenario_2_bedroom_voc_rise_ep10_d042,scenario_2_bedroom_voc_rise_ep10,scenario_2_bedroom_voc_rise,42,2026-08-01T09:21:00,D,B,83.64000000000007,4.0,8.88888888888889,0.6577777777777778,1.0,1.0,1,53.37895038655461
scenario_2_bedroom_voc_rise_ep10_d045,scenario_2_bedroom_voc_rise_ep10,scenario_2_bedroom_voc_rise,45,2026-08-01T09:22:30,A,C,83.40000000000008,4.0,8.88888888888889,0.6577777777777778,1.0,1.0,1,70.3798626112391
scenario_2_bedroom_voc_rise_ep10_d045,scenario_2_bedroom_voc_rise_ep10,scenario_2_bedroom_voc_rise,45,2026-08-01T09:22:30,B,C,83.40000000000008,5.656854249492381,12.570787221094179,0.9302382543609693,1.0,1.0,1,142.91945061489105
scenario_2_bedroom_voc_rise_ep10_d045,scenario_2_bedroom_voc_rise_ep10,scenario_2_bedroom_voc_rise,45,2026-08-01T09:22:30,C,C,83.40000000000008,0.0,0.0,0.0,0.0,1.0,1,573.4672730725201
scenario_2_bedroom_voc_rise_ep10_d045,scenario_2_bedroom_voc_rise_ep10,scenario_2_bedroom_voc_rise,45,2026-08-01T09:22:30,D,C,83.40000000000008,4.0,8.88888888888889,0.6577777777777778,1.0,1.0,1,57.51856899651966
scenario_2_bedroom_voc_rise_ep10_d048,scenario_2_bedroom_voc_rise_ep10,scenario_2_bedroom_voc_rise,48,2026-08-01T09:24:00,A,A,83.16000000000008,0.0,0.0,0.0,0.0,1.0,1,73.3197668805833
scenario_2_bedroom_voc_rise_ep10_d048,scenario_2_bedroom_voc_rise_ep10,scenario_2_bedroom_voc_rise,48,2026-08-01T09:24:00,B,A,83.16000000000008,4.0,8.88888888888889,0.6577777777777778,1.0,1.0,1,148.97818429361405
scenario_2_bedroom_voc_rise_ep10_d048,scenario_2_bedroom_voc_rise_ep10,scenario_2_bedroom_voc_rise,48,2026-08-01T09:24:00,C,A,83.16000000000008,4.0,8.88888888888889,0.6577777777777778,1.0,1.0,1,544.1031923633357
scenario_2_bedroom_voc_rise_ep10_d048,scenario_2_bedroom_voc_rise_ep10,scenario_2_bedroom_voc_rise,48,2026-08-01T09:24:00,D,A,83.16000000000008,5.656854249492381,12.570787221094179,0.9302382543609693,1.0,1.0,1,61.24384797743801
scenario_2_bedroom_voc_rise_ep10_d051,scenario_2_bedroom_voc_rise_ep10,scenario_2_bedroom_voc_rise,51,2026-08-01T09:25:30,A,B,82.92000000000009,4.0,8.88888888888889,0.6577777777777778,1.0,1.0,1,75.93403906924914
scenario_2_bedroom_voc_rise_ep10_d051,scenario_2_bedroom_voc_rise_ep10,scenario_2_bedroom_voc_rise,51,2026-08-01T09:25:30,B,B,82.92000000000009,0.0,0.0,0.0,0.0,1.0,1,153.77914542702433
scenario_2_bedroom_voc_rise_ep10_d051,scenario_2_bedroom_voc_rise_ep10,scenario_2_bedroom_voc_rise,51,2026-08-01T09:25:30,C,B,82.92000000000009,5.656854249492381,12.570787221094179,0.9302382543609693,1.0,1.0,1,516.4877781149339
scenario_2_bedroom_voc_rise_ep10_d051,scenario_2_bedroom_voc_rise_ep10,scenario_2_bedroom_voc_rise,51,2026-08-01T09:25:30,D,B,82.92000000000009,4.0,8.88888888888889,0.6577777777777778,1.0,1.0,1,64.5953179228236
scenario_2_bedroom_voc_rise_ep10_d054,scenario_2_bedroom_voc_rise_ep10,scenario_2_bedroom_voc_rise,54,2026-08-01T09:27:00,A,D,82.68000000000009,5.656854249492381,12.570787221094179,0.9302382543609693,1.0,1.0,1,78.23036478343988
scenario_2_bedroom_voc_rise_ep10_d054,scenario_2_bedroom_voc_rise_ep10,scenario_2_bedroom_voc_rise,54,2026-08-01T09:27:00,B,D,82.68000000000009,4.0,8.88888888888889,0.6577777777777778,1.0,1.0,1,156.90756638252697
scenario_2_bedroom_voc_rise_ep10_d054,scenario_2_bedroom_voc_rise_ep10,scenario_2_bedroom_voc_rise,54,2026-08-01T09:27:00,C,D,82.68000000000009,4.0,8.88888888888889,0.6577777777777778,1.0,1.0,1,490.4955207247938
scenario_2_bedroom_voc_rise_ep10_d054,scenario_2_bedroom_voc_rise_ep10,scenario_2_bedroom_voc_rise,54,2026-08-01T09:27:00,D,D,82.68000000000009,0.0,0.0,0.0,0.0,1.0,1,67.58363250828984
scenario_2_bedroom_voc_rise_ep10_d057,scenario_2_bedroom_voc_rise_ep10,scenario_2_bedroom_voc_rise,57,2026-08-01T09:28:30,A,A,82.4400000000001,0.0,0.0,0.0,0.0,1.0,1,80.20965070463558
scenario_2_bedroom_voc_rise_ep10_d057,scenario_2_bedroom_voc_rise_ep10,scenario_2_bedroom_voc_rise,57,2026-08-01T09:28:30,B,A,82.4400000000001,4.0,8.88888888888889,0.6577777777777778,1.0,1.0,1,157.532651616483
scenario_2_bedroom_voc_rise_ep10_d057,scenario_2_bedroom_voc_rise_ep10,scenario_2_bedroom_voc_rise,57,2026-08-01T09:28:30,C,A,82.4400000000001,4.0,8.88888888888889,0.6577777777777778,1.0,1.0,1,466.0026844561346
scenario_2_bedroom_voc_rise_ep10_d057,scenario_2_bedroom_voc_rise_ep10,scenario_2_bedroom_voc_rise,57,2026-08-01T09:28:30,D,A,82.4400000000001,5.656854249492381,12.570787221094179,0.9302382543609693,1.0,1.0,1,70.21248288469383
scenario_2_bedroom_voc_rise_ep10_d060,scenario_2_bedroom_voc_rise_ep10,scenario_2_bedroom_voc_rise,60,2026-08-01T09:30:00,A,C,82.2000000000001,4.0,8.88888888888889,0.6577777777777778,1.0,1.0,1,81.8815906892205
scenario_2_bedroom_voc_rise_ep10_d060,scenario_2_bedroom_voc_rise_ep10,scenario_2_bedroom_voc_rise,60,2026-08-01T09:30:00,B,C,82.2000000000001,5.656854249492381,12.570787221094179,0.9302382543609693,1.0,1.0,1,155.8160772453325
scenario_2_bedroom_voc_rise_ep10_d060,scenario_2_bedroom_voc_rise_ep10,scenario_2_bedroom_voc_rise,60,2026-08-01T09:30:00,C,C,82.2000000000001,0.0,0.0,0.0,0.0,1.0,1,442.9023243398667
scenario_2_bedroom_voc_rise_ep10_d060,scenario_2_bedroom_voc_rise_ep10,scenario_2_bedroom_voc_rise,60,2026-08-01T09:30:00,D,C,82.2000000000001,4.0,8.88888888888889,0.6577777777777778,1.0,1.0,1,72.49417517816823
scenario_2_bedroom_voc_rise_ep10_d063,scenario_2_bedroom_voc_rise_ep10,scenario_2_bedroom_voc_rise,63,2026-08-01T09:31:30,A,D,81.96000000000011,5.656854249492381,12.570787221094179,0.9302382543609693,1.0,1.0,1,83.27143492906953
scenario_2_bedroom_voc_rise_ep10_d063,scenario_2_bedroom_voc_rise_ep10,scenario_2_bedroom_voc_rise,63,2026-08-01T09:31:30,B,D,81.96000000000011,4.0,8.88888888888889,0.6577777777777778,1.0,1.0,1,153.09961000105568
scenario_2_bedroom_voc_rise_ep10_d063,scenario_2_bedroom_voc_rise_ep10,scenario_2_bedroom_voc_rise,63,2026-08-01T09:31:30,C,D,81.96000000000011,4.0,8.88888888888889,0.6577777777777778,1.0,1.0,1,421.11054140305987
scenario_2_bedroom_voc_rise_ep10_d063,scenario_2_bedroom_voc_rise_ep10,scenario_2_bedroom_voc_rise,63,2026-08-01T09:31:30,D,D,81.96000000000011,0.0,0.0,0.0,0.0,1.0,1,74.45641034070695
scenario_2_bedroom_voc_rise_ep10_d066,scenario_2_bedroom_voc_rise_ep10,scenario_2_bedroom_voc_rise,66,2026-08-01T09:33:00,A,B,81.72000000000011,4.0,8.88888888888889,0.6577777777777778,1.0,1.0,1,84.39169226735794
scenario_2_bedroom_voc_rise_ep10_d066,scenario_2_bedroom_voc_rise_ep10,scenario_2_bedroom_voc_rise,66,2026-08-01T09:33:00,B,B,81.72000000000011,0.0,0.0,0.0,0.0,1.0,1,150.34152912343825
scenario_2_bedroom_voc_rise_ep10_d066,scenario_2_bedroom_voc_rise_ep10,scenario_2_bedroom_voc_rise,66,2026-08-01T09:33:00,C,B,81.72000000000011,5.656854249492381,12.570787221094179,0.9302382543609693,1.0,1.0,1,400.5377040537055
scenario_2_bedroom_voc_rise_ep10_d066,scenario_2_bedroom_voc_rise_ep10,scenario_2_bedroom_voc_rise,66,2026-08-01T09:33:00,D,B,81.72000000000011,4.0,8.88888888888889,0.6577777777777778,1.0,1.0,1,76.1139964900135
scenario_2_bedroom_voc_rise_ep10_d069,scenario_2_bedroom_voc_rise_ep10,scenario_2_bedroom_voc_rise,69,2026-08-01T09:34:30,A,C,81.48000000000012,4.0,8.88888888888889,0.6577777777777778,1.0,1.0,1,85.26453509516841
scenario_2_bedroom_voc_rise_ep10_d069,scenario_2_bedroom_voc_rise_ep10,scenario_2_bedroom_voc_rise,69,2026-08-01T09:34:30,B,C,81.48000000000012,5.656854249492381,12.570787221094179,0.9302382543609693,1.0,1.0,1,147.55135627591767
scenario_2_bedroom_voc_rise_ep10_d069,scenario_2_bedroom_voc_rise_ep10,scenario_2_bedroom_voc_rise,69,2026-08-01T09:34:30,C,C,81.48000000000012,0.0,0.0,0.0,0.0,1.0,1,381.1104029282492
scenario_2_bedroom_voc_rise_ep10_d069,scenario_2_bedroom_voc_rise_ep10,scenario_2_bedroom_voc_rise,69,2026-08-01T09:34:30,D,C,81.48000000000012,4.0,8.88888888888889,0.6577777777777778,1.0,1.0,1,77.49126320577602
scenario_2_bedroom_voc_rise_ep10_d072,scenario_2_bedroom_voc_rise_ep10,scenario_2_bedroom_voc_rise,72,2026-08-01T09:36:00,A,A,81.24000000000012,0.0,0.0,0.0,0.0,1.0,1,85.91058567575465
scenario_2_bedroom_voc_rise_ep10_d072,scenario_2_bedroom_voc_rise_ep10,scenario_2_bedroom_voc_rise,72,2026-08-01T09:36:00,B,A,81.24000000000012,4.0,8.88888888888889,0.6577777777777778,1.0,1.0,1,144.73776463407376
scenario_2_bedroom_voc_rise_ep10_d072,scenario_2_bedroom_voc_rise_ep10,scenario_2_bedroom_voc_rise,72,2026-08-01T09:36:00,C,A,81.24000000000012,4.0,8.88888888888889,0.6577777777777778,1.0,1.0,1,362.75981606570156
scenario_2_bedroom_voc_rise_ep10_d072,scenario_2_bedroom_voc_rise_ep10,scenario_2_bedroom_voc_rise,72,2026-08-01T09:36:00,D,A,81.24000000000012,5.656854249492381,12.570787221094179,0.9302382543609693,1.0,1.0,1,78.61085666826989
scenario_2_bedroom_voc_rise_ep10_d075,scenario_2_bedroom_voc_rise_ep10,scenario_2_bedroom_voc_rise,75,2026-08-01T09:37:30,A,B,81.00000000000013,4.0,8.88888888888889,0.6577777777777778,1.0,1.0,1,86.34901863210848
scenario_2_bedroom_voc_rise_ep10_d075,scenario_2_bedroom_voc_rise_ep10,scenario_2_bedroom_voc_rise,75,2026-08-01T09:37:30,B,B,81.00000000000013,0.0,0.0,0.0,0.0,1.0,1,141.90864248279217
scenario_2_bedroom_voc_rise_ep10_d075,scenario_2_bedroom_voc_rise_ep10,scenario_2_bedroom_voc_rise,75,2026-08-01T09:37:30,C,B,81.00000000000013,5.656854249492381,12.570787221094179,0.9302382543609693,1.0,1.0,1,345.4214172883287
scenario_2_bedroom_voc_rise_ep10_d075,scenario_2_bedroom_voc_rise_ep10,scenario_2_bedroom_voc_rise,75,2026-08-01T09:37:30,D,B,81.00000000000013,4.0,8.88888888888889,0.6577777777777778,1.0,1.0,1,79.49385041150299
scenario_2_bedroom_voc_rise_ep10_d078,scenario_2_bedroom_voc_rise_ep10,scenario_2_bedroom_voc_rise,78,2026-08-01T09:39:00,A,D,80.76000000000013,5.656854249492381,12.570787221094179,0.9302382543609693,1.0,1.0,1,86.59765680654505
scenario_2_bedroom_voc_rise_ep10_d078,scenario_2_bedroom_voc_rise_ep10,scenario_2_bedroom_voc_rise,78,2026-08-01T09:39:00,B,D,80.76000000000013,4.0,8.88888888888889,0.6577777777777778,1.0,1.0,1,139.07115233947025
scenario_2_bedroom_voc_rise_ep10_d078,scenario_2_bedroom_voc_rise_ep10,scenario_2_bedroom_voc_rise,78,2026-08-01T09:39:00,C,D,80.76000000000013,4.0,8.88888888888889,0.6577777777777778,1.0,1.0,1,329.03470326105537
scenario_2_bedroom_voc_rise_ep10_d078,scenario_2_bedroom_voc_rise_ep10,scenario_2_bedroom_voc_rise,78,2026-08-01T09:39:00,D,D,80.76000000000013,0.0,0.0,0.0,0.0,1.0,1,80.15984893387235
scenario_2_bedroom_voc_rise_ep10_d081,scenario_2_bedroom_voc_rise_ep10,scenario_2_bedroom_voc_rise,81,2026-08-01T09:40:30,A,A,80.52000000000014,0.0,0.0,0.0,0.0,1.0,1,86.67306091707496
scenario_2_bedroom_voc_rise_ep10_d081,scenario_2_bedroom_voc_rise_ep10,scenario_2_bedroom_voc_rise,81,2026-08-01T09:40:30,B,A,80.52000000000014,4.0,8.88888888888889,0.6577777777777778,1.0,1.0,1,136.231785908888
scenario_2_bedroom_voc_rise_ep10_d081,scenario_2_bedroom_voc_rise_ep10,scenario_2_bedroom_voc_rise,81,2026-08-01T09:40:30,C,A,80.52000000000014,4.0,8.88888888888889,0.6577777777777778,1.0,1.0,1,313.5429380293805
scenario_2_bedroom_voc_rise_ep10_d081,scenario_2_bedroom_voc_rise_ep10,scenario_2_bedroom_voc_rise,81,2026-08-01T09:40:30,D,A,80.52000000000014,5.656854249492381,12.570787221094179,0.9302382543609693,1.0,1.0,1,80.62708462327078
scenario_2_bedroom_voc_rise_ep10_d084,scenario_2_bedroom_voc_rise_ep10,scenario_2_bedroom_voc_rise,84,2026-08-01T09:42:00,A,C,80.28000000000014,4.0,8.88888888888889,0.6577777777777778,1.0,1.0,1,86.5906134083018
scenario_2_bedroom_voc_rise_ep10_d084,scenario_2_bedroom_voc_rise_ep10,scenario_2_bedroom_voc_rise,84,2026-08-01T09:42:00,B,C,80.28000000000014,5.656854249492381,12.570787221094179,0.9302382543609693,1.0,1.0,1,133.3964151547964
scenario_2_bedroom_voc_rise_ep10_d084,scenario_2_bedroom_voc_rise_ep10,scenario_2_bedroom_voc_rise,84,2026-08-01T09:42:00,C,C,80.28000000000014,0.0,0.0,0.0,0.0,1.0,1,298.89291391282325
scenario_2_bedroom_voc_rise_ep10_d084,scenario_2_bedroom_voc_rise_ep10,scenario_2_bedroom_voc_rise,84,2026-08-01T09:42:00,D,C,80.28000000000014,4.0,8.88888888888889,0.6577777777777778,1.0,1.0,1,80.9125084244672
scenario_2_bedroom_voc_rise_ep10_d087,scenario_2_bedroom_voc_rise_ep10,scenario_2_bedroom_voc_rise,87,2026-08-01T09:43:30,A,D,80.04000000000015,5.656854249492381,12.570787221094179,0.9302382543609693,1.0,1.0,1,86.36459686909325
scenario_2_bedroom_voc_rise_ep10_d087,scenario_2_bedroom_voc_rise_ep10,scenario_2_bedroom_voc_rise,87,2026-08-01T09:43:30,B,D,80.04000000000015,4.0,8.88888888888889,0.6577777777777778,1.0,1.0,1,130.57033975413424
scenario_2_bedroom_voc_rise_ep10_d087,scenario_2_bedroom_voc_rise_ep10,scenario_2_bedroom_voc_rise,87,2026-08-01T09:43:30,C,D,80.04000000000015,4.0,8.88888888888889,0.6577777777777778,1.0,1.0,1,285.0347277031566
scenario_2_bedroom_voc_rise_ep10_d087,scenario_2_bedroom_voc_rise_ep10,scenario_2_bedroom_voc_rise,87,2026-08-01T09:43:30,D,D,80.04000000000015,0.0,0.0,0.0,0.0,1.0,1,81.03187464925418
scenario_2_bedroom_voc_rise_ep11_d012,scenario_2_bedroom_voc_rise_ep11,scenario_2_bedroom_voc_rise,12,2026-08-01T09:06:00,A,D,85.34000000000002,5.656854249492381,12.570787221094179,0.9302382543609693,1.0,1.0,1,17.715139669957466
scenario_2_bedroom_voc_rise_ep11_d012,scenario_2_bedroom_voc_rise_ep11,scenario_2_bedroom_voc_rise,12,2026-08-01T09:06:00,B,D,85.34000000000002,4.0,8.88888888888889,0.6577777777777778,1.0,1.0,1,44.68389674281707
scenario_2_bedroom_voc_rise_ep11_d012,scenario_2_bedroom_voc_rise_ep11,scenario_2_bedroom_voc_rise,12,2026-08-01T09:06:00,C,D,85.34000000000002,4.0,8.88888888888889,0.6577777777777778,1.0,1.0,1,36.18020098204829
scenario_2_bedroom_voc_rise_ep11_d012,scenario_2_bedroom_voc_rise_ep11,scenario_2_bedroom_voc_rise,12,2026-08-01T09:06:00,D,D,85.34000000000002,0.0,0.0,0.0,0.0,1.0,1,32.99510697239049
scenario_2_bedroom_voc_rise_ep11_d015,scenario_2_bedroom_voc_rise_ep11,scenario_2_bedroom_voc_rise,15,2026-08-01T09:07:30,A,A,85.10000000000002,0.0,0.0,0.0,0.0,1.0,1,18.03200395435374
scenario_2_bedroom_voc_rise_ep11_d015,scenario_2_bedroom_voc_rise_ep11,scenario_2_bedroom_voc_rise,15,2026-08-01T09:07:30,B,A,85.10000000000002,4.0,8.88888888888889,0.6577777777777778,1.0,1.0,1,51.627649190998625
scenario_2_bedroom_voc_rise_ep11_d015,scenario_2_bedroom_voc_rise_ep11,scenario_2_bedroom_voc_rise,15,2026-08-01T09:07:30,C,A,85.10000000000002,4.0,8.88888888888889,0.6577777777777778,1.0,1.0,1,70.04060758057346
scenario_2_bedroom_voc_rise_ep11_d015,scenario_2_bedroom_voc_rise_ep11,scenario_2_bedroom_voc_rise,15,2026-08-01T09:07:30,D,A,85.10000000000002,5.656854249492381,12.570787221094179,0.9302382543609693,1.0,1.0,1,32.31534753628523
scenario_2_bedroom_voc_rise_ep11_d018,scenario_2_bedroom_voc_rise_ep11,scenario_2_bedroom_voc_rise,18,2026-08-01T09:09:00,A,C,84.86000000000003,4.0,8.88888888888889,0.6577777777777778,1.0,1.0,1,18.95894490306432
scenario_2_bedroom_voc_rise_ep11_d018,scenario_2_bedroom_voc_rise_ep11,scenario_2_bedroom_voc_rise,18,2026-08-01T09:09:00,B,C,84.86000000000003,5.656854249492381,12.570787221094179,0.9302382543609693,1.0,1.0,1,58.61033644143379
scenario_2_bedroom_voc_rise_ep11_d018,scenario_2_bedroom_voc_rise_ep11,scenario_2_bedroom_voc_rise,18,2026-08-01T09:09:00,C,C,84.86000000000003,0.0,0.0,0.0,0.0,1.0,1,143.30910055018217
scenario_2_bedroom_voc_rise_ep11_d018,scenario_2_bedroom_voc_rise_ep11,scenario_2_bedroom_voc_rise,18,2026-08-01T09:09:00,D,C,84.86000000000003,4.0,8.88888888888889,0.6577777777777778,1.0,1.0,1,32.31052149101788
scenario_2_bedroom_voc_rise_ep11_d021,scenario_2_bedroom_voc_rise_ep11,scenario_2_bedroom_voc_rise,21,2026-08-01T09:10:30,A,D,84.62000000000003,5.656854249492381,12.570787221094179,0.9302382543609693,1.0,1.0,1,20.417434767735358
scenario_2_bedroom_voc_rise_ep11_d021,scenario_2_bedroom_voc_rise_ep11,scenario_2_bedroom_voc_rise,21,2026-08-01T09:10:30,B,D,84.62000000000003,4.0,8.88888888888889,0.6577777777777778,1.0,1.0,1,67.49211952211681
scenario_2_bedroom_voc_rise_ep11_d021,scenario_2_bedroom_voc_rise_ep11,scenario_2_bedroom_voc_rise,21,2026-08-01T09:10:30,C,D,84.62000000000003,4.0,8.88888888888889,0.6577777777777778,1.0,1.0,1,222.25036449464972
scenario_2_bedroom_voc_rise_ep11_d021,scenario_2_bedroom_voc_rise_ep11,scenario_2_bedroom_voc_rise,21,2026-08-01T09:10:30,D,D,84.62000000000003,0.0,0.0,0.0,0.0,1.0,1,32.89788851603623
scenario_2_bedroom_voc_rise_ep11_d024,scenario_2_bedroom_voc_rise_ep11,scenario_2_bedroom_voc_rise,24,2026-08-01T09:12:00,A,B,84.38000000000004,4.0,8.88888888888889,0.6577777777777778,1.0,1.0,1,23.344700783341978
scenario_2_bedroom_voc_rise_ep11_d024,scenario_2_bedroom_voc_rise_ep11,scenario_2_bedroom_voc_rise,24,2026-08-01T09:12:00,B,B,84.38000000000004,0.0,0.0,0.0,0.0,1.0,1,74.11142890331462
scenario_2_bedroom_voc_rise_ep11_d024,scenario_2_bedroom_voc_rise_ep11,scenario_2_bedroom_voc_rise,24,2026-08-01T09:12:00,C,B,84.38000000000004,5.656854249492381,12.570787221094179,0.9302382543609693,1.0,1.0,1,357.1972888863395
scenario_2_bedroom_voc_rise_ep11_d024,scenario_2_bedroom_voc_rise_ep11,scenario_2_bedroom_voc_rise,24,2026-08-01T09:12:00,D,B,84.38000000000004,4.0,8.88888888888889,0.6577777777777778,1.0,1.0,1,35.01073644542976
scenario_2_bedroom_voc_rise_ep11_d027,scenario_2_bedroom_voc_rise_ep11,scenario_2_bedroom_voc_rise,27,2026-08-01T09:13:30,A,C,84.14000000000004,4.0,8.88888888888889,0.6577777777777778,1.0,1.0,1,26.72186188734554
scenario_2_bedroom_voc_rise_ep11_d027,scenario_2_bedroom_voc_rise_ep11,scenario_2_bedroom_voc_rise,27,2026-08-01T09:13:30,B,C,84.14000000000004,5.656854249492381,12.570787221094179,0.9302382543609693,1.0,1.0,1,82.57169825832375
scenario_2_bedroom_voc_rise_ep11_d027,scenario_2_bedroom_voc_rise_ep11,scenario_2_bedroom_voc_rise,27,2026-08-01T09:13:30,C,C,84.14000000000004,0.0,0.0,0.0,0.0,1.0,1,471.03757348111185
scenario_2_bedroom_voc_rise_ep11_d027,scenario_2_bedroom_voc_rise_ep11,scenario_2_bedroom_voc_rise,27,2026-08-01T09:13:30,D,C,84.14000000000004,4.0,8.88888888888889,0.6577777777777778,1.0,1.0,1,37.626500297252505
scenario_2_bedroom_voc_rise_ep11_d030,scenario_2_bedroom_voc_rise_ep11,scenario_2_bedroom_voc_rise,30,2026-08-01T09:15:00,A,A,83.90000000000005,0.0,0.0,0.0,0.0,1.0,1,31.496698777586744
scenario_2_bedroom_voc_rise_ep11_d030,scenario_2_bedroom_voc_rise_ep11,scenario_2_bedroom_voc_rise,30,2026-08-01T09:15:00,B,A,83.90000000000005,4.0,8.88888888888889,0.6577777777777778,1.0,1.0,1,91.82358832510181
scenario_2_bedroom_voc_rise_ep11_d030,scenario_2_bedroom_voc_rise_ep11,scenario_2_bedroom_voc_rise,30,2026-08-01T09:15:00,C,A,83.90000000000005,4.0,8.88888888888889,0.6577777777777778,1.0,1.0,1,592.8544335553383
scenario_2_bedroom_voc_rise_ep11_d030,scenario_2_bedroom_voc_rise_ep11,scenario_2_bedroom_voc_rise,30,2026-08-01T09:15:00,D,A,83.90000000000005,5.656854249492381,12.570787221094179,0.9302382543609693,1.0,1.0,1,41.68951578578594
scenario_2_bedroom_voc_rise_ep11_d033,scenario_2_bedroom_voc_rise_ep11,scenario_2_bedroom_voc_rise,33,2026-08-01T09:16:30,A,B,83.66000000000005,4.0,8.88888888888889,0.6577777777777778,1.0,1.0,1,37.15919975588599
scenario_2_bedroom_voc_rise_ep11_d033,scenario_2_bedroom_voc_rise_ep11,scenario_2_bedroom_voc_rise,33,2026-08-01T09:16:30,B,B,83.66000000000005,0.0,0.0,0.0,0.0,1.0,1,103.26878882107644
scenario_2_bedroom_voc_rise_ep11_d033,scenario_2_bedroom_voc_rise_ep11,scenario_2_bedroom_voc_rise,33,2026-08-01T09:16:30,C,B,83.66000000000005,5.656854249492381,12.570787221094179,0.9302382543609693,1.0,1.0,1,665.1187844059468
scenario_2_bedroom_voc_rise_ep11_d033,scenario_2_bedroom_voc_rise_ep11,scenario_2_bedroom_voc_rise,33,2026-08-01T09:16:30,D,B,83.66000000000005,4.0,8.88888888888889,0.6577777777777778,1.0,1.0,1,46.686549689757385
scenario_2_bedroom_voc_rise_ep11_d036,scenario_2_bedroom_voc_rise_ep11,scenario_2_bedroom_voc_rise,36,2026-08-01T09:18:00,A,D,83.42000000000006,5.656854249492381,12.570787221094179,0.9302382543609693,1.0,1.0,1,41.87380698149241
scenario_2_bedroom_voc_rise_ep11_d036,scenario_2_bedroom_voc_rise_ep11,scenario_2_bedroom_voc_rise,36,2026-08-01T09:18:00,B,D,83.42000000000006,4.0,8.88888888888889,0.6577777777777778,1.0,1.0,1,112.86998595618002
scenario_2_bedroom_voc_rise_ep11_d036,scenario_2_bedroom_voc_rise_ep11,scenario_2_bedroom_voc_rise,36,2026-08-01T09:18:00,C,D,83.42000000000006,4.0,8.88888888888889,0.6577777777777778,1.0,1.0,1,643.4527174003179
scenario_2_bedroom_voc_rise_ep11_d036,scenario_2_bedroom_voc_rise_ep11,scenario_2_bedroom_voc_rise,36,2026-08-01T09:18:00,D,D,83.42000000000006,0.0,0.0,0.0,0.0,1.0,1,50.77903163153405
scenario_2_bedroom_voc_rise_ep11_d039,scenario_2_bedroom_voc_rise_ep11,scenario_2_bedroom_voc_rise,39,2026-08-01T09:19:30,A,A,83.18000000000006,0.0,0.0,0.0,0.0,1.0,1,46.68289367005991
scenario_2_bedroom_voc_rise_ep11_d039,scenario_2_bedroom_voc_rise_ep11,scenario_2_bedroom_voc_rise,39,2026-08-01T09:19:30,B,A,83.18000000000006,4.0,8.88888888888889,0.6577777777777778,1.0,1.0,1,122.57252416505366
scenario_2_bedroom_voc_rise_ep11_d039,scenario_2_bedroom_voc_rise_ep11,scenario_2_bedroom_voc_rise,39,2026-08-01T09:19:30,C,A,83.18000000000006,4.0,8.88888888888889,0.6577777777777778,1.0,1.0,1,609.6513585536229
scenario_2_bedroom_voc_rise_ep11_d039,scenario_2_bedroom_voc_rise_ep11,scenario_2_bedroom_voc_rise,39,2026-08-01T09:19:30,D,A,83.18000000000006,5.656854249492381,12.570787221094179,0.9302382543609693,1.0,1.0,1,55.006517738242565
scenario_2_bedroom_voc_rise_ep11_d042,scenario_2_bedroom_voc_rise_ep11,scenario_2_bedroom_voc_rise,42,2026-08-01T09:21:00,A,C,82.94000000000007,4.0,8.88888888888889,0.6577777777777778,1.0,1.0,1,51.0527538521585
scenario_2_bedroom_voc_rise_ep11_d042,scenario_2_bedroom_voc_rise_ep11,scenario_2_bedroom_voc_rise,42,2026-08-01T09:21:00,B,C,82.94000000000007,5.656854249492381,12.570787221094179,0.9302382543609693,1.0,1.0,1,131.25572360282513
scenario_2_bedroom_voc_rise_ep11_d042,scenario_2_bedroom_voc_rise_ep11,scenario_2_bedroom_voc_rise,42,2026-08-01T09:21:00,C,C,82.94000000000007,0.0,0.0,0.0,0.0,1.0,1,577.8890287158974
scenario_2_bedroom_voc_rise_ep11_d042,scenario_2_bedroom_voc_rise_ep11,scenario_2_bedroom_voc_rise,42,2026-08-01T09:21:00,D,C,82.94000000000007,4.0,8.88888888888889,0.6577777777777778,1.0,1.0,1,58.83266773831156
scenario_2_bedroom_voc_rise_ep11_d045,scenario_2_bedroom_voc_rise_ep11,scenario_2_bedroom_voc_rise,45,2026-08-01T09:22:30,A,D,82.70000000000007,5.656854249492381,12.570787221094179,0.9302382543609693,1.0,1.0,1,54.99577295560766
scenario_2_bedroom_voc_rise_ep11_d045,scenario_2_bedroom_voc_rise_ep11,scenario_2_bedroom_voc_rise,45,2026-08-01T09:22:30,B,D,82.70000000000007,4.0,8.88888888888889,0.6577777777777778,1.0,1.0,1,138.20618922724907
scenario_2_bedroom_voc_rise_ep11_d045,scenario_2_bedroom_voc_rise_ep11,scenario_2_bedroom_voc_rise,45,2026-08-01T09:22:30,C,D,82.70000000000007,4.0,8.88888888888889,0.6577777777777778,1.0,1.0,1,548.0190344188698
scenario_2_bedroom_voc_rise_ep11_d045,scenario_2_bedroom_voc_rise_ep11,scenario_2_bedroom_voc_rise,45,2026-08-01T09:22:30,D,D,82.70000000000007,0.0,0.0,0.0,0.0,1.0,1,62.26740370113043
scenario_2_bedroom_voc_rise_ep11_d048,scenario_2_bedroom_voc_rise_ep11,scenario_2_bedroom_voc_rise,48,2026-08-01T09:24:00,A,B,82.46000000000008,4.0,8.88888888888889,0.6577777777777778,1.0,1.0,1,58.55316232470523
scenario_2_bedroom_voc_rise_ep11_d048,scenario_2_bedroom_voc_rise_ep11,scenario_2_bedroom_voc_rise,48,2026-08-01T09:24:00,B,B,82.46000000000008,0.0,0.0,0.0,0.0,1.0,1,144.15760944236104
scenario_2_bedroom_voc_rise_ep11_d048,scenario_2_bedroom_voc_rise_ep11,scenario_2_bedroom_voc_rise,48,2026-08-01T09:24:00,C,B,82.46000000000008,5.656854249492381,12.570787221094179,0.9302382543609693,1.0,1.0,1,519.9337198787625
scenario_2_bedroom_voc_rise_ep11_d048,scenario_2_bedroom_voc_rise_ep11,scenario_2_bedroom_voc_rise,48,2026-08-01T09:24:00,D,B,82.46000000000008,4.0,8.88888888888889,0.6577777777777778,1.0,1.0,1,65.34963347991265
scenario_2_bedroom_voc_rise_ep11_d051,scenario_2_bedroom_voc_rise_ep11,scenario_2_bedroom_voc_rise,51,2026-08-01T09:25:30,A,C,82.22000000000008,4.0,8.88888888888889,0.6577777777777778,1.0,1.0,1,61.71737061551971
scenario_2_bedroom_voc_rise_ep11_d051,scenario_2_bedroom_voc_rise_ep11,scenario_2_bedroom_voc_rise,51,2026-08-01T09:25:30,B,C,82.22000000000008,5.656854249492381,12.570787221094179,0.9302382543609693,1.0,1.0,1,147.1522977047373
scenario_2_bedroom_voc_rise_ep11_d051,scenario_2_bedroom_voc_rise_ep11,scenario_2_bedroom_voc_rise,51,2026-08-01T09:25:30,C,C,82.22000000000008,0.0,0.0,0.0,0.0,1.0,1,493.4862228378438
scenario_2_bedroom_voc_rise_ep11_d051,scenario_2_bedroom_voc_rise_ep11,scenario_2_bedroom_voc_rise,51,2026-08-01T09:25:30,D,C,82.22000000000008,4.0,8.88888888888889,0.6577777777777778,1.0,1.0,1,68.06965174743118
scenario_2_bedroom_voc_rise_ep11_d054,scenario_2_bedroom_voc_rise_ep11,scenario_2_bedroom_voc_rise,54,2026-08-01T09:27:00,A,A,81.98000000000009,0.0,0.0,0.0,0.0,1.0,1,64.55075202455555
scenario_2_bedroom_voc_rise_ep11_d054,scenario_2_bedroom_voc_rise_ep11,scenario_2_bedroom_voc_rise,54,2026-08-01T09:27:00,B,A,81.98000000000009,4.0,8.88888888888889,0.6577777777777778,1.0,1.0,1,149.43642804729348
scenario_2_bedroom_voc_rise_ep11_d054,scenario_2_bedroom_voc_rise_ep11,scenario_2_bedroom_voc_rise,54,2026-08-01T09:27:00,C,A,81.98000000000009,4.0,8.88888888888889,0.6577777777777778,1.0,1.0,1,468.608529324815
scenario_2_bedroom_voc_rise_ep11_d054,scenario_2_bedroom_voc_rise_ep11,scenario_2_bedroom_voc_rise,54,2026-08-01T09:27:00,D,A,81.98000000000009,5.656854249492381,12.570787221094179,0.9302382543609693,1.0,1.0,1,70.48779853556789
scenario_2_bedroom_voc_rise_ep11_d057,scenario_2_bedroom_voc_rise_ep11,scenario_2_bedroom_voc_rise,57,2026-08-01T09:28:30,A,B,81.7400000000001,4.0,8.88888888888889,0.6577777777777778,1.0,1.0,1,67.06714774322063
scenario_2_bedroom_voc_rise_ep11_d057,scenario_2_bedroom_voc_rise_ep11,scenario_2_bedroom_voc_rise,57,2026-08-01T09:28:30,B,B,81.7400000000001,0.0,0.0,0.0,0.0,1.0,1,150.73493691256294
scenario_2_bedroom_voc_rise_ep11_d057,scenario_2_bedroom_voc_rise_ep11,scenario_2_bedroom_voc_rise,57,2026-08-01T09:28:30,C,B,81.7400000000001,5.656854249492381,12.570787221094179,0.9302382543609693,1.0,1.0,1,445.19248102456004
scenario_2_bedroom_voc_rise_ep11_d057,scenario_2_bedroom_voc_rise_ep11,scenario_2_bedroom_voc_rise,57,2026-08-01T09:28:30,D,B,81.7400000000001,4.0,8.88888888888889,0.6577777777777778,1.0,1.0,1,72.6160316277851
scenario_2_bedroom_voc_rise_ep11_d060,scenario_2_bedroom_voc_rise_ep11,scenario_2_bedroom_voc_rise,60,2026-08-01T09:30:00,A,D,81.5000000000001,5.656854249492381,12.570787221094179,0.9302382543609693,1.0,1.0,1,69.24986233174286
scenario_2_bedroom_voc_rise_ep11_d060,scenario_2_bedroom_voc_rise_ep11,scenario_2_bedroom_voc_rise,60,2026-08-01T09:30:00,B,D,81.5000000000001,4.0,8.88888888888889,0.6577777777777778,1.0,1.0,1,149.4480291341024
scenario_2_bedroom_voc_rise_ep11_d060,scenario_2_bedroom_voc_rise_ep11,scenario_2_bedroom_voc_rise,60,2026-08-01T09:30:00,C,D,81.5000000000001,4.0,8.88888888888889,0.6577777777777778,1.0,1.0,1,423.10721442247063
scenario_2_bedroom_voc_rise_ep11_d060,scenario_2_bedroom_voc_rise_ep11,scenario_2_bedroom_voc_rise,60,2026-08-01T09:30:00,D,D,81.5000000000001,0.0,0.0,0.0,0.0,1.0,1,74.43589445760699
scenario_2_bedroom_voc_rise_ep11_d063,scenario_2_bedroom_voc_rise_ep11,scenario_2_bedroom_voc_rise,63,2026-08-01T09:31:30,A,A,81.2600000000001,0.0,0.0,0.0,0.0,1.0,1,71.12464892872754
scenario_2_bedroom_voc_rise_ep11_d063,scenario_2_bedroom_voc_rise_ep11,scenario_2_bedroom_voc_rise,63,2026-08-01T09:31:30,B,A,81.2600000000001,4.0,8.88888888888889,0.6577777777777778,1.0,1.0,1,146.85203413994918
scenario_2_bedroom_voc_rise_ep11_d063,scenario_2_bedroom_voc_rise_ep11,scenario_2_bedroom_voc_rise,63,2026-08-01T09:31:30,C,A,81.2600000000001,4.0,8.88888888888889,0.6577777777777778,1.0,1.0,1,402.27164327341984
scenario_2_bedroom_voc_rise_ep11_d063,scenario_2_bedroom_voc_rise_ep11,scenario_2_bedroom_voc_rise,63,2026-08-01T09:31:30,D,A,81.2600000000001,5.656854249492381,12.570787221094179,0.9302382543609693,1.0,1.0,1,75.97149339138969
scenario_2_bedroom_voc_rise_ep11_d066,scenario_2_bedroom_voc_rise_ep11,scenario_2_bedroom_voc_rise,66,2026-08-01T09:33:00,A,C,81.02000000000011,4.0,8.88888888888889,0.6577777777777778,1.0,1.0,1,72.70931071501263
scenario_2_bedroom_voc_rise_ep11_d066,scenario_2_bedroom_voc_rise_ep11,scenario_2_bedroom_voc_rise,66,2026-08-01T09:33:00,B,C,81.02000000000011,5.656854249492381,12.570787221094179,0.9302382543609693,1.0,1.0,1,144.21518995180622
scenario_2_bedroom_voc_rise_ep11_d066,scenario_2_bedroom_voc_rise_ep11,scenario_2_bedroom_voc_rise,66,2026-08-01T09:33:00,C,C,81.02000000000011,0.0,0.0,0.0,0.0,1.0,1,382.6035895998572
scenario_2_bedroom_voc_rise_ep11_d066,scenario_2_bedroom_voc_rise_ep11,scenario_2_bedroom_voc_rise,66,2026-08-01T09:33:00,D,C,81.02000000000011,4.0,8.88888888888889,0.6577777777777778,1.0,1.0,1,77.23909177855148
scenario_2_bedroom_voc_rise_ep11_d069,scenario_2_bedroom_voc_rise_ep11,scenario_2_bedroom_voc_rise,69,2026-08-01T09:34:30,A,D,80.78000000000011,5.656854249492381,12.570787221094179,0.9302382543609693,1.0,1.0,1,74.02698837488651
scenario_2_bedroom_voc_rise_ep11_d069,scenario_2_bedroom_voc_rise_ep11,scenario_2_bedroom_voc_rise,69,2026-08-01T09:34:30,B,D,80.78000000000011,4.0,8.88888888888889,0.6577777777777778,1.0,1.0,1,141.5467356444144
scenario_2_bedroom_voc_rise_ep11_d069,scenario_2_bedroom_voc_rise_ep11,scenario_2_bedroom_voc_rise,69,2026-08-01T09:34:30,C,D,80.78000000000011,4.0,8.88888888888889,0.6577777777777778,1.0,1.0,1,364.03263089003974
scenario_2_bedroom_voc_rise_ep11_d069,scenario_2_bedroom_voc_rise_ep11,scenario_2_bedroom_voc_rise,69,2026-08-01T09:34:30,D,D,80.78000000000011,0.0,0.0,0.0,0.0,1.0,1,78.26039047914878
scenario_2_bedroom_voc_rise_ep11_d072,scenario_2_bedroom_voc_rise_ep11,scenario_2_bedroom_voc_rise,72,2026-08-01T09:36:00,A,B,80.54000000000012,4.0,8.88888888888889,0.6577777777777778,1.0,1.0,1,75.0992223637486
scenario_2_bedroom_voc_rise_ep11_d072,scenario_2_bedroom_voc_rise_ep11,scenario_2_bedroom_voc_rise,72,2026-08-01T09:36:00,B,B,80.54000000000012,0.0,0.0,0.0,0.0,1.0,1,138.8550855115334
scenario_2_bedroom_voc_rise_ep11_d072,scenario_2_bedroom_voc_rise_ep11,scenario_2_bedroom_voc_rise,72,2026-08-01T09:36:00,C,B,80.54000000000012,5.656854249492381,12.570787221094179,0.9302382543609693,1.0,1.0,1,346.49275036647225
scenario_2_bedroom_voc_rise_ep11_d072,scenario_2_bedroom_voc_rise_ep11,scenario_2_bedroom_voc_rise,72,2026-08-01T09:36:00,D,B,80.54000000000012,4.0,8.88888888888889,0.6577777777777778,1.0,1.0,1,79.05558364683452
scenario_2_bedroom_voc_rise_ep11_d075,scenario_2_bedroom_voc_rise_ep11,scenario_2_bedroom_voc_rise,75,2026-08-01T09:37:30,A,C,80.30000000000013,4.0,8.88888888888889,0.6577777777777778,1.0,1.0,1,75.94605816806097
scenario_2_bedroom_voc_rise_ep11_d075,scenario_2_bedroom_voc_rise_ep11,scenario_2_bedroom_voc_rise,75,2026-08-01T09:37:30,B,C,80.30000000000013,5.656854249492381,12.570787221094179,0.9302382543609693,1.0,1.0,1,136.14789105879208
scenario_2_bedroom_voc_rise_ep11_d075,scenario_2_bedroom_voc_rise_ep11,scenario_2_bedroom_voc_rise,75,2026-08-01T09:37:30,C,C,80.30000000000013,0.0,0.0,0.0,0.0,1.0,1,329.92205669587634
scenario_2_bedroom_voc_rise_ep11_d075,scenario_2_bedroom_voc_rise_ep11,scenario_2_bedroom_voc_rise,75,2026-08-01T09:37:30,D,C,80.30000000000013,4.0,8.88888888888889,0.6577777777777778,1.0,1.0,1,79.64345792402764
scenario_2_bedroom_voc_rise_ep11_d078,scenario_2_bedroom_voc_rise_ep11,scenario_2_bedroom_voc_rise,78,2026-08-01T09:39:00,A,A,80.06000000000013,0.0,0.0,0.0,0.0,1.0,1,76.5861447771324
scenario_2_bedroom_voc_rise_ep11_d078,scenario_2_bedroom_voc_rise_ep11,scenario_2_bedroom_voc_rise,78,2026-08-01T09:39:00,B,A,80.06000000000013,4.0,8.88888888888889,0.6577777777777778,1.0,1.0,1,133.43209862328786
scenario_2_bedroom_voc_rise_ep11_d078,scenario_2_bedroom_voc_rise_ep11,scenario_2_bedroom_voc_rise,78,2026-08-01T09:39:00,C,A,80.06000000000013,4.0,8.88888888888889,0.6577777777777778,1.0,1.0,1,314.26252166219604
scenario_2_bedroom_voc_rise_ep11_d078,scenario_2_bedroom_voc_rise_ep11,scenario_2_bedroom_voc_rise,78,2026-08-01T09:39:00,D,A,80.06000000000013,5.656854249492381,12.570787221094179,0.9302382543609693,1.0,1.0,1,80.04148524164293
scenario_2_bedroom_voc_rise_ep11_d081,scenario_2_bedroom_voc_rise_ep11,scenario_2_bedroom_voc_rise,81,2026-08-01T09:40:30,A,B,79.82000000000014,4.0,8.88888888888889,0.6577777777777778,1.0,1.0,1,77.03682680105021
scenario_2_bedroom_voc_rise_ep11_d081,scenario_2_bedroom_voc_rise_ep11,scenario_2_bedroom_voc_rise,81,2026-08-01T09:40:30,B,B,79.82000000000014,0.0,0.0,0.0,0.0,1.0,1,130.71400291937516
scenario_2_bedroom_voc_rise_ep11_d081,scenario_2_bedroom_voc_rise_ep11,scenario_2_bedroom_voc_rise,81,2026-08-01T09:40:30,C,B,79.82000000000014,5.656854249492381,12.570787221094179,0.9302382543609693,1.0,1.0,1,299.4597346479593
scenario_2_bedroom_voc_rise_ep11_d081,scenario_2_bedroom_voc_rise_ep11,scenario_2_bedroom_voc_rise,81,2026-08-01T09:40:30,D,B,79.82000000000014,4.0,8.88888888888889,0.6577777777777778,1.0,1.0,1,80.26590963233207
scenario_2_bedroom_voc_rise_ep11_d084,scenario_2_bedroom_voc_rise_ep11,scenario_2_bedroom_voc_rise,84,2026-08-01T09:42:00,A,D,79.58000000000014,5.656854249492381,12.570787221094179,0.9302382543609693,1.0,1.0,1,77.3142306413954
scenario_2_bedroom_voc_rise_ep11_d084,scenario_2_bedroom_voc_rise_ep11,scenario_2_bedroom_voc_rise,84,2026-08-01T09:42:00,B,D,79.58000000000014,4.0,8.88888888888889,0.6577777777777778,1.0,1.0,1,127.9992967900082
scenario_2_bedroom_voc_rise_ep11_d084,scenario_2_bedroom_voc_rise_ep11,scenario_2_bedroom_voc_rise,84,2026-08-01T09:42:00,C,D,79.58000000000014,4.0,8.88888888888889,0.6577777777777778,1.0,1.0,1,285.4626728436091
scenario_2_bedroom_voc_rise_ep11_d084,scenario_2_bedroom_voc_rise_ep11,scenario_2_bedroom_voc_rise,84,2026-08-01T09:42:00,D,D,79.58000000000014,0.0,0.0,0.0,0.0,1.0,1,80.3318284400807
scenario_2_bedroom_voc_rise_ep11_d087,scenario_2_bedroom_voc_rise_ep11,scenario_2_bedroom_voc_rise,87,2026-08-01T09:43:30,A,A,79.34000000000015,0.0,0.0,0.0,0.0,1.0,1,77.43334509538454
scenario_2_bedroom_voc_rise_ep11_d087,scenario_2_bedroom_voc_rise_ep11,scenario_2_bedroom_voc_rise,87,2026-08-01T09:43:30,B,A,79.34000000000015,4.0,8.88888888888889,0.6577777777777778,1.0,1.0,1,125.29311742407299
scenario_2_bedroom_voc_rise_ep11_d087,scenario_2_bedroom_voc_rise_ep11,scenario_2_bedroom_voc_rise,87,2026-08-01T09:43:30,C,A,79.34000000000015,4.0,8.88888888888889,0.6577777777777778,1.0,1.0,1,272.22348617394107
scenario_2_bedroom_voc_rise_ep11_d087,scenario_2_bedroom_voc_rise_ep11,scenario_2_bedroom_voc_rise,87,2026-08-01T09:43:30,D,A,79.34000000000015,5.656854249492381,12.570787221094179,0.9302382543609693,1.0,1.0,1,80.25326828459083
scenario_3_multi_region_ep00_d012,scenario_3_multi_region_ep00,scenario_3_multi_region,12,2026-08-01T09:06:00,A,A,93.04000000000002,0.0,0.0,0.0,0.0,1.0,1,161.12251222041192
scenario_3_multi_region_ep00_d012,scenario_3_multi_region_ep00,scenario_3_multi_region,12,2026-08-01T09:06:00,B,A,93.04000000000002,4.0,8.88888888888889,0.6577777777777778,1.0,1.0,1,30.116551011186175
scenario_3_multi_region_ep00_d012,scenario_3_multi_region_ep00,scenario_3_multi_region,12,2026-08-01T09:06:00,C,A,93.04000000000002,4.0,8.88888888888889,0.6577777777777778,1.0,1.0,1,13.295366863730123
scenario_3_multi_region_ep00_d012,scenario_3_multi_region_ep00,scenario_3_multi_region,12,2026-08-01T09:06:00,D,A,93.04000000000002,5.656854249492381,12.570787221094179,0.9302382543609693,1.0,1.0,1,36.739220456652674
scenario_3_multi_region_ep00_d015,scenario_3_multi_region_ep00,scenario_3_multi_region,15,2026-08-01T09:07:30,A,B,92.80000000000003,4.0,8.88888888888889,0.6577777777777778,1.0,1.0,1,242.88183995202473
scenario_3_multi_region_ep00_d015,scenario_3_multi_region_ep00,scenario_3_multi_region,15,2026-08-01T09:07:30,B,B,92.80000000000003,0.0,0.0,0.0,0.0,1.0,1,34.66230849492695
scenario_3_multi_region_ep00_d015,scenario_3_multi_region_ep00,scenario_3_multi_region,15,2026-08-01T09:07:30,C,B,92.80000000000003,5.656854249492381,12.570787221094179,0.9302382543609693,1.0,1.0,1,15.162788810150914
scenario_3_multi_region_ep00_d015,scenario_3_multi_region_ep00,scenario_3_multi_region,15,2026-08-01T09:07:30,D,B,92.80000000000003,4.0,8.88888888888889,0.6577777777777778,1.0,1.0,1,37.16892087363283
scenario_3_multi_region_ep00_d018,scenario_3_multi_region_ep00,scenario_3_multi_region,18,2026-08-01T09:09:00,A,D,92.56000000000003,5.656854249492381,12.570787221094179,0.9302382543609693,1.0,1.0,1,325.00207971844054
scenario_3_multi_region_ep00_d018,scenario_3_multi_region_ep00,scenario_3_multi_region,18,2026-08-01T09:09:00,B,D,92.56000000000003,4.0,8.88888888888889,0.6577777777777778,1.0,1.0,1,41.79052232999072
scenario_3_multi_region_ep00_d018,scenario_3_multi_region_ep00,scenario_3_multi_region,18,2026-08-01T09:09:00,C,D,92.56000000000003,4.0,8.88888888888889,0.6577777777777778,1.0,1.0,1,17.59519556784585
scenario_3_multi_region_ep00_d018,scenario_3_multi_region_ep00,scenario_3_multi_region,18,2026-08-01T09:09:00,D,D,92.56000000000003,0.0,0.0,0.0,0.0,1.0,1,38.574210362517874
scenario_3_multi_region_ep00_d021,scenario_3_multi_region_ep00,scenario_3_multi_region,21,2026-08-01T09:10:30,A,A,92.32000000000004,0.0,0.0,0.0,0.0,1.0,1,410.60960072246996
scenario_3_multi_region_ep00_d021,scenario_3_multi_region_ep00,scenario_3_multi_region,21,2026-08-01T09:10:30,B,A,92.32000000000004,4.0,8.88888888888889,0.6577777777777778,1.0,1.0,1,49.73587382472897
scenario_3_multi_region_ep00_d021,scenario_3_multi_region_ep00,scenario_3_multi_region,21,2026-08-01T09:10:30,C,A,92.32000000000004,4.0,8.88888888888889,0.6577777777777778,1.0,1.0,1,20.893325793197164
scenario_3_multi_region_ep00_d021,scenario_3_multi_region_ep00,scenario_3_multi_region,21,2026-08-01T09:10:30,D,A,92.32000000000004,5.656854249492381,12.570787221094179,0.9302382543609693,1.0,1.0,1,41.41262231493579
scenario_3_multi_region_ep00_d024,scenario_3_multi_region_ep00,scenario_3_multi_region,24,2026-08-01T09:12:00,A,C,92.08000000000004,4.0,8.88888888888889,0.6577777777777778,1.0,1.0,1,477.2473789090027
scenario_3_multi_region_ep00_d024,scenario_3_multi_region_ep00,scenario_3_multi_region,24,2026-08-01T09:12:00,B,C,92.08000000000004,5.656854249492381,12.570787221094179,0.9302382543609693,1.0,1.0,1,58.53781685566469
scenario_3_multi_region_ep00_d024,scenario_3_multi_region_ep00,scenario_3_multi_region,24,2026-08-01T09:12:00,C,C,92.08000000000004,0.0,0.0,0.0,0.0,1.0,1,24.505285371631317
scenario_3_multi_region_ep00_d024,scenario_3_multi_region_ep00,scenario_3_multi_region,24,2026-08-01T09:12:00,D,C,92.08000000000004,4.0,8.88888888888889,0.6577777777777778,1.0,1.0,1,45.09519229380339
scenario_3_multi_region_ep00_d027,scenario_3_multi_region_ep00,scenario_3_multi_region,27,2026-08-01T09:13:30,A,D,91.84000000000005,5.656854249492381,12.570787221094179,0.9302382543609693,1.0,1.0,1,554.2627446726921
scenario_3_multi_region_ep00_d027,scenario_3_multi_region_ep00,scenario_3_multi_region,27,2026-08-01T09:13:30,B,D,91.84000000000005,4.0,8.88888888888889,0.6577777777777778,1.0,1.0,1,67.89474477595786
scenario_3_multi_region_ep00_d027,scenario_3_multi_region_ep00,scenario_3_multi_region,27,2026-08-01T09:13:30,C,D,91.84000000000005,4.0,8.88888888888889,0.6577777777777778,1.0,1.0,1,29.013116763460403
scenario_3_multi_region_ep00_d027,scenario_3_multi_region_ep00,scenario_3_multi_region,27,2026-08-01T09:13:30,D,D,91.84000000000005,0.0,0.0,0.0,0.0,1.0,1,50.36389107955324
scenario_3_multi_region_ep00_d030,scenario_3_multi_region_ep00,scenario_3_multi_region,30,2026-08-01T09:15:00,A,B,91.60000000000005,4.0,8.88888888888889,0.6577777777777778,1.0,1.0,1,625.4571634670469
scenario_3_multi_region_ep00_d030,scenario_3_multi_region_ep00,scenario_3_multi_region,30,2026-08-01T09:15:00,B,B,91.60000000000005,0.0,0.0,0.0,0.0,1.0,1,77.96932875012885
scenario_3_multi_region_ep00_d030,scenario_3_multi_region_ep00,scenario_3_multi_region,30,2026-08-01T09:15:00,C,B,91.60000000000005,5.656854249492381,12.570787221094179,0.9302382543609693,1.0,1.0,1,34.06641378663653
scenario_3_multi_region_ep00_d030,scenario_3_multi_region_ep00,scenario_3_multi_region,30,2026-08-01T09:15:00,D,B,91.60000000000005,4.0,8.88888888888889,0.6577777777777778,1.0,1.0,1,57.26357447439591
scenario_3_multi_region_ep00_d033,scenario_3_multi_region_ep00,scenario_3_multi_region,33,2026-08-01T09:16:30,A,C,91.36000000000006,4.0,8.88888888888889,0.6577777777777778,1.0,1.0,1,653.0684668642959
scenario_3_multi_region_ep00_d033,scenario_3_multi_region_ep00,scenario_3_multi_region,33,2026-08-01T09:16:30,B,C,91.36000000000006,5.656854249492381,12.570787221094179,0.9302382543609693,1.0,1.0,1,86.8112803174813
scenario_3_multi_region_ep00_d033,scenario_3_multi_region_ep00,scenario_3_multi_region,33,2026-08-01T09:16:30,C,C,91.36000000000006,0.0,0.0,0.0,0.0,1.0,1,38.753810655444795
scenario_3_multi_region_ep00_d033,scenario_3_multi_region_ep00,scenario_3_multi_region,33,2026-08-01T09:16:30,D,C,91.36000000000006,4.0,8.88888888888889,0.6577777777777778,1.0,1.0,1,64.11352838438961
scenario_3_multi_region_ep00_d036,scenario_3_multi_region_ep00,scenario_3_multi_region,36,2026-08-01T09:18:00,A,A,91.12000000000006,0.0,0.0,0.0,0.0,1.0,1,680.3737309587441
scenario_3_multi_region_ep00_d036,scenario_3_multi_region_ep00,scenario_3_multi_region,36,2026-08-01T09:18:00,B,A,91.12000000000006,4.0,8.88888888888889,0.6577777777777778,1.0,1.0,1,95.68290183202998
scenario_3_multi_region_ep00_d036,scenario_3_multi_region_ep00,scenario_3_multi_region,36,2026-08-01T09:18:00,C,A,91.12000000000006,4.0,8.88888888888889,0.6577777777777778,1.0,1.0,1,44.02720164516472
scenario_3_multi_region_ep00_d036,scenario_3_multi_region_ep00,scenario_3_multi_region,36,2026-08-01T09:18:00,D,A,91.12000000000006,5.656854249492381,12.570787221094179,0.9302382543609693,1.0,1.0,1,72.34719150075011
scenario_3_multi_region_ep00_d039,scenario_3_multi_region_ep00,scenario_3_multi_region,39,2026-08-01T09:19:30,A,B,90.88000000000007,4.0,8.88888888888889,0.6577777777777778,1.0,1.0,1,697.5419687594942
scenario_3_multi_region_ep00_d039,scenario_3_multi_region_ep00,scenario_3_multi_region,39,2026-08-01T09:19:30,B,B,90.88000000000007,0.0,0.0,0.0,0.0,1.0,1,106.027328110991
scenario_3_multi_region_ep00_d039,scenario_3_multi_region_ep00,scenario_3_multi_region,39,2026-08-01T09:19:30,C,B,90.88000000000007,5.656854249492381,12.570787221094179,0.9302382543609693,1.0,1.0,1,49.48181267157224
scenario_3_multi_region_ep00_d039,scenario_3_multi_region_ep00,scenario_3_multi_region,39,2026-08-01T09:19:30,D,B,90.88000000000007,4.0,8.88888888888889,0.6577777777777778,1.0,1.0,1,79.71222980423636
scenario_3_multi_region_ep00_d042,scenario_3_multi_region_ep00,scenario_3_multi_region,42,2026-08-01T09:21:00,A,D,90.64000000000007,5.656854249492381,12.570787221094179,0.9302382543609693,1.0,1.0,1,682.0310703603609
scenario_3_multi_region_ep00_d042,scenario_3_multi_region_ep00,scenario_3_multi_region,42,2026-08-01T09:21:00,B,D,90.64000000000007,4.0,8.88888888888889,0.6577777777777778,1.0,1.0,1,114.09459489308142
scenario_3_multi_region_ep00_d042,scenario_3_multi_region_ep00,scenario_3_multi_region,42,2026-08-01T09:21:00,C,D,90.64000000000007,4.0,8.88888888888889,0.6577777777777778,1.0,1.0,1,54.49600190374849
scenario_3_multi_region_ep00_d042,scenario_3_multi_region_ep00,scenario_3_multi_region,42,2026-08-01T09:21:00,D,D,90.64000000000007,0.0,0.0,0.0,0.0,1.0,1,87.04172225040406
scenario_3_multi_region_ep00_d045,scenario_3_multi_region_ep00,scenario_3_multi_region,45,2026-08-01T09:22:30,A,A,90.40000000000008,0.0,0.0,0.0,0.0,1.0,1,660.3493692530258
scenario_3_multi_region_ep00_d045,scenario_3_multi_region_ep00,scenario_3_multi_region,45,2026-08-01T09:22:30,B,A,90.40000000000008,4.0,8.88888888888889,0.6577777777777778,1.0,1.0,1,120.7306891964422
scenario_3_multi_region_ep00_d045,scenario_3_multi_region_ep00,scenario_3_multi_region,45,2026-08-01T09:22:30,C,A,90.40000000000008,4.0,8.88888888888889,0.6577777777777778,1.0,1.0,1,59.48655090290458
scenario_3_multi_region_ep00_d045,scenario_3_multi_region_ep00,scenario_3_multi_region,45,2026-08-01T09:22:30,D,A,90.40000000000008,5.656854249492381,12.570787221094179,0.9302382543609693,1.0,1.0,1,93.7917765025893
scenario_3_multi_region_ep00_d048,scenario_3_multi_region_ep00,scenario_3_multi_region,48,2026-08-01T09:24:00,A,C,90.16000000000008,4.0,8.88888888888889,0.6577777777777778,1.0,1.0,1,626.1380141456666
scenario_3_multi_region_ep00_d048,scenario_3_multi_region_ep00,scenario_3_multi_region,48,2026-08-01T09:24:00,B,C,90.16000000000008,5.656854249492381,12.570787221094179,0.9302382543609693,1.0,1.0,1,126.24059406953461
scenario_3_multi_region_ep00_d048,scenario_3_multi_region_ep00,scenario_3_multi_region,48,2026-08-01T09:24:00,C,C,90.16000000000008,0.0,0.0,0.0,0.0,1.0,1,63.86833383031944
scenario_3_multi_region_ep00_d048,scenario_3_multi_region_ep00,scenario_3_multi_region,48,2026-08-01T09:24:00,D,C,90.16000000000008,4.0,8.88888888888889,0.6577777777777778,1.0,1.0,1,99.4712933383355
scenario_3_multi_region_ep00_d051,scenario_3_multi_region_ep00,scenario_3_multi_region,51,2026-08-01T09:25:30,A,D,89.92000000000009,5.656854249492381,12.570787221094179,0.9302382543609693,1.0,1.0,1,593.9622686141558
scenario_3_multi_region_ep00_d051,scenario_3_multi_region_ep00,scenario_3_multi_region,51,2026-08-01T09:25:30,B,D,89.92000000000009,4.0,8.88888888888889,0.6577777777777778,1.0,1.0,1,130.0535209873974
scenario_3_multi_region_ep00_d051,scenario_3_multi_region_ep00,scenario_3_multi_region,51,2026-08-01T09:25:30,C,D,89.92000000000009,4.0,8.88888888888889,0.6577777777777778,1.0,1.0,1,67.80698549851968
scenario_3_multi_region_ep00_d051,scenario_3_multi_region_ep00,scenario_3_multi_region,51,2026-08-01T09:25:30,D,D,89.92000000000009,0.0,0.0,0.0,0.0,1.0,1,104.07797032240705
scenario_3_multi_region_ep00_d054,scenario_3_multi_region_ep00,scenario_3_multi_region,54,2026-08-01T09:27:00,A,B,89.68000000000009,4.0,8.88888888888889,0.6577777777777778,1.0,1.0,1,563.6704450290695
scenario_3_multi_region_ep00_d054,scenario_3_multi_region_ep00,scenario_3_multi_region,54,2026-08-01T09:27:00,B,B,89.68000000000009,0.0,0.0,0.0,0.0,1.0,1,131.77754017233178
scenario_3_multi_region_ep00_d054,scenario_3_multi_region_ep00,scenario_3_multi_region,54,2026-08-01T09:27:00,C,B,89.68000000000009,5.656854249492381,12.570787221094179,0.9302382543609693,1.0,1.0,1,71.31001724543853
scenario_3_multi_region_ep00_d054,scenario_3_multi_region_ep00,scenario_3_multi_region,54,2026-08-01T09:27:00,D,B,89.68000000000009,4.0,8.88888888888889,0.6577777777777778,1.0,1.0,1,107.48793434869208
scenario_3_multi_region_ep00_d057,scenario_3_multi_region_ep00,scenario_3_multi_region,57,2026-08-01T09:28:30,A,C,89.4400000000001,4.0,8.88888888888889,0.6577777777777778,1.0,1.0,1,535.1240985522256
scenario_3_multi_region_ep00_d057,scenario_3_multi_region_ep00,scenario_3_multi_region,57,2026-08-01T09:28:30,B,C,89.4400000000001,5.656854249492381,12.570787221094179,0.9302382543609693,1.0,1.0,1,131.96561943617462
scenario_3_multi_region_ep00_d057,scenario_3_multi_region_ep00,scenario_3_multi_region,57,2026-08-01T09:28:30,C,C,89.4400000000001,0.0,0.0,0.0,0.0,1.0,1,74.38795877150233
scenario_3_multi_region_ep00_d057,scenario_3_multi_region_ep00,scenario_3_multi_region,57,2026-08-01T09:28:30,D,C,89.4400000000001,4.0,8.88888888888889,0.6577777777777778,1.0,1.0,1,109.23578502131681
scenario_3_multi_region_ep00_d060,scenario_3_multi_region_ep00,scenario_3_multi_region,60,2026-08-01T09:30:00,A,A,89.2000000000001,0.0,0.0,0.0,0.0,1.0,1,508.2041696448771
scenario_3_multi_region_ep00_d060,scenario_3_multi_region_ep00,scenario_3_multi_region,60,2026-08-01T09:30:00,B,A,89.2000000000001,4.0,8.88888888888889,0.6577777777777778,1.0,1.0,1,131.41253668027116
scenario_3_multi_region_ep00_d060,scenario_3_multi_region_ep00,scenario_3_multi_region,60,2026-08-01T09:30:00,C,A,89.2000000000001,4.0,8.88888888888889,0.6577777777777778,1.0,1.0,1,77.06115729020212
scenario_3_multi_region_ep00_d060,scenario_3_multi_region_ep00,scenario_3_multi_region,60,2026-08-01T09:30:00,D,A,89.2000000000001,5.656854249492381,12.570787221094179,0.9302382543609693,1.0,1.0,1,110.09521494704904
scenario_3_multi_region_ep00_d063,scenario_3_multi_region_ep00,scenario_3_multi_region,63,2026-08-01T09:31:30,A,B,88.96000000000011,4.0,8.88888888888889,0.6577777777777778,1.0,1.0,1,482.80641439995884
scenario_3_multi_region_ep00_d063,scenario_3_multi_region_ep00,scenario_3_multi_region,63,2026-08-01T09:31:30,B,B,88.96000000000011,0.0,0.0,0.0,0.0,1.0,1,130.6618663837578
scenario_3_multi_region_ep00_d063,scenario_3_multi_region_ep00,scenario_3_multi_region,63,2026-08-01T09:31:30,C,B,88.96000000000011,5.656854249492381,12.570787221094179,0.9302382543609693,1.0,1.0,1,79.35582233202058
scenario_3_multi_region_ep00_d063,scenario_3_multi_region_ep00,scenario_3_multi_region,63,2026-08-01T09:31:30,D,B,88.96000000000011,4.0,8.88888888888889,0.6577777777777778,1.0,1.0,1,110.47781747853128
scenario_3_multi_region_ep00_d066,scenario_3_multi_region_ep00,scenario_3_multi_region,66,2026-08-01T09:33:00,A,D,88.72000000000011,5.656854249492381,12.570787221094179,0.9302382543609693,1.0,1.0,1,458.84077669174394
scenario_3_multi_region_ep00_d066,scenario_3_multi_region_ep00,scenario_3_multi_region,66,2026-08-01T09:33:00,B,D,88.72000000000011,4.0,8.88888888888889,0.6577777777777778,1.0,1.0,1,129.73546861587715
scenario_3_multi_region_ep00_d066,scenario_3_multi_region_ep00,scenario_3_multi_region,66,2026-08-01T09:33:00,C,D,88.72000000000011,4.0,8.88888888888889,0.6577777777777778,1.0,1.0,1,81.30397290326232
scenario_3_multi_region_ep00_d066,scenario_3_multi_region_ep00,scenario_3_multi_region,66,2026-08-01T09:33:00,D,D,88.72000000000011,0.0,0.0,0.0,0.0,1.0,1,110.62503896186149
scenario_3_multi_region_ep00_d069,scenario_3_multi_region_ep00,scenario_3_multi_region,69,2026-08-01T09:34:30,A,A,88.48000000000012,0.0,0.0,0.0,0.0,1.0,1,436.2207089027054
scenario_3_multi_region_ep00_d069,scenario_3_multi_region_ep00,scenario_3_multi_region,69,2026-08-01T09:34:30,B,A,88.48000000000012,4.0,8.88888888888889,0.6577777777777778,1.0,1.0,1,128.6514427627294
scenario_3_multi_region_ep00_d069,scenario_3_multi_region_ep00,scenario_3_multi_region,69,2026-08-01T09:34:30,C,A,88.48000000000012,4.0,8.88888888888889,0.6577777777777778,1.0,1.0,1,82.93329629393133
scenario_3_multi_region_ep00_d069,scenario_3_multi_region_ep00,scenario_3_multi_region,69,2026-08-01T09:34:30,D,A,88.48000000000012,5.656854249492381,12.570787221094179,0.9302382543609693,1.0,1.0,1,110.5580789268547
scenario_3_multi_region_ep00_d072,scenario_3_multi_region_ep00,scenario_3_multi_region,72,2026-08-01T09:36:00,A,C,88.24000000000012,4.0,8.88888888888889,0.6577777777777778,1.0,1.0,1,414.86507888316805
scenario_3_multi_region_ep00_d072,scenario_3_multi_region_ep00,scenario_3_multi_region,72,2026-08-01T09:36:00,B,C,88.24000000000012,5.656854249492381,12.570787221094179,0.9302382543609693,1.0,1.0,1,127.42650587060666
scenario_3_multi_region_ep00_d072,scenario_3_multi_region_ep00,scenario_3_multi_region,72,2026-08-01T09:36:00,C,C,88.24000000000012,0.0,0.0,0.0,0.0,1.0,1,84.26955856177892
scenario_3_multi_region_ep00_d072,scenario_3_multi_region_ep00,scenario_3_multi_region,72,2026-08-01T09:36:00,D,C,88.24000000000012,4.0,8.88888888888889,0.6577777777777778,1.0,1.0,1,110.29659616343633
scenario_3_multi_region_ep00_d075,scenario_3_multi_region_ep00,scenario_3_multi_region,75,2026-08-01T09:37:30,A,D,88.00000000000013,5.656854249492381,12.570787221094179,0.9302382543609693,1.0,1.0,1,394.6978255591066
scenario_3_multi_region_ep00_d075,scenario_3_multi_region_ep00,scenario_3_multi_region,75,2026-08-01T09:37:30,B,D,88.00000000000013,4.0,8.88888888888889,0.6577777777777778,1.0,1.0,1,126.07608911190118
scenario_3_multi_region_ep00_d075,scenario_3_multi_region_ep00,scenario_3_multi_region,75,2026-08-01T09:37:30,C,D,88.00000000000013,4.0,8.88888888888889,0.6577777777777778,1.0,1.0,1,85.33673132715103
scenario_3_multi_region_ep00_d075,scenario_3_multi_region_ep00,scenario_3_multi_region,75,2026-08-01T09:37:30,D,D,88.00000000000013,0.0,0.0,0.0,0.0,1.0,1,109.85881309433626
scenario_3_multi_region_ep00_d078,scenario_3_multi_region_ep00,scenario_3_multi_region,78,2026-08-01T09:39:00,A,B,87.76000000000013,4.0,8.88888888888889,0.6577777777777778,1.0,1.0,1,375.6476365994472
scenario_3_multi_region_ep00_d078,scenario_3_multi_region_ep00,scenario_3_multi_region,78,2026-08-01T09:39:00,B,B,87.76000000000013,0.0,0.0,0.0,0.0,1.0,1,124.6144277593587
scenario_3_multi_region_ep00_d078,scenario_3_multi_region_ep00,scenario_3_multi_region,78,2026-08-01T09:39:00,C,B,87.76000000000013,5.656854249492381,12.570787221094179,0.9302382543609693,1.0,1.0,1,86.15711036670336
scenario_3_multi_region_ep00_d078,scenario_3_multi_region_ep00,scenario_3_multi_region,78,2026-08-01T09:39:00,D,B,87.76000000000013,4.0,8.88888888888889,0.6577777777777778,1.0,1.0,1,109.26161327452996
scenario_3_multi_region_ep00_d081,scenario_3_multi_region_ep00,scenario_3_multi_region,81,2026-08-01T09:40:30,A,C,87.52000000000014,4.0,8.88888888888889,0.6577777777777778,1.0,1.0,1,357.64764672558385
scenario_3_multi_region_ep00_d081,scenario_3_multi_region_ep00,scenario_3_multi_region,81,2026-08-01T09:40:30,B,C,87.52000000000014,5.656854249492381,12.570787221094179,0.9302382543609693,1.0,1.0,1,123.0546450982788
scenario_3_multi_region_ep00_d081,scenario_3_multi_region_ep00,scenario_3_multi_region,81,2026-08-01T09:40:30,C,C,87.52000000000014,0.0,0.0,0.0,0.0,1.0,1,86.7514265321006
scenario_3_multi_region_ep00_d081,scenario_3_multi_region_ep00,scenario_3_multi_region,81,2026-08-01T09:40:30,D,C,87.52000000000014,4.0,8.88888888888889,0.6577777777777778,1.0,1.0,1,108.52063246445891
scenario_3_multi_region_ep00_d084,scenario_3_multi_region_ep00,scenario_3_multi_region,84,2026-08-01T09:42:00,A,A,87.28000000000014,0.0,0.0,0.0,0.0,1.0,1,340.6351553369942
scenario_3_multi_region_ep00_d084,scenario_3_multi_region_ep00,scenario_3_multi_region,84,2026-08-01T09:42:00,B,A,87.28000000000014,4.0,8.88888888888889,0.6577777777777778,1.0,1.0,1,121.40883067802156
scenario_3_multi_region_ep00_d084,scenario_3_multi_region_ep00,scenario_3_multi_region,84,2026-08-01T09:42:00,C,A,87.28000000000014,4.0,8.88888888888889,0.6577777777777778,1.0,1.0,1,87.13894948612483
scenario_3_multi_region_ep00_d084,scenario_3_multi_region_ep00,scenario_3_multi_region,84,2026-08-01T09:42:00,D,A,87.28000000000014,5.656854249492381,12.570787221094179,0.9302382543609693,1.0,1.0,1,107.65034369518662
scenario_3_multi_region_ep00_d087,scenario_3_multi_region_ep00,scenario_3_multi_region,87,2026-08-01T09:43:30,A,B,87.04000000000015,4.0,8.88888888888889,0.6577777777777778,1.0,1.0,1,324.55136221214525
scenario_3_multi_region_ep00_d087,scenario_3_multi_region_ep00,scenario_3_multi_region,87,2026-08-01T09:43:30,B,B,87.04000000000015,0.0,0.0,0.0,0.0,1.0,1,119.68811327789172
scenario_3_multi_region_ep00_d087,scenario_3_multi_region_ep00,scenario_3_multi_region,87,2026-08-01T09:43:30,C,B,87.04000000000015,5.656854249492381,12.570787221094179,0.9302382543609693,1.0,1.0,1,87.33758471715441
scenario_3_multi_region_ep00_d087,scenario_3_multi_region_ep00,scenario_3_multi_region,87,2026-08-01T09:43:30,D,B,87.04000000000015,4.0,8.88888888888889,0.6577777777777778,1.0,1.0,1,106.6641367165837
scenario_3_multi_region_ep01_d012,scenario_3_multi_region_ep01,scenario_3_multi_region,12,2026-08-01T09:06:00,A,B,92.34000000000002,4.0,8.88888888888889,0.6577777777777778,1.0,1.0,1,181.5164956061625
scenario_3_multi_region_ep01_d012,scenario_3_multi_region_ep01,scenario_3_multi_region,12,2026-08-01T09:06:00,B,B,92.34000000000002,0.0,0.0,0.0,0.0,1.0,1,35.61406977513718
scenario_3_multi_region_ep01_d012,scenario_3_multi_region_ep01,scenario_3_multi_region,12,2026-08-01T09:06:00,C,B,92.34000000000002,5.656854249492381,12.570787221094179,0.9302382543609693,1.0,1.0,1,29.11249339278436
scenario_3_multi_region_ep01_d012,scenario_3_multi_region_ep01,scenario_3_multi_region,12,2026-08-01T09:06:00,D,B,92.34000000000002,4.0,8.88888888888889,0.6577777777777778,1.0,1.0,1,24.800725934311686
scenario_3_multi_region_ep01_d015,scenario_3_multi_region_ep01,scenario_3_multi_region,15,2026-08-01T09:07:30,A,C,92.10000000000002,4.0,8.88888888888889,0.6577777777777778,1.0,1.0,1,264.24486998414557
scenario_3_multi_region_ep01_d015,scenario_3_multi_region_ep01,scenario_3_multi_region,15,2026-08-01T09:07:30,B,C,92.10000000000002,5.656854249492381,12.570787221094179,0.9302382543609693,1.0,1.0,1,40.16829641624474
scenario_3_multi_region_ep01_d015,scenario_3_multi_region_ep01,scenario_3_multi_region,15,2026-08-01T09:07:30,C,C,92.10000000000002,0.0,0.0,0.0,0.0,1.0,1,30.32190592355562
scenario_3_multi_region_ep01_d015,scenario_3_multi_region_ep01,scenario_3_multi_region,15,2026-08-01T09:07:30,D,C,92.10000000000002,4.0,8.88888888888889,0.6577777777777778,1.0,1.0,1,26.447945922680447
scenario_3_multi_region_ep01_d018,scenario_3_multi_region_ep01,scenario_3_multi_region,18,2026-08-01T09:09:00,A,A,91.86000000000003,0.0,0.0,0.0,0.0,1.0,1,335.73010894307765
scenario_3_multi_region_ep01_d018,scenario_3_multi_region_ep01,scenario_3_multi_region,18,2026-08-01T09:09:00,B,A,91.86000000000003,4.0,8.88888888888889,0.6577777777777778,1.0,1.0,1,46.42766507031729
scenario_3_multi_region_ep01_d018,scenario_3_multi_region_ep01,scenario_3_multi_region,18,2026-08-01T09:09:00,C,A,91.86000000000003,4.0,8.88888888888889,0.6577777777777778,1.0,1.0,1,31.847622049032225
scenario_3_multi_region_ep01_d018,scenario_3_multi_region_ep01,scenario_3_multi_region,18,2026-08-01T09:09:00,D,A,91.86000000000003,5.656854249492381,12.570787221094179,0.9302382543609693,1.0,1.0,1,28.66691630932405
scenario_3_multi_region_ep01_d021,scenario_3_multi_region_ep01,scenario_3_multi_region,21,2026-08-01T09:10:30,A,B,91.62000000000003,4.0,8.88888888888889,0.6577777777777778,1.0,1.0,1,431.92298324481146
scenario_3_multi_region_ep01_d021,scenario_3_multi_region_ep01,scenario_3_multi_region,21,2026-08-01T09:10:30,B,B,91.62000000000003,0.0,0.0,0.0,0.0,1.0,1,54.87145325468259
scenario_3_multi_region_ep01_d021,scenario_3_multi_region_ep01,scenario_3_multi_region,21,2026-08-01T09:10:30,C,B,91.62000000000003,5.656854249492381,12.570787221094179,0.9302382543609693,1.0,1.0,1,34.69524237504561
scenario_3_multi_region_ep01_d021,scenario_3_multi_region_ep01,scenario_3_multi_region,21,2026-08-01T09:10:30,D,B,91.62000000000003,4.0,8.88888888888889,0.6577777777777778,1.0,1.0,1,32.62204793626961
scenario_3_multi_region_ep01_d024,scenario_3_multi_region_ep01,scenario_3_multi_region,24,2026-08-01T09:12:00,A,D,91.38000000000004,5.656854249492381,12.570787221094179,0.9302382543609693,1.0,1.0,1,491.98550803170554
scenario_3_multi_region_ep01_d024,scenario_3_multi_region_ep01,scenario_3_multi_region,24,2026-08-01T09:12:00,B,D,91.38000000000004,4.0,8.88888888888889,0.6577777777777778,1.0,1.0,1,63.85529134243825
scenario_3_multi_region_ep01_d024,scenario_3_multi_region_ep01,scenario_3_multi_region,24,2026-08-01T09:12:00,C,D,91.38000000000004,4.0,8.88888888888889,0.6577777777777778,1.0,1.0,1,37.50156339022237
scenario_3_multi_region_ep01_d024,scenario_3_multi_region_ep01,scenario_3_multi_region,24,2026-08-01T09:12:00,D,D,91.38000000000004,0.0,0.0,0.0,0.0,1.0,1,37.0154757253099
scenario_3_multi_region_ep01_d027,scenario_3_multi_region_ep01,scenario_3_multi_region,27,2026-08-01T09:13:30,A,A,91.14000000000004,0.0,0.0,0.0,0.0,1.0,1,563.3147140220169
scenario_3_multi_region_ep01_d027,scenario_3_multi_region_ep01,scenario_3_multi_region,27,2026-08-01T09:13:30,B,A,91.14000000000004,4.0,8.88888888888889,0.6577777777777778,1.0,1.0,1,71.96268577510523
scenario_3_multi_region_ep01_d027,scenario_3_multi_region_ep01,scenario_3_multi_region,27,2026-08-01T09:13:30,C,A,91.14000000000004,4.0,8.88888888888889,0.6577777777777778,1.0,1.0,1,41.143619868375936
scenario_3_multi_region_ep01_d027,scenario_3_multi_region_ep01,scenario_3_multi_region,27,2026-08-01T09:13:30,D,A,91.14000000000004,5.656854249492381,12.570787221094179,0.9302382543609693,1.0,1.0,1,43.038513866828225
scenario_3_multi_region_ep01_d030,scenario_3_multi_region_ep01,scenario_3_multi_region,30,2026-08-01T09:15:00,A,C,90.90000000000005,4.0,8.88888888888889,0.6577777777777778,1.0,1.0,1,627.00121901937
scenario_3_multi_region_ep01_d030,scenario_3_multi_region_ep01,scenario_3_multi_region,30,2026-08-01T09:15:00,B,C,90.90000000000005,5.656854249492381,12.570787221094179,0.9302382543609693,1.0,1.0,1,81.19788385628931
scenario_3_multi_region_ep01_d030,scenario_3_multi_region_ep01,scenario_3_multi_region,30,2026-08-01T09:15:00,C,C,90.90000000000005,0.0,0.0,0.0,0.0,1.0,1,45.368249710135615
scenario_3_multi_region_ep01_d030,scenario_3_multi_region_ep01,scenario_3_multi_region,30,2026-08-01T09:15:00,D,C,90.90000000000005,4.0,8.88888888888889,0.6577777777777778,1.0,1.0,1,50.4427260650491
scenario_3_multi_region_ep01_d033,scenario_3_multi_region_ep01,scenario_3_multi_region,33,2026-08-01T09:16:30,A,D,90.66000000000005,5.656854249492381,12.570787221094179,0.9302382543609693,1.0,1.0,1,671.7183508434075
scenario_3_multi_region_ep01_d033,scenario_3_multi_region_ep01,scenario_3_multi_region,33,2026-08-01T09:16:30,B,D,90.66000000000005,4.0,8.88888888888889,0.6577777777777778,1.0,1.0,1,91.15798719423947
scenario_3_multi_region_ep01_d033,scenario_3_multi_region_ep01,scenario_3_multi_region,33,2026-08-01T09:16:30,C,D,90.66000000000005,4.0,8.88888888888889,0.6577777777777778,1.0,1.0,1,49.90290053390504
scenario_3_multi_region_ep01_d033,scenario_3_multi_region_ep01,scenario_3_multi_region,33,2026-08-01T09:16:30,D,D,90.66000000000005,0.0,0.0,0.0,0.0,1.0,1,58.3178122952836
scenario_3_multi_region_ep01_d036,scenario_3_multi_region_ep01,scenario_3_multi_region,36,2026-08-01T09:18:00,A,B,90.42000000000006,4.0,8.88888888888889,0.6577777777777778,1.0,1.0,1,683.977552486811
scenario_3_multi_region_ep01_d036,scenario_3_multi_region_ep01,scenario_3_multi_region,36,2026-08-01T09:18:00,B,B,90.42000000000006,0.0,0.0,0.0,0.0,1.0,1,101.41383033419288
scenario_3_multi_region_ep01_d036,scenario_3_multi_region_ep01,scenario_3_multi_region,36,2026-08-01T09:18:00,C,B,90.42000000000006,5.656854249492381,12.570787221094179,0.9302382543609693,1.0,1.0,1,54.33822666259039
scenario_3_multi_region_ep01_d036,scenario_3_multi_region_ep01,scenario_3_multi_region,36,2026-08-01T09:18:00,D,B,90.42000000000006,4.0,8.88888888888889,0.6577777777777778,1.0,1.0,1,66.89945590682555
scenario_3_multi_region_ep01_d039,scenario_3_multi_region_ep01,scenario_3_multi_region,39,2026-08-01T09:19:30,A,C,90.18000000000006,4.0,8.88888888888889,0.6577777777777778,1.0,1.0,1,702.3241066645387
scenario_3_multi_region_ep01_d039,scenario_3_multi_region_ep01,scenario_3_multi_region,39,2026-08-01T09:19:30,B,C,90.18000000000006,5.656854249492381,12.570787221094179,0.9302382543609693,1.0,1.0,1,109.51878552460516
scenario_3_multi_region_ep01_d039,scenario_3_multi_region_ep01,scenario_3_multi_region,39,2026-08-01T09:19:30,C,C,90.18000000000006,0.0,0.0,0.0,0.0,1.0,1,59.18887976411065
scenario_3_multi_region_ep01_d039,scenario_3_multi_region_ep01,scenario_3_multi_region,39,2026-08-01T09:19:30,D,C,90.18000000000006,4.0,8.88888888888889,0.6577777777777778,1.0,1.0,1,75.52636359824714
scenario_3_multi_region_ep01_d042,scenario_3_multi_region_ep01,scenario_3_multi_region,42,2026-08-01T09:21:00,A,A,89.94000000000007,0.0,0.0,0.0,0.0,1.0,1,695.0134364109945
scenario_3_multi_region_ep01_d042,scenario_3_multi_region_ep01,scenario_3_multi_region,42,2026-08-01T09:21:00,B,A,89.94000000000007,4.0,8.88888888888889,0.6577777777777778,1.0,1.0,1,118.00879350364426
scenario_3_multi_region_ep01_d042,scenario_3_multi_region_ep01,scenario_3_multi_region,42,2026-08-01T09:21:00,C,A,89.94000000000007,4.0,8.88888888888889,0.6577777777777778,1.0,1.0,1,63.88858077182317
scenario_3_multi_region_ep01_d042,scenario_3_multi_region_ep01,scenario_3_multi_region,42,2026-08-01T09:21:00,D,A,89.94000000000007,5.656854249492381,12.570787221094179,0.9302382543609693,1.0,1.0,1,82.91149814923733
scenario_3_multi_region_ep01_d045,scenario_3_multi_region_ep01,scenario_3_multi_region,45,2026-08-01T09:22:30,A,B,89.70000000000007,4.0,8.88888888888889,0.6577777777777778,1.0,1.0,1,661.3881217565861
scenario_3_multi_region_ep01_d045,scenario_3_multi_region_ep01,scenario_3_multi_region,45,2026-08-01T09:22:30,B,B,89.70000000000007,0.0,0.0,0.0,0.0,1.0,1,124.15689954030267
scenario_3_multi_region_ep01_d045,scenario_3_multi_region_ep01,scenario_3_multi_region,45,2026-08-01T09:22:30,C,B,89.70000000000007,5.656854249492381,12.570787221094179,0.9302382543609693,1.0,1.0,1,68.1192563853092
scenario_3_multi_region_ep01_d045,scenario_3_multi_region_ep01,scenario_3_multi_region,45,2026-08-01T09:22:30,D,B,89.70000000000007,4.0,8.88888888888889,0.6577777777777778,1.0,1.0,1,90.25863690019605
scenario_3_multi_region_ep01_d048,scenario_3_multi_region_ep01,scenario_3_multi_region,48,2026-08-01T09:24:00,A,D,89.46000000000008,5.656854249492381,12.570787221094179,0.9302382543609693,1.0,1.0,1,627.1875739201439
scenario_3_multi_region_ep01_d048,scenario_3_multi_region_ep01,scenario_3_multi_region,48,2026-08-01T09:24:00,B,D,89.46000000000008,4.0,8.88888888888889,0.6577777777777778,1.0,1.0,1,129.29328785572056
scenario_3_multi_region_ep01_d048,scenario_3_multi_region_ep01,scenario_3_multi_region,48,2026-08-01T09:24:00,C,D,89.46000000000008,4.0,8.88888888888889,0.6577777777777778,1.0,1.0,1,71.99952753355365
scenario_3_multi_region_ep01_d048,scenario_3_multi_region_ep01,scenario_3_multi_region,48,2026-08-01T09:24:00,D,D,89.46000000000008,0.0,0.0,0.0,0.0,1.0,1,95.78591776563371
scenario_3_multi_region_ep01_d051,scenario_3_multi_region_ep01,scenario_3_multi_region,51,2026-08-01T09:25:30,A,A,89.22000000000008,0.0,0.0,0.0,0.0,1.0,1,595.0236620072064
scenario_3_multi_region_ep01_d051,scenario_3_multi_region_ep01,scenario_3_multi_region,51,2026-08-01T09:25:30,B,A,89.22000000000008,4.0,8.88888888888889,0.6577777777777778,1.0,1.0,1,133.03668428347305
scenario_3_multi_region_ep01_d051,scenario_3_multi_region_ep01,scenario_3_multi_region,51,2026-08-01T09:25:30,C,A,89.22000000000008,4.0,8.88888888888889,0.6577777777777778,1.0,1.0,1,75.47196611816366
scenario_3_multi_region_ep01_d051,scenario_3_multi_region_ep01,scenario_3_multi_region,51,2026-08-01T09:25:30,D,A,89.22000000000008,5.656854249492381,12.570787221094179,0.9302382543609693,1.0,1.0,1,100.37963083713134
scenario_3_multi_region_ep01_d054,scenario_3_multi_region_ep01,scenario_3_multi_region,54,2026-08-01T09:27:00,A,C,88.98000000000009,4.0,8.88888888888889,0.6577777777777778,1.0,1.0,1,564.7446714209061
scenario_3_multi_region_ep01_d054,scenario_3_multi_region_ep01,scenario_3_multi_region,54,2026-08-01T09:27:00,B,C,88.98000000000009,5.656854249492381,12.570787221094179,0.9302382543609693,1.0,1.0,1,135.0890192554309
scenario_3_multi_region_ep01_d054,scenario_3_multi_region_ep01,scenario_3_multi_region,54,2026-08-01T09:27:00,C,C,88.98000000000009,0.0,0.0,0.0,0.0,1.0,1,78.54177922110239
scenario_3_multi_region_ep01_d054,scenario_3_multi_region_ep01,scenario_3_multi_region,54,2026-08-01T09:27:00,D,C,88.98000000000009,4.0,8.88888888888889,0.6577777777777778,1.0,1.0,1,103.70364909946443
scenario_3_multi_region_ep01_d057,scenario_3_multi_region_ep01,scenario_3_multi_region,57,2026-08-01T09:28:30,A,D,88.7400000000001,5.656854249492381,12.570787221094179,0.9302382543609693,1.0,1.0,1,536.1945706164081
scenario_3_multi_region_ep01_d057,scenario_3_multi_region_ep01,scenario_3_multi_region,57,2026-08-01T09:28:30,B,D,88.7400000000001,4.0,8.88888888888889,0.6577777777777778,1.0,1.0,1,134.51934195054332
scenario_3_multi_region_ep01_d057,scenario_3_multi_region_ep01,scenario_3_multi_region,57,2026-08-01T09:28:30,C,D,88.7400000000001,4.0,8.88888888888889,0.6577777777777778,1.0,1.0,1,81.19978304247115
scenario_3_multi_region_ep01_d057,scenario_3_multi_region_ep01,scenario_3_multi_region,57,2026-08-01T09:28:30,D,D,88.7400000000001,0.0,0.0,0.0,0.0,1.0,1,105.87916887886809
scenario_3_multi_region_ep01_d060,scenario_3_multi_region_ep01,scenario_3_multi_region,60,2026-08-01T09:30:00,A,B,88.5000000000001,4.0,8.88888888888889,0.6577777777777778,1.0,1.0,1,509.2772657902426
scenario_3_multi_region_ep01_d060,scenario_3_multi_region_ep01,scenario_3_multi_region,60,2026-08-01T09:30:00,B,B,88.5000000000001,0.0,0.0,0.0,0.0,1.0,1,133.83163706127107
scenario_3_multi_region_ep01_d060,scenario_3_multi_region_ep01,scenario_3_multi_region,60,2026-08-01T09:30:00,C,B,88.5000000000001,5.656854249492381,12.570787221094179,0.9302382543609693,1.0,1.0,1,83.48730433108881
scenario_3_multi_region_ep01_d060,scenario_3_multi_region_ep01,scenario_3_multi_region,60,2026-08-01T09:30:00,D,B,88.5000000000001,4.0,8.88888888888889,0.6577777777777778,1.0,1.0,1,107.04949903197371
scenario_3_multi_region_ep01_d063,scenario_3_multi_region_ep01,scenario_3_multi_region,63,2026-08-01T09:31:30,A,C,88.2600000000001,4.0,8.88888888888889,0.6577777777777778,1.0,1.0,1,483.8792243578878
scenario_3_multi_region_ep01_d063,scenario_3_multi_region_ep01,scenario_3_multi_region,63,2026-08-01T09:31:30,B,C,88.2600000000001,5.656854249492381,12.570787221094179,0.9302382543609693,1.0,1.0,1,132.954586164494
scenario_3_multi_region_ep01_d063,scenario_3_multi_region_ep01,scenario_3_multi_region,63,2026-08-01T09:31:30,C,C,88.2600000000001,0.0,0.0,0.0,0.0,1.0,1,85.41940908160541
scenario_3_multi_region_ep01_d063,scenario_3_multi_region_ep01,scenario_3_multi_region,63,2026-08-01T09:31:30,D,C,88.2600000000001,4.0,8.88888888888889,0.6577777777777778,1.0,1.0,1,107.70955460215805
scenario_3_multi_region_ep01_d066,scenario_3_multi_region_ep01,scenario_3_multi_region,66,2026-08-01T09:33:00,A,A,88.02000000000011,0.0,0.0,0.0,0.0,1.0,1,459.91090587683607
scenario_3_multi_region_ep01_d066,scenario_3_multi_region_ep01,scenario_3_multi_region,66,2026-08-01T09:33:00,B,A,88.02000000000011,4.0,8.88888888888889,0.6577777777777778,1.0,1.0,1,131.90971868949418
scenario_3_multi_region_ep01_d066,scenario_3_multi_region_ep01,scenario_3_multi_region,66,2026-08-01T09:33:00,C,A,88.02000000000011,4.0,8.88888888888889,0.6577777777777778,1.0,1.0,1,87.02689982119932
scenario_3_multi_region_ep01_d066,scenario_3_multi_region_ep01,scenario_3_multi_region,66,2026-08-01T09:33:00,D,A,88.02000000000011,5.656854249492381,12.570787221094179,0.9302382543609693,1.0,1.0,1,108.11326178827312
scenario_3_multi_region_ep01_d069,scenario_3_multi_region_ep01,scenario_3_multi_region,69,2026-08-01T09:34:30,A,B,87.78000000000011,4.0,8.88888888888889,0.6577777777777778,1.0,1.0,1,437.286006145946
scenario_3_multi_region_ep01_d069,scenario_3_multi_region_ep01,scenario_3_multi_region,69,2026-08-01T09:34:30,B,B,87.78000000000011,0.0,0.0,0.0,0.0,1.0,1,130.71459271234494
scenario_3_multi_region_ep01_d069,scenario_3_multi_region_ep01,scenario_3_multi_region,69,2026-08-01T09:34:30,C,B,87.78000000000011,5.656854249492381,12.570787221094179,0.9302382543609693,1.0,1.0,1,88.33608971134163
scenario_3_multi_region_ep01_d069,scenario_3_multi_region_ep01,scenario_3_multi_region,69,2026-08-01T09:34:30,D,B,87.78000000000011,4.0,8.88888888888889,0.6577777777777778,1.0,1.0,1,108.28329726099628
scenario_3_multi_region_ep01_d072,scenario_3_multi_region_ep01,scenario_3_multi_region,72,2026-08-01T09:36:00,A,D,87.54000000000012,5.656854249492381,12.570787221094179,0.9302382543609693,1.0,1.0,1,415.92361719737755
scenario_3_multi_region_ep01_d072,scenario_3_multi_region_ep01,scenario_3_multi_region,72,2026-08-01T09:36:00,B,D,87.54000000000012,4.0,8.88888888888889,0.6577777777777778,1.0,1.0,1,129.385421972391
scenario_3_multi_region_ep01_d072,scenario_3_multi_region_ep01,scenario_3_multi_region,72,2026-08-01T09:36:00,C,D,87.54000000000012,4.0,8.88888888888889,0.6577777777777778,1.0,1.0,1,89.37145851541368
scenario_3_multi_region_ep01_d072,scenario_3_multi_region_ep01,scenario_3_multi_region,72,2026-08-01T09:36:00,D,D,87.54000000000012,0.0,0.0,0.0,0.0,1.0,1,108.24069620596583
scenario_3_multi_region_ep01_d075,scenario_3_multi_region_ep01,scenario_3_multi_region,75,2026-08-01T09:37:30,A,A,87.30000000000013,0.0,0.0,0.0,0.0,1.0,1,395.74788429769956
scenario_3_multi_region_ep01_d075,scenario_3_multi_region_ep01,scenario_3_multi_region,75,2026-08-01T09:37:30,B,A,87.30000000000013,4.0,8.88888888888889,0.6577777777777778,1.0,1.0,1,127.93716967474893
scenario_3_multi_region_ep01_d075,scenario_3_multi_region_ep01,scenario_3_multi_region,75,2026-08-01T09:37:30,C,A,87.30000000000013,4.0,8.88888888888889,0.6577777777777778,1.0,1.0,1,90.15577373338192
scenario_3_multi_region_ep01_d075,scenario_3_multi_region_ep01,scenario_3_multi_region,75,2026-08-01T09:37:30,D,A,87.30000000000013,5.656854249492381,12.570787221094179,0.9302382543609693,1.0,1.0,1,108.00496345132046
scenario_3_multi_region_ep01_d078,scenario_3_multi_region_ep01,scenario_3_multi_region,78,2026-08-01T09:39:00,A,C,87.06000000000013,4.0,8.88888888888889,0.6577777777777778,1.0,1.0,1,376.68768491151536
scenario_3_multi_region_ep01_d078,scenario_3_multi_region_ep01,scenario_3_multi_region,78,2026-08-01T09:39:00,B,C,87.06000000000013,5.656854249492381,12.570787221094179,0.9302382543609693,1.0,1.0,1,126.38363598588762
scenario_3_multi_region_ep01_d078,scenario_3_multi_region_ep01,scenario_3_multi_region,78,2026-08-01T09:39:00,C,C,87.06000000000013,0.0,0.0,0.0,0.0,1.0,1,90.71020390121521
scenario_3_multi_region_ep01_d078,scenario_3_multi_region_ep01,scenario_3_multi_region,78,2026-08-01T09:39:00,D,C,87.06000000000013,4.0,8.88888888888889,0.6577777777777778,1.0,1.0,1,107.59417727361824
scenario_3_multi_region_ep01_d081,scenario_3_multi_region_ep01,scenario_3_multi_region,81,2026-08-01T09:40:30,A,D,86.82000000000014,5.656854249492381,12.570787221094179,0.9302382543609693,1.0,1.0,1,358.67632821691336
scenario_3_multi_region_ep01_d081,scenario_3_multi_region_ep01,scenario_3_multi_region,81,2026-08-01T09:40:30,B,D,86.82000000000014,4.0,8.88888888888889,0.6577777777777778,1.0,1.0,1,124.73753963922672
scenario_3_multi_region_ep01_d081,scenario_3_multi_region_ep01,scenario_3_multi_region,81,2026-08-01T09:40:30,C,D,86.82000000000014,4.0,8.88888888888889,0.6577777777777778,1.0,1.0,1,91.05442455747607
scenario_3_multi_region_ep01_d081,scenario_3_multi_region_ep01,scenario_3_multi_region,81,2026-08-01T09:40:30,D,D,86.82000000000014,0.0,0.0,0.0,0.0,1.0,1,107.02508635872778
scenario_3_multi_region_ep01_d084,scenario_3_multi_region_ep01,scenario_3_multi_region,84,2026-08-01T09:42:00,A,B,86.58000000000014,4.0,8.88888888888889,0.6577777777777778,1.0,1.0,1,341.6512738528081
scenario_3_multi_region_ep01_d084,scenario_3_multi_region_ep01,scenario_3_multi_region,84,2026-08-01T09:42:00,B,B,86.58000000000014,0.0,0.0,0.0,0.0,1.0,1,123.01059404030525
scenario_3_multi_region_ep01_d084,scenario_3_multi_region_ep01,scenario_3_multi_region,84,2026-08-01T09:42:00,C,B,86.58000000000014,5.656854249492381,12.570787221094179,0.9302382543609693,1.0,1.0,1,91.20671734737607
scenario_3_multi_region_ep01_d084,scenario_3_multi_region_ep01,scenario_3_multi_region,84,2026-08-01T09:42:00,D,B,86.58000000000014,4.0,8.88888888888889,0.6577777777777778,1.0,1.0,1,106.31320036348257
scenario_3_multi_region_ep01_d087,scenario_3_multi_region_ep01,scenario_3_multi_region,87,2026-08-01T09:43:30,A,C,86.34000000000015,4.0,8.88888888888889,0.6577777777777778,1.0,1.0,1,325.5538686630897
scenario_3_multi_region_ep01_d087,scenario_3_multi_region_ep01,scenario_3_multi_region,87,2026-08-01T09:43:30,B,C,86.34000000000015,5.656854249492381,12.570787221094179,0.9302382543609693,1.0,1.0,1,121.21357823560379
scenario_3_multi_region_ep01_d087,scenario_3_multi_region_ep01,scenario_3_multi_region,87,2026-08-01T09:43:30,C,C,86.34000000000015,0.0,0.0,0.0,0.0,1.0,1,91.18406270457785
scenario_3_multi_region_ep01_d087,scenario_3_multi_region_ep01,scenario_3_multi_region,87,2026-08-01T09:43:30,D,C,86.34000000000015,4.0,8.88888888888889,0.6577777777777778,1.0,1.0,1,105.47287449498731
scenario_3_multi_region_ep02_d012,scenario_3_multi_region_ep02,scenario_3_multi_region,12,2026-08-01T09:06:00,A,C,91.64000000000001,4.0,8.88888888888889,0.6577777777777778,1.0,1.0,1,169.02621610724594
scenario_3_multi_region_ep02_d012,scenario_3_multi_region_ep02,scenario_3_multi_region,12,2026-08-01T09:06:00,B,C,91.64000000000001,5.656854249492381,12.570787221094179,0.9302382543609693,1.0,1.0,1,28.178578655031515
scenario_3_multi_region_ep02_d012,scenario_3_multi_region_ep02,scenario_3_multi_region,12,2026-08-01T09:06:00,C,C,91.64000000000001,0.0,0.0,0.0,0.0,1.0,1,26.2890937753848
scenario_3_multi_region_ep02_d012,scenario_3_multi_region_ep02,scenario_3_multi_region,12,2026-08-01T09:06:00,D,C,91.64000000000001,4.0,8.88888888888889,0.6577777777777778,1.0,1.0,1,42.536126539615
scenario_3_multi_region_ep02_d015,scenario_3_multi_region_ep02,scenario_3_multi_region,15,2026-08-01T09:07:30,A,D,91.40000000000002,5.656854249492381,12.570787221094179,0.9302382543609693,1.0,1.0,1,248.77427027364206
scenario_3_multi_region_ep02_d015,scenario_3_multi_region_ep02,scenario_3_multi_region,15,2026-08-01T09:07:30,B,D,91.40000000000002,4.0,8.88888888888889,0.6577777777777778,1.0,1.0,1,33.07651424334608
scenario_3_multi_region_ep02_d015,scenario_3_multi_region_ep02,scenario_3_multi_region,15,2026-08-01T09:07:30,C,D,91.40000000000002,4.0,8.88888888888889,0.6577777777777778,1.0,1.0,1,27.580477904356144
scenario_3_multi_region_ep02_d015,scenario_3_multi_region_ep02,scenario_3_multi_region,15,2026-08-01T09:07:30,D,D,91.40000000000002,0.0,0.0,0.0,0.0,1.0,1,42.87275653686788
scenario_3_multi_region_ep02_d018,scenario_3_multi_region_ep02,scenario_3_multi_region,18,2026-08-01T09:09:00,A,B,91.16000000000003,4.0,8.88888888888889,0.6577777777777778,1.0,1.0,1,334.1342470426724
scenario_3_multi_region_ep02_d018,scenario_3_multi_region_ep02,scenario_3_multi_region,18,2026-08-01T09:09:00,B,B,91.16000000000003,0.0,0.0,0.0,0.0,1.0,1,40.100866251852494
scenario_3_multi_region_ep02_d018,scenario_3_multi_region_ep02,scenario_3_multi_region,18,2026-08-01T09:09:00,C,B,91.16000000000003,5.656854249492381,12.570787221094179,0.9302382543609693,1.0,1.0,1,29.5971769875747
scenario_3_multi_region_ep02_d018,scenario_3_multi_region_ep02,scenario_3_multi_region,18,2026-08-01T09:09:00,D,B,91.16000000000003,4.0,8.88888888888889,0.6577777777777778,1.0,1.0,1,44.2942800607143
scenario_3_multi_region_ep02_d021,scenario_3_multi_region_ep02,scenario_3_multi_region,21,2026-08-01T09:10:30,A,C,90.92000000000003,4.0,8.88888888888889,0.6577777777777778,1.0,1.0,1,416.09764092296916
scenario_3_multi_region_ep02_d021,scenario_3_multi_region_ep02,scenario_3_multi_region,21,2026-08-01T09:10:30,B,C,90.92000000000003,5.656854249492381,12.570787221094179,0.9302382543609693,1.0,1.0,1,48.970964534436916
scenario_3_multi_region_ep02_d021,scenario_3_multi_region_ep02,scenario_3_multi_region,21,2026-08-01T09:10:30,C,C,90.92000000000003,0.0,0.0,0.0,0.0,1.0,1,32.252764233720654
scenario_3_multi_region_ep02_d021,scenario_3_multi_region_ep02,scenario_3_multi_region,21,2026-08-01T09:10:30,D,C,90.92000000000003,4.0,8.88888888888889,0.6577777777777778,1.0,1.0,1,46.74225869591032
scenario_3_multi_region_ep02_d024,scenario_3_multi_region_ep02,scenario_3_multi_region,24,2026-08-01T09:12:00,A,A,90.68000000000004,0.0,0.0,0.0,0.0,1.0,1,485.01957616403695
scenario_3_multi_region_ep02_d024,scenario_3_multi_region_ep02,scenario_3_multi_region,24,2026-08-01T09:12:00,B,A,90.68000000000004,4.0,8.88888888888889,0.6577777777777778,1.0,1.0,1,58.16412166614896
scenario_3_multi_region_ep02_d024,scenario_3_multi_region_ep02,scenario_3_multi_region,24,2026-08-01T09:12:00,C,A,90.68000000000004,4.0,8.88888888888889,0.6577777777777778,1.0,1.0,1,35.40634506220499
scenario_3_multi_region_ep02_d024,scenario_3_multi_region_ep02,scenario_3_multi_region,24,2026-08-01T09:12:00,D,A,90.68000000000004,5.656854249492381,12.570787221094179,0.9302382543609693,1.0,1.0,1,50.46571687353685
scenario_3_multi_region_ep02_d027,scenario_3_multi_region_ep02,scenario_3_multi_region,27,2026-08-01T09:13:30,A,B,90.44000000000004,4.0,8.88888888888889,0.6577777777777778,1.0,1.0,1,548.1864485971885
scenario_3_multi_region_ep02_d027,scenario_3_multi_region_ep02,scenario_3_multi_region,27,2026-08-01T09:13:30,B,B,90.44000000000004,0.0,0.0,0.0,0.0,1.0,1,67.57678789476745
scenario_3_multi_region_ep02_d027,scenario_3_multi_region_ep02,scenario_3_multi_region,27,2026-08-01T09:13:30,C,B,90.44000000000004,5.656854249492381,12.570787221094179,0.9302382543609693,1.0,1.0,1,39.15795997782379
scenario_3_multi_region_ep02_d027,scenario_3_multi_region_ep02,scenario_3_multi_region,27,2026-08-01T09:13:30,D,B,90.44000000000004,4.0,8.88888888888889,0.6577777777777778,1.0,1.0,1,55.59381377286104
scenario_3_multi_region_ep02_d030,scenario_3_multi_region_ep02,scenario_3_multi_region,30,2026-08-01T09:15:00,A,D,90.20000000000005,5.656854249492381,12.570787221094179,0.9302382543609693,1.0,1.0,1,624.5256616864278
scenario_3_multi_region_ep02_d030,scenario_3_multi_region_ep02,scenario_3_multi_region,30,2026-08-01T09:15:00,B,D,90.20000000000005,4.0,8.88888888888889,0.6577777777777778,1.0,1.0,1,77.7733358908149
scenario_3_multi_region_ep02_d030,scenario_3_multi_region_ep02,scenario_3_multi_region,30,2026-08-01T09:15:00,C,D,90.20000000000005,4.0,8.88888888888889,0.6577777777777778,1.0,1.0,1,43.846012087632516
scenario_3_multi_region_ep02_d030,scenario_3_multi_region_ep02,scenario_3_multi_region,30,2026-08-01T09:15:00,D,D,90.20000000000005,0.0,0.0,0.0,0.0,1.0,1,62.366048061340734
scenario_3_multi_region_ep02_d033,scenario_3_multi_region_ep02,scenario_3_multi_region,33,2026-08-01T09:16:30,A,A,89.96000000000005,0.0,0.0,0.0,0.0,1.0,1,665.9327375710013
scenario_3_multi_region_ep02_d033,scenario_3_multi_region_ep02,scenario_3_multi_region,33,2026-08-01T09:16:30,B,A,89.96000000000005,4.0,8.88888888888889,0.6577777777777778,1.0,1.0,1,87.65448432657513
scenario_3_multi_region_ep02_d033,scenario_3_multi_region_ep02,scenario_3_multi_region,33,2026-08-01T09:16:30,C,A,89.96000000000005,4.0,8.88888888888889,0.6577777777777778,1.0,1.0,1,48.45964262786083
scenario_3_multi_region_ep02_d033,scenario_3_multi_region_ep02,scenario_3_multi_region,33,2026-08-01T09:16:30,D,A,89.96000000000005,5.656854249492381,12.570787221094179,0.9302382543609693,1.0,1.0,1,69.98368340463367
scenario_3_multi_region_ep02_d036,scenario_3_multi_region_ep02,scenario_3_multi_region,36,2026-08-01T09:18:00,A,C,89.72000000000006,4.0,8.88888888888889,0.6577777777777778,1.0,1.0,1,708.4440544793861
scenario_3_multi_region_ep02_d036,scenario_3_multi_region_ep02,scenario_3_multi_region,36,2026-08-01T09:18:00,B,C,89.72000000000006,5.656854249492381,12.570787221094179,0.9302382543609693,1.0,1.0,1,98.43908287358408
scenario_3_multi_region_ep02_d036,scenario_3_multi_region_ep02,scenario_3_multi_region,36,2026-08-01T09:18:00,C,C,89.72000000000006,0.0,0.0,0.0,0.0,1.0,1,53.770462039897666
scenario_3_multi_region_ep02_d036,scenario_3_multi_region_ep02,scenario_3_multi_region,36,2026-08-01T09:18:00,D,C,89.72000000000006,4.0,8.88888888888889,0.6577777777777778,1.0,1.0,1,78.29079345396053
scenario_3_multi_region_ep02_d039,scenario_3_multi_region_ep02,scenario_3_multi_region,39,2026-08-01T09:19:30,A,D,89.48000000000006,5.656854249492381,12.570787221094179,0.9302382543609693,1.0,1.0,1,722.3816759594667
scenario_3_multi_region_ep02_d039,scenario_3_multi_region_ep02,scenario_3_multi_region,39,2026-08-01T09:19:30,B,D,89.48000000000006,4.0,8.88888888888889,0.6577777777777778,1.0,1.0,1,106.37332331369998
scenario_3_multi_region_ep02_d039,scenario_3_multi_region_ep02,scenario_3_multi_region,39,2026-08-01T09:19:30,C,D,89.48000000000006,4.0,8.88888888888889,0.6577777777777778,1.0,1.0,1,58.892212555073684
scenario_3_multi_region_ep02_d039,scenario_3_multi_region_ep02,scenario_3_multi_region,39,2026-08-01T09:19:30,D,D,89.48000000000006,0.0,0.0,0.0,0.0,1.0,1,86.45735528844716
scenario_3_multi_region_ep02_d042,scenario_3_multi_region_ep02,scenario_3_multi_region,42,2026-08-01T09:21:00,A,B,89.24000000000007,4.0,8.88888888888889,0.6577777777777778,1.0,1.0,1,709.2470276121544
scenario_3_multi_region_ep02_d042,scenario_3_multi_region_ep02,scenario_3_multi_region,42,2026-08-01T09:21:00,B,B,89.24000000000007,0.0,0.0,0.0,0.0,1.0,1,115.91922181115274
scenario_3_multi_region_ep02_d042,scenario_3_multi_region_ep02,scenario_3_multi_region,42,2026-08-01T09:21:00,C,B,89.24000000000007,5.656854249492381,12.570787221094179,0.9302382543609693,1.0,1.0,1,63.77098953282166
scenario_3_multi_region_ep02_d042,scenario_3_multi_region_ep02,scenario_3_multi_region,42,2026-08-01T09:21:00,D,B,89.24000000000007,4.0,8.88888888888889,0.6577777777777778,1.0,1.0,1,93.536981351029
scenario_3_multi_region_ep02_d045,scenario_3_multi_region_ep02,scenario_3_multi_region,45,2026-08-01T09:22:30,A,C,89.00000000000007,4.0,8.88888888888889,0.6577777777777778,1.0,1.0,1,674.7277186385065
scenario_3_multi_region_ep02_d045,scenario_3_multi_region_ep02,scenario_3_multi_region,45,2026-08-01T09:22:30,B,C,89.00000000000007,5.656854249492381,12.570787221094179,0.9302382543609693,1.0,1.0,1,123.64106675308949
scenario_3_multi_region_ep02_d045,scenario_3_multi_region_ep02,scenario_3_multi_region,45,2026-08-01T09:22:30,C,C,89.00000000000007,0.0,0.0,0.0,0.0,1.0,1,68.22064030445426
scenario_3_multi_region_ep02_d045,scenario_3_multi_region_ep02,scenario_3_multi_region,45,2026-08-01T09:22:30,D,C,89.00000000000007,4.0,8.88888888888889,0.6577777777777778,1.0,1.0,1,99.58404760367353
scenario_3_multi_region_ep02_d048,scenario_3_multi_region_ep02,scenario_3_multi_region,48,2026-08-01T09:24:00,A,A,88.76000000000008,0.0,0.0,0.0,0.0,1.0,1,639.8336380461344
scenario_3_multi_region_ep02_d048,scenario_3_multi_region_ep02,scenario_3_multi_region,48,2026-08-01T09:24:00,B,A,88.76000000000008,4.0,8.88888888888889,0.6577777777777778,1.0,1.0,1,128.35243072002618
scenario_3_multi_region_ep02_d048,scenario_3_multi_region_ep02,scenario_3_multi_region,48,2026-08-01T09:24:00,C,A,88.76000000000008,4.0,8.88888888888889,0.6577777777777778,1.0,1.0,1,72.29515395162707
scenario_3_multi_region_ep02_d048,scenario_3_multi_region_ep02,scenario_3_multi_region,48,2026-08-01T09:24:00,D,A,88.76000000000008,5.656854249492381,12.570787221094179,0.9302382543609693,1.0,1.0,1,104.61163392876847
scenario_3_multi_region_ep02_d051,scenario_3_multi_region_ep02,scenario_3_multi_region,51,2026-08-01T09:25:30,A,B,88.52000000000008,4.0,8.88888888888889,0.6577777777777778,1.0,1.0,1,607.0271238689763
scenario_3_multi_region_ep02_d051,scenario_3_multi_region_ep02,scenario_3_multi_region,51,2026-08-01T09:25:30,B,B,88.52000000000008,0.0,0.0,0.0,0.0,1.0,1,131.9454534050958
scenario_3_multi_region_ep02_d051,scenario_3_multi_region_ep02,scenario_3_multi_region,51,2026-08-01T09:25:30,C,B,88.52000000000008,5.656854249492381,12.570787221094179,0.9302382543609693,1.0,1.0,1,75.95365888653146
scenario_3_multi_region_ep02_d051,scenario_3_multi_region_ep02,scenario_3_multi_region,51,2026-08-01T09:25:30,D,B,88.52000000000008,4.0,8.88888888888889,0.6577777777777778,1.0,1.0,1,109.15154130026713
scenario_3_multi_region_ep02_d054,scenario_3_multi_region_ep02,scenario_3_multi_region,54,2026-08-01T09:27:00,A,D,88.28000000000009,5.656854249492381,12.570787221094179,0.9302382543609693,1.0,1.0,1,576.1233076513433
scenario_3_multi_region_ep02_d054,scenario_3_multi_region_ep02,scenario_3_multi_region,54,2026-08-01T09:27:00,B,D,88.28000000000009,4.0,8.88888888888889,0.6577777777777778,1.0,1.0,1,132.92290760006836
scenario_3_multi_region_ep02_d054,scenario_3_multi_region_ep02,scenario_3_multi_region,54,2026-08-01T09:27:00,C,D,88.28000000000009,4.0,8.88888888888889,0.6577777777777778,1.0,1.0,1,79.17212068606887
scenario_3_multi_region_ep02_d054,scenario_3_multi_region_ep02,scenario_3_multi_region,54,2026-08-01T09:27:00,D,D,88.28000000000009,0.0,0.0,0.0,0.0,1.0,1,112.7115966194358
scenario_3_multi_region_ep02_d057,scenario_3_multi_region_ep02,scenario_3_multi_region,57,2026-08-01T09:28:30,A,A,88.04000000000009,0.0,0.0,0.0,0.0,1.0,1,547.0126874795524
scenario_3_multi_region_ep02_d057,scenario_3_multi_region_ep02,scenario_3_multi_region,57,2026-08-01T09:28:30,B,A,88.04000000000009,4.0,8.88888888888889,0.6577777777777778,1.0,1.0,1,133.25416312754874
scenario_3_multi_region_ep02_d057,scenario_3_multi_region_ep02,scenario_3_multi_region,57,2026-08-01T09:28:30,C,A,88.04000000000009,4.0,8.88888888888889,0.6577777777777778,1.0,1.0,1,81.9915397991715
scenario_3_multi_region_ep02_d057,scenario_3_multi_region_ep02,scenario_3_multi_region,57,2026-08-01T09:28:30,D,A,88.04000000000009,5.656854249492381,12.570787221094179,0.9302382543609693,1.0,1.0,1,114.49653728751218
scenario_3_multi_region_ep02_d060,scenario_3_multi_region_ep02,scenario_3_multi_region,60,2026-08-01T09:30:00,A,C,87.8000000000001,4.0,8.88888888888889,0.6577777777777778,1.0,1.0,1,519.5453819383467
scenario_3_multi_region_ep02_d060,scenario_3_multi_region_ep02,scenario_3_multi_region,60,2026-08-01T09:30:00,B,C,87.8000000000001,5.656854249492381,12.570787221094179,0.9302382543609693,1.0,1.0,1,132.81121036385798
scenario_3_multi_region_ep02_d060,scenario_3_multi_region_ep02,scenario_3_multi_region,60,2026-08-01T09:30:00,C,C,87.8000000000001,0.0,0.0,0.0,0.0,1.0,1,84.40286915712727
scenario_3_multi_region_ep02_d060,scenario_3_multi_region_ep02,scenario_3_multi_region,60,2026-08-01T09:30:00,D,C,87.8000000000001,4.0,8.88888888888889,0.6577777777777778,1.0,1.0,1,114.89591469243214
scenario_3_multi_region_ep02_d063,scenario_3_multi_region_ep02,scenario_3_multi_region,63,2026-08-01T09:31:30,A,D,87.5600000000001,5.656854249492381,12.570787221094179,0.9302382543609693,1.0,1.0,1,493.636725656655
scenario_3_multi_region_ep02_d063,scenario_3_multi_region_ep02,scenario_3_multi_region,63,2026-08-01T09:31:30,B,D,87.5600000000001,4.0,8.88888888888889,0.6577777777777778,1.0,1.0,1,132.16621434785247
scenario_3_multi_region_ep02_d063,scenario_3_multi_region_ep02,scenario_3_multi_region,63,2026-08-01T09:31:30,C,D,87.5600000000001,4.0,8.88888888888889,0.6577777777777778,1.0,1.0,1,86.4532307453187
scenario_3_multi_region_ep02_d063,scenario_3_multi_region_ep02,scenario_3_multi_region,63,2026-08-01T09:31:30,D,D,87.5600000000001,0.0,0.0,0.0,0.0,1.0,1,115.2040785918623
scenario_3_multi_region_ep02_d066,scenario_3_multi_region_ep02,scenario_3_multi_region,66,2026-08-01T09:33:00,A,B,87.3200000000001,4.0,8.88888888888889,0.6577777777777778,1.0,1.0,1,469.18672963882636
scenario_3_multi_region_ep02_d066,scenario_3_multi_region_ep02,scenario_3_multi_region,66,2026-08-01T09:33:00,B,B,87.3200000000001,0.0,0.0,0.0,0.0,1.0,1,131.333658824105
scenario_3_multi_region_ep02_d066,scenario_3_multi_region_ep02,scenario_3_multi_region,66,2026-08-01T09:33:00,C,B,87.3200000000001,5.656854249492381,12.570787221094179,0.9302382543609693,1.0,1.0,1,88.16595707049305
scenario_3_multi_region_ep02_d066,scenario_3_multi_region_ep02,scenario_3_multi_region,66,2026-08-01T09:33:00,D,B,87.3200000000001,4.0,8.88888888888889,0.6577777777777778,1.0,1.0,1,115.27446008621177
scenario_3_multi_region_ep02_d069,scenario_3_multi_region_ep02,scenario_3_multi_region,69,2026-08-01T09:34:30,A,C,87.08000000000011,4.0,8.88888888888889,0.6577777777777778,1.0,1.0,1,446.10732292229113
scenario_3_multi_region_ep02_d069,scenario_3_multi_region_ep02,scenario_3_multi_region,69,2026-08-01T09:34:30,B,C,87.08000000000011,5.656854249492381,12.570787221094179,0.9302382543609693,1.0,1.0,1,130.3325162117667
scenario_3_multi_region_ep02_d069,scenario_3_multi_region_ep02,scenario_3_multi_region,69,2026-08-01T09:34:30,C,C,87.08000000000011,0.0,0.0,0.0,0.0,1.0,1,89.56837662664861
scenario_3_multi_region_ep02_d069,scenario_3_multi_region_ep02,scenario_3_multi_region,69,2026-08-01T09:34:30,D,C,87.08000000000011,4.0,8.88888888888889,0.6577777777777778,1.0,1.0,1,115.12864504156323
scenario_3_multi_region_ep02_d072,scenario_3_multi_region_ep02,scenario_3_multi_region,72,2026-08-01T09:36:00,A,A,86.84000000000012,0.0,0.0,0.0,0.0,1.0,1,424.31594261351916
scenario_3_multi_region_ep02_d072,scenario_3_multi_region_ep02,scenario_3_multi_region,72,2026-08-01T09:36:00,B,A,86.84000000000012,4.0,8.88888888888889,0.6577777777777778,1.0,1.0,1,129.18031908653143
scenario_3_multi_region_ep02_d072,scenario_3_multi_region_ep02,scenario_3_multi_region,72,2026-08-01T09:36:00,C,A,86.84000000000012,4.0,8.88888888888889,0.6577777777777778,1.0,1.0,1,90.68591280896385
scenario_3_multi_region_ep02_d072,scenario_3_multi_region_ep02,scenario_3_multi_region,72,2026-08-01T09:36:00,D,A,86.84000000000012,5.656854249492381,12.570787221094179,0.9302382543609693,1.0,1.0,1,114.78664571351806
scenario_3_multi_region_ep02_d075,scenario_3_multi_region_ep02,scenario_3_multi_region,75,2026-08-01T09:37:30,A,B,86.60000000000012,4.0,8.88888888888889,0.6577777777777778,1.0,1.0,1,403.7351836981445
scenario_3_multi_region_ep02_d075,scenario_3_multi_region_ep02,scenario_3_multi_region,75,2026-08-01T09:37:30,B,B,86.60000000000012,0.0,0.0,0.0,0.0,1.0,1,127.89326027742868
scenario_3_multi_region_ep02_d075,scenario_3_multi_region_ep02,scenario_3_multi_region,75,2026-08-01T09:37:30,C,B,86.60000000000012,5.656854249492381,12.570787221094179,0.9302382543609693,1.0,1.0,1,91.54220991522516
scenario_3_multi_region_ep02_d075,scenario_3_multi_region_ep02,scenario_3_multi_region,75,2026-08-01T09:37:30,D,B,86.60000000000012,4.0,8.88888888888889,0.6577777777777778,1.0,1.0,1,114.26700753760633
scenario_3_multi_region_ep02_d078,scenario_3_multi_region_ep02,scenario_3_multi_region,78,2026-08-01T09:39:00,A,D,86.36000000000013,5.656854249492381,12.570787221094179,0.9302382543609693,1.0,1.0,1,384.29247127877693
scenario_3_multi_region_ep02_d078,scenario_3_multi_region_ep02,scenario_3_multi_region,78,2026-08-01T09:39:00,B,D,86.36000000000013,4.0,8.88888888888889,0.6577777777777778,1.0,1.0,1,126.4862862464363
scenario_3_multi_region_ep02_d078,scenario_3_multi_region_ep02,scenario_3_multi_region,78,2026-08-01T09:39:00,C,D,86.36000000000013,4.0,8.88888888888889,0.6577777777777778,1.0,1.0,1,92.15925098774801
scenario_3_multi_region_ep02_d078,scenario_3_multi_region_ep02,scenario_3_multi_region,78,2026-08-01T09:39:00,D,D,86.36000000000013,0.0,0.0,0.0,0.0,1.0,1,113.58690887825333
scenario_3_multi_region_ep02_d081,scenario_3_multi_region_ep02,scenario_3_multi_region,81,2026-08-01T09:40:30,A,A,86.12000000000013,0.0,0.0,0.0,0.0,1.0,1,365.9197537996706
scenario_3_multi_region_ep02_d081,scenario_3_multi_region_ep02,scenario_3_multi_region,81,2026-08-01T09:40:30,B,A,86.12000000000013,4.0,8.88888888888889,0.6577777777777778,1.0,1.0,1,124.97318419439966
scenario_3_multi_region_ep02_d081,scenario_3_multi_region_ep02,scenario_3_multi_region,81,2026-08-01T09:40:30,C,A,86.12000000000013,4.0,8.88888888888889,0.6577777777777778,1.0,1.0,1,92.5574680195923
scenario_3_multi_region_ep02_d081,scenario_3_multi_region_ep02,scenario_3_multi_region,81,2026-08-01T09:40:30,D,A,86.12000000000013,5.656854249492381,12.570787221094179,0.9302382543609693,1.0,1.0,1,112.76225419474827
scenario_3_multi_region_ep02_d084,scenario_3_multi_region_ep02,scenario_3_multi_region,84,2026-08-01T09:42:00,A,C,85.88000000000014,4.0,8.88888888888889,0.6577777777777778,1.0,1.0,1,348.55321591011943
scenario_3_multi_region_ep02_d084,scenario_3_multi_region_ep02,scenario_3_multi_region,84,2026-08-01T09:42:00,B,C,85.88000000000014,5.656854249492381,12.570787221094179,0.9302382543609693,1.0,1.0,1,123.366663307723
scenario_3_multi_region_ep02_d084,scenario_3_multi_region_ep02,scenario_3_multi_region,84,2026-08-01T09:42:00,C,C,85.88000000000014,0.0,0.0,0.0,0.0,1.0,1,92.75584501538856
scenario_3_multi_region_ep02_d084,scenario_3_multi_region_ep02,scenario_3_multi_region,84,2026-08-01T09:42:00,D,C,85.88000000000014,4.0,8.88888888888889,0.6577777777777778,1.0,1.0,1,111.80776105301129
scenario_3_multi_region_ep02_d087,scenario_3_multi_region_ep02,scenario_3_multi_region,87,2026-08-01T09:43:30,A,D,85.64000000000014,5.656854249492381,12.570787221094179,0.9302382543609693,1.0,1.0,1,332.13300970513194
scenario_3_multi_region_ep02_d087,scenario_3_multi_region_ep02,scenario_3_multi_region,87,2026-08-01T09:43:30,B,D,85.64000000000014,4.0,8.88888888888889,0.6577777777777778,1.0,1.0,1,121.67843053316278
scenario_3_multi_region_ep02_d087,scenario_3_multi_region_ep02,scenario_3_multi_region,87,2026-08-01T09:43:30,C,D,85.64000000000014,4.0,8.88888888888889,0.6577777777777778,1.0,1.0,1,92.77201436568612
scenario_3_multi_region_ep02_d087,scenario_3_multi_region_ep02,scenario_3_multi_region,87,2026-08-01T09:43:30,D,D,85.64000000000014,0.0,0.0,0.0,0.0,1.0,1,110.73704138414814
scenario_3_multi_region_ep03_d012,scenario_3_multi_region_ep03,scenario_3_multi_region,12,2026-08-01T09:06:00,A,D,90.94000000000003,5.656854249492381,12.570787221094179,0.9302382543609693,1.0,1.0,1,192.6481934530392
scenario_3_multi_region_ep03_d012,scenario_3_multi_region_ep03,scenario_3_multi_region,12,2026-08-01T09:06:00,B,D,90.94000000000003,4.0,8.88888888888889,0.6577777777777778,1.0,1.0,1,52.3497199077068
scenario_3_multi_region_ep03_d012,scenario_3_multi_region_ep03,scenario_3_multi_region,12,2026-08-01T09:06:00,C,D,90.94000000000003,4.0,8.88888888888889,0.6577777777777778,1.0,1.0,1,24.033855525415447
scenario_3_multi_region_ep03_d012,scenario_3_multi_region_ep03,scenario_3_multi_region,12,2026-08-01T09:06:00,D,D,90.94000000000003,0.0,0.0,0.0,0.0,1.0,1,41.30316766177009
scenario_3_multi_region_ep03_d015,scenario_3_multi_region_ep03,scenario_3_multi_region,15,2026-08-01T09:07:30,A,A,90.70000000000003,0.0,0.0,0.0,0.0,1.0,1,257.5451801468955
scenario_3_multi_region_ep03_d015,scenario_3_multi_region_ep03,scenario_3_multi_region,15,2026-08-01T09:07:30,B,A,90.70000000000003,4.0,8.88888888888889,0.6577777777777778,1.0,1.0,1,55.687010921360184
scenario_3_multi_region_ep03_d015,scenario_3_multi_region_ep03,scenario_3_multi_region,15,2026-08-01T09:07:30,C,A,90.70000000000003,4.0,8.88888888888889,0.6577777777777778,1.0,1.0,1,25.509598940625438
scenario_3_multi_region_ep03_d015,scenario_3_multi_region_ep03,scenario_3_multi_region,15,2026-08-01T09:07:30,D,A,90.70000000000003,5.656854249492381,12.570787221094179,0.9302382543609693,1.0,1.0,1,41.70512455071366
scenario_3_multi_region_ep03_d018,scenario_3_multi_region_ep03,scenario_3_multi_region,18,2026-08-01T09:09:00,A,C,90.46000000000004,4.0,8.88888888888889,0.6577777777777778,1.0,1.0,1,345.33502800513963
scenario_3_multi_region_ep03_d018,scenario_3_multi_region_ep03,scenario_3_multi_region,18,2026-08-01T09:09:00,B,C,90.46000000000004,5.656854249492381,12.570787221094179,0.9302382543609693,1.0,1.0,1,62.42917674911678
scenario_3_multi_region_ep03_d018,scenario_3_multi_region_ep03,scenario_3_multi_region,18,2026-08-01T09:09:00,C,C,90.46000000000004,0.0,0.0,0.0,0.0,1.0,1,27.99238140717057
scenario_3_multi_region_ep03_d018,scenario_3_multi_region_ep03,scenario_3_multi_region,18,2026-08-01T09:09:00,D,C,90.46000000000004,4.0,8.88888888888889,0.6577777777777778,1.0,1.0,1,43.46714271915312
scenario_3_multi_region_ep03_d021,scenario_3_multi_region_ep03,scenario_3_multi_region,21,2026-08-01T09:10:30,A,D,90.22000000000004,5.656854249492381,12.570787221094179,0.9302382543609693,1.0,1.0,1,432.670113924685
scenario_3_multi_region_ep03_d021,scenario_3_multi_region_ep03,scenario_3_multi_region,21,2026-08-01T09:10:30,B,D,90.22000000000004,4.0,8.88888888888889,0.6577777777777778,1.0,1.0,1,69.49369732138211
scenario_3_multi_region_ep03_d021,scenario_3_multi_region_ep03,scenario_3_multi_region,21,2026-08-01T09:10:30,C,D,90.22000000000004,4.0,8.88888888888889,0.6577777777777778,1.0,1.0,1,31.16854745323326
scenario_3_multi_region_ep03_d021,scenario_3_multi_region_ep03,scenario_3_multi_region,21,2026-08-01T09:10:30,D,D,90.22000000000004,0.0,0.0,0.0,0.0,1.0,1,46.4396047010664
scenario_3_multi_region_ep03_d024,scenario_3_multi_region_ep03,scenario_3_multi_region,24,2026-08-01T09:12:00,A,B,89.98000000000005,4.0,8.88888888888889,0.6577777777777778,1.0,1.0,1,502.25518207757364
scenario_3_multi_region_ep03_d024,scenario_3_multi_region_ep03,scenario_3_multi_region,24,2026-08-01T09:12:00,B,B,89.98000000000005,0.0,0.0,0.0,0.0,1.0,1,77.5821964644822
scenario_3_multi_region_ep03_d024,scenario_3_multi_region_ep03,scenario_3_multi_region,24,2026-08-01T09:12:00,C,B,89.98000000000005,5.656854249492381,12.570787221094179,0.9302382543609693,1.0,1.0,1,34.75577068689768
scenario_3_multi_region_ep03_d024,scenario_3_multi_region_ep03,scenario_3_multi_region,24,2026-08-01T09:12:00,D,B,89.98000000000005,4.0,8.88888888888889,0.6577777777777778,1.0,1.0,1,50.40250577005145
scenario_3_multi_region_ep03_d027,scenario_3_multi_region_ep03,scenario_3_multi_region,27,2026-08-01T09:13:30,A,C,89.74000000000005,4.0,8.88888888888889,0.6577777777777778,1.0,1.0,1,585.0936681041958
scenario_3_multi_region_ep03_d027,scenario_3_multi_region_ep03,scenario_3_multi_region,27,2026-08-01T09:13:30,B,C,89.74000000000005,5.656854249492381,12.570787221094179,0.9302382543609693,1.0,1.0,1,85.97083377170497
scenario_3_multi_region_ep03_d027,scenario_3_multi_region_ep03,scenario_3_multi_region,27,2026-08-01T09:13:30,C,C,89.74000000000005,0.0,0.0,0.0,0.0,1.0,1,39.28160484583259
scenario_3_multi_region_ep03_d027,scenario_3_multi_region_ep03,scenario_3_multi_region,27,2026-08-01T09:13:30,D,C,89.74000000000005,4.0,8.88888888888889,0.6577777777777778,1.0,1.0,1,56.524862483684274
scenario_3_multi_region_ep03_d030,scenario_3_multi_region_ep03,scenario_3_multi_region,30,2026-08-01T09:15:00,A,A,89.50000000000006,0.0,0.0,0.0,0.0,1.0,1,636.1527808852265
scenario_3_multi_region_ep03_d030,scenario_3_multi_region_ep03,scenario_3_multi_region,30,2026-08-01T09:15:00,B,A,89.50000000000006,4.0,8.88888888888889,0.6577777777777778,1.0,1.0,1,95.2900660062785
scenario_3_multi_region_ep03_d030,scenario_3_multi_region_ep03,scenario_3_multi_region,30,2026-08-01T09:15:00,C,A,89.50000000000006,4.0,8.88888888888889,0.6577777777777778,1.0,1.0,1,43.84261833538517
scenario_3_multi_region_ep03_d030,scenario_3_multi_region_ep03,scenario_3_multi_region,30,2026-08-01T09:15:00,D,A,89.50000000000006,5.656854249492381,12.570787221094179,0.9302382543609693,1.0,1.0,1,63.0226526479521
scenario_3_multi_region_ep03_d033,scenario_3_multi_region_ep03,scenario_3_multi_region,33,2026-08-01T09:16:30,A,B,89.26000000000006,4.0,8.88888888888889,0.6577777777777778,1.0,1.0,1,691.6025476537918
scenario_3_multi_region_ep03_d033,scenario_3_multi_region_ep03,scenario_3_multi_region,33,2026-08-01T09:16:30,B,B,89.26000000000006,0.0,0.0,0.0,0.0,1.0,1,104.9295639870179
scenario_3_multi_region_ep03_d033,scenario_3_multi_region_ep03,scenario_3_multi_region,33,2026-08-01T09:16:30,C,B,89.26000000000006,5.656854249492381,12.570787221094179,0.9302382543609693,1.0,1.0,1,49.186533333757325
scenario_3_multi_region_ep03_d033,scenario_3_multi_region_ep03,scenario_3_multi_region,33,2026-08-01T09:16:30,D,B,89.26000000000006,4.0,8.88888888888889,0.6577777777777778,1.0,1.0,1,70.8203820127112
scenario_3_multi_region_ep03_d036,scenario_3_multi_region_ep03,scenario_3_multi_region,36,2026-08-01T09:18:00,A,D,89.02000000000007,5.656854249492381,12.570787221094179,0.9302382543609693,1.0,1.0,1,721.2860396219535
scenario_3_multi_region_ep03_d036,scenario_3_multi_region_ep03,scenario_3_multi_region,36,2026-08-01T09:18:00,B,D,89.02000000000007,4.0,8.88888888888889,0.6577777777777778,1.0,1.0,1,113.66761947426744
scenario_3_multi_region_ep03_d036,scenario_3_multi_region_ep03,scenario_3_multi_region,36,2026-08-01T09:18:00,C,D,89.02000000000007,4.0,8.88888888888889,0.6577777777777778,1.0,1.0,1,54.49114646396356
scenario_3_multi_region_ep03_d036,scenario_3_multi_region_ep03,scenario_3_multi_region,36,2026-08-01T09:18:00,D,D,89.02000000000007,0.0,0.0,0.0,0.0,1.0,1,78.72454478582449
scenario_3_multi_region_ep03_d039,scenario_3_multi_region_ep03,scenario_3_multi_region,39,2026-08-01T09:19:30,A,A,88.78000000000007,0.0,0.0,0.0,0.0,1.0,1,735.9679626681011
scenario_3_multi_region_ep03_d039,scenario_3_multi_region_ep03,scenario_3_multi_region,39,2026-08-01T09:19:30,B,A,88.78000000000007,4.0,8.88888888888889,0.6577777777777778,1.0,1.0,1,122.34003923548335
scenario_3_multi_region_ep03_d039,scenario_3_multi_region_ep03,scenario_3_multi_region,39,2026-08-01T09:19:30,C,A,88.78000000000007,4.0,8.88888888888889,0.6577777777777778,1.0,1.0,1,59.911644378313895
scenario_3_multi_region_ep03_d039,scenario_3_multi_region_ep03,scenario_3_multi_region,39,2026-08-01T09:19:30,D,A,88.78000000000007,5.656854249492381,12.570787221094179,0.9302382543609693,1.0,1.0,1,86.49457216344695
scenario_3_multi_region_ep03_d042,scenario_3_multi_region_ep03,scenario_3_multi_region,42,2026-08-01T09:21:00,A,C,88.54000000000008,4.0,8.88888888888889,0.6577777777777778,1.0,1.0,1,733.4221812744834
scenario_3_multi_region_ep03_d042,scenario_3_multi_region_ep03,scenario_3_multi_region,42,2026-08-01T09:21:00,B,C,88.54000000000008,5.656854249492381,12.570787221094179,0.9302382543609693,1.0,1.0,1,130.3165622779677
scenario_3_multi_region_ep03_d042,scenario_3_multi_region_ep03,scenario_3_multi_region,42,2026-08-01T09:21:00,C,C,88.54000000000008,0.0,0.0,0.0,0.0,1.0,1,65.25536698627593
scenario_3_multi_region_ep03_d042,scenario_3_multi_region_ep03,scenario_3_multi_region,42,2026-08-01T09:21:00,D,C,88.54000000000008,4.0,8.88888888888889,0.6577777777777778,1.0,1.0,1,94.12642771744117
scenario_3_multi_region_ep03_d045,scenario_3_multi_region_ep03,scenario_3_multi_region,45,2026-08-01T09:22:30,A,D,88.30000000000008,5.656854249492381,12.570787221094179,0.9302382543609693,1.0,1.0,1,697.6673979924167
scenario_3_multi_region_ep03_d045,scenario_3_multi_region_ep03,scenario_3_multi_region,45,2026-08-01T09:22:30,B,D,88.30000000000008,4.0,8.88888888888889,0.6577777777777778,1.0,1.0,1,136.70408121585888
scenario_3_multi_region_ep03_d045,scenario_3_multi_region_ep03,scenario_3_multi_region,45,2026-08-01T09:22:30,C,D,88.30000000000008,4.0,8.88888888888889,0.6577777777777778,1.0,1.0,1,69.95780550789618
scenario_3_multi_region_ep03_d045,scenario_3_multi_region_ep03,scenario_3_multi_region,45,2026-08-01T09:22:30,D,D,88.30000000000008,0.0,0.0,0.0,0.0,1.0,1,100.47910077258553
scenario_3_multi_region_ep03_d048,scenario_3_multi_region_ep03,scenario_3_multi_region,48,2026-08-01T09:24:00,A,B,88.06000000000009,4.0,8.88888888888889,0.6577777777777778,1.0,1.0,1,661.7437112267842
scenario_3_multi_region_ep03_d048,scenario_3_multi_region_ep03,scenario_3_multi_region,48,2026-08-01T09:24:00,B,B,88.06000000000009,0.0,0.0,0.0,0.0,1.0,1,142.2044593632554
scenario_3_multi_region_ep03_d048,scenario_3_multi_region_ep03,scenario_3_multi_region,48,2026-08-01T09:24:00,C,B,88.06000000000009,5.656854249492381,12.570787221094179,0.9302382543609693,1.0,1.0,1,74.3251636798334
scenario_3_multi_region_ep03_d048,scenario_3_multi_region_ep03,scenario_3_multi_region,48,2026-08-01T09:24:00,D,B,88.06000000000009,4.0,8.88888888888889,0.6577777777777778,1.0,1.0,1,106.7793346956214
scenario_3_multi_region_ep03_d051,scenario_3_multi_region_ep03,scenario_3_multi_region,51,2026-08-01T09:25:30,A,C,87.82000000000009,4.0,8.88888888888889,0.6577777777777778,1.0,1.0,1,627.9021433923497
scenario_3_multi_region_ep03_d051,scenario_3_multi_region_ep03,scenario_3_multi_region,51,2026-08-01T09:25:30,B,C,87.82000000000009,5.656854249492381,12.570787221094179,0.9302382543609693,1.0,1.0,1,144.6257912067599
scenario_3_multi_region_ep03_d051,scenario_3_multi_region_ep03,scenario_3_multi_region,51,2026-08-01T09:25:30,C,C,87.82000000000009,0.0,0.0,0.0,0.0,1.0,1,78.1883199868555
scenario_3_multi_region_ep03_d051,scenario_3_multi_region_ep03,scenario_3_multi_region,51,2026-08-01T09:25:30,D,C,87.82000000000009,4.0,8.88888888888889,0.6577777777777778,1.0,1.0,1,111.11870119573632
scenario_3_multi_region_ep03_d054,scenario_3_multi_region_ep03,scenario_3_multi_region,54,2026-08-01T09:27:00,A,A,87.5800000000001,0.0,0.0,0.0,0.0,1.0,1,596.0845017186675
scenario_3_multi_region_ep03_d054,scenario_3_multi_region_ep03,scenario_3_multi_region,54,2026-08-01T09:27:00,B,A,87.5800000000001,4.0,8.88888888888889,0.6577777777777778,1.0,1.0,1,147.1558779262234
scenario_3_multi_region_ep03_d054,scenario_3_multi_region_ep03,scenario_3_multi_region,54,2026-08-01T09:27:00,C,A,87.5800000000001,4.0,8.88888888888889,0.6577777777777778,1.0,1.0,1,81.65510806269958
scenario_3_multi_region_ep03_d054,scenario_3_multi_region_ep03,scenario_3_multi_region,54,2026-08-01T09:27:00,D,A,87.5800000000001,5.656854249492381,12.570787221094179,0.9302382543609693,1.0,1.0,1,114.65873293410095
scenario_3_multi_region_ep03_d057,scenario_3_multi_region_ep03,scenario_3_multi_region,57,2026-08-01T09:28:30,A,B,87.3400000000001,4.0,8.88888888888889,0.6577777777777778,1.0,1.0,1,566.0783533848419
scenario_3_multi_region_ep03_d057,scenario_3_multi_region_ep03,scenario_3_multi_region,57,2026-08-01T09:28:30,B,B,87.3400000000001,0.0,0.0,0.0,0.0,1.0,1,146.41039408311872
scenario_3_multi_region_ep03_d057,scenario_3_multi_region_ep03,scenario_3_multi_region,57,2026-08-01T09:28:30,C,B,87.3400000000001,5.656854249492381,12.570787221094179,0.9302382543609693,1.0,1.0,1,84.66846313828319
scenario_3_multi_region_ep03_d057,scenario_3_multi_region_ep03,scenario_3_multi_region,57,2026-08-01T09:28:30,D,B,87.3400000000001,4.0,8.88888888888889,0.6577777777777778,1.0,1.0,1,117.3927391776815
scenario_3_multi_region_ep03_d060,scenario_3_multi_region_ep03,scenario_3_multi_region,60,2026-08-01T09:30:00,A,D,87.10000000000011,5.656854249492381,12.570787221094179,0.9302382543609693,1.0,1.0,1,537.7701672818073
scenario_3_multi_region_ep03_d060,scenario_3_multi_region_ep03,scenario_3_multi_region,60,2026-08-01T09:30:00,B,D,87.10000000000011,4.0,8.88888888888889,0.6577777777777778,1.0,1.0,1,145.48393684362622
scenario_3_multi_region_ep03_d060,scenario_3_multi_region_ep03,scenario_3_multi_region,60,2026-08-01T09:30:00,C,D,87.10000000000011,4.0,8.88888888888889,0.6577777777777778,1.0,1.0,1,87.26024806015403
scenario_3_multi_region_ep03_d060,scenario_3_multi_region_ep03,scenario_3_multi_region,60,2026-08-01T09:30:00,D,D,87.10000000000011,0.0,0.0,0.0,0.0,1.0,1,118.32385795297
scenario_3_multi_region_ep03_d063,scenario_3_multi_region_ep03,scenario_3_multi_region,63,2026-08-01T09:31:30,A,A,86.86000000000011,0.0,0.0,0.0,0.0,1.0,1,511.05554364170075
scenario_3_multi_region_ep03_d063,scenario_3_multi_region_ep03,scenario_3_multi_region,63,2026-08-01T09:31:30,B,A,86.86000000000011,4.0,8.88888888888889,0.6577777777777778,1.0,1.0,1,144.36863113194067
scenario_3_multi_region_ep03_d063,scenario_3_multi_region_ep03,scenario_3_multi_region,63,2026-08-01T09:31:30,C,A,86.86000000000011,4.0,8.88888888888889,0.6577777777777778,1.0,1.0,1,89.46212324606358
scenario_3_multi_region_ep03_d063,scenario_3_multi_region_ep03,scenario_3_multi_region,63,2026-08-01T09:31:30,D,A,86.86000000000011,5.656854249492381,12.570787221094179,0.9302382543609693,1.0,1.0,1,118.72743639486998
scenario_3_multi_region_ep03_d066,scenario_3_multi_region_ep03,scenario_3_multi_region,66,2026-08-01T09:33:00,A,C,86.62000000000012,4.0,8.88888888888889,0.6577777777777778,1.0,1.0,1,485.84068444568334
scenario_3_multi_region_ep03_d066,scenario_3_multi_region_ep03,scenario_3_multi_region,66,2026-08-01T09:33:00,B,C,86.62000000000012,5.656854249492381,12.570787221094179,0.9302382543609693,1.0,1.0,1,143.086477801799
scenario_3_multi_region_ep03_d066,scenario_3_multi_region_ep03,scenario_3_multi_region,66,2026-08-01T09:33:00,C,C,86.62000000000012,0.0,0.0,0.0,0.0,1.0,1,91.30761630942425
scenario_3_multi_region_ep03_d066,scenario_3_multi_region_ep03,scenario_3_multi_region,66,2026-08-01T09:33:00,D,C,86.62000000000012,4.0,8.88888888888889,0.6577777777777778,1.0,1.0,1,118.87917152857813
scenario_3_multi_region_ep03_d069,scenario_3_multi_region_ep03,scenario_3_multi_region,69,2026-08-01T09:34:30,A,D,86.38000000000012,5.656854249492381,12.570787221094179,0.9302382543609693,1.0,1.0,1,462.0352144214007
scenario_3_multi_region_ep03_d069,scenario_3_multi_region_ep03,scenario_3_multi_region,69,2026-08-01T09:34:30,B,D,86.38000000000012,4.0,8.88888888888889,0.6577777777777778,1.0,1.0,1,141.6553897524998
scenario_3_multi_region_ep03_d069,scenario_3_multi_region_ep03,scenario_3_multi_region,69,2026-08-01T09:34:30,C,D,86.38000000000012,4.0,8.88888888888889,0.6577777777777778,1.0,1.0,1,92.82550380320845
scenario_3_multi_region_ep03_d069,scenario_3_multi_region_ep03,scenario_3_multi_region,69,2026-08-01T09:34:30,D,D,86.38000000000012,0.0,0.0,0.0,0.0,1.0,1,118.8017360377819
scenario_3_multi_region_ep03_d072,scenario_3_multi_region_ep03,scenario_3_multi_region,72,2026-08-01T09:36:00,A,B,86.14000000000013,4.0,8.88888888888889,0.6577777777777778,1.0,1.0,1,439.5544027408862
scenario_3_multi_region_ep03_d072,scenario_3_multi_region_ep03,scenario_3_multi_region,72,2026-08-01T09:36:00,B,B,86.14000000000013,0.0,0.0,0.0,0.0,1.0,1,140.09190008375185
scenario_3_multi_region_ep03_d072,scenario_3_multi_region_ep03,scenario_3_multi_region,72,2026-08-01T09:36:00,C,B,86.14000000000013,5.656854249492381,12.570787221094179,0.9302382543609693,1.0,1.0,1,94.04255766394908
scenario_3_multi_region_ep03_d072,scenario_3_multi_region_ep03,scenario_3_multi_region,72,2026-08-01T09:36:00,D,B,86.14000000000013,4.0,8.88888888888889,0.6577777777777778,1.0,1.0,1,118.51615603452274
scenario_3_multi_region_ep03_d075,scenario_3_multi_region_ep03,scenario_3_multi_region,75,2026-08-01T09:37:30,A,C,85.90000000000013,4.0,8.88888888888889,0.6577777777777778,1.0,1.0,1,418.3188045214058
scenario_3_multi_region_ep03_d075,scenario_3_multi_region_ep03,scenario_3_multi_region,75,2026-08-01T09:37:30,B,C,85.90000000000013,5.656854249492381,12.570787221094179,0.9302382543609693,1.0,1.0,1,138.41125858422765
scenario_3_multi_region_ep03_d075,scenario_3_multi_region_ep03,scenario_3_multi_region,75,2026-08-01T09:37:30,C,C,85.90000000000013,0.0,0.0,0.0,0.0,1.0,1,94.98367776969826
scenario_3_multi_region_ep03_d075,scenario_3_multi_region_ep03,scenario_3_multi_region,75,2026-08-01T09:37:30,D,C,85.90000000000013,4.0,8.88888888888889,0.6577777777777778,1.0,1.0,1,118.0419225137532
scenario_3_multi_region_ep03_d078,scenario_3_multi_region_ep03,scenario_3_multi_region,78,2026-08-01T09:39:00,A,A,85.66000000000014,0.0,0.0,0.0,0.0,1.0,1,398.2539252682325
scenario_3_multi_region_ep03_d078,scenario_3_multi_region_ep03,scenario_3_multi_region,78,2026-08-01T09:39:00,B,A,85.66000000000014,4.0,8.88888888888889,0.6577777777777778,1.0,1.0,1,136.627521726439
scenario_3_multi_region_ep03_d078,scenario_3_multi_region_ep03,scenario_3_multi_region,78,2026-08-01T09:39:00,C,A,85.66000000000014,4.0,8.88888888888889,0.6577777777777778,1.0,1.0,1,95.67201591380535
scenario_3_multi_region_ep03_d078,scenario_3_multi_region_ep03,scenario_3_multi_region,78,2026-08-01T09:39:00,D,A,85.66000000000014,5.656854249492381,12.570787221094179,0.9302382543609693,1.0,1.0,1,117.3970954737299
scenario_3_multi_region_ep03_d081,scenario_3_multi_region_ep03,scenario_3_multi_region,81,2026-08-01T09:40:30,A,B,85.42000000000014,4.0,8.88888888888889,0.6577777777777778,1.0,1.0,1,379.28990678642003
scenario_3_multi_region_ep03_d081,scenario_3_multi_region_ep03,scenario_3_multi_region,81,2026-08-01T09:40:30,B,B,85.42000000000014,0.0,0.0,0.0,0.0,1.0,1,134.75363659741151
scenario_3_multi_region_ep03_d081,scenario_3_multi_region_ep03,scenario_3_multi_region,81,2026-08-01T09:40:30,C,B,85.42000000000014,5.656854249492381,12.570787221094179,0.9302382543609693,1.0,1.0,1,96.12909174565857
scenario_3_multi_region_ep03_d081,scenario_3_multi_region_ep03,scenario_3_multi_region,81,2026-08-01T09:40:30,D,B,85.42000000000014,4.0,8.88888888888889,0.6577777777777778,1.0,1.0,1,116.5984011789451
scenario_3_multi_region_ep03_d084,scenario_3_multi_region_ep03,scenario_3_multi_region,84,2026-08-01T09:42:00,A,D,85.18000000000015,5.656854249492381,12.570787221094179,0.9302382543609693,1.0,1.0,1,361.361233183349
scenario_3_multi_region_ep03_d084,scenario_3_multi_region_ep03,scenario_3_multi_region,84,2026-08-01T09:42:00,B,D,85.18000000000015,4.0,8.88888888888889,0.6577777777777778,1.0,1.0,1,132.80151916643695
scenario_3_multi_region_ep03_d084,scenario_3_multi_region_ep03,scenario_3_multi_region,84,2026-08-01T09:42:00,C,D,85.18000000000015,4.0,8.88888888888889,0.6577777777777778,1.0,1.0,1,96.37490119422796
scenario_3_multi_region_ep03_d084,scenario_3_multi_region_ep03,scenario_3_multi_region,84,2026-08-01T09:42:00,D,D,85.18000000000015,0.0,0.0,0.0,0.0,1.0,1,115.66132301151083
scenario_3_multi_region_ep03_d087,scenario_3_multi_region_ep03,scenario_3_multi_region,87,2026-08-01T09:43:30,A,A,84.94000000000015,0.0,0.0,0.0,0.0,1.0,1,344.4064556723795
scenario_3_multi_region_ep03_d087,scenario_3_multi_region_ep03,scenario_3_multi_region,87,2026-08-01T09:43:30,B,A,84.94000000000015,4.0,8.88888888888889,0.6577777777777778,1.0,1.0,1,130.7821272648996
scenario_3_multi_region_ep03_d087,scenario_3_multi_region_ep03,scenario_3_multi_region,87,2026-08-01T09:43:30,C,A,84.94000000000015,4.0,8.88888888888889,0.6577777777777778,1.0,1.0,1,96.4280178572817
scenario_3_multi_region_ep03_d087,scenario_3_multi_region_ep03,scenario_3_multi_region,87,2026-08-01T09:43:30,D,A,84.94000000000015,5.656854249492381,12.570787221094179,0.9302382543609693,1.0,1.0,1,114.60018632804054
scenario_3_multi_region_ep04_d012,scenario_3_multi_region_ep04,scenario_3_multi_region,12,2026-08-01T09:06:00,A,A,90.24000000000002,0.0,0.0,0.0,0.0,1.0,1,181.33860063579812
scenario_3_multi_region_ep04_d012,scenario_3_multi_region_ep04,scenario_3_multi_region,12,2026-08-01T09:06:00,B,A,90.24000000000002,4.0,8.88888888888889,0.6577777777777778,1.0,1.0,1,40.50610705032966
scenario_3_multi_region_ep04_d012,scenario_3_multi_region_ep04,scenario_3_multi_region,12,2026-08-01T09:06:00,C,A,90.24000000000002,4.0,8.88888888888889,0.6577777777777778,1.0,1.0,1,19.190207407720322
scenario_3_multi_region_ep04_d012,scenario_3_multi_region_ep04,scenario_3_multi_region,12,2026-08-01T09:06:00,D,A,90.24000000000002,5.656854249492381,12.570787221094179,0.9302382543609693,1.0,1.0,1,44.66471789628804
scenario_3_multi_region_ep04_d015,scenario_3_multi_region_ep04,scenario_3_multi_region,15,2026-08-01T09:07:30,A,B,90.00000000000003,4.0,8.88888888888889,0.6577777777777778,1.0,1.0,1,251.02438372198753
scenario_3_multi_region_ep04_d015,scenario_3_multi_region_ep04,scenario_3_multi_region,15,2026-08-01T09:07:30,B,B,90.00000000000003,0.0,0.0,0.0,0.0,1.0,1,44.673198532076526
scenario_3_multi_region_ep04_d015,scenario_3_multi_region_ep04,scenario_3_multi_region,15,2026-08-01T09:07:30,C,B,90.00000000000003,5.656854249492381,12.570787221094179,0.9302382543609693,1.0,1.0,1,20.85627540485143
scenario_3_multi_region_ep04_d015,scenario_3_multi_region_ep04,scenario_3_multi_region,15,2026-08-01T09:07:30,D,B,90.00000000000003,4.0,8.88888888888889,0.6577777777777778,1.0,1.0,1,44.77178108689077
scenario_3_multi_region_ep04_d018,scenario_3_multi_region_ep04,scenario_3_multi_region,18,2026-08-01T09:09:00,A,D,89.76000000000003,5.656854249492381,12.570787221094179,0.9302382543609693,1.0,1.0,1,325.33565313945644
scenario_3_multi_region_ep04_d018,scenario_3_multi_region_ep04,scenario_3_multi_region,18,2026-08-01T09:09:00,B,D,89.76000000000003,4.0,8.88888888888889,0.6577777777777778,1.0,1.0,1,50.802950641802795
scenario_3_multi_region_ep04_d018,scenario_3_multi_region_ep04,scenario_3_multi_region,18,2026-08-01T09:09:00,C,D,89.76000000000003,4.0,8.88888888888889,0.6577777777777778,1.0,1.0,1,23.055060088503524
scenario_3_multi_region_ep04_d018,scenario_3_multi_region_ep04,scenario_3_multi_region,18,2026-08-01T09:09:00,D,D,89.76000000000003,0.0,0.0,0.0,0.0,1.0,1,45.821935832314466
scenario_3_multi_region_ep04_d021,scenario_3_multi_region_ep04,scenario_3_multi_region,21,2026-08-01T09:10:30,A,A,89.52000000000004,0.0,0.0,0.0,0.0,1.0,1,415.6617817677245
scenario_3_multi_region_ep04_d021,scenario_3_multi_region_ep04,scenario_3_multi_region,21,2026-08-01T09:10:30,B,A,89.52000000000004,4.0,8.88888888888889,0.6577777777777778,1.0,1.0,1,59.15196105807877
scenario_3_multi_region_ep04_d021,scenario_3_multi_region_ep04,scenario_3_multi_region,21,2026-08-01T09:10:30,C,A,89.52000000000004,4.0,8.88888888888889,0.6577777777777778,1.0,1.0,1,26.308888088912454
scenario_3_multi_region_ep04_d021,scenario_3_multi_region_ep04,scenario_3_multi_region,21,2026-08-01T09:10:30,D,A,89.52000000000004,5.656854249492381,12.570787221094179,0.9302382543609693,1.0,1.0,1,48.397645844579756
scenario_3_multi_region_ep04_d024,scenario_3_multi_region_ep04,scenario_3_multi_region,24,2026-08-01T09:12:00,A,C,89.28000000000004,4.0,8.88888888888889,0.6577777777777778,1.0,1.0,1,480.06427555809137
scenario_3_multi_region_ep04_d024,scenario_3_multi_region_ep04,scenario_3_multi_region,24,2026-08-01T09:12:00,B,C,89.28000000000004,5.656854249492381,12.570787221094179,0.9302382543609693,1.0,1.0,1,67.38475671585616
scenario_3_multi_region_ep04_d024,scenario_3_multi_region_ep04,scenario_3_multi_region,24,2026-08-01T09:12:00,C,C,89.28000000000004,0.0,0.0,0.0,0.0,1.0,1,29.72013250627151
scenario_3_multi_region_ep04_d024,scenario_3_multi_region_ep04,scenario_3_multi_region,24,2026-08-01T09:12:00,D,C,89.28000000000004,4.0,8.88888888888889,0.6577777777777778,1.0,1.0,1,51.778987650131285
scenario_3_multi_region_ep04_d027,scenario_3_multi_region_ep04,scenario_3_multi_region,27,2026-08-01T09:13:30,A,D,89.04000000000005,5.656854249492381,12.570787221094179,0.9302382543609693,1.0,1.0,1,558.6162781735079
scenario_3_multi_region_ep04_d027,scenario_3_multi_region_ep04,scenario_3_multi_region,27,2026-08-01T09:13:30,B,D,89.04000000000005,4.0,8.88888888888889,0.6577777777777778,1.0,1.0,1,76.01727942503794
scenario_3_multi_region_ep04_d027,scenario_3_multi_region_ep04,scenario_3_multi_region,27,2026-08-01T09:13:30,C,D,89.04000000000005,4.0,8.88888888888889,0.6577777777777778,1.0,1.0,1,34.132046154481486
scenario_3_multi_region_ep04_d027,scenario_3_multi_region_ep04,scenario_3_multi_region,27,2026-08-01T09:13:30,D,D,89.04000000000005,0.0,0.0,0.0,0.0,1.0,1,56.928539500496754
scenario_3_multi_region_ep04_d030,scenario_3_multi_region_ep04,scenario_3_multi_region,30,2026-08-01T09:15:00,A,B,88.80000000000005,4.0,8.88888888888889,0.6577777777777778,1.0,1.0,1,614.0722407394442
scenario_3_multi_region_ep04_d030,scenario_3_multi_region_ep04,scenario_3_multi_region,30,2026-08-01T09:15:00,B,B,88.80000000000005,0.0,0.0,0.0,0.0,1.0,1,85.6173275540516
scenario_3_multi_region_ep04_d030,scenario_3_multi_region_ep04,scenario_3_multi_region,30,2026-08-01T09:15:00,C,B,88.80000000000005,5.656854249492381,12.570787221094179,0.9302382543609693,1.0,1.0,1,38.68485505565127
scenario_3_multi_region_ep04_d030,scenario_3_multi_region_ep04,scenario_3_multi_region,30,2026-08-01T09:15:00,D,B,88.80000000000005,4.0,8.88888888888889,0.6577777777777778,1.0,1.0,1,63.20656732840803
scenario_3_multi_region_ep04_d033,scenario_3_multi_region_ep04,scenario_3_multi_region,33,2026-08-01T09:16:30,A,C,88.56000000000006,4.0,8.88888888888889,0.6577777777777778,1.0,1.0,1,664.7956386144715
scenario_3_multi_region_ep04_d033,scenario_3_multi_region_ep04,scenario_3_multi_region,33,2026-08-01T09:16:30,B,C,88.56000000000006,5.656854249492381,12.570787221094179,0.9302382543609693,1.0,1.0,1,94.41763302474624
scenario_3_multi_region_ep04_d033,scenario_3_multi_region_ep04,scenario_3_multi_region,33,2026-08-01T09:16:30,C,C,88.56000000000006,0.0,0.0,0.0,0.0,1.0,1,43.78652933607714
scenario_3_multi_region_ep04_d033,scenario_3_multi_region_ep04,scenario_3_multi_region,33,2026-08-01T09:16:30,D,C,88.56000000000006,4.0,8.88888888888889,0.6577777777777778,1.0,1.0,1,71.27560930759637
scenario_3_multi_region_ep04_d036,scenario_3_multi_region_ep04,scenario_3_multi_region,36,2026-08-01T09:18:00,A,A,88.32000000000006,0.0,0.0,0.0,0.0,1.0,1,693.6441519561474
scenario_3_multi_region_ep04_d036,scenario_3_multi_region_ep04,scenario_3_multi_region,36,2026-08-01T09:18:00,B,A,88.32000000000006,4.0,8.88888888888889,0.6577777777777778,1.0,1.0,1,104.00056466946694
scenario_3_multi_region_ep04_d036,scenario_3_multi_region_ep04,scenario_3_multi_region,36,2026-08-01T09:18:00,C,A,88.32000000000006,4.0,8.88888888888889,0.6577777777777778,1.0,1.0,1,48.96425763823436
scenario_3_multi_region_ep04_d036,scenario_3_multi_region_ep04,scenario_3_multi_region,36,2026-08-01T09:18:00,D,A,88.32000000000006,5.656854249492381,12.570787221094179,0.9302382543609693,1.0,1.0,1,78.35340638289722
scenario_3_multi_region_ep04_d039,scenario_3_multi_region_ep04,scenario_3_multi_region,39,2026-08-01T09:19:30,A,B,88.08000000000007,4.0,8.88888888888889,0.6577777777777778,1.0,1.0,1,710.3662558874673
scenario_3_multi_region_ep04_d039,scenario_3_multi_region_ep04,scenario_3_multi_region,39,2026-08-01T09:19:30,B,B,88.08000000000007,0.0,0.0,0.0,0.0,1.0,1,111.52708251109402
scenario_3_multi_region_ep04_d039,scenario_3_multi_region_ep04,scenario_3_multi_region,39,2026-08-01T09:19:30,C,B,88.08000000000007,5.656854249492381,12.570787221094179,0.9302382543609693,1.0,1.0,1,54.317410428779795
scenario_3_multi_region_ep04_d039,scenario_3_multi_region_ep04,scenario_3_multi_region,39,2026-08-01T09:19:30,D,B,88.08000000000007,4.0,8.88888888888889,0.6577777777777778,1.0,1.0,1,86.16746689072806
scenario_3_multi_region_ep04_d042,scenario_3_multi_region_ep04,scenario_3_multi_region,42,2026-08-01T09:21:00,A,D,87.84000000000007,5.656854249492381,12.570787221094179,0.9302382543609693,1.0,1.0,1,700.5778784371039
scenario_3_multi_region_ep04_d042,scenario_3_multi_region_ep04,scenario_3_multi_region,42,2026-08-01T09:21:00,B,D,87.84000000000007,4.0,8.88888888888889,0.6577777777777778,1.0,1.0,1,119.89175765987352
scenario_3_multi_region_ep04_d042,scenario_3_multi_region_ep04,scenario_3_multi_region,42,2026-08-01T09:21:00,C,D,87.84000000000007,4.0,8.88888888888889,0.6577777777777778,1.0,1.0,1,59.410919554575
scenario_3_multi_region_ep04_d042,scenario_3_multi_region_ep04,scenario_3_multi_region,42,2026-08-01T09:21:00,D,D,87.84000000000007,0.0,0.0,0.0,0.0,1.0,1,93.74150045530291
scenario_3_multi_region_ep04_d045,scenario_3_multi_region_ep04,scenario_3_multi_region,45,2026-08-01T09:22:30,A,A,87.60000000000008,0.0,0.0,0.0,0.0,1.0,1,665.1184559218768
scenario_3_multi_region_ep04_d045,scenario_3_multi_region_ep04,scenario_3_multi_region,45,2026-08-01T09:22:30,B,A,87.60000000000008,4.0,8.88888888888889,0.6577777777777778,1.0,1.0,1,125.89306773053204
scenario_3_multi_region_ep04_d045,scenario_3_multi_region_ep04,scenario_3_multi_region,45,2026-08-01T09:22:30,C,A,87.60000000000008,4.0,8.88888888888889,0.6577777777777778,1.0,1.0,1,63.97950626552006
scenario_3_multi_region_ep04_d045,scenario_3_multi_region_ep04,scenario_3_multi_region,45,2026-08-01T09:22:30,D,A,87.60000000000008,5.656854249492381,12.570787221094179,0.9302382543609693,1.0,1.0,1,100.13343483370545
scenario_3_multi_region_ep04_d048,scenario_3_multi_region_ep04,scenario_3_multi_region,48,2026-08-01T09:24:00,A,C,87.36000000000008,4.0,8.88888888888889,0.6577777777777778,1.0,1.0,1,630.8403732717879
scenario_3_multi_region_ep04_d048,scenario_3_multi_region_ep04,scenario_3_multi_region,48,2026-08-01T09:24:00,B,C,87.36000000000008,5.656854249492381,12.570787221094179,0.9302382543609693,1.0,1.0,1,131.95743566737337
scenario_3_multi_region_ep04_d048,scenario_3_multi_region_ep04,scenario_3_multi_region,48,2026-08-01T09:24:00,C,C,87.36000000000008,0.0,0.0,0.0,0.0,1.0,1,68.2802964948196
scenario_3_multi_region_ep04_d048,scenario_3_multi_region_ep04,scenario_3_multi_region,48,2026-08-01T09:24:00,D,C,87.36000000000008,4.0,8.88888888888889,0.6577777777777778,1.0,1.0,1,105.81403247785943
scenario_3_multi_region_ep04_d051,scenario_3_multi_region_ep04,scenario_3_multi_region,51,2026-08-01T09:25:30,A,D,87.12000000000009,5.656854249492381,12.570787221094179,0.9302382543609693,1.0,1.0,1,598.5954167956297
scenario_3_multi_region_ep04_d051,scenario_3_multi_region_ep04,scenario_3_multi_region,51,2026-08-01T09:25:30,B,D,87.12000000000009,4.0,8.88888888888889,0.6577777777777778,1.0,1.0,1,136.4579620488571
scenario_3_multi_region_ep04_d051,scenario_3_multi_region_ep04,scenario_3_multi_region,51,2026-08-01T09:25:30,C,D,87.12000000000009,4.0,8.88888888888889,0.6577777777777778,1.0,1.0,1,72.13816970959283
scenario_3_multi_region_ep04_d051,scenario_3_multi_region_ep04,scenario_3_multi_region,51,2026-08-01T09:25:30,D,D,87.12000000000009,0.0,0.0,0.0,0.0,1.0,1,109.94357514780631
scenario_3_multi_region_ep04_d054,scenario_3_multi_region_ep04,scenario_3_multi_region,54,2026-08-01T09:27:00,A,B,86.8800000000001,4.0,8.88888888888889,0.6577777777777778,1.0,1.0,1,568.2125570555208
scenario_3_multi_region_ep04_d054,scenario_3_multi_region_ep04,scenario_3_multi_region,54,2026-08-01T09:27:00,B,B,86.8800000000001,0.0,0.0,0.0,0.0,1.0,1,137.48658206788036
scenario_3_multi_region_ep04_d054,scenario_3_multi_region_ep04,scenario_3_multi_region,54,2026-08-01T09:27:00,C,B,86.8800000000001,5.656854249492381,12.570787221094179,0.9302382543609693,1.0,1.0,1,75.54102300894556
scenario_3_multi_region_ep04_d054,scenario_3_multi_region_ep04,scenario_3_multi_region,54,2026-08-01T09:27:00,D,B,86.8800000000001,4.0,8.88888888888889,0.6577777777777778,1.0,1.0,1,113.37799169697882
scenario_3_multi_region_ep04_d057,scenario_3_multi_region_ep04,scenario_3_multi_region,57,2026-08-01T09:28:30,A,C,86.6400000000001,4.0,8.88888888888889,0.6577777777777778,1.0,1.0,1,539.5795808933308
scenario_3_multi_region_ep04_d057,scenario_3_multi_region_ep04,scenario_3_multi_region,57,2026-08-01T09:28:30,B,C,86.6400000000001,5.656854249492381,12.570787221094179,0.9302382543609693,1.0,1.0,1,137.13056740333695
scenario_3_multi_region_ep04_d057,scenario_3_multi_region_ep04,scenario_3_multi_region,57,2026-08-01T09:28:30,C,C,86.6400000000001,0.0,0.0,0.0,0.0,1.0,1,78.52536836064928
scenario_3_multi_region_ep04_d057,scenario_3_multi_region_ep04,scenario_3_multi_region,57,2026-08-01T09:28:30,D,C,86.6400000000001,4.0,8.88888888888889,0.6577777777777778,1.0,1.0,1,115.21041106649136
scenario_3_multi_region_ep04_d060,scenario_3_multi_region_ep04,scenario_3_multi_region,60,2026-08-01T09:30:00,A,A,86.4000000000001,0.0,0.0,0.0,0.0,1.0,1,512.5794240110818
scenario_3_multi_region_ep04_d060,scenario_3_multi_region_ep04,scenario_3_multi_region,60,2026-08-01T09:30:00,B,A,86.4000000000001,4.0,8.88888888888889,0.6577777777777778,1.0,1.0,1,136.40916506357735
scenario_3_multi_region_ep04_d060,scenario_3_multi_region_ep04,scenario_3_multi_region,60,2026-08-01T09:30:00,C,A,86.4000000000001,4.0,8.88888888888889,0.6577777777777778,1.0,1.0,1,81.11332003830262
scenario_3_multi_region_ep04_d060,scenario_3_multi_region_ep04,scenario_3_multi_region,60,2026-08-01T09:30:00,D,A,86.4000000000001,5.656854249492381,12.570787221094179,0.9302382543609693,1.0,1.0,1,116.00335984539606
scenario_3_multi_region_ep04_d063,scenario_3_multi_region_ep04,scenario_3_multi_region,63,2026-08-01T09:31:30,A,B,86.16000000000011,4.0,8.88888888888889,0.6577777777777778,1.0,1.0,1,487.0981140254205
scenario_3_multi_region_ep04_d063,scenario_3_multi_region_ep04,scenario_3_multi_region,63,2026-08-01T09:31:30,B,B,86.16000000000011,0.0,0.0,0.0,0.0,1.0,1,135.49487349360788
scenario_3_multi_region_ep04_d063,scenario_3_multi_region_ep04,scenario_3_multi_region,63,2026-08-01T09:31:30,C,B,86.16000000000011,5.656854249492381,12.570787221094179,0.9302382543609693,1.0,1.0,1,83.32115049362278
scenario_3_multi_region_ep04_d063,scenario_3_multi_region_ep04,scenario_3_multi_region,63,2026-08-01T09:31:30,D,B,86.16000000000011,4.0,8.88888888888889,0.6577777777777778,1.0,1.0,1,116.19258524955558
scenario_3_multi_region_ep04_d066,scenario_3_multi_region_ep04,scenario_3_multi_region,66,2026-08-01T09:33:00,A,D,85.92000000000012,5.656854249492381,12.570787221094179,0.9302382543609693,1.0,1.0,1,463.04844042529385
scenario_3_multi_region_ep04_d066,scenario_3_multi_region_ep04,scenario_3_multi_region,66,2026-08-01T09:33:00,B,D,85.92000000000012,4.0,8.88888888888889,0.6577777777777778,1.0,1.0,1,134.41175118073716
scenario_3_multi_region_ep04_d066,scenario_3_multi_region_ep04,scenario_3_multi_region,66,2026-08-01T09:33:00,C,D,85.92000000000012,4.0,8.88888888888889,0.6577777777777778,1.0,1.0,1,85.183533791841
scenario_3_multi_region_ep04_d066,scenario_3_multi_region_ep04,scenario_3_multi_region,66,2026-08-01T09:33:00,D,D,85.92000000000012,0.0,0.0,0.0,0.0,1.0,1,116.15363477006872
scenario_3_multi_region_ep04_d069,scenario_3_multi_region_ep04,scenario_3_multi_region,69,2026-08-01T09:34:30,A,A,85.68000000000012,0.0,0.0,0.0,0.0,1.0,1,440.34407689405793
scenario_3_multi_region_ep04_d069,scenario_3_multi_region_ep04,scenario_3_multi_region,69,2026-08-01T09:34:30,B,A,85.68000000000012,4.0,8.88888888888889,0.6577777777777778,1.0,1.0,1,133.17752051742036
scenario_3_multi_region_ep04_d069,scenario_3_multi_region_ep04,scenario_3_multi_region,69,2026-08-01T09:34:30,C,A,85.68000000000012,4.0,8.88888888888889,0.6577777777777778,1.0,1.0,1,86.72820459696004
scenario_3_multi_region_ep04_d069,scenario_3_multi_region_ep04,scenario_3_multi_region,69,2026-08-01T09:34:30,D,A,85.68000000000012,5.656854249492381,12.570787221094179,0.9302382543609693,1.0,1.0,1,115.90740035609974
scenario_3_multi_region_ep04_d072,scenario_3_multi_region_ep04,scenario_3_multi_region,72,2026-08-01T09:36:00,A,C,85.44000000000013,4.0,8.88888888888889,0.6577777777777778,1.0,1.0,1,418.9040914156478
scenario_3_multi_region_ep04_d072,scenario_3_multi_region_ep04,scenario_3_multi_region,72,2026-08-01T09:36:00,B,C,85.44000000000013,5.656854249492381,12.570787221094179,0.9302382543609693,1.0,1.0,1,131.8085457420416
scenario_3_multi_region_ep04_d072,scenario_3_multi_region_ep04,scenario_3_multi_region,72,2026-08-01T09:36:00,C,C,85.44000000000013,0.0,0.0,0.0,0.0,1.0,1,87.980970489936
scenario_3_multi_region_ep04_d072,scenario_3_multi_region_ep04,scenario_3_multi_region,72,2026-08-01T09:36:00,D,C,85.44000000000013,4.0,8.88888888888889,0.6577777777777778,1.0,1.0,1,115.47324797751753
scenario_3_multi_region_ep04_d075,scenario_3_multi_region_ep04,scenario_3_multi_region,75,2026-08-01T09:37:30,A,D,85.20000000000013,5.656854249492381,12.570787221094179,0.9302382543609693,1.0,1.0,1,398.6526035283762
scenario_3_multi_region_ep04_d075,scenario_3_multi_region_ep04,scenario_3_multi_region,75,2026-08-01T09:37:30,B,D,85.20000000000013,4.0,8.88888888888889,0.6577777777777778,1.0,1.0,1,130.3199277524118
scenario_3_multi_region_ep04_d075,scenario_3_multi_region_ep04,scenario_3_multi_region,75,2026-08-01T09:37:30,C,D,85.20000000000013,4.0,8.88888888888889,0.6577777777777778,1.0,1.0,1,88.96583919502086
scenario_3_multi_region_ep04_d075,scenario_3_multi_region_ep04,scenario_3_multi_region,75,2026-08-01T09:37:30,D,D,85.20000000000013,0.0,0.0,0.0,0.0,1.0,1,114.86912122703916
scenario_3_multi_region_ep04_d078,scenario_3_multi_region_ep04,scenario_3_multi_region,78,2026-08-01T09:39:00,A,B,84.96000000000014,4.0,8.88888888888889,0.6577777777777778,1.0,1.0,1,379.51846351941026
scenario_3_multi_region_ep04_d078,scenario_3_multi_region_ep04,scenario_3_multi_region,78,2026-08-01T09:39:00,B,B,84.96000000000014,0.0,0.0,0.0,0.0,1.0,1,128.72559254210614
scenario_3_multi_region_ep04_d078,scenario_3_multi_region_ep04,scenario_3_multi_region,78,2026-08-01T09:39:00,C,B,84.96000000000014,5.656854249492381,12.570787221094179,0.9302382543609693,1.0,1.0,1,89.70513757702247
scenario_3_multi_region_ep04_d078,scenario_3_multi_region_ep04,scenario_3_multi_region,78,2026-08-01T09:39:00,D,B,84.96000000000014,4.0,8.88888888888889,0.6577777777777778,1.0,1.0,1,114.11163809155391
scenario_3_multi_region_ep04_d081,scenario_3_multi_region_ep04,scenario_3_multi_region,81,2026-08-01T09:40:30,A,C,84.72000000000014,4.0,8.88888888888889,0.6577777777777778,1.0,1.0,1,361.43495215089706
scenario_3_multi_region_ep04_d081,scenario_3_multi_region_ep04,scenario_3_multi_region,81,2026-08-01T09:40:30,B,C,84.72000000000014,5.656854249492381,12.570787221094179,0.9302382543609693,1.0,1.0,1,127.03837368129507
scenario_3_multi_region_ep04_d081,scenario_3_multi_region_ep04,scenario_3_multi_region,81,2026-08-01T09:40:30,C,C,84.72000000000014,0.0,0.0,0.0,0.0,1.0,1,90.21962293724368
scenario_3_multi_region_ep04_d081,scenario_3_multi_region_ep04,scenario_3_multi_region,81,2026-08-01T09:40:30,D,C,84.72000000000014,4.0,8.88888888888889,0.6577777777777778,1.0,1.0,1,113.21618133724996
scenario_3_multi_region_ep04_d084,scenario_3_multi_region_ep04,scenario_3_multi_region,84,2026-08-01T09:42:00,A,A,84.48000000000015,0.0,0.0,0.0,0.0,1.0,1,344.3394995993584
scenario_3_multi_region_ep04_d084,scenario_3_multi_region_ep04,scenario_3_multi_region,84,2026-08-01T09:42:00,B,A,84.48000000000015,4.0,8.88888888888889,0.6577777777777778,1.0,1.0,1,125.2700892361056
scenario_3_multi_region_ep04_d084,scenario_3_multi_region_ep04,scenario_3_multi_region,84,2026-08-01T09:42:00,C,A,84.48000000000015,4.0,8.88888888888889,0.6577777777777778,1.0,1.0,1,90.52858710223722
scenario_3_multi_region_ep04_d084,scenario_3_multi_region_ep04,scenario_3_multi_region,84,2026-08-01T09:42:00,D,A,84.48000000000015,5.656854249492381,12.570787221094179,0.9302382543609693,1.0,1.0,1,112.19698292443013
scenario_3_multi_region_ep04_d087,scenario_3_multi_region_ep04,scenario_3_multi_region,87,2026-08-01T09:43:30,A,B,84.24000000000015,4.0,8.88888888888889,0.6577777777777778,1.0,1.0,1,328.17342237471917
scenario_3_multi_region_ep04_d087,scenario_3_multi_region_ep04,scenario_3_multi_region,87,2026-08-01T09:43:30,B,B,84.24000000000015,0.0,0.0,0.0,0.0,1.0,1,123.43161349471188
scenario_3_multi_region_ep04_d087,scenario_3_multi_region_ep04,scenario_3_multi_region,87,2026-08-01T09:43:30,C,B,84.24000000000015,5.656854249492381,12.570787221094179,0.9302382543609693,1.0,1.0,1,90.64995376782076
scenario_3_multi_region_ep04_d087,scenario_3_multi_region_ep04,scenario_3_multi_region,87,2026-08-01T09:43:30,D,B,84.24000000000015,4.0,8.88888888888889,0.6577777777777778,1.0,1.0,1,111.067202840954
scenario_3_multi_region_ep05_d012,scenario_3_multi_region_ep05,scenario_3_multi_region,12,2026-08-01T09:06:00,A,B,89.54000000000002,4.0,8.88888888888889,0.6577777777777778,1.0,1.0,1,186.34374412402576
scenario_3_multi_region_ep05_d012,scenario_3_multi_region_ep05,scenario_3_multi_region,12,2026-08-01T09:06:00,B,B,89.54000000000002,0.0,0.0,0.0,0.0,1.0,1,47.67587960773005
scenario_3_multi_region_ep05_d012,scenario_3_multi_region_ep05,scenario_3_multi_region,12,2026-08-01T09:06:00,C,B,89.54000000000002,5.656854249492381,12.570787221094179,0.9302382543609693,1.0,1.0,1,26.66704018728467
scenario_3_multi_region_ep05_d012,scenario_3_multi_region_ep05,scenario_3_multi_region,12,2026-08-01T09:06:00,D,B,89.54000000000002,4.0,8.88888888888889,0.6577777777777778,1.0,1.0,1,36.871263673284375
scenario_3_multi_region_ep05_d015,scenario_3_multi_region_ep05,scenario_3_multi_region,15,2026-08-01T09:07:30,A,C,89.30000000000003,4.0,8.88888888888889,0.6577777777777778,1.0,1.0,1,266.15213940781655
scenario_3_multi_region_ep05_d015,scenario_3_multi_region_ep05,scenario_3_multi_region,15,2026-08-01T09:07:30,B,C,89.30000000000003,5.656854249492381,12.570787221094179,0.9302382543609693,1.0,1.0,1,51.46235418269646
scenario_3_multi_region_ep05_d015,scenario_3_multi_region_ep05,scenario_3_multi_region,15,2026-08-01T09:07:30,C,C,89.30000000000003,0.0,0.0,0.0,0.0,1.0,1,28.21902287246212
scenario_3_multi_region_ep05_d015,scenario_3_multi_region_ep05,scenario_3_multi_region,15,2026-08-01T09:07:30,D,C,89.30000000000003,4.0,8.88888888888889,0.6577777777777778,1.0,1.0,1,37.8980775434984
scenario_3_multi_region_ep05_d018,scenario_3_multi_region_ep05,scenario_3_multi_region,18,2026-08-01T09:09:00,A,A,89.06000000000003,0.0,0.0,0.0,0.0,1.0,1,352.6734506815982
scenario_3_multi_region_ep05_d018,scenario_3_multi_region_ep05,scenario_3_multi_region,18,2026-08-01T09:09:00,B,A,89.06000000000003,4.0,8.88888888888889,0.6577777777777778,1.0,1.0,1,57.527257056922736
scenario_3_multi_region_ep05_d018,scenario_3_multi_region_ep05,scenario_3_multi_region,18,2026-08-01T09:09:00,C,A,89.06000000000003,4.0,8.88888888888889,0.6577777777777778,1.0,1.0,1,30.403592706211384
scenario_3_multi_region_ep05_d018,scenario_3_multi_region_ep05,scenario_3_multi_region,18,2026-08-01T09:09:00,D,A,89.06000000000003,5.656854249492381,12.570787221094179,0.9302382543609693,1.0,1.0,1,39.8927595516443
scenario_3_multi_region_ep05_d021,scenario_3_multi_region_ep05,scenario_3_multi_region,21,2026-08-01T09:10:30,A,B,88.82000000000004,4.0,8.88888888888889,0.6577777777777778,1.0,1.0,1,430.32903897294807
scenario_3_multi_region_ep05_d021,scenario_3_multi_region_ep05,scenario_3_multi_region,21,2026-08-01T09:10:30,B,B,88.82000000000004,0.0,0.0,0.0,0.0,1.0,1,65.50510807332262
scenario_3_multi_region_ep05_d021,scenario_3_multi_region_ep05,scenario_3_multi_region,21,2026-08-01T09:10:30,C,B,88.82000000000004,5.656854249492381,12.570787221094179,0.9302382543609693,1.0,1.0,1,33.198625557466585
scenario_3_multi_region_ep05_d021,scenario_3_multi_region_ep05,scenario_3_multi_region,21,2026-08-01T09:10:30,D,B,88.82000000000004,4.0,8.88888888888889,0.6577777777777778,1.0,1.0,1,42.91017030687976
scenario_3_multi_region_ep05_d024,scenario_3_multi_region_ep05,scenario_3_multi_region,24,2026-08-01T09:12:00,A,D,88.58000000000004,5.656854249492381,12.570787221094179,0.9302382543609693,1.0,1.0,1,513.0480092267384
scenario_3_multi_region_ep05_d024,scenario_3_multi_region_ep05,scenario_3_multi_region,24,2026-08-01T09:12:00,B,D,88.58000000000004,4.0,8.88888888888889,0.6577777777777778,1.0,1.0,1,74.53351406153934
scenario_3_multi_region_ep05_d024,scenario_3_multi_region_ep05,scenario_3_multi_region,24,2026-08-01T09:12:00,C,D,88.58000000000004,4.0,8.88888888888889,0.6577777777777778,1.0,1.0,1,36.86156310499905
scenario_3_multi_region_ep05_d024,scenario_3_multi_region_ep05,scenario_3_multi_region,24,2026-08-01T09:12:00,D,D,88.58000000000004,0.0,0.0,0.0,0.0,1.0,1,47.40041698145569
scenario_3_multi_region_ep05_d027,scenario_3_multi_region_ep05,scenario_3_multi_region,27,2026-08-01T09:13:30,A,A,88.34000000000005,0.0,0.0,0.0,0.0,1.0,1,562.9594565901032
scenario_3_multi_region_ep05_d027,scenario_3_multi_region_ep05,scenario_3_multi_region,27,2026-08-01T09:13:30,B,A,88.34000000000005,4.0,8.88888888888889,0.6577777777777778,1.0,1.0,1,83.91024824577153
scenario_3_multi_region_ep05_d027,scenario_3_multi_region_ep05,scenario_3_multi_region,27,2026-08-01T09:13:30,C,A,88.34000000000005,4.0,8.88888888888889,0.6577777777777778,1.0,1.0,1,40.46200415735666
scenario_3_multi_region_ep05_d027,scenario_3_multi_region_ep05,scenario_3_multi_region,27,2026-08-01T09:13:30,D,A,88.34000000000005,5.656854249492381,12.570787221094179,0.9302382543609693,1.0,1.0,1,52.79322887243302
scenario_3_multi_region_ep05_d030,scenario_3_multi_region_ep05,scenario_3_multi_region,30,2026-08-01T09:15:00,A,C,88.10000000000005,4.0,8.88888888888889,0.6577777777777778,1.0,1.0,1,631.1120595286452
scenario_3_multi_region_ep05_d030,scenario_3_multi_region_ep05,scenario_3_multi_region,30,2026-08-01T09:15:00,B,C,88.10000000000005,5.656854249492381,12.570787221094179,0.9302382543609693,1.0,1.0,1,92.32325067732631
scenario_3_multi_region_ep05_d030,scenario_3_multi_region_ep05,scenario_3_multi_region,30,2026-08-01T09:15:00,C,C,88.10000000000005,0.0,0.0,0.0,0.0,1.0,1,45.14901960938073
scenario_3_multi_region_ep05_d030,scenario_3_multi_region_ep05,scenario_3_multi_region,30,2026-08-01T09:15:00,D,C,88.10000000000005,4.0,8.88888888888889,0.6577777777777778,1.0,1.0,1,59.78393999575337
scenario_3_multi_region_ep05_d033,scenario_3_multi_region_ep05,scenario_3_multi_region,33,2026-08-01T09:16:30,A,D,87.86000000000006,5.656854249492381,12.570787221094179,0.9302382543609693,1.0,1.0,1,667.6179032914897
scenario_3_multi_region_ep05_d033,scenario_3_multi_region_ep05,scenario_3_multi_region,33,2026-08-01T09:16:30,B,D,87.86000000000006,4.0,8.88888888888889,0.6577777777777778,1.0,1.0,1,100.88302934885974
scenario_3_multi_region_ep05_d033,scenario_3_multi_region_ep05,scenario_3_multi_region,33,2026-08-01T09:16:30,C,D,87.86000000000006,4.0,8.88888888888889,0.6577777777777778,1.0,1.0,1,49.7309573186094
scenario_3_multi_region_ep05_d033,scenario_3_multi_region_ep05,scenario_3_multi_region,33,2026-08-01T09:16:30,D,D,87.86000000000006,0.0,0.0,0.0,0.0,1.0,1,67.23238740213128
scenario_3_multi_region_ep05_d036,scenario_3_multi_region_ep05,scenario_3_multi_region,36,2026-08-01T09:18:00,A,B,87.62000000000006,4.0,8.88888888888889,0.6577777777777778,1.0,1.0,1,699.6938523793117
scenario_3_multi_region_ep05_d036,scenario_3_multi_region_ep05,scenario_3_multi_region,36,2026-08-01T09:18:00,B,B,87.62000000000006,0.0,0.0,0.0,0.0,1.0,1,110.47057611259152
scenario_3_multi_region_ep05_d036,scenario_3_multi_region_ep05,scenario_3_multi_region,36,2026-08-01T09:18:00,C,B,87.62000000000006,5.656854249492381,12.570787221094179,0.9302382543609693,1.0,1.0,1,54.806687443690635
scenario_3_multi_region_ep05_d036,scenario_3_multi_region_ep05,scenario_3_multi_region,36,2026-08-01T09:18:00,D,B,87.62000000000006,4.0,8.88888888888889,0.6577777777777778,1.0,1.0,1,76.11428431660897
scenario_3_multi_region_ep05_d039,scenario_3_multi_region_ep05,scenario_3_multi_region,39,2026-08-01T09:19:30,A,C,87.38000000000007,4.0,8.88888888888889,0.6577777777777778,1.0,1.0,1,702.9399274796829
scenario_3_multi_region_ep05_d039,scenario_3_multi_region_ep05,scenario_3_multi_region,39,2026-08-01T09:19:30,B,C,87.38000000000007,5.656854249492381,12.570787221094179,0.9302382543609693,1.0,1.0,1,118.80184919798853
scenario_3_multi_region_ep05_d039,scenario_3_multi_region_ep05,scenario_3_multi_region,39,2026-08-01T09:19:30,C,C,87.38000000000007,0.0,0.0,0.0,0.0,1.0,1,59.65534884828958
scenario_3_multi_region_ep05_d039,scenario_3_multi_region_ep05,scenario_3_multi_region,39,2026-08-01T09:19:30,D,C,87.38000000000007,4.0,8.88888888888889,0.6577777777777778,1.0,1.0,1,83.09181567041014
scenario_3_multi_region_ep05_d042,scenario_3_multi_region_ep05,scenario_3_multi_region,42,2026-08-01T09:21:00,A,A,87.14000000000007,0.0,0.0,0.0,0.0,1.0,1,708.9394159055867
scenario_3_multi_region_ep05_d042,scenario_3_multi_region_ep05,scenario_3_multi_region,42,2026-08-01T09:21:00,B,A,87.14000000000007,4.0,8.88888888888889,0.6577777777777778,1.0,1.0,1,127.21585693766724
scenario_3_multi_region_ep05_d042,scenario_3_multi_region_ep05,scenario_3_multi_region,42,2026-08-01T09:21:00,C,A,87.14000000000007,4.0,8.88888888888889,0.6577777777777778,1.0,1.0,1,64.8845959478183
scenario_3_multi_region_ep05_d042,scenario_3_multi_region_ep05,scenario_3_multi_region,42,2026-08-01T09:21:00,D,A,87.14000000000007,5.656854249492381,12.570787221094179,0.9302382543609693,1.0,1.0,1,91.30710212975873
scenario_3_multi_region_ep05_d045,scenario_3_multi_region_ep05,scenario_3_multi_region,45,2026-08-01T09:22:30,A,B,86.90000000000008,4.0,8.88888888888889,0.6577777777777778,1.0,1.0,1,673.4889579698881
scenario_3_multi_region_ep05_d045,scenario_3_multi_region_ep05,scenario_3_multi_region,45,2026-08-01T09:22:30,B,B,86.90000000000008,0.0,0.0,0.0,0.0,1.0,1,133.56603729011476
scenario_3_multi_region_ep05_d045,scenario_3_multi_region_ep05,scenario_3_multi_region,45,2026-08-01T09:22:30,C,B,86.90000000000008,5.656854249492381,12.570787221094179,0.9302382543609693,1.0,1.0,1,69.31801002109546
scenario_3_multi_region_ep05_d045,scenario_3_multi_region_ep05,scenario_3_multi_region,45,2026-08-01T09:22:30,D,B,86.90000000000008,4.0,8.88888888888889,0.6577777777777778,1.0,1.0,1,97.96713110888368
scenario_3_multi_region_ep05_d048,scenario_3_multi_region_ep05,scenario_3_multi_region,48,2026-08-01T09:24:00,A,D,86.66000000000008,5.656854249492381,12.570787221094179,0.9302382543609693,1.0,1.0,1,638.8234637344005
scenario_3_multi_region_ep05_d048,scenario_3_multi_region_ep05,scenario_3_multi_region,48,2026-08-01T09:24:00,B,D,86.66000000000008,4.0,8.88888888888889,0.6577777777777778,1.0,1.0,1,138.85417938964474
scenario_3_multi_region_ep05_d048,scenario_3_multi_region_ep05,scenario_3_multi_region,48,2026-08-01T09:24:00,C,D,86.66000000000008,4.0,8.88888888888889,0.6577777777777778,1.0,1.0,1,73.44766957093748
scenario_3_multi_region_ep05_d048,scenario_3_multi_region_ep05,scenario_3_multi_region,48,2026-08-01T09:24:00,D,D,86.66000000000008,0.0,0.0,0.0,0.0,1.0,1,104.52248311365861
scenario_3_multi_region_ep05_d051,scenario_3_multi_region_ep05,scenario_3_multi_region,51,2026-08-01T09:25:30,A,A,86.42000000000009,0.0,0.0,0.0,0.0,1.0,1,606.1518458282251
scenario_3_multi_region_ep05_d051,scenario_3_multi_region_ep05,scenario_3_multi_region,51,2026-08-01T09:25:30,B,A,86.42000000000009,4.0,8.88888888888889,0.6577777777777778,1.0,1.0,1,140.90998978301036
scenario_3_multi_region_ep05_d051,scenario_3_multi_region_ep05,scenario_3_multi_region,51,2026-08-01T09:25:30,C,A,86.42000000000009,4.0,8.88888888888889,0.6577777777777778,1.0,1.0,1,77.08007215164275
scenario_3_multi_region_ep05_d051,scenario_3_multi_region_ep05,scenario_3_multi_region,51,2026-08-01T09:25:30,D,A,86.42000000000009,5.656854249492381,12.570787221094179,0.9302382543609693,1.0,1.0,1,108.61934243067685
scenario_3_multi_region_ep05_d054,scenario_3_multi_region_ep05,scenario_3_multi_region,54,2026-08-01T09:27:00,A,C,86.18000000000009,4.0,8.88888888888889,0.6577777777777778,1.0,1.0,1,575.4245607821956
scenario_3_multi_region_ep05_d054,scenario_3_multi_region_ep05,scenario_3_multi_region,54,2026-08-01T09:27:00,B,C,86.18000000000009,5.656854249492381,12.570787221094179,0.9302382543609693,1.0,1.0,1,142.7877153059228
scenario_3_multi_region_ep05_d054,scenario_3_multi_region_ep05,scenario_3_multi_region,54,2026-08-01T09:27:00,C,C,86.18000000000009,0.0,0.0,0.0,0.0,1.0,1,80.32563674866356
scenario_3_multi_region_ep05_d054,scenario_3_multi_region_ep05,scenario_3_multi_region,54,2026-08-01T09:27:00,D,C,86.18000000000009,4.0,8.88888888888889,0.6577777777777778,1.0,1.0,1,111.90068151457717
scenario_3_multi_region_ep05_d057,scenario_3_multi_region_ep05,scenario_3_multi_region,57,2026-08-01T09:28:30,A,D,85.9400000000001,5.656854249492381,12.570787221094179,0.9302382543609693,1.0,1.0,1,546.4537218119847
scenario_3_multi_region_ep05_d057,scenario_3_multi_region_ep05,scenario_3_multi_region,57,2026-08-01T09:28:30,B,D,85.9400000000001,4.0,8.88888888888889,0.6577777777777778,1.0,1.0,1,142.27648374787805
scenario_3_multi_region_ep05_d057,scenario_3_multi_region_ep05,scenario_3_multi_region,57,2026-08-01T09:28:30,C,D,85.9400000000001,4.0,8.88888888888889,0.6577777777777778,1.0,1.0,1,83.14616737447295
scenario_3_multi_region_ep05_d057,scenario_3_multi_region_ep05,scenario_3_multi_region,57,2026-08-01T09:28:30,D,D,85.9400000000001,0.0,0.0,0.0,0.0,1.0,1,113.90105844546156
scenario_3_multi_region_ep05_d060,scenario_3_multi_region_ep05,scenario_3_multi_region,60,2026-08-01T09:30:00,A,B,85.7000000000001,4.0,8.88888888888889,0.6577777777777778,1.0,1.0,1,519.1254996473419
scenario_3_multi_region_ep05_d060,scenario_3_multi_region_ep05,scenario_3_multi_region,60,2026-08-01T09:30:00,B,B,85.7000000000001,0.0,0.0,0.0,0.0,1.0,1,141.3709676929334
scenario_3_multi_region_ep05_d060,scenario_3_multi_region_ep05,scenario_3_multi_region,60,2026-08-01T09:30:00,C,B,85.7000000000001,5.656854249492381,12.570787221094179,0.9302382543609693,1.0,1.0,1,85.56791347287094
scenario_3_multi_region_ep05_d060,scenario_3_multi_region_ep05,scenario_3_multi_region,60,2026-08-01T09:30:00,D,B,85.7000000000001,4.0,8.88888888888889,0.6577777777777778,1.0,1.0,1,114.61636039738369
scenario_3_multi_region_ep05_d063,scenario_3_multi_region_ep05,scenario_3_multi_region,63,2026-08-01T09:31:30,A,C,85.46000000000011,4.0,8.88888888888889,0.6577777777777778,1.0,1.0,1,493.3412491162221
scenario_3_multi_region_ep05_d063,scenario_3_multi_region_ep05,scenario_3_multi_region,63,2026-08-01T09:31:30,B,C,85.46000000000011,5.656854249492381,12.570787221094179,0.9302382543609693,1.0,1.0,1,140.28660731444938
scenario_3_multi_region_ep05_d063,scenario_3_multi_region_ep05,scenario_3_multi_region,63,2026-08-01T09:31:30,C,C,85.46000000000011,0.0,0.0,0.0,0.0,1.0,1,87.62331372471658
scenario_3_multi_region_ep05_d063,scenario_3_multi_region_ep05,scenario_3_multi_region,63,2026-08-01T09:31:30,D,C,85.46000000000011,4.0,8.88888888888889,0.6577777777777778,1.0,1.0,1,115.04135400346945
scenario_3_multi_region_ep05_d066,scenario_3_multi_region_ep05,scenario_3_multi_region,66,2026-08-01T09:33:00,A,A,85.22000000000011,0.0,0.0,0.0,0.0,1.0,1,469.00556730124094
scenario_3_multi_region_ep05_d066,scenario_3_multi_region_ep05,scenario_3_multi_region,66,2026-08-01T09:33:00,B,A,85.22000000000011,4.0,8.88888888888889,0.6577777777777778,1.0,1.0,1,139.04008241229235
scenario_3_multi_region_ep05_d066,scenario_3_multi_region_ep05,scenario_3_multi_region,66,2026-08-01T09:33:00,C,A,85.22000000000011,4.0,8.88888888888889,0.6577777777777778,1.0,1.0,1,89.33963179218222
scenario_3_multi_region_ep05_d066,scenario_3_multi_region_ep05,scenario_3_multi_region,66,2026-08-01T09:33:00,D,A,85.22000000000011,5.656854249492381,12.570787221094179,0.9302382543609693,1.0,1.0,1,115.21888024329587
scenario_3_multi_region_ep05_d069,scenario_3_multi_region_ep05,scenario_3_multi_region,69,2026-08-01T09:34:30,A,B,84.98000000000012,4.0,8.88888888888889,0.6577777777777778,1.0,1.0,1,446.0310779680308
scenario_3_multi_region_ep05_d069,scenario_3_multi_region_ep05,scenario_3_multi_region,69,2026-08-01T09:34:30,B,B,84.98000000000012,0.0,0.0,0.0,0.0,1.0,1,137.64882123509415
scenario_3_multi_region_ep05_d069,scenario_3_multi_region_ep05,scenario_3_multi_region,69,2026-08-01T09:34:30,C,B,84.98000000000012,5.656854249492381,12.570787221094179,0.9302382543609693,1.0,1.0,1,90.74428124611768
scenario_3_multi_region_ep05_d069,scenario_3_multi_region_ep05,scenario_3_multi_region,69,2026-08-01T09:34:30,D,B,84.98000000000012,4.0,8.88888888888889,0.6577777777777778,1.0,1.0,1,115.17119805162338
scenario_3_multi_region_ep05_d072,scenario_3_multi_region_ep05,scenario_3_multi_region,72,2026-08-01T09:36:00,A,D,84.74000000000012,5.656854249492381,12.570787221094179,0.9302382543609693,1.0,1.0,1,424.3358672393913
scenario_3_multi_region_ep05_d072,scenario_3_multi_region_ep05,scenario_3_multi_region,72,2026-08-01T09:36:00,B,D,84.74000000000012,4.0,8.88888888888889,0.6577777777777778,1.0,1.0,1,136.128908026893
scenario_3_multi_region_ep05_d072,scenario_3_multi_region_ep05,scenario_3_multi_region,72,2026-08-01T09:36:00,C,D,84.74000000000012,4.0,8.88888888888889,0.6577777777777778,1.0,1.0,1,91.8627670320252
scenario_3_multi_region_ep05_d072,scenario_3_multi_region_ep05,scenario_3_multi_region,72,2026-08-01T09:36:00,D,D,84.74000000000012,0.0,0.0,0.0,0.0,1.0,1,114.91894818398441
scenario_3_multi_region_ep05_d075,scenario_3_multi_region_ep05,scenario_3_multi_region,75,2026-08-01T09:37:30,A,A,84.50000000000013,0.0,0.0,0.0,0.0,1.0,1,403.8431363698023
scenario_3_multi_region_ep05_d075,scenario_3_multi_region_ep05,scenario_3_multi_region,75,2026-08-01T09:37:30,B,A,84.50000000000013,4.0,8.88888888888889,0.6577777777777778,1.0,1.0,1,134.49517712226725
scenario_3_multi_region_ep05_d075,scenario_3_multi_region_ep05,scenario_3_multi_region,75,2026-08-01T09:37:30,C,A,84.50000000000013,4.0,8.88888888888889,0.6577777777777778,1.0,1.0,1,92.71881155786286
scenario_3_multi_region_ep05_d075,scenario_3_multi_region_ep05,scenario_3_multi_region,75,2026-08-01T09:37:30,D,A,84.50000000000013,5.656854249492381,12.570787221094179,0.9302382543609693,1.0,1.0,1,114.48126291185145
scenario_3_multi_region_ep05_d078,scenario_3_multi_region_ep05,scenario_3_multi_region,78,2026-08-01T09:39:00,A,C,84.26000000000013,4.0,8.88888888888889,0.6577777777777778,1.0,1.0,1,384.4808767563288
scenario_3_multi_region_ep05_d078,scenario_3_multi_region_ep05,scenario_3_multi_region,78,2026-08-01T09:39:00,B,C,84.26000000000013,5.656854249492381,12.570787221094179,0.9302382543609693,1.0,1.0,1,132.76130070186355
scenario_3_multi_region_ep05_d078,scenario_3_multi_region_ep05,scenario_3_multi_region,78,2026-08-01T09:39:00,C,C,84.26000000000013,0.0,0.0,0.0,0.0,1.0,1,93.33447262528375
scenario_3_multi_region_ep05_d078,scenario_3_multi_region_ep05,scenario_3_multi_region,78,2026-08-01T09:39:00,D,C,84.26000000000013,4.0,8.88888888888889,0.6577777777777778,1.0,1.0,1,113.87586848816477
scenario_3_multi_region_ep05_d081,scenario_3_multi_region_ep05,scenario_3_multi_region,81,2026-08-01T09:40:30,A,D,84.02000000000014,5.656854249492381,12.570787221094179,0.9302382543609693,1.0,1.0,1,366.1815657574507
scenario_3_multi_region_ep05_d081,scenario_3_multi_region_ep05,scenario_3_multi_region,81,2026-08-01T09:40:30,B,D,84.02000000000014,4.0,8.88888888888889,0.6577777777777778,1.0,1.0,1,130.93987062802285
scenario_3_multi_region_ep05_d081,scenario_3_multi_region_ep05,scenario_3_multi_region,81,2026-08-01T09:40:30,C,D,84.02000000000014,4.0,8.88888888888889,0.6577777777777778,1.0,1.0,1,93.73025372745678
scenario_3_multi_region_ep05_d081,scenario_3_multi_region_ep05,scenario_3_multi_region,81,2026-08-01T09:40:30,D,D,84.02000000000014,0.0,0.0,0.0,0.0,1.0,1,113.1191808538099
scenario_3_multi_region_ep05_d084,scenario_3_multi_region_ep05,scenario_3_multi_region,84,2026-08-01T09:42:00,A,B,83.78000000000014,4.0,8.88888888888889,0.6577777777777778,1.0,1.0,1,348.88188198317425
scenario_3_multi_region_ep05_d084,scenario_3_multi_region_ep05,scenario_3_multi_region,84,2026-08-01T09:42:00,B,B,83.78000000000014,0.0,0.0,0.0,0.0,1.0,1,129.04247475261081
scenario_3_multi_region_ep05_d084,scenario_3_multi_region_ep05,scenario_3_multi_region,84,2026-08-01T09:42:00,C,B,83.78000000000014,5.656854249492381,12.570787221094179,0.9302382543609693,1.0,1.0,1,93.9252072031511
scenario_3_multi_region_ep05_d084,scenario_3_multi_region_ep05,scenario_3_multi_region,84,2026-08-01T09:42:00,D,B,83.78000000000014,4.0,8.88888888888889,0.6577777777777778,1.0,1.0,1,112.22639502521156
scenario_3_multi_region_ep05_d087,scenario_3_multi_region_ep05,scenario_3_multi_region,87,2026-08-01T09:43:30,A,C,83.54000000000015,4.0,8.88888888888889,0.6577777777777778,1.0,1.0,1,332.52243880579795
scenario_3_multi_region_ep05_d087,scenario_3_multi_region_ep05,scenario_3_multi_region,87,2026-08-01T09:43:30,B,C,83.54000000000015,5.656854249492381,12.570787221094179,0.9302382543609693,1.0,1.0,1,127.07976806350666
scenario_3_multi_region_ep05_d087,scenario_3_multi_region_ep05,scenario_3_multi_region,87,2026-08-01T09:43:30,C,C,83.54000000000015,0.0,0.0,0.0,0.0,1.0,1,93.93703070549122
scenario_3_multi_region_ep05_d087,scenario_3_multi_region_ep05,scenario_3_multi_region,87,2026-08-01T09:43:30,D,C,83.54000000000015,4.0,8.88888888888889,0.6577777777777778,1.0,1.0,1,111.21156857472647
scenario_3_multi_region_ep06_d012,scenario_3_multi_region_ep06,scenario_3_multi_region,12,2026-08-01T09:06:00,A,C,88.84000000000002,4.0,8.88888888888889,0.6577777777777778,1.0,1.0,1,155.40076201843772
scenario_3_multi_region_ep06_d012,scenario_3_multi_region_ep06,scenario_3_multi_region,12,2026-08-01T09:06:00,B,C,88.84000000000002,5.656854249492381,12.570787221094179,0.9302382543609693,1.0,1.0,1,29.573284608750214
scenario_3_multi_region_ep06_d012,scenario_3_multi_region_ep06,scenario_3_multi_region,12,2026-08-01T09:06:00,C,C,88.84000000000002,0.0,0.0,0.0,0.0,1.0,1,36.90274271479677
scenario_3_multi_region_ep06_d012,scenario_3_multi_region_ep06,scenario_3_multi_region,12,2026-08-01T09:06:00,D,C,88.84000000000002,4.0,8.88888888888889,0.6577777777777778,1.0,1.0,1,31.732570139566405
scenario_3_multi_region_ep06_d015,scenario_3_multi_region_ep06,scenario_3_multi_region,15,2026-08-01T09:07:30,A,D,88.60000000000002,5.656854249492381,12.570787221094179,0.9302382543609693,1.0,1.0,1,233.39347274194347
scenario_3_multi_region_ep06_d015,scenario_3_multi_region_ep06,scenario_3_multi_region,15,2026-08-01T09:07:30,B,D,88.60000000000002,4.0,8.88888888888889,0.6577777777777778,1.0,1.0,1,33.959603475910285
scenario_3_multi_region_ep06_d015,scenario_3_multi_region_ep06,scenario_3_multi_region,15,2026-08-01T09:07:30,C,D,88.60000000000002,4.0,8.88888888888889,0.6577777777777778,1.0,1.0,1,37.405856489149755
scenario_3_multi_region_ep06_d015,scenario_3_multi_region_ep06,scenario_3_multi_region,15,2026-08-01T09:07:30,D,D,88.60000000000002,0.0,0.0,0.0,0.0,1.0,1,32.63932350423886
scenario_3_multi_region_ep06_d018,scenario_3_multi_region_ep06,scenario_3_multi_region,18,2026-08-01T09:09:00,A,B,88.36000000000003,4.0,8.88888888888889,0.6577777777777778,1.0,1.0,1,328.9077076648482
scenario_3_multi_region_ep06_d018,scenario_3_multi_region_ep06,scenario_3_multi_region,18,2026-08-01T09:09:00,B,B,88.36000000000003,0.0,0.0,0.0,0.0,1.0,1,41.69300675068848
scenario_3_multi_region_ep06_d018,scenario_3_multi_region_ep06,scenario_3_multi_region,18,2026-08-01T09:09:00,C,B,88.36000000000003,5.656854249492381,12.570787221094179,0.9302382543609693,1.0,1.0,1,38.88106307714031
scenario_3_multi_region_ep06_d018,scenario_3_multi_region_ep06,scenario_3_multi_region,18,2026-08-01T09:09:00,D,B,88.36000000000003,4.0,8.88888888888889,0.6577777777777778,1.0,1.0,1,34.77807185907807
scenario_3_multi_region_ep06_d021,scenario_3_multi_region_ep06,scenario_3_multi_region,21,2026-08-01T09:10:30,A,C,88.12000000000003,4.0,8.88888888888889,0.6577777777777778,1.0,1.0,1,407.62211463897256
scenario_3_multi_region_ep06_d021,scenario_3_multi_region_ep06,scenario_3_multi_region,21,2026-08-01T09:10:30,B,C,88.12000000000003,5.656854249492381,12.570787221094179,0.9302382543609693,1.0,1.0,1,50.26371937809586
scenario_3_multi_region_ep06_d021,scenario_3_multi_region_ep06,scenario_3_multi_region,21,2026-08-01T09:10:30,C,C,88.12000000000003,0.0,0.0,0.0,0.0,1.0,1,40.87300461736709
scenario_3_multi_region_ep06_d021,scenario_3_multi_region_ep06,scenario_3_multi_region,21,2026-08-01T09:10:30,D,C,88.12000000000003,4.0,8.88888888888889,0.6577777777777778,1.0,1.0,1,37.881556340613315
scenario_3_multi_region_ep06_d024,scenario_3_multi_region_ep06,scenario_3_multi_region,24,2026-08-01T09:12:00,A,A,87.88000000000004,0.0,0.0,0.0,0.0,1.0,1,483.99600035398464
scenario_3_multi_region_ep06_d024,scenario_3_multi_region_ep06,scenario_3_multi_region,24,2026-08-01T09:12:00,B,A,87.88000000000004,4.0,8.88888888888889,0.6577777777777778,1.0,1.0,1,59.74974482410744
scenario_3_multi_region_ep06_d024,scenario_3_multi_region_ep06,scenario_3_multi_region,24,2026-08-01T09:12:00,C,A,87.88000000000004,4.0,8.88888888888889,0.6577777777777778,1.0,1.0,1,43.69828135210582
scenario_3_multi_region_ep06_d024,scenario_3_multi_region_ep06,scenario_3_multi_region,24,2026-08-01T09:12:00,D,A,87.88000000000004,5.656854249492381,12.570787221094179,0.9302382543609693,1.0,1.0,1,42.36262828374629
scenario_3_multi_region_ep06_d027,scenario_3_multi_region_ep06,scenario_3_multi_region,27,2026-08-01T09:13:30,A,B,87.64000000000004,4.0,8.88888888888889,0.6577777777777778,1.0,1.0,1,570.1477346394968
scenario_3_multi_region_ep06_d027,scenario_3_multi_region_ep06,scenario_3_multi_region,27,2026-08-01T09:13:30,B,B,87.64000000000004,0.0,0.0,0.0,0.0,1.0,1,69.22518373147705
scenario_3_multi_region_ep06_d027,scenario_3_multi_region_ep06,scenario_3_multi_region,27,2026-08-01T09:13:30,C,B,87.64000000000004,5.656854249492381,12.570787221094179,0.9302382543609693,1.0,1.0,1,47.40622690557757
scenario_3_multi_region_ep06_d027,scenario_3_multi_region_ep06,scenario_3_multi_region,27,2026-08-01T09:13:30,D,B,87.64000000000004,4.0,8.88888888888889,0.6577777777777778,1.0,1.0,1,48.25157287435991
scenario_3_multi_region_ep06_d030,scenario_3_multi_region_ep06,scenario_3_multi_region,30,2026-08-01T09:15:00,A,D,87.40000000000005,5.656854249492381,12.570787221094179,0.9302382543609693,1.0,1.0,1,629.1820564374218
scenario_3_multi_region_ep06_d030,scenario_3_multi_region_ep06,scenario_3_multi_region,30,2026-08-01T09:15:00,B,D,87.40000000000005,4.0,8.88888888888889,0.6577777777777778,1.0,1.0,1,78.95792881488387
scenario_3_multi_region_ep06_d030,scenario_3_multi_region_ep06,scenario_3_multi_region,30,2026-08-01T09:15:00,C,D,87.40000000000005,4.0,8.88888888888889,0.6577777777777778,1.0,1.0,1,51.352645544568986
scenario_3_multi_region_ep06_d030,scenario_3_multi_region_ep06,scenario_3_multi_region,30,2026-08-01T09:15:00,D,D,87.40000000000005,0.0,0.0,0.0,0.0,1.0,1,55.36894412715833
scenario_3_multi_region_ep06_d033,scenario_3_multi_region_ep06,scenario_3_multi_region,33,2026-08-01T09:16:30,A,A,87.16000000000005,0.0,0.0,0.0,0.0,1.0,1,661.6666049655623
scenario_3_multi_region_ep06_d033,scenario_3_multi_region_ep06,scenario_3_multi_region,33,2026-08-01T09:16:30,B,A,87.16000000000005,4.0,8.88888888888889,0.6577777777777778,1.0,1.0,1,88.4776031359529
scenario_3_multi_region_ep06_d033,scenario_3_multi_region_ep06,scenario_3_multi_region,33,2026-08-01T09:16:30,C,A,87.16000000000005,4.0,8.88888888888889,0.6577777777777778,1.0,1.0,1,55.34715434588884
scenario_3_multi_region_ep06_d033,scenario_3_multi_region_ep06,scenario_3_multi_region,33,2026-08-01T09:16:30,D,A,87.16000000000005,5.656854249492381,12.570787221094179,0.9302382543609693,1.0,1.0,1,63.422269553426986
scenario_3_multi_region_ep06_d036,scenario_3_multi_region_ep06,scenario_3_multi_region,36,2026-08-01T09:18:00,A,C,86.92000000000006,4.0,8.88888888888889,0.6577777777777778,1.0,1.0,1,691.0961905609388
scenario_3_multi_region_ep06_d036,scenario_3_multi_region_ep06,scenario_3_multi_region,36,2026-08-01T09:18:00,B,C,86.92000000000006,5.656854249492381,12.570787221094179,0.9302382543609693,1.0,1.0,1,98.19731310858037
scenario_3_multi_region_ep06_d036,scenario_3_multi_region_ep06,scenario_3_multi_region,36,2026-08-01T09:18:00,C,C,86.92000000000006,0.0,0.0,0.0,0.0,1.0,1,59.843227220693734
scenario_3_multi_region_ep06_d036,scenario_3_multi_region_ep06,scenario_3_multi_region,36,2026-08-01T09:18:00,D,C,86.92000000000006,4.0,8.88888888888889,0.6577777777777778,1.0,1.0,1,71.97025788088536
scenario_3_multi_region_ep06_d039,scenario_3_multi_region_ep06,scenario_3_multi_region,39,2026-08-01T09:19:30,A,D,86.68000000000006,5.656854249492381,12.570787221094179,0.9302382543609693,1.0,1.0,1,700.787499126061
scenario_3_multi_region_ep06_d039,scenario_3_multi_region_ep06,scenario_3_multi_region,39,2026-08-01T09:19:30,B,D,86.68000000000006,4.0,8.88888888888889,0.6577777777777778,1.0,1.0,1,107.43580593527463
scenario_3_multi_region_ep06_d039,scenario_3_multi_region_ep06,scenario_3_multi_region,39,2026-08-01T09:19:30,C,D,86.68000000000006,4.0,8.88888888888889,0.6577777777777778,1.0,1.0,1,64.34428584457714
scenario_3_multi_region_ep06_d039,scenario_3_multi_region_ep06,scenario_3_multi_region,39,2026-08-01T09:19:30,D,D,86.68000000000006,0.0,0.0,0.0,0.0,1.0,1,79.18833999817753
scenario_3_multi_region_ep06_d042,scenario_3_multi_region_ep06,scenario_3_multi_region,42,2026-08-01T09:21:00,A,B,86.44000000000007,4.0,8.88888888888889,0.6577777777777778,1.0,1.0,1,693.2432513073732
scenario_3_multi_region_ep06_d042,scenario_3_multi_region_ep06,scenario_3_multi_region,42,2026-08-01T09:21:00,B,B,86.44000000000007,0.0,0.0,0.0,0.0,1.0,1,116.6994064018213
scenario_3_multi_region_ep06_d042,scenario_3_multi_region_ep06,scenario_3_multi_region,42,2026-08-01T09:21:00,C,B,86.44000000000007,5.656854249492381,12.570787221094179,0.9302382543609693,1.0,1.0,1,68.823910728707
scenario_3_multi_region_ep06_d042,scenario_3_multi_region_ep06,scenario_3_multi_region,42,2026-08-01T09:21:00,D,B,86.44000000000007,4.0,8.88888888888889,0.6577777777777778,1.0,1.0,1,87.22738754419538
scenario_3_multi_region_ep06_d045,scenario_3_multi_region_ep06,scenario_3_multi_region,45,2026-08-01T09:22:30,A,C,86.20000000000007,4.0,8.88888888888889,0.6577777777777778,1.0,1.0,1,660.6307531103773
scenario_3_multi_region_ep06_d045,scenario_3_multi_region_ep06,scenario_3_multi_region,45,2026-08-01T09:22:30,B,C,86.20000000000007,5.656854249492381,12.570787221094179,0.9302382543609693,1.0,1.0,1,121.83510498924306
scenario_3_multi_region_ep06_d045,scenario_3_multi_region_ep06,scenario_3_multi_region,45,2026-08-01T09:22:30,C,C,86.20000000000007,0.0,0.0,0.0,0.0,1.0,1,72.84325960242904
scenario_3_multi_region_ep06_d045,scenario_3_multi_region_ep06,scenario_3_multi_region,45,2026-08-01T09:22:30,D,C,86.20000000000007,4.0,8.88888888888889,0.6577777777777778,1.0,1.0,1,94.38342990300612
scenario_3_multi_region_ep06_d048,scenario_3_multi_region_ep06,scenario_3_multi_region,48,2026-08-01T09:24:00,A,A,85.96000000000008,0.0,0.0,0.0,0.0,1.0,1,626.5616523415272
scenario_3_multi_region_ep06_d048,scenario_3_multi_region_ep06,scenario_3_multi_region,48,2026-08-01T09:24:00,B,A,85.96000000000008,4.0,8.88888888888889,0.6577777777777778,1.0,1.0,1,128.0421608317372
scenario_3_multi_region_ep06_d048,scenario_3_multi_region_ep06,scenario_3_multi_region,48,2026-08-01T09:24:00,C,A,85.96000000000008,4.0,8.88888888888889,0.6577777777777778,1.0,1.0,1,76.53967979350296
scenario_3_multi_region_ep06_d048,scenario_3_multi_region_ep06,scenario_3_multi_region,48,2026-08-01T09:24:00,D,A,85.96000000000008,5.656854249492381,12.570787221094179,0.9302382543609693,1.0,1.0,1,99.27752617287638
scenario_3_multi_region_ep06_d051,scenario_3_multi_region_ep06,scenario_3_multi_region,51,2026-08-01T09:25:30,A,B,85.72000000000008,4.0,8.88888888888889,0.6577777777777778,1.0,1.0,1,594.5224072053506
scenario_3_multi_region_ep06_d051,scenario_3_multi_region_ep06,scenario_3_multi_region,51,2026-08-01T09:25:30,B,B,85.72000000000008,0.0,0.0,0.0,0.0,1.0,1,131.45355349844044
scenario_3_multi_region_ep06_d051,scenario_3_multi_region_ep06,scenario_3_multi_region,51,2026-08-01T09:25:30,C,B,85.72000000000008,5.656854249492381,12.570787221094179,0.9302382543609693,1.0,1.0,1,79.83969113403214
scenario_3_multi_region_ep06_d051,scenario_3_multi_region_ep06,scenario_3_multi_region,51,2026-08-01T09:25:30,D,B,85.72000000000008,4.0,8.88888888888889,0.6577777777777778,1.0,1.0,1,104.67332289495653
scenario_3_multi_region_ep06_d054,scenario_3_multi_region_ep06,scenario_3_multi_region,54,2026-08-01T09:27:00,A,D,85.48000000000009,5.656854249492381,12.570787221094179,0.9302382543609693,1.0,1.0,1,564.3572157071967
scenario_3_multi_region_ep06_d054,scenario_3_multi_region_ep06,scenario_3_multi_region,54,2026-08-01T09:27:00,B,D,85.48000000000009,4.0,8.88888888888889,0.6577777777777778,1.0,1.0,1,133.69384348050266
scenario_3_multi_region_ep06_d054,scenario_3_multi_region_ep06,scenario_3_multi_region,54,2026-08-01T09:27:00,C,D,85.48000000000009,4.0,8.88888888888889,0.6577777777777778,1.0,1.0,1,82.74335808763408
scenario_3_multi_region_ep06_d054,scenario_3_multi_region_ep06,scenario_3_multi_region,54,2026-08-01T09:27:00,D,D,85.48000000000009,0.0,0.0,0.0,0.0,1.0,1,107.9745680793676
scenario_3_multi_region_ep06_d057,scenario_3_multi_region_ep06,scenario_3_multi_region,57,2026-08-01T09:28:30,A,A,85.2400000000001,0.0,0.0,0.0,0.0,1.0,1,535.9130074443967
scenario_3_multi_region_ep06_d057,scenario_3_multi_region_ep06,scenario_3_multi_region,57,2026-08-01T09:28:30,B,A,85.2400000000001,4.0,8.88888888888889,0.6577777777777778,1.0,1.0,1,133.57310069337404
scenario_3_multi_region_ep06_d057,scenario_3_multi_region_ep06,scenario_3_multi_region,57,2026-08-01T09:28:30,C,A,85.2400000000001,4.0,8.88888888888889,0.6577777777777778,1.0,1.0,1,85.24346420324491
scenario_3_multi_region_ep06_d057,scenario_3_multi_region_ep06,scenario_3_multi_region,57,2026-08-01T09:28:30,D,A,85.2400000000001,5.656854249492381,12.570787221094179,0.9302382543609693,1.0,1.0,1,109.78375834920507
scenario_3_multi_region_ep06_d060,scenario_3_multi_region_ep06,scenario_3_multi_region,60,2026-08-01T09:30:00,A,C,85.0000000000001,4.0,8.88888888888889,0.6577777777777778,1.0,1.0,1,509.0959329638297
scenario_3_multi_region_ep06_d060,scenario_3_multi_region_ep06,scenario_3_multi_region,60,2026-08-01T09:30:00,B,C,85.0000000000001,5.656854249492381,12.570787221094179,0.9302382543609693,1.0,1.0,1,133.06003801620773
scenario_3_multi_region_ep06_d060,scenario_3_multi_region_ep06,scenario_3_multi_region,60,2026-08-01T09:30:00,C,C,85.0000000000001,0.0,0.0,0.0,0.0,1.0,1,87.38264462206371
scenario_3_multi_region_ep06_d060,scenario_3_multi_region_ep06,scenario_3_multi_region,60,2026-08-01T09:30:00,D,C,85.0000000000001,4.0,8.88888888888889,0.6577777777777778,1.0,1.0,1,110.85247064179543
scenario_3_multi_region_ep06_d063,scenario_3_multi_region_ep06,scenario_3_multi_region,63,2026-08-01T09:31:30,A,D,84.7600000000001,5.656854249492381,12.570787221094179,0.9302382543609693,1.0,1.0,1,483.78973514593554
scenario_3_multi_region_ep06_d063,scenario_3_multi_region_ep06,scenario_3_multi_region,63,2026-08-01T09:31:30,B,D,84.7600000000001,4.0,8.88888888888889,0.6577777777777778,1.0,1.0,1,132.34269752556816
scenario_3_multi_region_ep06_d063,scenario_3_multi_region_ep06,scenario_3_multi_region,63,2026-08-01T09:31:30,C,D,84.7600000000001,4.0,8.88888888888889,0.6577777777777778,1.0,1.0,1,89.17235930022207
scenario_3_multi_region_ep06_d063,scenario_3_multi_region_ep06,scenario_3_multi_region,63,2026-08-01T09:31:30,D,D,84.7600000000001,0.0,0.0,0.0,0.0,1.0,1,111.34506783924849
scenario_3_multi_region_ep06_d066,scenario_3_multi_region_ep06,scenario_3_multi_region,66,2026-08-01T09:33:00,A,B,84.52000000000011,4.0,8.88888888888889,0.6577777777777778,1.0,1.0,1,459.9068715677631
scenario_3_multi_region_ep06_d066,scenario_3_multi_region_ep06,scenario_3_multi_region,66,2026-08-01T09:33:00,B,B,84.52000000000011,0.0,0.0,0.0,0.0,1.0,1,131.4451253336547
scenario_3_multi_region_ep06_d066,scenario_3_multi_region_ep06,scenario_3_multi_region,66,2026-08-01T09:33:00,C,B,84.52000000000011,5.656854249492381,12.570787221094179,0.9302382543609693,1.0,1.0,1,90.64457855317141
scenario_3_multi_region_ep06_d066,scenario_3_multi_region_ep06,scenario_3_multi_region,66,2026-08-01T09:33:00,D,B,84.52000000000011,4.0,8.88888888888889,0.6577777777777778,1.0,1.0,1,111.59177108463837
scenario_3_multi_region_ep06_d069,scenario_3_multi_region_ep06,scenario_3_multi_region,69,2026-08-01T09:34:30,A,C,84.28000000000011,4.0,8.88888888888889,0.6577777777777778,1.0,1.0,1,437.3614111977695
scenario_3_multi_region_ep06_d069,scenario_3_multi_region_ep06,scenario_3_multi_region,69,2026-08-01T09:34:30,B,C,84.28000000000011,5.656854249492381,12.570787221094179,0.9302382543609693,1.0,1.0,1,130.38573256619702
scenario_3_multi_region_ep06_d069,scenario_3_multi_region_ep06,scenario_3_multi_region,69,2026-08-01T09:34:30,C,C,84.28000000000011,0.0,0.0,0.0,0.0,1.0,1,91.8252067574258
scenario_3_multi_region_ep06_d069,scenario_3_multi_region_ep06,scenario_3_multi_region,69,2026-08-01T09:34:30,D,C,84.28000000000011,4.0,8.88888888888889,0.6577777777777778,1.0,1.0,1,111.61453794301178
scenario_3_multi_region_ep06_d072,scenario_3_multi_region_ep06,scenario_3_multi_region,72,2026-08-01T09:36:00,A,A,84.04000000000012,0.0,0.0,0.0,0.0,1.0,1,416.07279813432115
scenario_3_multi_region_ep06_d072,scenario_3_multi_region_ep06,scenario_3_multi_region,72,2026-08-01T09:36:00,B,A,84.04000000000012,4.0,8.88888888888889,0.6577777777777778,1.0,1.0,1,129.18152892094872
scenario_3_multi_region_ep06_d072,scenario_3_multi_region_ep06,scenario_3_multi_region,72,2026-08-01T09:36:00,C,A,84.04000000000012,4.0,8.88888888888889,0.6577777777777778,1.0,1.0,1,92.73833924510632
scenario_3_multi_region_ep06_d072,scenario_3_multi_region_ep06,scenario_3_multi_region,72,2026-08-01T09:36:00,D,A,84.04000000000012,5.656854249492381,12.570787221094179,0.9302382543609693,1.0,1.0,1,111.43373412671258
scenario_3_multi_region_ep06_d075,scenario_3_multi_region_ep06,scenario_3_multi_region,75,2026-08-01T09:37:30,A,B,83.80000000000013,4.0,8.88888888888889,0.6577777777777778,1.0,1.0,1,395.9655098024368
scenario_3_multi_region_ep06_d075,scenario_3_multi_region_ep06,scenario_3_multi_region,75,2026-08-01T09:37:30,B,B,83.80000000000013,0.0,0.0,0.0,0.0,1.0,1,127.84822026477536
scenario_3_multi_region_ep06_d075,scenario_3_multi_region_ep06,scenario_3_multi_region,75,2026-08-01T09:37:30,C,B,83.80000000000013,5.656854249492381,12.570787221094179,0.9302382543609693,1.0,1.0,1,93.40638198004012
scenario_3_multi_region_ep06_d075,scenario_3_multi_region_ep06,scenario_3_multi_region,75,2026-08-01T09:37:30,D,B,83.80000000000013,4.0,8.88888888888889,0.6577777777777778,1.0,1.0,1,111.06824124312357
scenario_3_multi_region_ep06_d078,scenario_3_multi_region_ep06,scenario_3_multi_region,78,2026-08-01T09:39:00,A,D,83.56000000000013,5.656854249492381,12.570787221094179,0.9302382543609693,1.0,1.0,1,376.9687370446695
scenario_3_multi_region_ep06_d078,scenario_3_multi_region_ep06,scenario_3_multi_region,78,2026-08-01T09:39:00,B,D,83.56000000000013,4.0,8.88888888888889,0.6577777777777778,1.0,1.0,1,126.40029967253076
scenario_3_multi_region_ep06_d078,scenario_3_multi_region_ep06,scenario_3_multi_region,78,2026-08-01T09:39:00,C,D,83.56000000000013,4.0,8.88888888888889,0.6577777777777778,1.0,1.0,1,93.8501634859449
scenario_3_multi_region_ep06_d078,scenario_3_multi_region_ep06,scenario_3_multi_region,78,2026-08-01T09:39:00,D,D,83.56000000000013,0.0,0.0,0.0,0.0,1.0,1,110.53555744806454
scenario_3_multi_region_ep06_d081,scenario_3_multi_region_ep06,scenario_3_multi_region,81,2026-08-01T09:40:30,A,A,83.32000000000014,0.0,0.0,0.0,0.0,1.0,1,359.0160846993931
scenario_3_multi_region_ep06_d081,scenario_3_multi_region_ep06,scenario_3_multi_region,81,2026-08-01T09:40:30,B,A,83.32000000000014,4.0,8.88888888888889,0.6577777777777778,1.0,1.0,1,124.85113234122241
scenario_3_multi_region_ep06_d081,scenario_3_multi_region_ep06,scenario_3_multi_region,81,2026-08-01T09:40:30,C,A,83.32000000000014,4.0,8.88888888888889,0.6577777777777778,1.0,1.0,1,94.08903952385867
scenario_3_multi_region_ep06_d081,scenario_3_multi_region_ep06,scenario_3_multi_region,81,2026-08-01T09:40:30,D,A,83.32000000000014,5.656854249492381,12.570787221094179,0.9302382543609693,1.0,1.0,1,109.85189146631478
scenario_3_multi_region_ep06_d084,scenario_3_multi_region_ep06,scenario_3_multi_region,84,2026-08-01T09:42:00,A,C,83.08000000000014,4.0,8.88888888888889,0.6577777777777778,1.0,1.0,1,342.04529135027303
scenario_3_multi_region_ep06_d084,scenario_3_multi_region_ep06,scenario_3_multi_region,84,2026-08-01T09:42:00,B,C,83.08000000000014,5.656854249492381,12.570787221094179,0.9302382543609693,1.0,1.0,1,123.21303478455297
scenario_3_multi_region_ep06_d084,scenario_3_multi_region_ep06,scenario_3_multi_region,84,2026-08-01T09:42:00,C,C,83.08000000000014,0.0,0.0,0.0,0.0,1.0,1,94.14099098422366
scenario_3_multi_region_ep06_d084,scenario_3_multi_region_ep06,scenario_3_multi_region,84,2026-08-01T09:42:00,D,C,83.08000000000014,4.0,8.88888888888889,0.6577777777777778,1.0,1.0,1,109.0322504108874
scenario_3_multi_region_ep06_d087,scenario_3_multi_region_ep06,scenario_3_multi_region,87,2026-08-01T09:43:30,A,D,82.84000000000015,5.656854249492381,12.570787221094179,0.9302382543609693,1.0,1.0,1,325.9979670153299
scenario_3_multi_region_ep06_d087,scenario_3_multi_region_ep06,scenario_3_multi_region,87,2026-08-01T09:43:30,B,D,82.84000000000015,4.0,8.88888888888889,0.6577777777777778,1.0,1.0,1,121.4973486863355
scenario_3_multi_region_ep06_d087,scenario_3_multi_region_ep06,scenario_3_multi_region,87,2026-08-01T09:43:30,C,D,82.84000000000015,4.0,8.88888888888889,0.6577777777777778,1.0,1.0,1,94.02271542925564
scenario_3_multi_region_ep06_d087,scenario_3_multi_region_ep06,scenario_3_multi_region,87,2026-08-01T09:43:30,D,D,82.84000000000015,0.0,0.0,0.0,0.0,1.0,1,108.0905218047726
scenario_3_multi_region_ep07_d012,scenario_3_multi_region_ep07,scenario_3_multi_region,12,2026-08-01T09:06:00,A,D,88.14000000000001,5.656854249492381,12.570787221094179,0.9302382543609693,1.0,1.0,1,181.88522550739333
scenario_3_multi_region_ep07_d012,scenario_3_multi_region_ep07,scenario_3_multi_region,12,2026-08-01T09:06:00,B,D,88.14000000000001,4.0,8.88888888888889,0.6577777777777778,1.0,1.0,1,26.754086031353836
scenario_3_multi_region_ep07_d012,scenario_3_multi_region_ep07,scenario_3_multi_region,12,2026-08-01T09:06:00,C,D,88.14000000000001,4.0,8.88888888888889,0.6577777777777778,1.0,1.0,1,40.34874125896454
scenario_3_multi_region_ep07_d012,scenario_3_multi_region_ep07,scenario_3_multi_region,12,2026-08-01T09:06:00,D,D,88.14000000000001,0.0,0.0,0.0,0.0,1.0,1,46.54159513824152
scenario_3_multi_region_ep07_d015,scenario_3_multi_region_ep07,scenario_3_multi_region,15,2026-08-01T09:07:30,A,A,87.90000000000002,0.0,0.0,0.0,0.0,1.0,1,251.68607087952546
scenario_3_multi_region_ep07_d015,scenario_3_multi_region_ep07,scenario_3_multi_region,15,2026-08-01T09:07:30,B,A,87.90000000000002,4.0,8.88888888888889,0.6577777777777778,1.0,1.0,1,31.836506759776967
scenario_3_multi_region_ep07_d015,scenario_3_multi_region_ep07,scenario_3_multi_region,15,2026-08-01T09:07:30,C,A,87.90000000000002,4.0,8.88888888888889,0.6577777777777778,1.0,1.0,1,40.774735465868275
scenario_3_multi_region_ep07_d015,scenario_3_multi_region_ep07,scenario_3_multi_region,15,2026-08-01T09:07:30,D,A,87.90000000000002,5.656854249492381,12.570787221094179,0.9302382543609693,1.0,1.0,1,46.641140641876746
scenario_3_multi_region_ep07_d018,scenario_3_multi_region_ep07,scenario_3_multi_region,18,2026-08-01T09:09:00,A,C,87.66000000000003,4.0,8.88888888888889,0.6577777777777778,1.0,1.0,1,346.3339081308518
scenario_3_multi_region_ep07_d018,scenario_3_multi_region_ep07,scenario_3_multi_region,18,2026-08-01T09:09:00,B,C,87.66000000000003,5.656854249492381,12.570787221094179,0.9302382543609693,1.0,1.0,1,39.34423696774502
scenario_3_multi_region_ep07_d018,scenario_3_multi_region_ep07,scenario_3_multi_region,18,2026-08-01T09:09:00,C,C,87.66000000000003,0.0,0.0,0.0,0.0,1.0,1,42.28684318567889
scenario_3_multi_region_ep07_d018,scenario_3_multi_region_ep07,scenario_3_multi_region,18,2026-08-01T09:09:00,D,C,87.66000000000003,4.0,8.88888888888889,0.6577777777777778,1.0,1.0,1,48.139828251767995
scenario_3_multi_region_ep07_d021,scenario_3_multi_region_ep07,scenario_3_multi_region,21,2026-08-01T09:10:30,A,D,87.42000000000003,5.656854249492381,12.570787221094179,0.9302382543609693,1.0,1.0,1,430.2371735350447
scenario_3_multi_region_ep07_d021,scenario_3_multi_region_ep07,scenario_3_multi_region,21,2026-08-01T09:10:30,B,D,87.42000000000003,4.0,8.88888888888889,0.6577777777777778,1.0,1.0,1,49.062943066133585
scenario_3_multi_region_ep07_d021,scenario_3_multi_region_ep07,scenario_3_multi_region,21,2026-08-01T09:10:30,C,D,87.42000000000003,4.0,8.88888888888889,0.6577777777777778,1.0,1.0,1,44.53916213588718
scenario_3_multi_region_ep07_d021,scenario_3_multi_region_ep07,scenario_3_multi_region,21,2026-08-01T09:10:30,D,D,87.42000000000003,0.0,0.0,0.0,0.0,1.0,1,50.79688057564249
scenario_3_multi_region_ep07_d024,scenario_3_multi_region_ep07,scenario_3_multi_region,24,2026-08-01T09:12:00,A,B,87.18000000000004,4.0,8.88888888888889,0.6577777777777778,1.0,1.0,1,513.3343013292368
scenario_3_multi_region_ep07_d024,scenario_3_multi_region_ep07,scenario_3_multi_region,24,2026-08-01T09:12:00,B,B,87.18000000000004,0.0,0.0,0.0,0.0,1.0,1,58.45726180844804
scenario_3_multi_region_ep07_d024,scenario_3_multi_region_ep07,scenario_3_multi_region,24,2026-08-01T09:12:00,C,B,87.18000000000004,5.656854249492381,12.570787221094179,0.9302382543609693,1.0,1.0,1,47.45535828887205
scenario_3_multi_region_ep07_d024,scenario_3_multi_region_ep07,scenario_3_multi_region,24,2026-08-01T09:12:00,D,B,87.18000000000004,4.0,8.88888888888889,0.6577777777777778,1.0,1.0,1,54.83297374006497
scenario_3_multi_region_ep07_d027,scenario_3_multi_region_ep07,scenario_3_multi_region,27,2026-08-01T09:13:30,A,C,86.94000000000004,4.0,8.88888888888889,0.6577777777777778,1.0,1.0,1,584.1323111180714
scenario_3_multi_region_ep07_d027,scenario_3_multi_region_ep07,scenario_3_multi_region,27,2026-08-01T09:13:30,B,C,86.94000000000004,5.656854249492381,12.570787221094179,0.9302382543609693,1.0,1.0,1,67.72954674149514
scenario_3_multi_region_ep07_d027,scenario_3_multi_region_ep07,scenario_3_multi_region,27,2026-08-01T09:13:30,C,C,86.94000000000004,0.0,0.0,0.0,0.0,1.0,1,50.90133511273575
scenario_3_multi_region_ep07_d027,scenario_3_multi_region_ep07,scenario_3_multi_region,27,2026-08-01T09:13:30,D,C,86.94000000000004,4.0,8.88888888888889,0.6577777777777778,1.0,1.0,1,59.997102346973406
scenario_3_multi_region_ep07_d030,scenario_3_multi_region_ep07,scenario_3_multi_region,30,2026-08-01T09:15:00,A,A,86.70000000000005,0.0,0.0,0.0,0.0,1.0,1,647.0160086553276
scenario_3_multi_region_ep07_d030,scenario_3_multi_region_ep07,scenario_3_multi_region,30,2026-08-01T09:15:00,B,A,86.70000000000005,4.0,8.88888888888889,0.6577777777777778,1.0,1.0,1,77.40364275916272
scenario_3_multi_region_ep07_d030,scenario_3_multi_region_ep07,scenario_3_multi_region,30,2026-08-01T09:15:00,C,A,86.70000000000005,4.0,8.88888888888889,0.6577777777777778,1.0,1.0,1,54.927695312349215
scenario_3_multi_region_ep07_d030,scenario_3_multi_region_ep07,scenario_3_multi_region,30,2026-08-01T09:15:00,D,A,86.70000000000005,5.656854249492381,12.570787221094179,0.9302382543609693,1.0,1.0,1,66.34058868837133
scenario_3_multi_region_ep07_d033,scenario_3_multi_region_ep07,scenario_3_multi_region,33,2026-08-01T09:16:30,A,B,86.46000000000005,4.0,8.88888888888889,0.6577777777777778,1.0,1.0,1,693.0347970368721
scenario_3_multi_region_ep07_d033,scenario_3_multi_region_ep07,scenario_3_multi_region,33,2026-08-01T09:16:30,B,B,86.46000000000005,0.0,0.0,0.0,0.0,1.0,1,87.58531107352132
scenario_3_multi_region_ep07_d033,scenario_3_multi_region_ep07,scenario_3_multi_region,33,2026-08-01T09:16:30,C,B,86.46000000000005,5.656854249492381,12.570787221094179,0.9302382543609693,1.0,1.0,1,59.370451408917006
scenario_3_multi_region_ep07_d033,scenario_3_multi_region_ep07,scenario_3_multi_region,33,2026-08-01T09:16:30,D,B,86.46000000000005,4.0,8.88888888888889,0.6577777777777778,1.0,1.0,1,74.61686940388427
scenario_3_multi_region_ep07_d036,scenario_3_multi_region_ep07,scenario_3_multi_region,36,2026-08-01T09:18:00,A,D,86.22000000000006,5.656854249492381,12.570787221094179,0.9302382543609693,1.0,1.0,1,724.2432539961897
scenario_3_multi_region_ep07_d036,scenario_3_multi_region_ep07,scenario_3_multi_region,36,2026-08-01T09:18:00,B,D,86.22000000000006,4.0,8.88888888888889,0.6577777777777778,1.0,1.0,1,97.86665814339517
scenario_3_multi_region_ep07_d036,scenario_3_multi_region_ep07,scenario_3_multi_region,36,2026-08-01T09:18:00,C,D,86.22000000000006,4.0,8.88888888888889,0.6577777777777778,1.0,1.0,1,64.04928927590777
scenario_3_multi_region_ep07_d036,scenario_3_multi_region_ep07,scenario_3_multi_region,36,2026-08-01T09:18:00,D,D,86.22000000000006,0.0,0.0,0.0,0.0,1.0,1,82.03750189481957
scenario_3_multi_region_ep07_d039,scenario_3_multi_region_ep07,scenario_3_multi_region,39,2026-08-01T09:19:30,A,A,85.98000000000006,0.0,0.0,0.0,0.0,1.0,1,732.2432282490424
scenario_3_multi_region_ep07_d039,scenario_3_multi_region_ep07,scenario_3_multi_region,39,2026-08-01T09:19:30,B,A,85.98000000000006,4.0,8.88888888888889,0.6577777777777778,1.0,1.0,1,108.18593495890445
scenario_3_multi_region_ep07_d039,scenario_3_multi_region_ep07,scenario_3_multi_region,39,2026-08-01T09:19:30,C,A,85.98000000000006,4.0,8.88888888888889,0.6577777777777778,1.0,1.0,1,68.73473986375211
scenario_3_multi_region_ep07_d039,scenario_3_multi_region_ep07,scenario_3_multi_region,39,2026-08-01T09:19:30,D,A,85.98000000000006,5.656854249492381,12.570787221094179,0.9302382543609693,1.0,1.0,1,89.64113208553158
scenario_3_multi_region_ep07_d042,scenario_3_multi_region_ep07,scenario_3_multi_region,42,2026-08-01T09:21:00,A,C,85.74000000000007,4.0,8.88888888888889,0.6577777777777778,1.0,1.0,1,730.772333458794
scenario_3_multi_region_ep07_d042,scenario_3_multi_region_ep07,scenario_3_multi_region,42,2026-08-01T09:21:00,B,C,85.74000000000007,5.656854249492381,12.570787221094179,0.9302382543609693,1.0,1.0,1,116.67677824535599
scenario_3_multi_region_ep07_d042,scenario_3_multi_region_ep07,scenario_3_multi_region,42,2026-08-01T09:21:00,C,C,85.74000000000007,0.0,0.0,0.0,0.0,1.0,1,73.50669372337848
scenario_3_multi_region_ep07_d042,scenario_3_multi_region_ep07,scenario_3_multi_region,42,2026-08-01T09:21:00,D,C,85.74000000000007,4.0,8.88888888888889,0.6577777777777778,1.0,1.0,1,97.45280493120026
scenario_3_multi_region_ep07_d045,scenario_3_multi_region_ep07,scenario_3_multi_region,45,2026-08-01T09:22:30,A,D,85.50000000000007,5.656854249492381,12.570787221094179,0.9302382543609693,1.0,1.0,1,701.3826607258311
scenario_3_multi_region_ep07_d045,scenario_3_multi_region_ep07,scenario_3_multi_region,45,2026-08-01T09:22:30,B,D,85.50000000000007,4.0,8.88888888888889,0.6577777777777778,1.0,1.0,1,124.73480888149265
scenario_3_multi_region_ep07_d045,scenario_3_multi_region_ep07,scenario_3_multi_region,45,2026-08-01T09:22:30,C,D,85.50000000000007,4.0,8.88888888888889,0.6577777777777778,1.0,1.0,1,77.82661703530425
scenario_3_multi_region_ep07_d045,scenario_3_multi_region_ep07,scenario_3_multi_region,45,2026-08-01T09:22:30,D,D,85.50000000000007,0.0,0.0,0.0,0.0,1.0,1,104.02345782484986
scenario_3_multi_region_ep07_d048,scenario_3_multi_region_ep07,scenario_3_multi_region,48,2026-08-01T09:24:00,A,B,85.26000000000008,4.0,8.88888888888889,0.6577777777777778,1.0,1.0,1,665.1491396650401
scenario_3_multi_region_ep07_d048,scenario_3_multi_region_ep07,scenario_3_multi_region,48,2026-08-01T09:24:00,B,B,85.26000000000008,0.0,0.0,0.0,0.0,1.0,1,129.4471760845929
scenario_3_multi_region_ep07_d048,scenario_3_multi_region_ep07,scenario_3_multi_region,48,2026-08-01T09:24:00,C,B,85.26000000000008,5.656854249492381,12.570787221094179,0.9302382543609693,1.0,1.0,1,81.65644025153574
scenario_3_multi_region_ep07_d048,scenario_3_multi_region_ep07,scenario_3_multi_region,48,2026-08-01T09:24:00,D,B,85.26000000000008,4.0,8.88888888888889,0.6577777777777778,1.0,1.0,1,109.93059495831426
scenario_3_multi_region_ep07_d051,scenario_3_multi_region_ep07,scenario_3_multi_region,51,2026-08-01T09:25:30,A,C,85.02000000000008,4.0,8.88888888888889,0.6577777777777778,1.0,1.0,1,631.0824131101324
scenario_3_multi_region_ep07_d051,scenario_3_multi_region_ep07,scenario_3_multi_region,51,2026-08-01T09:25:30,B,C,85.02000000000008,5.656854249492381,12.570787221094179,0.9302382543609693,1.0,1.0,1,133.66605270870286
scenario_3_multi_region_ep07_d051,scenario_3_multi_region_ep07,scenario_3_multi_region,51,2026-08-01T09:25:30,C,C,85.02000000000008,0.0,0.0,0.0,0.0,1.0,1,85.07918632204587
scenario_3_multi_region_ep07_d051,scenario_3_multi_region_ep07,scenario_3_multi_region,51,2026-08-01T09:25:30,D,C,85.02000000000008,4.0,8.88888888888889,0.6577777777777778,1.0,1.0,1,114.80283471725738
scenario_3_multi_region_ep07_d054,scenario_3_multi_region_ep07,scenario_3_multi_region,54,2026-08-01T09:27:00,A,A,84.78000000000009,0.0,0.0,0.0,0.0,1.0,1,598.9927305014664
scenario_3_multi_region_ep07_d054,scenario_3_multi_region_ep07,scenario_3_multi_region,54,2026-08-01T09:27:00,B,A,84.78000000000009,4.0,8.88888888888889,0.6577777777777778,1.0,1.0,1,136.02427591469905
scenario_3_multi_region_ep07_d054,scenario_3_multi_region_ep07,scenario_3_multi_region,54,2026-08-01T09:27:00,C,A,84.78000000000009,4.0,8.88888888888889,0.6577777777777778,1.0,1.0,1,88.07045264560884
scenario_3_multi_region_ep07_d054,scenario_3_multi_region_ep07,scenario_3_multi_region,54,2026-08-01T09:27:00,D,A,84.78000000000009,5.656854249492381,12.570787221094179,0.9302382543609693,1.0,1.0,1,117.62768826778188
scenario_3_multi_region_ep07_d057,scenario_3_multi_region_ep07,scenario_3_multi_region,57,2026-08-01T09:28:30,A,B,84.54000000000009,4.0,8.88888888888889,0.6577777777777778,1.0,1.0,1,568.7548108037795
scenario_3_multi_region_ep07_d057,scenario_3_multi_region_ep07,scenario_3_multi_region,57,2026-08-01T09:28:30,B,B,84.54000000000009,0.0,0.0,0.0,0.0,1.0,1,136.51193336279493
scenario_3_multi_region_ep07_d057,scenario_3_multi_region_ep07,scenario_3_multi_region,57,2026-08-01T09:28:30,C,B,84.54000000000009,5.656854249492381,12.570787221094179,0.9302382543609693,1.0,1.0,1,90.65968462330557
scenario_3_multi_region_ep07_d057,scenario_3_multi_region_ep07,scenario_3_multi_region,57,2026-08-01T09:28:30,D,B,84.54000000000009,4.0,8.88888888888889,0.6577777777777778,1.0,1.0,1,119.47356189070979
scenario_3_multi_region_ep07_d060,scenario_3_multi_region_ep07,scenario_3_multi_region,60,2026-08-01T09:30:00,A,D,84.3000000000001,5.656854249492381,12.570787221094179,0.9302382543609693,1.0,1.0,1,540.2282452279596
scenario_3_multi_region_ep07_d060,scenario_3_multi_region_ep07,scenario_3_multi_region,60,2026-08-01T09:30:00,B,D,84.3000000000001,4.0,8.88888888888889,0.6577777777777778,1.0,1.0,1,136.19996984857812
scenario_3_multi_region_ep07_d060,scenario_3_multi_region_ep07,scenario_3_multi_region,60,2026-08-01T09:30:00,C,D,84.3000000000001,4.0,8.88888888888889,0.6577777777777778,1.0,1.0,1,92.85126064649103
scenario_3_multi_region_ep07_d060,scenario_3_multi_region_ep07,scenario_3_multi_region,60,2026-08-01T09:30:00,D,D,84.3000000000001,0.0,0.0,0.0,0.0,1.0,1,120.11352207276309
scenario_3_multi_region_ep07_d063,scenario_3_multi_region_ep07,scenario_3_multi_region,63,2026-08-01T09:31:30,A,A,84.0600000000001,0.0,0.0,0.0,0.0,1.0,1,513.3134498734976
scenario_3_multi_region_ep07_d063,scenario_3_multi_region_ep07,scenario_3_multi_region,63,2026-08-01T09:31:30,B,A,84.0600000000001,4.0,8.88888888888889,0.6577777777777778,1.0,1.0,1,135.66246986074634
scenario_3_multi_region_ep07_d063,scenario_3_multi_region_ep07,scenario_3_multi_region,63,2026-08-01T09:31:30,C,A,84.0600000000001,4.0,8.88888888888889,0.6577777777777778,1.0,1.0,1,94.68108318235522
scenario_3_multi_region_ep07_d063,scenario_3_multi_region_ep07,scenario_3_multi_region,63,2026-08-01T09:31:30,D,A,84.0600000000001,5.656854249492381,12.570787221094179,0.9302382543609693,1.0,1.0,1,120.40030985800195
scenario_3_multi_region_ep07_d066,scenario_3_multi_region_ep07,scenario_3_multi_region,66,2026-08-01T09:33:00,A,C,83.8200000000001,4.0,8.88888888888889,0.6577777777777778,1.0,1.0,1,487.9121118883986
scenario_3_multi_region_ep07_d066,scenario_3_multi_region_ep07,scenario_3_multi_region,66,2026-08-01T09:33:00,B,C,83.8200000000001,5.656854249492381,12.570787221094179,0.9302382543609693,1.0,1.0,1,134.92052321188157
scenario_3_multi_region_ep07_d066,scenario_3_multi_region_ep07,scenario_3_multi_region,66,2026-08-01T09:33:00,C,C,83.8200000000001,0.0,0.0,0.0,0.0,1.0,1,96.17762236859016
scenario_3_multi_region_ep07_d066,scenario_3_multi_region_ep07,scenario_3_multi_region,66,2026-08-01T09:33:00,D,C,83.8200000000001,4.0,8.88888888888889,0.6577777777777778,1.0,1.0,1,120.44134017625333
scenario_3_multi_region_ep07_d069,scenario_3_multi_region_ep07,scenario_3_multi_region,69,2026-08-01T09:34:30,A,D,83.58000000000011,5.656854249492381,12.570787221094179,0.9302382543609693,1.0,1.0,1,463.93293931596645
scenario_3_multi_region_ep07_d069,scenario_3_multi_region_ep07,scenario_3_multi_region,69,2026-08-01T09:34:30,B,D,83.58000000000011,4.0,8.88888888888889,0.6577777777777778,1.0,1.0,1,133.99449411189585
scenario_3_multi_region_ep07_d069,scenario_3_multi_region_ep07,scenario_3_multi_region,69,2026-08-01T09:34:30,C,D,83.58000000000011,4.0,8.88888888888889,0.6577777777777778,1.0,1.0,1,97.36822492052897
scenario_3_multi_region_ep07_d069,scenario_3_multi_region_ep07,scenario_3_multi_region,69,2026-08-01T09:34:30,D,D,83.58000000000011,0.0,0.0,0.0,0.0,1.0,1,120.25898295079423
scenario_3_multi_region_ep07_d072,scenario_3_multi_region_ep07,scenario_3_multi_region,72,2026-08-01T09:36:00,A,B,83.34000000000012,4.0,8.88888888888889,0.6577777777777778,1.0,1.0,1,441.29034605989295
scenario_3_multi_region_ep07_d072,scenario_3_multi_region_ep07,scenario_3_multi_region,72,2026-08-01T09:36:00,B,B,83.34000000000012,0.0,0.0,0.0,0.0,1.0,1,132.903207975618
scenario_3_multi_region_ep07_d072,scenario_3_multi_region_ep07,scenario_3_multi_region,72,2026-08-01T09:36:00,C,B,83.34000000000012,5.656854249492381,12.570787221094179,0.9302382543609693,1.0,1.0,1,98.2783222469559
scenario_3_multi_region_ep07_d072,scenario_3_multi_region_ep07,scenario_3_multi_region,72,2026-08-01T09:36:00,D,B,83.34000000000012,4.0,8.88888888888889,0.6577777777777778,1.0,1.0,1,119.87397654187748
scenario_3_multi_region_ep07_d075,scenario_3_multi_region_ep07,scenario_3_multi_region,75,2026-08-01T09:37:30,A,C,83.10000000000012,4.0,8.88888888888889,0.6577777777777778,1.0,1.0,1,419.9040892697519
scenario_3_multi_region_ep07_d075,scenario_3_multi_region_ep07,scenario_3_multi_region,75,2026-08-01T09:37:30,B,C,83.10000000000012,5.656854249492381,12.570787221094179,0.9302382543609693,1.0,1.0,1,131.6640581799643
scenario_3_multi_region_ep07_d075,scenario_3_multi_region_ep07,scenario_3_multi_region,75,2026-08-01T09:37:30,C,C,83.10000000000012,0.0,0.0,0.0,0.0,1.0,1,98.93155738313112
scenario_3_multi_region_ep07_d075,scenario_3_multi_region_ep07,scenario_3_multi_region,75,2026-08-01T09:37:30,D,C,83.10000000000012,4.0,8.88888888888889,0.6577777777777778,1.0,1.0,1,119.3055384548752
scenario_3_multi_region_ep07_d078,scenario_3_multi_region_ep07,scenario_3_multi_region,78,2026-08-01T09:39:00,A,A,82.86000000000013,0.0,0.0,0.0,0.0,1.0,1,399.6989299434331
scenario_3_multi_region_ep07_d078,scenario_3_multi_region_ep07,scenario_3_multi_region,78,2026-08-01T09:39:00,B,A,82.86000000000013,4.0,8.88888888888889,0.6577777777777778,1.0,1.0,1,130.29310566597746
scenario_3_multi_region_ep07_d078,scenario_3_multi_region_ep07,scenario_3_multi_region,78,2026-08-01T09:39:00,C,A,82.86000000000013,4.0,8.88888888888889,0.6577777777777778,1.0,1.0,1,99.34990369595084
scenario_3_multi_region_ep07_d078,scenario_3_multi_region_ep07,scenario_3_multi_region,78,2026-08-01T09:39:00,D,A,82.86000000000013,5.656854249492381,12.570787221094179,0.9302382543609693,1.0,1.0,1,118.57146875127273
scenario_3_multi_region_ep07_d081,scenario_3_multi_region_ep07,scenario_3_multi_region,81,2026-08-01T09:40:30,A,B,82.62000000000013,4.0,8.88888888888889,0.6577777777777778,1.0,1.0,1,380.60431525529
scenario_3_multi_region_ep07_d081,scenario_3_multi_region_ep07,scenario_3_multi_region,81,2026-08-01T09:40:30,B,B,82.62000000000013,0.0,0.0,0.0,0.0,1.0,1,128.80517185773238
scenario_3_multi_region_ep07_d081,scenario_3_multi_region_ep07,scenario_3_multi_region,81,2026-08-01T09:40:30,C,B,82.62000000000013,5.656854249492381,12.570787221094179,0.9302382543609693,1.0,1.0,1,99.55377588964893
scenario_3_multi_region_ep07_d081,scenario_3_multi_region_ep07,scenario_3_multi_region,81,2026-08-01T09:40:30,D,B,82.62000000000013,4.0,8.88888888888889,0.6577777777777778,1.0,1.0,1,117.68824663742453
scenario_3_multi_region_ep07_d084,scenario_3_multi_region_ep07,scenario_3_multi_region,84,2026-08-01T09:42:00,A,D,82.38000000000014,5.656854249492381,12.570787221094179,0.9302382543609693,1.0,1.0,1,362.55408121469213
scenario_3_multi_region_ep07_d084,scenario_3_multi_region_ep07,scenario_3_multi_region,84,2026-08-01T09:42:00,B,D,82.38000000000014,4.0,8.88888888888889,0.6577777777777778,1.0,1.0,1,127.2139253392188
scenario_3_multi_region_ep07_d084,scenario_3_multi_region_ep07,scenario_3_multi_region,84,2026-08-01T09:42:00,C,D,82.38000000000014,4.0,8.88888888888889,0.6577777777777778,1.0,1.0,1,99.56213380676832
scenario_3_multi_region_ep07_d084,scenario_3_multi_region_ep07,scenario_3_multi_region,84,2026-08-01T09:42:00,D,D,82.38000000000014,0.0,0.0,0.0,0.0,1.0,1,116.67112067523863
scenario_3_multi_region_ep07_d087,scenario_3_multi_region_ep07,scenario_3_multi_region,87,2026-08-01T09:43:30,A,A,82.14000000000014,0.0,0.0,0.0,0.0,1.0,1,345.48617434936205
scenario_3_multi_region_ep07_d087,scenario_3_multi_region_ep07,scenario_3_multi_region,87,2026-08-01T09:43:30,B,A,82.14000000000014,4.0,8.88888888888889,0.6577777777777778,1.0,1.0,1,125.53196270145304
scenario_3_multi_region_ep07_d087,scenario_3_multi_region_ep07,scenario_3_multi_region,87,2026-08-01T09:43:30,C,A,82.14000000000014,4.0,8.88888888888889,0.6577777777777778,1.0,1.0,1,99.39257948734917
scenario_3_multi_region_ep07_d087,scenario_3_multi_region_ep07,scenario_3_multi_region,87,2026-08-01T09:43:30,D,A,82.14000000000014,5.656854249492381,12.570787221094179,0.9302382543609693,1.0,1.0,1,115.53419303022656
scenario_3_multi_region_ep08_d012,scenario_3_multi_region_ep08,scenario_3_multi_region,12,2026-08-01T09:06:00,A,A,87.44000000000003,0.0,0.0,0.0,0.0,1.0,1,172.43757278014726
scenario_3_multi_region_ep08_d012,scenario_3_multi_region_ep08,scenario_3_multi_region,12,2026-08-01T09:06:00,B,A,87.44000000000003,4.0,8.88888888888889,0.6577777777777778,1.0,1.0,1,30.616524912962177
scenario_3_multi_region_ep08_d012,scenario_3_multi_region_ep08,scenario_3_multi_region,12,2026-08-01T09:06:00,C,A,87.44000000000003,4.0,8.88888888888889,0.6577777777777778,1.0,1.0,1,27.253929808729595
scenario_3_multi_region_ep08_d012,scenario_3_multi_region_ep08,scenario_3_multi_region,12,2026-08-01T09:06:00,D,A,87.44000000000003,5.656854249492381,12.570787221094179,0.9302382543609693,1.0,1.0,1,12.051242305144001
scenario_3_multi_region_ep08_d015,scenario_3_multi_region_ep08,scenario_3_multi_region,15,2026-08-01T09:07:30,A,B,87.20000000000003,4.0,8.88888888888889,0.6577777777777778,1.0,1.0,1,243.1710577209211
scenario_3_multi_region_ep08_d015,scenario_3_multi_region_ep08,scenario_3_multi_region,15,2026-08-01T09:07:30,B,B,87.20000000000003,0.0,0.0,0.0,0.0,1.0,1,34.93343031819131
scenario_3_multi_region_ep08_d015,scenario_3_multi_region_ep08,scenario_3_multi_region,15,2026-08-01T09:07:30,C,B,87.20000000000003,5.656854249492381,12.570787221094179,0.9302382543609693,1.0,1.0,1,28.176160730673246
scenario_3_multi_region_ep08_d015,scenario_3_multi_region_ep08,scenario_3_multi_region,15,2026-08-01T09:07:30,D,B,87.20000000000003,4.0,8.88888888888889,0.6577777777777778,1.0,1.0,1,13.960634128843935
scenario_3_multi_region_ep08_d018,scenario_3_multi_region_ep08,scenario_3_multi_region,18,2026-08-01T09:09:00,A,D,86.96000000000004,5.656854249492381,12.570787221094179,0.9302382543609693,1.0,1.0,1,340.10459894207395
scenario_3_multi_region_ep08_d018,scenario_3_multi_region_ep08,scenario_3_multi_region,18,2026-08-01T09:09:00,B,D,86.96000000000004,4.0,8.88888888888889,0.6577777777777778,1.0,1.0,1,41.60108309042505
scenario_3_multi_region_ep08_d018,scenario_3_multi_region_ep08,scenario_3_multi_region,18,2026-08-01T09:09:00,C,D,86.96000000000004,4.0,8.88888888888889,0.6577777777777778,1.0,1.0,1,30.1310979925712
scenario_3_multi_region_ep08_d018,scenario_3_multi_region_ep08,scenario_3_multi_region,18,2026-08-01T09:09:00,D,D,86.96000000000004,0.0,0.0,0.0,0.0,1.0,1,17.141952782008502
scenario_3_multi_region_ep08_d021,scenario_3_multi_region_ep08,scenario_3_multi_region,21,2026-08-01T09:10:30,A,A,86.72000000000004,0.0,0.0,0.0,0.0,1.0,1,426.81627276195695
scenario_3_multi_region_ep08_d021,scenario_3_multi_region_ep08,scenario_3_multi_region,21,2026-08-01T09:10:30,B,A,86.72000000000004,4.0,8.88888888888889,0.6577777777777778,1.0,1.0,1,50.31511928654754
scenario_3_multi_region_ep08_d021,scenario_3_multi_region_ep08,scenario_3_multi_region,21,2026-08-01T09:10:30,C,A,86.72000000000004,4.0,8.88888888888889,0.6577777777777778,1.0,1.0,1,32.78291830678654
scenario_3_multi_region_ep08_d021,scenario_3_multi_region_ep08,scenario_3_multi_region,21,2026-08-01T09:10:30,D,A,86.72000000000004,5.656854249492381,12.570787221094179,0.9302382543609693,1.0,1.0,1,21.400813204934593
scenario_3_multi_region_ep08_d024,scenario_3_multi_region_ep08,scenario_3_multi_region,24,2026-08-01T09:12:00,A,C,86.48000000000005,4.0,8.88888888888889,0.6577777777777778,1.0,1.0,1,500.2297200527952
scenario_3_multi_region_ep08_d024,scenario_3_multi_region_ep08,scenario_3_multi_region,24,2026-08-01T09:12:00,B,C,86.48000000000005,5.656854249492381,12.570787221094179,0.9302382543609693,1.0,1.0,1,59.54197047887578
scenario_3_multi_region_ep08_d024,scenario_3_multi_region_ep08,scenario_3_multi_region,24,2026-08-01T09:12:00,C,C,86.48000000000005,0.0,0.0,0.0,0.0,1.0,1,35.96670794381453
scenario_3_multi_region_ep08_d024,scenario_3_multi_region_ep08,scenario_3_multi_region,24,2026-08-01T09:12:00,D,C,86.48000000000005,4.0,8.88888888888889,0.6577777777777778,1.0,1.0,1,26.772327998987294
scenario_3_multi_region_ep08_d027,scenario_3_multi_region_ep08,scenario_3_multi_region,27,2026-08-01T09:13:30,A,D,86.24000000000005,5.656854249492381,12.570787221094179,0.9302382543609693,1.0,1.0,1,570.2037238797828
scenario_3_multi_region_ep08_d027,scenario_3_multi_region_ep08,scenario_3_multi_region,27,2026-08-01T09:13:30,B,D,86.24000000000005,4.0,8.88888888888889,0.6577777777777778,1.0,1.0,1,68.62677113735299
scenario_3_multi_region_ep08_d027,scenario_3_multi_region_ep08,scenario_3_multi_region,27,2026-08-01T09:13:30,C,D,86.24000000000005,4.0,8.88888888888889,0.6577777777777778,1.0,1.0,1,39.755531318085104
scenario_3_multi_region_ep08_d027,scenario_3_multi_region_ep08,scenario_3_multi_region,27,2026-08-01T09:13:30,D,D,86.24000000000005,0.0,0.0,0.0,0.0,1.0,1,33.55525527067334
scenario_3_multi_region_ep08_d030,scenario_3_multi_region_ep08,scenario_3_multi_region,30,2026-08-01T09:15:00,A,B,86.00000000000006,4.0,8.88888888888889,0.6577777777777778,1.0,1.0,1,632.0713015469598
scenario_3_multi_region_ep08_d030,scenario_3_multi_region_ep08,scenario_3_multi_region,30,2026-08-01T09:15:00,B,B,86.00000000000006,0.0,0.0,0.0,0.0,1.0,1,77.9376070351982
scenario_3_multi_region_ep08_d030,scenario_3_multi_region_ep08,scenario_3_multi_region,30,2026-08-01T09:15:00,C,B,86.00000000000006,5.656854249492381,12.570787221094179,0.9302382543609693,1.0,1.0,1,44.17302807751503
scenario_3_multi_region_ep08_d030,scenario_3_multi_region_ep08,scenario_3_multi_region,30,2026-08-01T09:15:00,D,B,86.00000000000006,4.0,8.88888888888889,0.6577777777777778,1.0,1.0,1,41.34666836672886
scenario_3_multi_region_ep08_d033,scenario_3_multi_region_ep08,scenario_3_multi_region,33,2026-08-01T09:16:30,A,C,85.76000000000006,4.0,8.88888888888889,0.6577777777777778,1.0,1.0,1,683.2135738760412
scenario_3_multi_region_ep08_d033,scenario_3_multi_region_ep08,scenario_3_multi_region,33,2026-08-01T09:16:30,B,C,85.76000000000006,5.656854249492381,12.570787221094179,0.9302382543609693,1.0,1.0,1,87.55259850105222
scenario_3_multi_region_ep08_d033,scenario_3_multi_region_ep08,scenario_3_multi_region,33,2026-08-01T09:16:30,C,C,85.76000000000006,0.0,0.0,0.0,0.0,1.0,1,49.070667301912636
scenario_3_multi_region_ep08_d033,scenario_3_multi_region_ep08,scenario_3_multi_region,33,2026-08-01T09:16:30,D,C,85.76000000000006,4.0,8.88888888888889,0.6577777777777778,1.0,1.0,1,50.667695575250946
scenario_3_multi_region_ep08_d036,scenario_3_multi_region_ep08,scenario_3_multi_region,36,2026-08-01T09:18:00,A,A,85.52000000000007,0.0,0.0,0.0,0.0,1.0,1,716.6258735527076
scenario_3_multi_region_ep08_d036,scenario_3_multi_region_ep08,scenario_3_multi_region,36,2026-08-01T09:18:00,B,A,85.52000000000007,4.0,8.88888888888889,0.6577777777777778,1.0,1.0,1,98.55547543141802
scenario_3_multi_region_ep08_d036,scenario_3_multi_region_ep08,scenario_3_multi_region,36,2026-08-01T09:18:00,C,A,85.52000000000007,4.0,8.88888888888889,0.6577777777777778,1.0,1.0,1,54.17940886539418
scenario_3_multi_region_ep08_d036,scenario_3_multi_region_ep08,scenario_3_multi_region,36,2026-08-01T09:18:00,D,A,85.52000000000007,5.656854249492381,12.570787221094179,0.9302382543609693,1.0,1.0,1,59.721320642489445
scenario_3_multi_region_ep08_d039,scenario_3_multi_region_ep08,scenario_3_multi_region,39,2026-08-01T09:19:30,A,B,85.28000000000007,4.0,8.88888888888889,0.6577777777777778,1.0,1.0,1,734.5289153298299
scenario_3_multi_region_ep08_d039,scenario_3_multi_region_ep08,scenario_3_multi_region,39,2026-08-01T09:19:30,B,B,85.28000000000007,0.0,0.0,0.0,0.0,1.0,1,106.83904011247137
scenario_3_multi_region_ep08_d039,scenario_3_multi_region_ep08,scenario_3_multi_region,39,2026-08-01T09:19:30,C,B,85.28000000000007,5.656854249492381,12.570787221094179,0.9302382543609693,1.0,1.0,1,59.33160224070775
scenario_3_multi_region_ep08_d039,scenario_3_multi_region_ep08,scenario_3_multi_region,39,2026-08-01T09:19:30,D,B,85.28000000000007,4.0,8.88888888888889,0.6577777777777778,1.0,1.0,1,68.60994945301627
scenario_3_multi_region_ep08_d042,scenario_3_multi_region_ep08,scenario_3_multi_region,42,2026-08-01T09:21:00,A,D,85.04000000000008,5.656854249492381,12.570787221094179,0.9302382543609693,1.0,1.0,1,721.2557546807559
scenario_3_multi_region_ep08_d042,scenario_3_multi_region_ep08,scenario_3_multi_region,42,2026-08-01T09:21:00,B,D,85.04000000000008,4.0,8.88888888888889,0.6577777777777778,1.0,1.0,1,116.21424836324036
scenario_3_multi_region_ep08_d042,scenario_3_multi_region_ep08,scenario_3_multi_region,42,2026-08-01T09:21:00,C,D,85.04000000000008,4.0,8.88888888888889,0.6577777777777778,1.0,1.0,1,64.16614975410312
scenario_3_multi_region_ep08_d042,scenario_3_multi_region_ep08,scenario_3_multi_region,42,2026-08-01T09:21:00,D,D,85.04000000000008,0.0,0.0,0.0,0.0,1.0,1,77.13914019775143
scenario_3_multi_region_ep08_d045,scenario_3_multi_region_ep08,scenario_3_multi_region,45,2026-08-01T09:22:30,A,A,84.80000000000008,0.0,0.0,0.0,0.0,1.0,1,679.6855620871647
scenario_3_multi_region_ep08_d045,scenario_3_multi_region_ep08,scenario_3_multi_region,45,2026-08-01T09:22:30,B,A,84.80000000000008,4.0,8.88888888888889,0.6577777777777778,1.0,1.0,1,122.24004535529866
scenario_3_multi_region_ep08_d045,scenario_3_multi_region_ep08,scenario_3_multi_region,45,2026-08-01T09:22:30,C,A,84.80000000000008,4.0,8.88888888888889,0.6577777777777778,1.0,1.0,1,68.38531449998322
scenario_3_multi_region_ep08_d045,scenario_3_multi_region_ep08,scenario_3_multi_region,45,2026-08-01T09:22:30,D,A,84.80000000000008,5.656854249492381,12.570787221094179,0.9302382543609693,1.0,1.0,1,84.58588161771331
scenario_3_multi_region_ep08_d048,scenario_3_multi_region_ep08,scenario_3_multi_region,48,2026-08-01T09:24:00,A,C,84.56000000000009,4.0,8.88888888888889,0.6577777777777778,1.0,1.0,1,644.4164369124005
scenario_3_multi_region_ep08_d048,scenario_3_multi_region_ep08,scenario_3_multi_region,48,2026-08-01T09:24:00,B,C,84.56000000000009,5.656854249492381,12.570787221094179,0.9302382543609693,1.0,1.0,1,126.98546162943944
scenario_3_multi_region_ep08_d048,scenario_3_multi_region_ep08,scenario_3_multi_region,48,2026-08-01T09:24:00,C,C,84.56000000000009,0.0,0.0,0.0,0.0,1.0,1,72.38768765477721
scenario_3_multi_region_ep08_d048,scenario_3_multi_region_ep08,scenario_3_multi_region,48,2026-08-01T09:24:00,D,C,84.56000000000009,4.0,8.88888888888889,0.6577777777777778,1.0,1.0,1,90.3184660730883
scenario_3_multi_region_ep08_d051,scenario_3_multi_region_ep08,scenario_3_multi_region,51,2026-08-01T09:25:30,A,D,84.32000000000009,5.656854249492381,12.570787221094179,0.9302382543609693,1.0,1.0,1,611.2709494186165
scenario_3_multi_region_ep08_d051,scenario_3_multi_region_ep08,scenario_3_multi_region,51,2026-08-01T09:25:30,B,D,84.32000000000009,4.0,8.88888888888889,0.6577777777777778,1.0,1.0,1,130.8258523950069
scenario_3_multi_region_ep08_d051,scenario_3_multi_region_ep08,scenario_3_multi_region,51,2026-08-01T09:25:30,C,D,84.32000000000009,4.0,8.88888888888889,0.6577777777777778,1.0,1.0,1,75.99094464438781
scenario_3_multi_region_ep08_d051,scenario_3_multi_region_ep08,scenario_3_multi_region,51,2026-08-01T09:25:30,D,D,84.32000000000009,0.0,0.0,0.0,0.0,1.0,1,95.91428671699214
scenario_3_multi_region_ep08_d054,scenario_3_multi_region_ep08,scenario_3_multi_region,54,2026-08-01T09:27:00,A,B,84.0800000000001,4.0,8.88888888888889,0.6577777777777778,1.0,1.0,1,580.0670027900542
scenario_3_multi_region_ep08_d054,scenario_3_multi_region_ep08,scenario_3_multi_region,54,2026-08-01T09:27:00,B,B,84.0800000000001,0.0,0.0,0.0,0.0,1.0,1,132.74080800763545
scenario_3_multi_region_ep08_d054,scenario_3_multi_region_ep08,scenario_3_multi_region,54,2026-08-01T09:27:00,C,B,84.0800000000001,5.656854249492381,12.570787221094179,0.9302382543609693,1.0,1.0,1,79.17503908517119
scenario_3_multi_region_ep08_d054,scenario_3_multi_region_ep08,scenario_3_multi_region,54,2026-08-01T09:27:00,D,B,84.0800000000001,4.0,8.88888888888889,0.6577777777777778,1.0,1.0,1,100.0919778796574
scenario_3_multi_region_ep08_d057,scenario_3_multi_region_ep08,scenario_3_multi_region,57,2026-08-01T09:28:30,A,C,83.8400000000001,4.0,8.88888888888889,0.6577777777777778,1.0,1.0,1,550.6589626689097
scenario_3_multi_region_ep08_d057,scenario_3_multi_region_ep08,scenario_3_multi_region,57,2026-08-01T09:28:30,B,C,83.8400000000001,5.656854249492381,12.570787221094179,0.9302382543609693,1.0,1.0,1,132.6716685119154
scenario_3_multi_region_ep08_d057,scenario_3_multi_region_ep08,scenario_3_multi_region,57,2026-08-01T09:28:30,C,C,83.8400000000001,0.0,0.0,0.0,0.0,1.0,1,81.94597811470499
scenario_3_multi_region_ep08_d057,scenario_3_multi_region_ep08,scenario_3_multi_region,57,2026-08-01T09:28:30,D,C,83.8400000000001,4.0,8.88888888888889,0.6577777777777778,1.0,1.0,1,102.83774082042942
scenario_3_multi_region_ep08_d060,scenario_3_multi_region_ep08,scenario_3_multi_region,60,2026-08-01T09:30:00,A,A,83.60000000000011,0.0,0.0,0.0,0.0,1.0,1,522.9289227464756
scenario_3_multi_region_ep08_d060,scenario_3_multi_region_ep08,scenario_3_multi_region,60,2026-08-01T09:30:00,B,A,83.60000000000011,4.0,8.88888888888889,0.6577777777777778,1.0,1.0,1,132.22265931094785
scenario_3_multi_region_ep08_d060,scenario_3_multi_region_ep08,scenario_3_multi_region,60,2026-08-01T09:30:00,C,A,83.60000000000011,4.0,8.88888888888889,0.6577777777777778,1.0,1.0,1,84.32775655150954
scenario_3_multi_region_ep08_d060,scenario_3_multi_region_ep08,scenario_3_multi_region,60,2026-08-01T09:30:00,D,A,83.60000000000011,5.656854249492381,12.570787221094179,0.9302382543609693,1.0,1.0,1,104.2531628754241
scenario_3_multi_region_ep08_d063,scenario_3_multi_region_ep08,scenario_3_multi_region,63,2026-08-01T09:31:30,A,B,83.36000000000011,4.0,8.88888888888889,0.6577777777777778,1.0,1.0,1,496.76929905228076
scenario_3_multi_region_ep08_d063,scenario_3_multi_region_ep08,scenario_3_multi_region,63,2026-08-01T09:31:30,B,B,83.36000000000011,0.0,0.0,0.0,0.0,1.0,1,131.56771938866086
scenario_3_multi_region_ep08_d063,scenario_3_multi_region_ep08,scenario_3_multi_region,63,2026-08-01T09:31:30,C,B,83.36000000000011,5.656854249492381,12.570787221094179,0.9302382543609693,1.0,1.0,1,86.34557681184629
scenario_3_multi_region_ep08_d063,scenario_3_multi_region_ep08,scenario_3_multi_region,63,2026-08-01T09:31:30,D,B,83.36000000000011,4.0,8.88888888888889,0.6577777777777778,1.0,1.0,1,105.18257894879775
scenario_3_multi_region_ep08_d066,scenario_3_multi_region_ep08,scenario_3_multi_region,66,2026-08-01T09:33:00,A,D,83.12000000000012,5.656854249492381,12.570787221094179,0.9302382543609693,1.0,1.0,1,472.08615470384893
scenario_3_multi_region_ep08_d066,scenario_3_multi_region_ep08,scenario_3_multi_region,66,2026-08-01T09:33:00,B,D,83.12000000000012,4.0,8.88888888888889,0.6577777777777778,1.0,1.0,1,130.72834373979322
scenario_3_multi_region_ep08_d066,scenario_3_multi_region_ep08,scenario_3_multi_region,66,2026-08-01T09:33:00,C,D,83.12000000000012,4.0,8.88888888888889,0.6577777777777778,1.0,1.0,1,88.02975910417672
scenario_3_multi_region_ep08_d066,scenario_3_multi_region_ep08,scenario_3_multi_region,66,2026-08-01T09:33:00,D,D,83.12000000000012,0.0,0.0,0.0,0.0,1.0,1,105.83760792165981
scenario_3_multi_region_ep08_d069,scenario_3_multi_region_ep08,scenario_3_multi_region,69,2026-08-01T09:34:30,A,A,82.88000000000012,0.0,0.0,0.0,0.0,1.0,1,448.7902197015251
scenario_3_multi_region_ep08_d069,scenario_3_multi_region_ep08,scenario_3_multi_region,69,2026-08-01T09:34:30,B,A,82.88000000000012,4.0,8.88888888888889,0.6577777777777778,1.0,1.0,1,129.72320586010733
scenario_3_multi_region_ep08_d069,scenario_3_multi_region_ep08,scenario_3_multi_region,69,2026-08-01T09:34:30,C,A,82.88000000000012,4.0,8.88888888888889,0.6577777777777778,1.0,1.0,1,89.40730906652993
scenario_3_multi_region_ep08_d069,scenario_3_multi_region_ep08,scenario_3_multi_region,69,2026-08-01T09:34:30,D,A,82.88000000000012,5.656854249492381,12.570787221094179,0.9302382543609693,1.0,1.0,1,106.24204314196709
scenario_3_multi_region_ep08_d072,scenario_3_multi_region_ep08,scenario_3_multi_region,72,2026-08-01T09:36:00,A,C,82.64000000000013,4.0,8.88888888888889,0.6577777777777778,1.0,1.0,1,426.797810243567
scenario_3_multi_region_ep08_d072,scenario_3_multi_region_ep08,scenario_3_multi_region,72,2026-08-01T09:36:00,B,C,82.64000000000013,5.656854249492381,12.570787221094179,0.9302382543609693,1.0,1.0,1,128.5695621546788
scenario_3_multi_region_ep08_d072,scenario_3_multi_region_ep08,scenario_3_multi_region,72,2026-08-01T09:36:00,C,C,82.64000000000013,0.0,0.0,0.0,0.0,1.0,1,90.50334973702479
scenario_3_multi_region_ep08_d072,scenario_3_multi_region_ep08,scenario_3_multi_region,72,2026-08-01T09:36:00,D,C,82.64000000000013,4.0,8.88888888888889,0.6577777777777778,1.0,1.0,1,106.41796864361118
scenario_3_multi_region_ep08_d075,scenario_3_multi_region_ep08,scenario_3_multi_region,75,2026-08-01T09:37:30,A,D,82.40000000000013,5.656854249492381,12.570787221094179,0.9302382543609693,1.0,1.0,1,406.0304735283132
scenario_3_multi_region_ep08_d075,scenario_3_multi_region_ep08,scenario_3_multi_region,75,2026-08-01T09:37:30,B,D,82.40000000000013,4.0,8.88888888888889,0.6577777777777778,1.0,1.0,1,127.28335044770574
scenario_3_multi_region_ep08_d075,scenario_3_multi_region_ep08,scenario_3_multi_region,75,2026-08-01T09:37:30,C,D,82.40000000000013,4.0,8.88888888888889,0.6577777777777778,1.0,1.0,1,91.34124608430716
scenario_3_multi_region_ep08_d075,scenario_3_multi_region_ep08,scenario_3_multi_region,75,2026-08-01T09:37:30,D,D,82.40000000000013,0.0,0.0,0.0,0.0,1.0,1,106.38587438629907
scenario_3_multi_region_ep08_d078,scenario_3_multi_region_ep08,scenario_3_multi_region,78,2026-08-01T09:39:00,A,B,82.16000000000014,4.0,8.88888888888889,0.6577777777777778,1.0,1.0,1,386.4146553026321
scenario_3_multi_region_ep08_d078,scenario_3_multi_region_ep08,scenario_3_multi_region,78,2026-08-01T09:39:00,B,B,82.16000000000014,0.0,0.0,0.0,0.0,1.0,1,125.87928188155729
scenario_3_multi_region_ep08_d078,scenario_3_multi_region_ep08,scenario_3_multi_region,78,2026-08-01T09:39:00,C,B,82.16000000000014,5.656854249492381,12.570787221094179,0.9302382543609693,1.0,1.0,1,91.94272147192714
scenario_3_multi_region_ep08_d078,scenario_3_multi_region_ep08,scenario_3_multi_region,78,2026-08-01T09:39:00,D,B,82.16000000000014,4.0,8.88888888888889,0.6577777777777778,1.0,1.0,1,106.16476392368963
scenario_3_multi_region_ep08_d081,scenario_3_multi_region_ep08,scenario_3_multi_region,81,2026-08-01T09:40:30,A,C,81.92000000000014,4.0,8.88888888888889,0.6577777777777778,1.0,1.0,1,367.8813886956616
scenario_3_multi_region_ep08_d081,scenario_3_multi_region_ep08,scenario_3_multi_region,81,2026-08-01T09:40:30,B,C,81.92000000000014,5.656854249492381,12.570787221094179,0.9302382543609693,1.0,1.0,1,124.37092664161037
scenario_3_multi_region_ep08_d081,scenario_3_multi_region_ep08,scenario_3_multi_region,81,2026-08-01T09:40:30,C,C,81.92000000000014,0.0,0.0,0.0,0.0,1.0,1,92.32796657461768
scenario_3_multi_region_ep08_d081,scenario_3_multi_region_ep08,scenario_3_multi_region,81,2026-08-01T09:40:30,D,C,81.92000000000014,4.0,8.88888888888889,0.6577777777777778,1.0,1.0,1,105.7722549916814
scenario_3_multi_region_ep08_d084,scenario_3_multi_region_ep08,scenario_3_multi_region,84,2026-08-01T09:42:00,A,A,81.68000000000015,0.0,0.0,0.0,0.0,1.0,1,350.36600297072755
scenario_3_multi_region_ep08_d084,scenario_3_multi_region_ep08,scenario_3_multi_region,84,2026-08-01T09:42:00,B,A,81.68000000000015,4.0,8.88888888888889,0.6577777777777778,1.0,1.0,1,122.77079391474035
scenario_3_multi_region_ep08_d084,scenario_3_multi_region_ep08,scenario_3_multi_region,84,2026-08-01T09:42:00,C,A,81.68000000000015,4.0,8.88888888888889,0.6577777777777778,1.0,1.0,1,92.5157412312692
scenario_3_multi_region_ep08_d084,scenario_3_multi_region_ep08,scenario_3_multi_region,84,2026-08-01T09:42:00,D,A,81.68000000000015,5.656854249492381,12.570787221094179,0.9302382543609693,1.0,1.0,1,105.22467347697898
scenario_3_multi_region_ep08_d087,scenario_3_multi_region_ep08,scenario_3_multi_region,87,2026-08-01T09:43:30,A,B,81.44000000000015,4.0,8.88888888888889,0.6577777777777778,1.0,1.0,1,333.80785091628934
scenario_3_multi_region_ep08_d087,scenario_3_multi_region_ep08,scenario_3_multi_region,87,2026-08-01T09:43:30,B,B,81.44000000000015,0.0,0.0,0.0,0.0,1.0,1,121.09040646269773
scenario_3_multi_region_ep08_d087,scenario_3_multi_region_ep08,scenario_3_multi_region,87,2026-08-01T09:43:30,C,B,81.44000000000015,5.656854249492381,12.570787221094179,0.9302382543609693,1.0,1.0,1,92.5234696883715
scenario_3_multi_region_ep08_d087,scenario_3_multi_region_ep08,scenario_3_multi_region,87,2026-08-01T09:43:30,D,B,81.44000000000015,4.0,8.88888888888889,0.6577777777777778,1.0,1.0,1,104.53714119627375
scenario_3_multi_region_ep09_d012,scenario_3_multi_region_ep09,scenario_3_multi_region,12,2026-08-01T09:06:00,A,B,86.74000000000002,4.0,8.88888888888889,0.6577777777777778,1.0,1.0,1,176.20194255200875
scenario_3_multi_region_ep09_d012,scenario_3_multi_region_ep09,scenario_3_multi_region,12,2026-08-01T09:06:00,B,B,86.74000000000002,0.0,0.0,0.0,0.0,1.0,1,39.538143849155745
scenario_3_multi_region_ep09_d012,scenario_3_multi_region_ep09,scenario_3_multi_region,12,2026-08-01T09:06:00,C,B,86.74000000000002,5.656854249492381,12.570787221094179,0.9302382543609693,1.0,1.0,1,20.586493396483206
scenario_3_multi_region_ep09_d012,scenario_3_multi_region_ep09,scenario_3_multi_region,12,2026-08-01T09:06:00,D,B,86.74000000000002,4.0,8.88888888888889,0.6577777777777778,1.0,1.0,1,38.31813723370567
scenario_3_multi_region_ep09_d015,scenario_3_multi_region_ep09,scenario_3_multi_region,15,2026-08-01T09:07:30,A,C,86.50000000000003,4.0,8.88888888888889,0.6577777777777778,1.0,1.0,1,250.8552578774088
scenario_3_multi_region_ep09_d015,scenario_3_multi_region_ep09,scenario_3_multi_region,15,2026-08-01T09:07:30,B,C,86.50000000000003,5.656854249492381,12.570787221094179,0.9302382543609693,1.0,1.0,1,43.447546056872056
scenario_3_multi_region_ep09_d015,scenario_3_multi_region_ep09,scenario_3_multi_region,15,2026-08-01T09:07:30,C,C,86.50000000000003,0.0,0.0,0.0,0.0,1.0,1,22.22603872443335
scenario_3_multi_region_ep09_d015,scenario_3_multi_region_ep09,scenario_3_multi_region,15,2026-08-01T09:07:30,D,C,86.50000000000003,4.0,8.88888888888889,0.6577777777777778,1.0,1.0,1,38.894997925953135
scenario_3_multi_region_ep09_d018,scenario_3_multi_region_ep09,scenario_3_multi_region,18,2026-08-01T09:09:00,A,A,86.26000000000003,0.0,0.0,0.0,0.0,1.0,1,333.15306020302546
scenario_3_multi_region_ep09_d018,scenario_3_multi_region_ep09,scenario_3_multi_region,18,2026-08-01T09:09:00,B,A,86.26000000000003,4.0,8.88888888888889,0.6577777777777778,1.0,1.0,1,49.804895569527616
scenario_3_multi_region_ep09_d018,scenario_3_multi_region_ep09,scenario_3_multi_region,18,2026-08-01T09:09:00,C,A,86.26000000000003,4.0,8.88888888888889,0.6577777777777778,1.0,1.0,1,24.495615715199847
scenario_3_multi_region_ep09_d018,scenario_3_multi_region_ep09,scenario_3_multi_region,18,2026-08-01T09:09:00,D,A,86.26000000000003,5.656854249492381,12.570787221094179,0.9302382543609693,1.0,1.0,1,40.449471234823136
scenario_3_multi_region_ep09_d021,scenario_3_multi_region_ep09,scenario_3_multi_region,21,2026-08-01T09:10:30,A,B,86.02000000000004,4.0,8.88888888888889,0.6577777777777778,1.0,1.0,1,401.88117486884323
scenario_3_multi_region_ep09_d021,scenario_3_multi_region_ep09,scenario_3_multi_region,21,2026-08-01T09:10:30,B,B,86.02000000000004,0.0,0.0,0.0,0.0,1.0,1,58.320423353174874
scenario_3_multi_region_ep09_d021,scenario_3_multi_region_ep09,scenario_3_multi_region,21,2026-08-01T09:10:30,C,B,86.02000000000004,5.656854249492381,12.570787221094179,0.9302382543609693,1.0,1.0,1,27.19514258787399
scenario_3_multi_region_ep09_d021,scenario_3_multi_region_ep09,scenario_3_multi_region,21,2026-08-01T09:10:30,D,B,86.02000000000004,4.0,8.88888888888889,0.6577777777777778,1.0,1.0,1,42.92986782680532
scenario_3_multi_region_ep09_d024,scenario_3_multi_region_ep09,scenario_3_multi_region,24,2026-08-01T09:12:00,A,D,85.78000000000004,5.656854249492381,12.570787221094179,0.9302382543609693,1.0,1.0,1,486.2090457193351
scenario_3_multi_region_ep09_d024,scenario_3_multi_region_ep09,scenario_3_multi_region,24,2026-08-01T09:12:00,B,D,85.78000000000004,4.0,8.88888888888889,0.6577777777777778,1.0,1.0,1,66.65462159813183
scenario_3_multi_region_ep09_d024,scenario_3_multi_region_ep09,scenario_3_multi_region,24,2026-08-01T09:12:00,C,D,85.78000000000004,4.0,8.88888888888889,0.6577777777777778,1.0,1.0,1,30.886507006638794
scenario_3_multi_region_ep09_d024,scenario_3_multi_region_ep09,scenario_3_multi_region,24,2026-08-01T09:12:00,D,D,85.78000000000004,0.0,0.0,0.0,0.0,1.0,1,46.97893295027097
scenario_3_multi_region_ep09_d027,scenario_3_multi_region_ep09,scenario_3_multi_region,27,2026-08-01T09:13:30,A,A,85.54000000000005,0.0,0.0,0.0,0.0,1.0,1,563.5732055818462
scenario_3_multi_region_ep09_d027,scenario_3_multi_region_ep09,scenario_3_multi_region,27,2026-08-01T09:13:30,B,A,85.54000000000005,4.0,8.88888888888889,0.6577777777777778,1.0,1.0,1,75.310533089317
scenario_3_multi_region_ep09_d027,scenario_3_multi_region_ep09,scenario_3_multi_region,27,2026-08-01T09:13:30,C,A,85.54000000000005,4.0,8.88888888888889,0.6577777777777778,1.0,1.0,1,35.221165578360115
scenario_3_multi_region_ep09_d027,scenario_3_multi_region_ep09,scenario_3_multi_region,27,2026-08-01T09:13:30,D,A,85.54000000000005,5.656854249492381,12.570787221094179,0.9302382543609693,1.0,1.0,1,52.68279280960087
scenario_3_multi_region_ep09_d030,scenario_3_multi_region_ep09,scenario_3_multi_region,30,2026-08-01T09:15:00,A,C,85.30000000000005,4.0,8.88888888888889,0.6577777777777778,1.0,1.0,1,623.6124189506224
scenario_3_multi_region_ep09_d030,scenario_3_multi_region_ep09,scenario_3_multi_region,30,2026-08-01T09:15:00,B,C,85.30000000000005,5.656854249492381,12.570787221094179,0.9302382543609693,1.0,1.0,1,84.73289580111259
scenario_3_multi_region_ep09_d030,scenario_3_multi_region_ep09,scenario_3_multi_region,30,2026-08-01T09:15:00,C,C,85.30000000000005,0.0,0.0,0.0,0.0,1.0,1,39.913250056245715
scenario_3_multi_region_ep09_d030,scenario_3_multi_region_ep09,scenario_3_multi_region,30,2026-08-01T09:15:00,D,C,85.30000000000005,4.0,8.88888888888889,0.6577777777777778,1.0,1.0,1,59.42449177731373
scenario_3_multi_region_ep09_d033,scenario_3_multi_region_ep09,scenario_3_multi_region,33,2026-08-01T09:16:30,A,D,85.06000000000006,5.656854249492381,12.570787221094179,0.9302382543609693,1.0,1.0,1,666.1043016824246
scenario_3_multi_region_ep09_d033,scenario_3_multi_region_ep09,scenario_3_multi_region,33,2026-08-01T09:16:30,B,D,85.06000000000006,4.0,8.88888888888889,0.6577777777777778,1.0,1.0,1,94.27484189516372
scenario_3_multi_region_ep09_d033,scenario_3_multi_region_ep09,scenario_3_multi_region,33,2026-08-01T09:16:30,C,D,85.06000000000006,4.0,8.88888888888889,0.6577777777777778,1.0,1.0,1,44.84147025829566
scenario_3_multi_region_ep09_d033,scenario_3_multi_region_ep09,scenario_3_multi_region,33,2026-08-01T09:16:30,D,D,85.06000000000006,0.0,0.0,0.0,0.0,1.0,1,66.8710036683508
scenario_3_multi_region_ep09_d036,scenario_3_multi_region_ep09,scenario_3_multi_region,36,2026-08-01T09:18:00,A,B,84.82000000000006,4.0,8.88888888888889,0.6577777777777778,1.0,1.0,1,689.4820912494849
scenario_3_multi_region_ep09_d036,scenario_3_multi_region_ep09,scenario_3_multi_region,36,2026-08-01T09:18:00,B,B,84.82000000000006,0.0,0.0,0.0,0.0,1.0,1,103.50002932912093
scenario_3_multi_region_ep09_d036,scenario_3_multi_region_ep09,scenario_3_multi_region,36,2026-08-01T09:18:00,C,B,84.82000000000006,5.656854249492381,12.570787221094179,0.9302382543609693,1.0,1.0,1,49.901858986305115
scenario_3_multi_region_ep09_d036,scenario_3_multi_region_ep09,scenario_3_multi_region,36,2026-08-01T09:18:00,D,B,84.82000000000006,4.0,8.88888888888889,0.6577777777777778,1.0,1.0,1,74.90501505604766
scenario_3_multi_region_ep09_d039,scenario_3_multi_region_ep09,scenario_3_multi_region,39,2026-08-01T09:19:30,A,C,84.58000000000007,4.0,8.88888888888889,0.6577777777777778,1.0,1.0,1,699.5976546877514
scenario_3_multi_region_ep09_d039,scenario_3_multi_region_ep09,scenario_3_multi_region,39,2026-08-01T09:19:30,B,C,84.58000000000007,5.656854249492381,12.570787221094179,0.9302382543609693,1.0,1.0,1,112.61354804328607
scenario_3_multi_region_ep09_d039,scenario_3_multi_region_ep09,scenario_3_multi_region,39,2026-08-01T09:19:30,C,C,84.58000000000007,0.0,0.0,0.0,0.0,1.0,1,55.11459190160895
scenario_3_multi_region_ep09_d039,scenario_3_multi_region_ep09,scenario_3_multi_region,39,2026-08-01T09:19:30,D,C,84.58000000000007,4.0,8.88888888888889,0.6577777777777778,1.0,1.0,1,82.63533686843743
scenario_3_multi_region_ep09_d042,scenario_3_multi_region_ep09,scenario_3_multi_region,42,2026-08-01T09:21:00,A,A,84.34000000000007,0.0,0.0,0.0,0.0,1.0,1,702.7345566689166
scenario_3_multi_region_ep09_d042,scenario_3_multi_region_ep09,scenario_3_multi_region,42,2026-08-01T09:21:00,B,A,84.34000000000007,4.0,8.88888888888889,0.6577777777777778,1.0,1.0,1,119.93205904792035
scenario_3_multi_region_ep09_d042,scenario_3_multi_region_ep09,scenario_3_multi_region,42,2026-08-01T09:21:00,C,A,84.34000000000007,4.0,8.88888888888889,0.6577777777777778,1.0,1.0,1,60.411716233390734
scenario_3_multi_region_ep09_d042,scenario_3_multi_region_ep09,scenario_3_multi_region,42,2026-08-01T09:21:00,D,A,84.34000000000007,5.656854249492381,12.570787221094179,0.9302382543609693,1.0,1.0,1,90.47576798959608
scenario_3_multi_region_ep09_d045,scenario_3_multi_region_ep09,scenario_3_multi_region,45,2026-08-01T09:22:30,A,B,84.10000000000008,4.0,8.88888888888889,0.6577777777777778,1.0,1.0,1,672.0069939786786
scenario_3_multi_region_ep09_d045,scenario_3_multi_region_ep09,scenario_3_multi_region,45,2026-08-01T09:22:30,B,B,84.10000000000008,0.0,0.0,0.0,0.0,1.0,1,127.4124365797345
scenario_3_multi_region_ep09_d045,scenario_3_multi_region_ep09,scenario_3_multi_region,45,2026-08-01T09:22:30,C,B,84.10000000000008,5.656854249492381,12.570787221094179,0.9302382543609693,1.0,1.0,1,65.12367324745537
scenario_3_multi_region_ep09_d045,scenario_3_multi_region_ep09,scenario_3_multi_region,45,2026-08-01T09:22:30,D,B,84.10000000000008,4.0,8.88888888888889,0.6577777777777778,1.0,1.0,1,96.94265521110947
scenario_3_multi_region_ep09_d048,scenario_3_multi_region_ep09,scenario_3_multi_region,48,2026-08-01T09:24:00,A,D,83.86000000000008,5.656854249492381,12.570787221094179,0.9302382543609693,1.0,1.0,1,637.327769129945
scenario_3_multi_region_ep09_d048,scenario_3_multi_region_ep09,scenario_3_multi_region,48,2026-08-01T09:24:00,B,D,83.86000000000008,4.0,8.88888888888889,0.6577777777777778,1.0,1.0,1,132.3001414225182
scenario_3_multi_region_ep09_d048,scenario_3_multi_region_ep09,scenario_3_multi_region,48,2026-08-01T09:24:00,C,D,83.86000000000008,4.0,8.88888888888889,0.6577777777777778,1.0,1.0,1,69.40024259671532
scenario_3_multi_region_ep09_d048,scenario_3_multi_region_ep09,scenario_3_multi_region,48,2026-08-01T09:24:00,D,D,83.86000000000008,0.0,0.0,0.0,0.0,1.0,1,103.11129200574874
scenario_3_multi_region_ep09_d051,scenario_3_multi_region_ep09,scenario_3_multi_region,51,2026-08-01T09:25:30,A,A,83.62000000000009,0.0,0.0,0.0,0.0,1.0,1,604.7173392867858
scenario_3_multi_region_ep09_d051,scenario_3_multi_region_ep09,scenario_3_multi_region,51,2026-08-01T09:25:30,B,A,83.62000000000009,4.0,8.88888888888889,0.6577777777777778,1.0,1.0,1,136.4588110660659
scenario_3_multi_region_ep09_d051,scenario_3_multi_region_ep09,scenario_3_multi_region,51,2026-08-01T09:25:30,C,A,83.62000000000009,4.0,8.88888888888889,0.6577777777777778,1.0,1.0,1,73.24491176075094
scenario_3_multi_region_ep09_d051,scenario_3_multi_region_ep09,scenario_3_multi_region,51,2026-08-01T09:25:30,D,A,83.62000000000009,5.656854249492381,12.570787221094179,0.9302382543609693,1.0,1.0,1,107.62188413567378
scenario_3_multi_region_ep09_d054,scenario_3_multi_region_ep09,scenario_3_multi_region,54,2026-08-01T09:27:00,A,C,83.3800000000001,4.0,8.88888888888889,0.6577777777777778,1.0,1.0,1,573.9637182340371
scenario_3_multi_region_ep09_d054,scenario_3_multi_region_ep09,scenario_3_multi_region,54,2026-08-01T09:27:00,B,C,83.3800000000001,5.656854249492381,12.570787221094179,0.9302382543609693,1.0,1.0,1,136.82385846259876
scenario_3_multi_region_ep09_d054,scenario_3_multi_region_ep09,scenario_3_multi_region,54,2026-08-01T09:27:00,C,C,83.3800000000001,0.0,0.0,0.0,0.0,1.0,1,76.60622903227022
scenario_3_multi_region_ep09_d054,scenario_3_multi_region_ep09,scenario_3_multi_region,54,2026-08-01T09:27:00,D,C,83.3800000000001,4.0,8.88888888888889,0.6577777777777778,1.0,1.0,1,110.78752592724186
scenario_3_multi_region_ep09_d057,scenario_3_multi_region_ep09,scenario_3_multi_region,57,2026-08-01T09:28:30,A,D,83.1400000000001,5.656854249492381,12.570787221094179,0.9302382543609693,1.0,1.0,1,544.9980751928938
scenario_3_multi_region_ep09_d057,scenario_3_multi_region_ep09,scenario_3_multi_region,57,2026-08-01T09:28:30,B,D,83.1400000000001,4.0,8.88888888888889,0.6577777777777778,1.0,1.0,1,136.41020630089315
scenario_3_multi_region_ep09_d057,scenario_3_multi_region_ep09,scenario_3_multi_region,57,2026-08-01T09:28:30,C,D,83.1400000000001,4.0,8.88888888888889,0.6577777777777778,1.0,1.0,1,79.56559208474778
scenario_3_multi_region_ep09_d057,scenario_3_multi_region_ep09,scenario_3_multi_region,57,2026-08-01T09:28:30,D,D,83.1400000000001,0.0,0.0,0.0,0.0,1.0,1,112.7698635661452
scenario_3_multi_region_ep09_d060,scenario_3_multi_region_ep09,scenario_3_multi_region,60,2026-08-01T09:30:00,A,B,82.9000000000001,4.0,8.88888888888889,0.6577777777777778,1.0,1.0,1,517.6794626661363
scenario_3_multi_region_ep09_d060,scenario_3_multi_region_ep09,scenario_3_multi_region,60,2026-08-01T09:30:00,B,B,82.9000000000001,0.0,0.0,0.0,0.0,1.0,1,135.73783232974233
scenario_3_multi_region_ep09_d060,scenario_3_multi_region_ep09,scenario_3_multi_region,60,2026-08-01T09:30:00,C,B,82.9000000000001,5.656854249492381,12.570787221094179,0.9302382543609693,1.0,1.0,1,82.12263747145448
scenario_3_multi_region_ep09_d060,scenario_3_multi_region_ep09,scenario_3_multi_region,60,2026-08-01T09:30:00,D,B,82.9000000000001,4.0,8.88888888888889,0.6577777777777778,1.0,1.0,1,113.51317056358266
scenario_3_multi_region_ep09_d063,scenario_3_multi_region_ep09,scenario_3_multi_region,63,2026-08-01T09:31:30,A,C,82.66000000000011,4.0,8.88888888888889,0.6577777777777778,1.0,1.0,1,491.9035428946936
scenario_3_multi_region_ep09_d063,scenario_3_multi_region_ep09,scenario_3_multi_region,63,2026-08-01T09:31:30,B,C,82.66000000000011,5.656854249492381,12.570787221094179,0.9302382543609693,1.0,1.0,1,134.87430496888214
scenario_3_multi_region_ep09_d063,scenario_3_multi_region_ep09,scenario_3_multi_region,63,2026-08-01T09:31:30,C,C,82.66000000000011,0.0,0.0,0.0,0.0,1.0,1,84.30458625613687
scenario_3_multi_region_ep09_d063,scenario_3_multi_region_ep09,scenario_3_multi_region,63,2026-08-01T09:31:30,D,C,82.66000000000011,4.0,8.88888888888889,0.6577777777777778,1.0,1.0,1,113.88767342585152
scenario_3_multi_region_ep09_d066,scenario_3_multi_region_ep09,scenario_3_multi_region,66,2026-08-01T09:33:00,A,A,82.42000000000012,0.0,0.0,0.0,0.0,1.0,1,467.57706116593954
scenario_3_multi_region_ep09_d066,scenario_3_multi_region_ep09,scenario_3_multi_region,66,2026-08-01T09:33:00,B,A,82.42000000000012,4.0,8.88888888888889,0.6577777777777778,1.0,1.0,1,133.83897544565684
scenario_3_multi_region_ep09_d066,scenario_3_multi_region_ep09,scenario_3_multi_region,66,2026-08-01T09:33:00,C,A,82.42000000000012,4.0,8.88888888888889,0.6577777777777778,1.0,1.0,1,86.14129674307333
scenario_3_multi_region_ep09_d066,scenario_3_multi_region_ep09,scenario_3_multi_region,66,2026-08-01T09:33:00,D,A,82.42000000000012,5.656854249492381,12.570787221094179,0.9302382543609693,1.0,1.0,1,114.02140482537197
scenario_3_multi_region_ep09_d069,scenario_3_multi_region_ep09,scenario_3_multi_region,69,2026-08-01T09:34:30,A,B,82.18000000000012,4.0,8.88888888888889,0.6577777777777778,1.0,1.0,1,444.61259015789165
scenario_3_multi_region_ep09_d069,scenario_3_multi_region_ep09,scenario_3_multi_region,69,2026-08-01T09:34:30,B,B,82.18000000000012,0.0,0.0,0.0,0.0,1.0,1,132.64972085054455
scenario_3_multi_region_ep09_d069,scenario_3_multi_region_ep09,scenario_3_multi_region,69,2026-08-01T09:34:30,C,B,82.18000000000012,5.656854249492381,12.570787221094179,0.9302382543609693,1.0,1.0,1,87.66055104293946
scenario_3_multi_region_ep09_d069,scenario_3_multi_region_ep09,scenario_3_multi_region,69,2026-08-01T09:34:30,D,B,82.18000000000012,4.0,8.88888888888889,0.6577777777777778,1.0,1.0,1,113.93608434676366
scenario_3_multi_region_ep09_d072,scenario_3_multi_region_ep09,scenario_3_multi_region,72,2026-08-01T09:36:00,A,D,81.94000000000013,5.656854249492381,12.570787221094179,0.9302382543609693,1.0,1.0,1,422.92816577553185
scenario_3_multi_region_ep09_d072,scenario_3_multi_region_ep09,scenario_3_multi_region,72,2026-08-01T09:36:00,B,D,81.94000000000013,4.0,8.88888888888889,0.6577777777777778,1.0,1.0,1,131.32305276790657
scenario_3_multi_region_ep09_d072,scenario_3_multi_region_ep09,scenario_3_multi_region,72,2026-08-01T09:36:00,C,D,81.94000000000013,4.0,8.88888888888889,0.6577777777777778,1.0,1.0,1,88.88819831908472
scenario_3_multi_region_ep09_d072,scenario_3_multi_region_ep09,scenario_3_multi_region,72,2026-08-01T09:36:00,D,D,81.94000000000013,0.0,0.0,0.0,0.0,1.0,1,113.6518519725978
scenario_3_multi_region_ep09_d075,scenario_3_multi_region_ep09,scenario_3_multi_region,75,2026-08-01T09:37:30,A,A,81.70000000000013,0.0,0.0,0.0,0.0,1.0,1,402.4469400608641
scenario_3_multi_region_ep09_d075,scenario_3_multi_region_ep09,scenario_3_multi_region,75,2026-08-01T09:37:30,B,A,81.70000000000013,4.0,8.88888888888889,0.6577777777777778,1.0,1.0,1,129.87421240138656
scenario_3_multi_region_ep09_d075,scenario_3_multi_region_ep09,scenario_3_multi_region,75,2026-08-01T09:37:30,C,A,81.70000000000013,4.0,8.88888888888889,0.6577777777777778,1.0,1.0,1,89.8482825308829
scenario_3_multi_region_ep09_d075,scenario_3_multi_region_ep09,scenario_3_multi_region,75,2026-08-01T09:37:30,D,A,81.70000000000013,5.656854249492381,12.570787221094179,0.9302382543609693,1.0,1.0,1,113.18737513898327
scenario_3_multi_region_ep09_d078,scenario_3_multi_region_ep09,scenario_3_multi_region,78,2026-08-01T09:39:00,A,C,81.46000000000014,4.0,8.88888888888889,0.6577777777777778,1.0,1.0,1,383.09685631847196
scenario_3_multi_region_ep09_d078,scenario_3_multi_region_ep09,scenario_3_multi_region,78,2026-08-01T09:39:00,B,C,81.46000000000014,5.656854249492381,12.570787221094179,0.9302382543609693,1.0,1.0,1,128.31725931151095
scenario_3_multi_region_ep09_d078,scenario_3_multi_region_ep09,scenario_3_multi_region,78,2026-08-01T09:39:00,C,C,81.46000000000014,0.0,0.0,0.0,0.0,1.0,1,90.56316190743337
scenario_3_multi_region_ep09_d078,scenario_3_multi_region_ep09,scenario_3_multi_region,78,2026-08-01T09:39:00,D,C,81.46000000000014,4.0,8.88888888888889,0.6577777777777778,1.0,1.0,1,112.55994873847862
scenario_3_multi_region_ep09_d081,scenario_3_multi_region_ep09,scenario_3_multi_region,81,2026-08-01T09:40:30,A,D,81.22000000000014,5.656854249492381,12.570787221094179,0.9302382543609693,1.0,1.0,1,364.81034503012324
scenario_3_multi_region_ep09_d081,scenario_3_multi_region_ep09,scenario_3_multi_region,81,2026-08-01T09:40:30,B,D,81.22000000000014,4.0,8.88888888888889,0.6577777777777778,1.0,1.0,1,126.66515418730114
scenario_3_multi_region_ep09_d081,scenario_3_multi_region_ep09,scenario_3_multi_region,81,2026-08-01T09:40:30,C,D,81.22000000000014,4.0,8.88888888888889,0.6577777777777778,1.0,1.0,1,91.0536206824388
scenario_3_multi_region_ep09_d081,scenario_3_multi_region_ep09,scenario_3_multi_region,81,2026-08-01T09:40:30,D,D,81.22000000000014,0.0,0.0,0.0,0.0,1.0,1,111.78558852921128
scenario_3_multi_region_ep09_d084,scenario_3_multi_region_ep09,scenario_3_multi_region,84,2026-08-01T09:42:00,A,B,80.98000000000015,4.0,8.88888888888889,0.6577777777777778,1.0,1.0,1,347.52403922371127
scenario_3_multi_region_ep09_d084,scenario_3_multi_region_ep09,scenario_3_multi_region,84,2026-08-01T09:42:00,B,B,80.98000000000015,0.0,0.0,0.0,0.0,1.0,1,124.92983604609776
scenario_3_multi_region_ep09_d084,scenario_3_multi_region_ep09,scenario_3_multi_region,84,2026-08-01T09:42:00,C,B,80.98000000000015,5.656854249492381,12.570787221094179,0.9302382543609693,1.0,1.0,1,91.33897358710897
scenario_3_multi_region_ep09_d084,scenario_3_multi_region_ep09,scenario_3_multi_region,84,2026-08-01T09:42:00,D,B,80.98000000000015,4.0,8.88888888888889,0.6577777777777778,1.0,1.0,1,110.87911837938418
scenario_3_multi_region_ep09_d087,scenario_3_multi_region_ep09,scenario_3_multi_region,87,2026-08-01T09:43:30,A,C,80.74000000000015,4.0,8.88888888888889,0.6577777777777778,1.0,1.0,1,331.1785080475937
scenario_3_multi_region_ep09_d087,scenario_3_multi_region_ep09,scenario_3_multi_region,87,2026-08-01T09:43:30,B,C,80.74000000000015,5.656854249492381,12.570787221094179,0.9302382543609693,1.0,1.0,1,123.12229422998348
scenario_3_multi_region_ep09_d087,scenario_3_multi_region_ep09,scenario_3_multi_region,87,2026-08-01T09:43:30,C,C,80.74000000000015,0.0,0.0,0.0,0.0,1.0,1,91.43716356615755
scenario_3_multi_region_ep09_d087,scenario_3_multi_region_ep09,scenario_3_multi_region,87,2026-08-01T09:43:30,D,C,80.74000000000015,4.0,8.88888888888889,0.6577777777777778,1.0,1.0,1,109.85425174861825
scenario_3_multi_region_ep10_d012,scenario_3_multi_region_ep10,scenario_3_multi_region,12,2026-08-01T09:06:00,A,C,86.04000000000002,4.0,8.88888888888889,0.6577777777777778,1.0,1.0,1,198.3165728726475
scenario_3_multi_region_ep10_d012,scenario_3_multi_region_ep10,scenario_3_multi_region,12,2026-08-01T09:06:00,B,C,86.04000000000002,5.656854249492381,12.570787221094179,0.9302382543609693,1.0,1.0,1,38.729893380103135
scenario_3_multi_region_ep10_d012,scenario_3_multi_region_ep10,scenario_3_multi_region,12,2026-08-01T09:06:00,C,C,86.04000000000002,0.0,0.0,0.0,0.0,1.0,1,40.45866714335864
scenario_3_multi_region_ep10_d012,scenario_3_multi_region_ep10,scenario_3_multi_region,12,2026-08-01T09:06:00,D,C,86.04000000000002,4.0,8.88888888888889,0.6577777777777778,1.0,1.0,1,34.40591860951281
scenario_3_multi_region_ep10_d015,scenario_3_multi_region_ep10,scenario_3_multi_region,15,2026-08-01T09:07:30,A,D,85.80000000000003,5.656854249492381,12.570787221094179,0.9302382543609693,1.0,1.0,1,263.0297132736804
scenario_3_multi_region_ep10_d015,scenario_3_multi_region_ep10,scenario_3_multi_region,15,2026-08-01T09:07:30,B,D,85.80000000000003,4.0,8.88888888888889,0.6577777777777778,1.0,1.0,1,43.72060076331786
scenario_3_multi_region_ep10_d015,scenario_3_multi_region_ep10,scenario_3_multi_region,15,2026-08-01T09:07:30,C,D,85.80000000000003,4.0,8.88888888888889,0.6577777777777778,1.0,1.0,1,40.96040244274377
scenario_3_multi_region_ep10_d015,scenario_3_multi_region_ep10,scenario_3_multi_region,15,2026-08-01T09:07:30,D,D,85.80000000000003,0.0,0.0,0.0,0.0,1.0,1,35.388974889352994
scenario_3_multi_region_ep10_d018,scenario_3_multi_region_ep10,scenario_3_multi_region,18,2026-08-01T09:09:00,A,B,85.56000000000003,4.0,8.88888888888889,0.6577777777777778,1.0,1.0,1,346.1910737579615
scenario_3_multi_region_ep10_d018,scenario_3_multi_region_ep10,scenario_3_multi_region,18,2026-08-01T09:09:00,B,B,85.56000000000003,0.0,0.0,0.0,0.0,1.0,1,49.93855999377979
scenario_3_multi_region_ep10_d018,scenario_3_multi_region_ep10,scenario_3_multi_region,18,2026-08-01T09:09:00,C,B,85.56000000000003,5.656854249492381,12.570787221094179,0.9302382543609693,1.0,1.0,1,42.280193269582696
scenario_3_multi_region_ep10_d018,scenario_3_multi_region_ep10,scenario_3_multi_region,18,2026-08-01T09:09:00,D,B,85.56000000000003,4.0,8.88888888888889,0.6577777777777778,1.0,1.0,1,37.42523009318302
scenario_3_multi_region_ep10_d021,scenario_3_multi_region_ep10,scenario_3_multi_region,21,2026-08-01T09:10:30,A,C,85.32000000000004,4.0,8.88888888888889,0.6577777777777778,1.0,1.0,1,434.0453416291915
scenario_3_multi_region_ep10_d021,scenario_3_multi_region_ep10,scenario_3_multi_region,21,2026-08-01T09:10:30,B,C,85.32000000000004,5.656854249492381,12.570787221094179,0.9302382543609693,1.0,1.0,1,57.771573278358346
scenario_3_multi_region_ep10_d021,scenario_3_multi_region_ep10,scenario_3_multi_region,21,2026-08-01T09:10:30,C,C,85.32000000000004,0.0,0.0,0.0,0.0,1.0,1,44.70244511916303
scenario_3_multi_region_ep10_d021,scenario_3_multi_region_ep10,scenario_3_multi_region,21,2026-08-01T09:10:30,D,C,85.32000000000004,4.0,8.88888888888889,0.6577777777777778,1.0,1.0,1,41.09995256523075
scenario_3_multi_region_ep10_d024,scenario_3_multi_region_ep10,scenario_3_multi_region,24,2026-08-01T09:12:00,A,A,85.08000000000004,0.0,0.0,0.0,0.0,1.0,1,512.3878025417529
scenario_3_multi_region_ep10_d024,scenario_3_multi_region_ep10,scenario_3_multi_region,24,2026-08-01T09:12:00,B,A,85.08000000000004,4.0,8.88888888888889,0.6577777777777778,1.0,1.0,1,67.48471197885306
scenario_3_multi_region_ep10_d024,scenario_3_multi_region_ep10,scenario_3_multi_region,24,2026-08-01T09:12:00,C,A,85.08000000000004,4.0,8.88888888888889,0.6577777777777778,1.0,1.0,1,47.61326473918393
scenario_3_multi_region_ep10_d024,scenario_3_multi_region_ep10,scenario_3_multi_region,24,2026-08-01T09:12:00,D,A,85.08000000000004,5.656854249492381,12.570787221094179,0.9302382543609693,1.0,1.0,1,45.62880952022715
scenario_3_multi_region_ep10_d027,scenario_3_multi_region_ep10,scenario_3_multi_region,27,2026-08-01T09:13:30,A,B,84.84000000000005,4.0,8.88888888888889,0.6577777777777778,1.0,1.0,1,589.4620799150787
scenario_3_multi_region_ep10_d027,scenario_3_multi_region_ep10,scenario_3_multi_region,27,2026-08-01T09:13:30,B,B,84.84000000000005,0.0,0.0,0.0,0.0,1.0,1,75.93387007016145
scenario_3_multi_region_ep10_d027,scenario_3_multi_region_ep10,scenario_3_multi_region,27,2026-08-01T09:13:30,C,B,84.84000000000005,5.656854249492381,12.570787221094179,0.9302382543609693,1.0,1.0,1,51.18001491738278
scenario_3_multi_region_ep10_d027,scenario_3_multi_region_ep10,scenario_3_multi_region,27,2026-08-01T09:13:30,D,B,84.84000000000005,4.0,8.88888888888889,0.6577777777777778,1.0,1.0,1,51.653435969010616
scenario_3_multi_region_ep10_d030,scenario_3_multi_region_ep10,scenario_3_multi_region,30,2026-08-01T09:15:00,A,D,84.60000000000005,5.656854249492381,12.570787221094179,0.9302382543609693,1.0,1.0,1,641.1712107634082
scenario_3_multi_region_ep10_d030,scenario_3_multi_region_ep10,scenario_3_multi_region,30,2026-08-01T09:15:00,B,D,84.60000000000005,4.0,8.88888888888889,0.6577777777777778,1.0,1.0,1,85.48970742639472
scenario_3_multi_region_ep10_d030,scenario_3_multi_region_ep10,scenario_3_multi_region,30,2026-08-01T09:15:00,C,D,84.60000000000005,4.0,8.88888888888889,0.6577777777777778,1.0,1.0,1,55.04093509740346
scenario_3_multi_region_ep10_d030,scenario_3_multi_region_ep10,scenario_3_multi_region,30,2026-08-01T09:15:00,D,D,84.60000000000005,0.0,0.0,0.0,0.0,1.0,1,58.463283755203065
scenario_3_multi_region_ep10_d033,scenario_3_multi_region_ep10,scenario_3_multi_region,33,2026-08-01T09:16:30,A,A,84.36000000000006,0.0,0.0,0.0,0.0,1.0,1,696.1762065745086
scenario_3_multi_region_ep10_d033,scenario_3_multi_region_ep10,scenario_3_multi_region,33,2026-08-01T09:16:30,B,A,84.36000000000006,4.0,8.88888888888889,0.6577777777777778,1.0,1.0,1,95.086723612289
scenario_3_multi_region_ep10_d033,scenario_3_multi_region_ep10,scenario_3_multi_region,33,2026-08-01T09:16:30,C,A,84.36000000000006,4.0,8.88888888888889,0.6577777777777778,1.0,1.0,1,59.6018415077765
scenario_3_multi_region_ep10_d033,scenario_3_multi_region_ep10,scenario_3_multi_region,33,2026-08-01T09:16:30,D,A,84.36000000000006,5.656854249492381,12.570787221094179,0.9302382543609693,1.0,1.0,1,66.97159981240088
scenario_3_multi_region_ep10_d036,scenario_3_multi_region_ep10,scenario_3_multi_region,36,2026-08-01T09:18:00,A,C,84.12000000000006,4.0,8.88888888888889,0.6577777777777778,1.0,1.0,1,723.6945455459982
scenario_3_multi_region_ep10_d036,scenario_3_multi_region_ep10,scenario_3_multi_region,36,2026-08-01T09:18:00,B,C,84.12000000000006,5.656854249492381,12.570787221094179,0.9302382543609693,1.0,1.0,1,105.34287021415048
scenario_3_multi_region_ep10_d036,scenario_3_multi_region_ep10,scenario_3_multi_region,36,2026-08-01T09:18:00,C,C,84.12000000000006,0.0,0.0,0.0,0.0,1.0,1,64.19300305423212
scenario_3_multi_region_ep10_d036,scenario_3_multi_region_ep10,scenario_3_multi_region,36,2026-08-01T09:18:00,D,C,84.12000000000006,4.0,8.88888888888889,0.6577777777777778,1.0,1.0,1,75.26245246494341
scenario_3_multi_region_ep10_d039,scenario_3_multi_region_ep10,scenario_3_multi_region,39,2026-08-01T09:19:30,A,D,83.88000000000007,5.656854249492381,12.570787221094179,0.9302382543609693,1.0,1.0,1,734.0250242938357
scenario_3_multi_region_ep10_d039,scenario_3_multi_region_ep10,scenario_3_multi_region,39,2026-08-01T09:19:30,B,D,83.88000000000007,4.0,8.88888888888889,0.6577777777777778,1.0,1.0,1,113.73172949438504
scenario_3_multi_region_ep10_d039,scenario_3_multi_region_ep10,scenario_3_multi_region,39,2026-08-01T09:19:30,C,D,83.88000000000007,4.0,8.88888888888889,0.6577777777777778,1.0,1.0,1,68.83371176480341
scenario_3_multi_region_ep10_d039,scenario_3_multi_region_ep10,scenario_3_multi_region,39,2026-08-01T09:19:30,D,D,83.88000000000007,0.0,0.0,0.0,0.0,1.0,1,83.08682856032897
scenario_3_multi_region_ep10_d042,scenario_3_multi_region_ep10,scenario_3_multi_region,42,2026-08-01T09:21:00,A,B,83.64000000000007,4.0,8.88888888888889,0.6577777777777778,1.0,1.0,1,714.6587019725309
scenario_3_multi_region_ep10_d042,scenario_3_multi_region_ep10,scenario_3_multi_region,42,2026-08-01T09:21:00,B,B,83.64000000000007,0.0,0.0,0.0,0.0,1.0,1,121.67812329099866
scenario_3_multi_region_ep10_d042,scenario_3_multi_region_ep10,scenario_3_multi_region,42,2026-08-01T09:21:00,C,B,83.64000000000007,5.656854249492381,12.570787221094179,0.9302382543609693,1.0,1.0,1,73.15185592100761
scenario_3_multi_region_ep10_d042,scenario_3_multi_region_ep10,scenario_3_multi_region,42,2026-08-01T09:21:00,D,B,83.64000000000007,4.0,8.88888888888889,0.6577777777777778,1.0,1.0,1,90.58445858825553
scenario_3_multi_region_ep10_d045,scenario_3_multi_region_ep10,scenario_3_multi_region,45,2026-08-01T09:22:30,A,C,83.40000000000008,4.0,8.88888888888889,0.6577777777777778,1.0,1.0,1,691.5985947119282
scenario_3_multi_region_ep10_d045,scenario_3_multi_region_ep10,scenario_3_multi_region,45,2026-08-01T09:22:30,B,C,83.40000000000008,5.656854249492381,12.570787221094179,0.9302382543609693,1.0,1.0,1,129.84957932947145
scenario_3_multi_region_ep10_d045,scenario_3_multi_region_ep10,scenario_3_multi_region,45,2026-08-01T09:22:30,C,C,83.40000000000008,0.0,0.0,0.0,0.0,1.0,1,77.542293991404
scenario_3_multi_region_ep10_d045,scenario_3_multi_region_ep10,scenario_3_multi_region,45,2026-08-01T09:22:30,D,C,83.40000000000008,4.0,8.88888888888889,0.6577777777777778,1.0,1.0,1,98.15513930421207
scenario_3_multi_region_ep10_d048,scenario_3_multi_region_ep10,scenario_3_multi_region,48,2026-08-01T09:24:00,A,A,83.16000000000008,0.0,0.0,0.0,0.0,1.0,1,655.949840613936
scenario_3_multi_region_ep10_d048,scenario_3_multi_region_ep10,scenario_3_multi_region,48,2026-08-01T09:24:00,B,A,83.16000000000008,4.0,8.88888888888889,0.6577777777777778,1.0,1.0,1,134.737071838455
scenario_3_multi_region_ep10_d048,scenario_3_multi_region_ep10,scenario_3_multi_region,48,2026-08-01T09:24:00,C,A,83.16000000000008,4.0,8.88888888888889,0.6577777777777778,1.0,1.0,1,81.32045236645627
scenario_3_multi_region_ep10_d048,scenario_3_multi_region_ep10,scenario_3_multi_region,48,2026-08-01T09:24:00,D,A,83.16000000000008,5.656854249492381,12.570787221094179,0.9302382543609693,1.0,1.0,1,103.70233456604365
scenario_3_multi_region_ep10_d051,scenario_3_multi_region_ep10,scenario_3_multi_region,51,2026-08-01T09:25:30,A,B,82.92000000000009,4.0,8.88888888888889,0.6577777777777778,1.0,1.0,1,622.4299851165283
scenario_3_multi_region_ep10_d051,scenario_3_multi_region_ep10,scenario_3_multi_region,51,2026-08-01T09:25:30,B,B,82.92000000000009,0.0,0.0,0.0,0.0,1.0,1,138.25656248699897
scenario_3_multi_region_ep10_d051,scenario_3_multi_region_ep10,scenario_3_multi_region,51,2026-08-01T09:25:30,C,B,82.92000000000009,5.656854249492381,12.570787221094179,0.9302382543609693,1.0,1.0,1,84.69597639088056
scenario_3_multi_region_ep10_d051,scenario_3_multi_region_ep10,scenario_3_multi_region,51,2026-08-01T09:25:30,D,B,82.92000000000009,4.0,8.88888888888889,0.6577777777777778,1.0,1.0,1,108.79854423519396
scenario_3_multi_region_ep10_d054,scenario_3_multi_region_ep10,scenario_3_multi_region,54,2026-08-01T09:27:00,A,D,82.68000000000009,5.656854249492381,12.570787221094179,0.9302382543609693,1.0,1.0,1,590.8463320205815
scenario_3_multi_region_ep10_d054,scenario_3_multi_region_ep10,scenario_3_multi_region,54,2026-08-01T09:27:00,B,D,82.68000000000009,4.0,8.88888888888889,0.6577777777777778,1.0,1.0,1,140.03395322416236
scenario_3_multi_region_ep10_d054,scenario_3_multi_region_ep10,scenario_3_multi_region,54,2026-08-01T09:27:00,C,D,82.68000000000009,4.0,8.88888888888889,0.6577777777777778,1.0,1.0,1,87.63871718488531
scenario_3_multi_region_ep10_d054,scenario_3_multi_region_ep10,scenario_3_multi_region,54,2026-08-01T09:27:00,D,D,82.68000000000009,0.0,0.0,0.0,0.0,1.0,1,111.77518060581383
scenario_3_multi_region_ep10_d057,scenario_3_multi_region_ep10,scenario_3_multi_region,57,2026-08-01T09:28:30,A,A,82.4400000000001,0.0,0.0,0.0,0.0,1.0,1,561.1004713094419
scenario_3_multi_region_ep10_d057,scenario_3_multi_region_ep10,scenario_3_multi_region,57,2026-08-01T09:28:30,B,A,82.4400000000001,4.0,8.88888888888889,0.6577777777777778,1.0,1.0,1,140.03499252688198
scenario_3_multi_region_ep10_d057,scenario_3_multi_region_ep10,scenario_3_multi_region,57,2026-08-01T09:28:30,C,A,82.4400000000001,4.0,8.88888888888889,0.6577777777777778,1.0,1.0,1,90.20237492983142
scenario_3_multi_region_ep10_d057,scenario_3_multi_region_ep10,scenario_3_multi_region,57,2026-08-01T09:28:30,D,A,82.4400000000001,5.656854249492381,12.570787221094179,0.9302382543609693,1.0,1.0,1,114.40153378934042
scenario_3_multi_region_ep10_d060,scenario_3_multi_region_ep10,scenario_3_multi_region,60,2026-08-01T09:30:00,A,C,82.2000000000001,4.0,8.88888888888889,0.6577777777777778,1.0,1.0,1,533.0424851183582
scenario_3_multi_region_ep10_d060,scenario_3_multi_region_ep10,scenario_3_multi_region,60,2026-08-01T09:30:00,B,C,82.2000000000001,5.656854249492381,12.570787221094179,0.9302382543609693,1.0,1.0,1,139.46993370063683
scenario_3_multi_region_ep10_d060,scenario_3_multi_region_ep10,scenario_3_multi_region,60,2026-08-01T09:30:00,C,C,82.2000000000001,0.0,0.0,0.0,0.0,1.0,1,92.37937500881162
scenario_3_multi_region_ep10_d060,scenario_3_multi_region_ep10,scenario_3_multi_region,60,2026-08-01T09:30:00,D,C,82.2000000000001,4.0,8.88888888888889,0.6577777777777778,1.0,1.0,1,115.68746636992228
scenario_3_multi_region_ep10_d063,scenario_3_multi_region_ep10,scenario_3_multi_region,63,2026-08-01T09:31:30,A,D,81.96000000000011,5.656854249492381,12.570787221094179,0.9302382543609693,1.0,1.0,1,506.5609340032461
scenario_3_multi_region_ep10_d063,scenario_3_multi_region_ep10,scenario_3_multi_region,63,2026-08-01T09:31:30,B,D,81.96000000000011,4.0,8.88888888888889,0.6577777777777778,1.0,1.0,1,138.69056368545876
scenario_3_multi_region_ep10_d063,scenario_3_multi_region_ep10,scenario_3_multi_region,63,2026-08-01T09:31:30,C,D,81.96000000000011,4.0,8.88888888888889,0.6577777777777778,1.0,1.0,1,94.19148141427286
scenario_3_multi_region_ep10_d063,scenario_3_multi_region_ep10,scenario_3_multi_region,63,2026-08-01T09:31:30,D,D,81.96000000000011,0.0,0.0,0.0,0.0,1.0,1,116.22459225746479
scenario_3_multi_region_ep10_d066,scenario_3_multi_region_ep10,scenario_3_multi_region,66,2026-08-01T09:33:00,A,B,81.72000000000011,4.0,8.88888888888889,0.6577777777777778,1.0,1.0,1,481.56742550172544
scenario_3_multi_region_ep10_d066,scenario_3_multi_region_ep10,scenario_3_multi_region,66,2026-08-01T09:33:00,B,B,81.72000000000011,0.0,0.0,0.0,0.0,1.0,1,137.7248906666689
scenario_3_multi_region_ep10_d066,scenario_3_multi_region_ep10,scenario_3_multi_region,66,2026-08-01T09:33:00,C,B,81.72000000000011,5.656854249492381,12.570787221094179,0.9302382543609693,1.0,1.0,1,95.67495217882743
scenario_3_multi_region_ep10_d066,scenario_3_multi_region_ep10,scenario_3_multi_region,66,2026-08-01T09:33:00,D,B,81.72000000000011,4.0,8.88888888888889,0.6577777777777778,1.0,1.0,1,116.50260814095759
scenario_3_multi_region_ep10_d069,scenario_3_multi_region_ep10,scenario_3_multi_region,69,2026-08-01T09:34:30,A,C,81.48000000000012,4.0,8.88888888888889,0.6577777777777778,1.0,1.0,1,457.97220209771535
scenario_3_multi_region_ep10_d069,scenario_3_multi_region_ep10,scenario_3_multi_region,69,2026-08-01T09:34:30,B,C,81.48000000000012,5.656854249492381,12.570787221094179,0.9302382543609693,1.0,1.0,1,136.5920047280365
scenario_3_multi_region_ep10_d069,scenario_3_multi_region_ep10,scenario_3_multi_region,69,2026-08-01T09:34:30,C,C,81.48000000000012,0.0,0.0,0.0,0.0,1.0,1,96.85667652622647
scenario_3_multi_region_ep10_d069,scenario_3_multi_region_ep10,scenario_3_multi_region,69,2026-08-01T09:34:30,D,C,81.48000000000012,4.0,8.88888888888889,0.6577777777777778,1.0,1.0,1,116.54462616481328
scenario_3_multi_region_ep10_d072,scenario_3_multi_region_ep10,scenario_3_multi_region,72,2026-08-01T09:36:00,A,A,81.24000000000012,0.0,0.0,0.0,0.0,1.0,1,435.69111667583593
scenario_3_multi_region_ep10_d072,scenario_3_multi_region_ep10,scenario_3_multi_region,72,2026-08-01T09:36:00,B,A,81.24000000000012,4.0,8.88888888888889,0.6577777777777778,1.0,1.0,1,135.30954268868777
scenario_3_multi_region_ep10_d072,scenario_3_multi_region_ep10,scenario_3_multi_region,72,2026-08-01T09:36:00,C,A,81.24000000000012,4.0,8.88888888888889,0.6577777777777778,1.0,1.0,1,97.76166424845906
scenario_3_multi_region_ep10_d072,scenario_3_multi_region_ep10,scenario_3_multi_region,72,2026-08-01T09:36:00,D,A,81.24000000000012,5.656854249492381,12.570787221094179,0.9302382543609693,1.0,1.0,1,116.37208330546446
scenario_3_multi_region_ep10_d075,scenario_3_multi_region_ep10,scenario_3_multi_region,75,2026-08-01T09:37:30,A,B,81.00000000000013,4.0,8.88888888888889,0.6577777777777778,1.0,1.0,1,414.6452759623269
scenario_3_multi_region_ep10_d075,scenario_3_multi_region_ep10,scenario_3_multi_region,75,2026-08-01T09:37:30,B,B,81.00000000000013,0.0,0.0,0.0,0.0,1.0,1,133.89378925791084
scenario_3_multi_region_ep10_d075,scenario_3_multi_region_ep10,scenario_3_multi_region,75,2026-08-01T09:37:30,C,B,81.00000000000013,5.656854249492381,12.570787221094179,0.9302382543609693,1.0,1.0,1,98.41317007002658
scenario_3_multi_region_ep10_d075,scenario_3_multi_region_ep10,scenario_3_multi_region,75,2026-08-01T09:37:30,D,B,81.00000000000013,4.0,8.88888888888889,0.6577777777777778,1.0,1.0,1,116.0048547503925
scenario_3_multi_region_ep10_d078,scenario_3_multi_region_ep10,scenario_3_multi_region,78,2026-08-01T09:39:00,A,D,80.76000000000013,5.656854249492381,12.570787221094179,0.9302382543609693,1.0,1.0,1,394.76070679478494
scenario_3_multi_region_ep10_d078,scenario_3_multi_region_ep10,scenario_3_multi_region,78,2026-08-01T09:39:00,B,D,80.76000000000013,4.0,8.88888888888889,0.6577777777777778,1.0,1.0,1,132.35977139728902
scenario_3_multi_region_ep10_d078,scenario_3_multi_region_ep10,scenario_3_multi_region,78,2026-08-01T09:39:00,C,D,80.76000000000013,4.0,8.88888888888889,0.6577777777777778,1.0,1.0,1,98.83280996058284
scenario_3_multi_region_ep10_d078,scenario_3_multi_region_ep10,scenario_3_multi_region,78,2026-08-01T09:39:00,D,D,80.76000000000013,0.0,0.0,0.0,0.0,1.0,1,115.46135981225734
scenario_3_multi_region_ep10_d081,scenario_3_multi_region_ep10,scenario_3_multi_region,81,2026-08-01T09:40:30,A,A,80.52000000000014,0.0,0.0,0.0,0.0,1.0,1,375.9680437544903
scenario_3_multi_region_ep10_d081,scenario_3_multi_region_ep10,scenario_3_multi_region,81,2026-08-01T09:40:30,B,A,80.52000000000014,4.0,8.88888888888889,0.6577777777777778,1.0,1.0,1,130.72134633884798
scenario_3_multi_region_ep10_d081,scenario_3_multi_region_ep10,scenario_3_multi_region,81,2026-08-01T09:40:30,C,A,80.52000000000014,4.0,8.88888888888889,0.6577777777777778,1.0,1.0,1,99.04066991263198
scenario_3_multi_region_ep10_d081,scenario_3_multi_region_ep10,scenario_3_multi_region,81,2026-08-01T09:40:30,D,A,80.52000000000014,5.656854249492381,12.570787221094179,0.9302382543609693,1.0,1.0,1,114.75866086373208
scenario_3_multi_region_ep10_d084,scenario_3_multi_region_ep10,scenario_3_multi_region,84,2026-08-01T09:42:00,A,C,80.28000000000014,4.0,8.88888888888889,0.6577777777777778,1.0,1.0,1,358.2022367893737
scenario_3_multi_region_ep10_d084,scenario_3_multi_region_ep10,scenario_3_multi_region,84,2026-08-01T09:42:00,B,C,80.28000000000014,5.656854249492381,12.570787221094179,0.9302382543609693,1.0,1.0,1,128.99128367850017
scenario_3_multi_region_ep10_d084,scenario_3_multi_region_ep10,scenario_3_multi_region,84,2026-08-01T09:42:00,C,C,80.28000000000014,0.0,0.0,0.0,0.0,1.0,1,99.05540766783406
scenario_3_multi_region_ep10_d084,scenario_3_multi_region_ep10,scenario_3_multi_region,84,2026-08-01T09:42:00,D,C,80.28000000000014,4.0,8.88888888888889,0.6577777777777778,1.0,1.0,1,113.9125557471823
scenario_3_multi_region_ep10_d087,scenario_3_multi_region_ep10,scenario_3_multi_region,87,2026-08-01T09:43:30,A,D,80.04000000000015,5.656854249492381,12.570787221094179,0.9302382543609693,1.0,1.0,1,341.40227754391844
scenario_3_multi_region_ep10_d087,scenario_3_multi_region_ep10,scenario_3_multi_region,87,2026-08-01T09:43:30,B,D,80.04000000000015,4.0,8.88888888888889,0.6577777777777778,1.0,1.0,1,127.18134193662445
scenario_3_multi_region_ep10_d087,scenario_3_multi_region_ep10,scenario_3_multi_region,87,2026-08-01T09:43:30,C,D,80.04000000000015,4.0,8.88888888888889,0.6577777777777778,1.0,1.0,1,98.89434784463788
scenario_3_multi_region_ep10_d087,scenario_3_multi_region_ep10,scenario_3_multi_region,87,2026-08-01T09:43:30,D,D,80.04000000000015,0.0,0.0,0.0,0.0,1.0,1,112.93766408398415
scenario_3_multi_region_ep11_d012,scenario_3_multi_region_ep11,scenario_3_multi_region,12,2026-08-01T09:06:00,A,D,85.34000000000002,5.656854249492381,12.570787221094179,0.9302382543609693,1.0,1.0,1,191.09667796657743
scenario_3_multi_region_ep11_d012,scenario_3_multi_region_ep11,scenario_3_multi_region,12,2026-08-01T09:06:00,B,D,85.34000000000002,4.0,8.88888888888889,0.6577777777777778,1.0,1.0,1,32.84043129559757
scenario_3_multi_region_ep11_d012,scenario_3_multi_region_ep11,scenario_3_multi_region,12,2026-08-01T09:06:00,C,D,85.34000000000002,4.0,8.88888888888889,0.6577777777777778,1.0,1.0,1,42.40441396879646
scenario_3_multi_region_ep11_d012,scenario_3_multi_region_ep11,scenario_3_multi_region,12,2026-08-01T09:06:00,D,D,85.34000000000002,0.0,0.0,0.0,0.0,1.0,1,36.73148870543844
scenario_3_multi_region_ep11_d015,scenario_3_multi_region_ep11,scenario_3_multi_region,15,2026-08-01T09:07:30,A,A,85.10000000000002,0.0,0.0,0.0,0.0,1.0,1,261.745154909962
scenario_3_multi_region_ep11_d015,scenario_3_multi_region_ep11,scenario_3_multi_region,15,2026-08-01T09:07:30,B,A,85.10000000000002,4.0,8.88888888888889,0.6577777777777778,1.0,1.0,1,37.95202100375343
scenario_3_multi_region_ep11_d015,scenario_3_multi_region_ep11,scenario_3_multi_region,15,2026-08-01T09:07:30,C,A,85.10000000000002,4.0,8.88888888888889,0.6577777777777778,1.0,1.0,1,42.812696333466874
scenario_3_multi_region_ep11_d015,scenario_3_multi_region_ep11,scenario_3_multi_region,15,2026-08-01T09:07:30,D,A,85.10000000000002,5.656854249492381,12.570787221094179,0.9302382543609693,1.0,1.0,1,37.596824041218724
scenario_3_multi_region_ep11_d018,scenario_3_multi_region_ep11,scenario_3_multi_region,18,2026-08-01T09:09:00,A,C,84.86000000000003,4.0,8.88888888888889,0.6577777777777778,1.0,1.0,1,349.77887517821307
scenario_3_multi_region_ep11_d018,scenario_3_multi_region_ep11,scenario_3_multi_region,18,2026-08-01T09:09:00,B,C,84.86000000000003,5.656854249492381,12.570787221094179,0.9302382543609693,1.0,1.0,1,45.306795215114334
scenario_3_multi_region_ep11_d018,scenario_3_multi_region_ep11,scenario_3_multi_region,18,2026-08-01T09:09:00,C,C,84.86000000000003,0.0,0.0,0.0,0.0,1.0,1,44.148976704201004
scenario_3_multi_region_ep11_d018,scenario_3_multi_region_ep11,scenario_3_multi_region,18,2026-08-01T09:09:00,D,C,84.86000000000003,4.0,8.88888888888889,0.6577777777777778,1.0,1.0,1,39.67322878803816
scenario_3_multi_region_ep11_d021,scenario_3_multi_region_ep11,scenario_3_multi_region,21,2026-08-01T09:10:30,A,D,84.62000000000003,5.656854249492381,12.570787221094179,0.9302382543609693,1.0,1.0,1,451.7267323969354
scenario_3_multi_region_ep11_d021,scenario_3_multi_region_ep11,scenario_3_multi_region,21,2026-08-01T09:10:30,B,D,84.62000000000003,4.0,8.88888888888889,0.6577777777777778,1.0,1.0,1,53.589848136639375
scenario_3_multi_region_ep11_d021,scenario_3_multi_region_ep11,scenario_3_multi_region,21,2026-08-01T09:10:30,C,D,84.62000000000003,4.0,8.88888888888889,0.6577777777777778,1.0,1.0,1,46.638560698913125
scenario_3_multi_region_ep11_d021,scenario_3_multi_region_ep11,scenario_3_multi_region,21,2026-08-01T09:10:30,D,D,84.62000000000003,0.0,0.0,0.0,0.0,1.0,1,43.28412024097224
scenario_3_multi_region_ep11_d024,scenario_3_multi_region_ep11,scenario_3_multi_region,24,2026-08-01T09:12:00,A,B,84.38000000000004,4.0,8.88888888888889,0.6577777777777778,1.0,1.0,1,511.1766987061096
scenario_3_multi_region_ep11_d024,scenario_3_multi_region_ep11,scenario_3_multi_region,24,2026-08-01T09:12:00,B,B,84.38000000000004,0.0,0.0,0.0,0.0,1.0,1,63.676590176447235
scenario_3_multi_region_ep11_d024,scenario_3_multi_region_ep11,scenario_3_multi_region,24,2026-08-01T09:12:00,C,B,84.38000000000004,5.656854249492381,12.570787221094179,0.9302382543609693,1.0,1.0,1,49.15924818356666
scenario_3_multi_region_ep11_d024,scenario_3_multi_region_ep11,scenario_3_multi_region,24,2026-08-01T09:12:00,D,B,84.38000000000004,4.0,8.88888888888889,0.6577777777777778,1.0,1.0,1,47.543677838171334
scenario_3_multi_region_ep11_d027,scenario_3_multi_region_ep11,scenario_3_multi_region,27,2026-08-01T09:13:30,A,C,84.14000000000004,4.0,8.88888888888889,0.6577777777777778,1.0,1.0,1,594.8535001960292
scenario_3_multi_region_ep11_d027,scenario_3_multi_region_ep11,scenario_3_multi_region,27,2026-08-01T09:13:30,B,C,84.14000000000004,5.656854249492381,12.570787221094179,0.9302382543609693,1.0,1.0,1,72.76016183554066
scenario_3_multi_region_ep11_d027,scenario_3_multi_region_ep11,scenario_3_multi_region,27,2026-08-01T09:13:30,C,C,84.14000000000004,0.0,0.0,0.0,0.0,1.0,1,52.76890504856783
scenario_3_multi_region_ep11_d027,scenario_3_multi_region_ep11,scenario_3_multi_region,27,2026-08-01T09:13:30,D,C,84.14000000000004,4.0,8.88888888888889,0.6577777777777778,1.0,1.0,1,53.26774246557147
scenario_3_multi_region_ep11_d030,scenario_3_multi_region_ep11,scenario_3_multi_region,30,2026-08-01T09:15:00,A,A,83.90000000000005,0.0,0.0,0.0,0.0,1.0,1,647.3582537142477
scenario_3_multi_region_ep11_d030,scenario_3_multi_region_ep11,scenario_3_multi_region,30,2026-08-01T09:15:00,B,A,83.90000000000005,4.0,8.88888888888889,0.6577777777777778,1.0,1.0,1,82.55323248150489
scenario_3_multi_region_ep11_d030,scenario_3_multi_region_ep11,scenario_3_multi_region,30,2026-08-01T09:15:00,C,A,83.90000000000005,4.0,8.88888888888889,0.6577777777777778,1.0,1.0,1,56.487105135780894
scenario_3_multi_region_ep11_d030,scenario_3_multi_region_ep11,scenario_3_multi_region,30,2026-08-01T09:15:00,D,A,83.90000000000005,5.656854249492381,12.570787221094179,0.9302382543609693,1.0,1.0,1,60.19083574229262
scenario_3_multi_region_ep11_d033,scenario_3_multi_region_ep11,scenario_3_multi_region,33,2026-08-01T09:16:30,A,B,83.66000000000005,4.0,8.88888888888889,0.6577777777777778,1.0,1.0,1,695.8017828057802
scenario_3_multi_region_ep11_d033,scenario_3_multi_region_ep11,scenario_3_multi_region,33,2026-08-01T09:16:30,B,B,83.66000000000005,0.0,0.0,0.0,0.0,1.0,1,93.71791437884531
scenario_3_multi_region_ep11_d033,scenario_3_multi_region_ep11,scenario_3_multi_region,33,2026-08-01T09:16:30,C,B,83.66000000000005,5.656854249492381,12.570787221094179,0.9302382543609693,1.0,1.0,1,60.93078744002287
scenario_3_multi_region_ep11_d033,scenario_3_multi_region_ep11,scenario_3_multi_region,33,2026-08-01T09:16:30,D,B,83.66000000000005,4.0,8.88888888888889,0.6577777777777778,1.0,1.0,1,68.92356601440179
scenario_3_multi_region_ep11_d036,scenario_3_multi_region_ep11,scenario_3_multi_region,36,2026-08-01T09:18:00,A,D,83.42000000000006,5.656854249492381,12.570787221094179,0.9302382543609693,1.0,1.0,1,723.0983177588435
scenario_3_multi_region_ep11_d036,scenario_3_multi_region_ep11,scenario_3_multi_region,36,2026-08-01T09:18:00,B,D,83.42000000000006,4.0,8.88888888888889,0.6577777777777778,1.0,1.0,1,103.7355528621963
scenario_3_multi_region_ep11_d036,scenario_3_multi_region_ep11,scenario_3_multi_region,36,2026-08-01T09:18:00,C,D,83.42000000000006,4.0,8.88888888888889,0.6577777777777778,1.0,1.0,1,65.53753219935766
scenario_3_multi_region_ep11_d036,scenario_3_multi_region_ep11,scenario_3_multi_region,36,2026-08-01T09:18:00,D,D,83.42000000000006,0.0,0.0,0.0,0.0,1.0,1,77.06857368114811
scenario_3_multi_region_ep11_d039,scenario_3_multi_region_ep11,scenario_3_multi_region,39,2026-08-01T09:19:30,A,A,83.18000000000006,0.0,0.0,0.0,0.0,1.0,1,752.7950907152735
scenario_3_multi_region_ep11_d039,scenario_3_multi_region_ep11,scenario_3_multi_region,39,2026-08-01T09:19:30,B,A,83.18000000000006,4.0,8.88888888888889,0.6577777777777778,1.0,1.0,1,113.55015372725416
scenario_3_multi_region_ep11_d039,scenario_3_multi_region_ep11,scenario_3_multi_region,39,2026-08-01T09:19:30,C,A,83.18000000000006,4.0,8.88888888888889,0.6577777777777778,1.0,1.0,1,70.62201610259763
scenario_3_multi_region_ep11_d039,scenario_3_multi_region_ep11,scenario_3_multi_region,39,2026-08-01T09:19:30,D,A,83.18000000000006,5.656854249492381,12.570787221094179,0.9302382543609693,1.0,1.0,1,84.99740886387508
scenario_3_multi_region_ep11_d042,scenario_3_multi_region_ep11,scenario_3_multi_region,42,2026-08-01T09:21:00,A,C,82.94000000000007,4.0,8.88888888888889,0.6577777777777778,1.0,1.0,1,731.6735580711847
scenario_3_multi_region_ep11_d042,scenario_3_multi_region_ep11,scenario_3_multi_region,42,2026-08-01T09:21:00,B,C,82.94000000000007,5.656854249492381,12.570787221094179,0.9302382543609693,1.0,1.0,1,122.43975186367652
scenario_3_multi_region_ep11_d042,scenario_3_multi_region_ep11,scenario_3_multi_region,42,2026-08-01T09:21:00,C,C,82.94000000000007,0.0,0.0,0.0,0.0,1.0,1,74.95815549967392
scenario_3_multi_region_ep11_d042,scenario_3_multi_region_ep11,scenario_3_multi_region,42,2026-08-01T09:21:00,D,C,82.94000000000007,4.0,8.88888888888889,0.6577777777777778,1.0,1.0,1,93.17781950873177
scenario_3_multi_region_ep11_d045,scenario_3_multi_region_ep11,scenario_3_multi_region,45,2026-08-01T09:22:30,A,D,82.70000000000007,5.656854249492381,12.570787221094179,0.9302382543609693,1.0,1.0,1,701.1079567229147
scenario_3_multi_region_ep11_d045,scenario_3_multi_region_ep11,scenario_3_multi_region,45,2026-08-01T09:22:30,B,D,82.70000000000007,4.0,8.88888888888889,0.6577777777777778,1.0,1.0,1,129.57261485102595
scenario_3_multi_region_ep11_d045,scenario_3_multi_region_ep11,scenario_3_multi_region,45,2026-08-01T09:22:30,C,D,82.70000000000007,4.0,8.88888888888889,0.6577777777777778,1.0,1.0,1,79.19201234728416
scenario_3_multi_region_ep11_d045,scenario_3_multi_region_ep11,scenario_3_multi_region,45,2026-08-01T09:22:30,D,D,82.70000000000007,0.0,0.0,0.0,0.0,1.0,1,100.22250245265627
scenario_3_multi_region_ep11_d048,scenario_3_multi_region_ep11,scenario_3_multi_region,48,2026-08-01T09:24:00,A,B,82.46000000000008,4.0,8.88888888888889,0.6577777777777778,1.0,1.0,1,664.9521139329895
scenario_3_multi_region_ep11_d048,scenario_3_multi_region_ep11,scenario_3_multi_region,48,2026-08-01T09:24:00,B,B,82.46000000000008,0.0,0.0,0.0,0.0,1.0,1,134.6895320847418
scenario_3_multi_region_ep11_d048,scenario_3_multi_region_ep11,scenario_3_multi_region,48,2026-08-01T09:24:00,C,B,82.46000000000008,5.656854249492381,12.570787221094179,0.9302382543609693,1.0,1.0,1,82.96738315654966
scenario_3_multi_region_ep11_d048,scenario_3_multi_region_ep11,scenario_3_multi_region,48,2026-08-01T09:24:00,D,B,82.46000000000008,4.0,8.88888888888889,0.6577777777777778,1.0,1.0,1,105.79471574210265
scenario_3_multi_region_ep11_d051,scenario_3_multi_region_ep11,scenario_3_multi_region,51,2026-08-01T09:25:30,A,C,82.22000000000008,4.0,8.88888888888889,0.6577777777777778,1.0,1.0,1,630.9794930926548
scenario_3_multi_region_ep11_d051,scenario_3_multi_region_ep11,scenario_3_multi_region,51,2026-08-01T09:25:30,B,C,82.22000000000008,5.656854249492381,12.570787221094179,0.9302382543609693,1.0,1.0,1,139.3480086369375
scenario_3_multi_region_ep11_d051,scenario_3_multi_region_ep11,scenario_3_multi_region,51,2026-08-01T09:25:30,C,C,82.22000000000008,0.0,0.0,0.0,0.0,1.0,1,86.36208191649803
scenario_3_multi_region_ep11_d051,scenario_3_multi_region_ep11,scenario_3_multi_region,51,2026-08-01T09:25:30,D,C,82.22000000000008,4.0,8.88888888888889,0.6577777777777778,1.0,1.0,1,111.14824624906737
scenario_3_multi_region_ep11_d054,scenario_3_multi_region_ep11,scenario_3_multi_region,54,2026-08-01T09:27:00,A,A,81.98000000000009,0.0,0.0,0.0,0.0,1.0,1,598.9307111866879
scenario_3_multi_region_ep11_d054,scenario_3_multi_region_ep11,scenario_3_multi_region,54,2026-08-01T09:27:00,B,A,81.98000000000009,4.0,8.88888888888889,0.6577777777777778,1.0,1.0,1,140.48649745688886
scenario_3_multi_region_ep11_d054,scenario_3_multi_region_ep11,scenario_3_multi_region,54,2026-08-01T09:27:00,C,A,81.98000000000009,4.0,8.88888888888889,0.6577777777777778,1.0,1.0,1,89.28134973166857
scenario_3_multi_region_ep11_d054,scenario_3_multi_region_ep11,scenario_3_multi_region,54,2026-08-01T09:27:00,D,A,81.98000000000009,5.656854249492381,12.570787221094179,0.9302382543609693,1.0,1.0,1,113.91932287339455
scenario_3_multi_region_ep11_d057,scenario_3_multi_region_ep11,scenario_3_multi_region,57,2026-08-01T09:28:30,A,B,81.7400000000001,4.0,8.88888888888889,0.6577777777777778,1.0,1.0,1,568.7568257461276
scenario_3_multi_region_ep11_d057,scenario_3_multi_region_ep11,scenario_3_multi_region,57,2026-08-01T09:28:30,B,B,81.7400000000001,0.0,0.0,0.0,0.0,1.0,1,140.59163763547986
scenario_3_multi_region_ep11_d057,scenario_3_multi_region_ep11,scenario_3_multi_region,57,2026-08-01T09:28:30,C,B,81.7400000000001,5.656854249492381,12.570787221094179,0.9302382543609693,1.0,1.0,1,91.83029784039468
scenario_3_multi_region_ep11_d057,scenario_3_multi_region_ep11,scenario_3_multi_region,57,2026-08-01T09:28:30,D,B,81.7400000000001,4.0,8.88888888888889,0.6577777777777778,1.0,1.0,1,116.31166596934236
scenario_3_multi_region_ep11_d060,scenario_3_multi_region_ep11,scenario_3_multi_region,60,2026-08-01T09:30:00,A,D,81.5000000000001,5.656854249492381,12.570787221094179,0.9302382543609693,1.0,1.0,1,540.2945366432159
scenario_3_multi_region_ep11_d060,scenario_3_multi_region_ep11,scenario_3_multi_region,60,2026-08-01T09:30:00,B,D,81.5000000000001,4.0,8.88888888888889,0.6577777777777778,1.0,1.0,1,140.09769469736898
scenario_3_multi_region_ep11_d060,scenario_3_multi_region_ep11,scenario_3_multi_region,60,2026-08-01T09:30:00,C,D,81.5000000000001,4.0,8.88888888888889,0.6577777777777778,1.0,1.0,1,93.9897881362458
scenario_3_multi_region_ep11_d060,scenario_3_multi_region_ep11,scenario_3_multi_region,60,2026-08-01T09:30:00,D,D,81.5000000000001,0.0,0.0,0.0,0.0,1.0,1,117.44890390542378
scenario_3_multi_region_ep11_d063,scenario_3_multi_region_ep11,scenario_3_multi_region,63,2026-08-01T09:31:30,A,A,81.2600000000001,0.0,0.0,0.0,0.0,1.0,1,513.4341408449945
scenario_3_multi_region_ep11_d063,scenario_3_multi_region_ep11,scenario_3_multi_region,63,2026-08-01T09:31:30,B,A,81.2600000000001,4.0,8.88888888888889,0.6577777777777778,1.0,1.0,1,139.3832834427808
scenario_3_multi_region_ep11_d063,scenario_3_multi_region_ep11,scenario_3_multi_region,63,2026-08-01T09:31:30,C,A,81.2600000000001,4.0,8.88888888888889,0.6577777777777778,1.0,1.0,1,95.78502306667315
scenario_3_multi_region_ep11_d063,scenario_3_multi_region_ep11,scenario_3_multi_region,63,2026-08-01T09:31:30,D,A,81.2600000000001,5.656854249492381,12.570787221094179,0.9302382543609693,1.0,1.0,1,117.95864542471077
scenario_3_multi_region_ep11_d066,scenario_3_multi_region_ep11,scenario_3_multi_region,66,2026-08-01T09:33:00,A,C,81.02000000000011,4.0,8.88888888888889,0.6577777777777778,1.0,1.0,1,488.0833864595229
scenario_3_multi_region_ep11_d066,scenario_3_multi_region_ep11,scenario_3_multi_region,66,2026-08-01T09:33:00,B,C,81.02000000000011,5.656854249492381,12.570787221094179,0.9302382543609693,1.0,1.0,1,138.47464329256786
scenario_3_multi_region_ep11_d066,scenario_3_multi_region_ep11,scenario_3_multi_region,66,2026-08-01T09:33:00,C,C,81.02000000000011,0.0,0.0,0.0,0.0,1.0,1,97.24999404126766
scenario_3_multi_region_ep11_d066,scenario_3_multi_region_ep11,scenario_3_multi_region,66,2026-08-01T09:33:00,D,C,81.02000000000011,4.0,8.88888888888889,0.6577777777777778,1.0,1.0,1,118.2083690814568
scenario_3_multi_region_ep11_d069,scenario_3_multi_region_ep11,scenario_3_multi_region,69,2026-08-01T09:34:30,A,D,80.78000000000011,5.656854249492381,12.570787221094179,0.9302382543609693,1.0,1.0,1,464.15120931923843
scenario_3_multi_region_ep11_d069,scenario_3_multi_region_ep11,scenario_3_multi_region,69,2026-08-01T09:34:30,B,D,80.78000000000011,4.0,8.88888888888889,0.6577777777777778,1.0,1.0,1,137.39151072441268
scenario_3_multi_region_ep11_d069,scenario_3_multi_region_ep11,scenario_3_multi_region,69,2026-08-01T09:34:30,C,D,80.78000000000011,4.0,8.88888888888889,0.6577777777777778,1.0,1.0,1,98.41177421286011
scenario_3_multi_region_ep11_d069,scenario_3_multi_region_ep11,scenario_3_multi_region,69,2026-08-01T09:34:30,D,D,80.78000000000011,0.0,0.0,0.0,0.0,1.0,1,118.2213221588263
scenario_3_multi_region_ep11_d072,scenario_3_multi_region_ep11,scenario_3_multi_region,72,2026-08-01T09:36:00,A,B,80.54000000000012,4.0,8.88888888888889,0.6577777777777778,1.0,1.0,1,441.5522374076511
scenario_3_multi_region_ep11_d072,scenario_3_multi_region_ep11,scenario_3_multi_region,72,2026-08-01T09:36:00,B,B,80.54000000000012,0.0,0.0,0.0,0.0,1.0,1,136.15212210676555
scenario_3_multi_region_ep11_d072,scenario_3_multi_region_ep11,scenario_3_multi_region,72,2026-08-01T09:36:00,C,B,80.54000000000012,5.656854249492381,12.570787221094179,0.9302382543609693,1.0,1.0,1,99.29554338822618
scenario_3_multi_region_ep11_d072,scenario_3_multi_region_ep11,scenario_3_multi_region,72,2026-08-01T09:36:00,D,B,80.54000000000012,4.0,8.88888888888889,0.6577777777777778,1.0,1.0,1,118.01906613143888
scenario_3_multi_region_ep11_d075,scenario_3_multi_region_ep11,scenario_3_multi_region,75,2026-08-01T09:37:30,A,C,80.30000000000013,4.0,8.88888888888889,0.6577777777777778,1.0,1.0,1,420.20642909801563
scenario_3_multi_region_ep11_d075,scenario_3_multi_region_ep11,scenario_3_multi_region,75,2026-08-01T09:37:30,B,C,80.30000000000013,5.656854249492381,12.570787221094179,0.9302382543609693,1.0,1.0,1,134.77331808619897
scenario_3_multi_region_ep11_d075,scenario_3_multi_region_ep11,scenario_3_multi_region,75,2026-08-01T09:37:30,C,C,80.30000000000013,0.0,0.0,0.0,0.0,1.0,1,99.92471333024787
scenario_3_multi_region_ep11_d075,scenario_3_multi_region_ep11,scenario_3_multi_region,75,2026-08-01T09:37:30,D,C,80.30000000000013,4.0,8.88888888888889,0.6577777777777778,1.0,1.0,1,117.62159076422813
scenario_3_multi_region_ep11_d078,scenario_3_multi_region_ep11,scenario_3_multi_region,78,2026-08-01T09:39:00,A,A,80.06000000000013,0.0,0.0,0.0,0.0,1.0,1,400.0387345544857
scenario_3_multi_region_ep11_d078,scenario_3_multi_region_ep11,scenario_3_multi_region,78,2026-08-01T09:39:00,B,A,80.06000000000013,4.0,8.88888888888889,0.6577777777777778,1.0,1.0,1,133.270640964241
scenario_3_multi_region_ep11_d078,scenario_3_multi_region_ep11,scenario_3_multi_region,78,2026-08-01T09:39:00,C,A,80.06000000000013,4.0,8.88888888888889,0.6577777777777778,1.0,1.0,1,100.3210449480166
scenario_3_multi_region_ep11_d078,scenario_3_multi_region_ep11,scenario_3_multi_region,78,2026-08-01T09:39:00,D,A,80.06000000000013,5.656854249492381,12.570787221094179,0.9302382543609693,1.0,1.0,1,117.04742070042403
scenario_3_multi_region_ep11_d081,scenario_3_multi_region_ep11,scenario_3_multi_region,81,2026-08-01T09:40:30,A,B,79.82000000000014,4.0,8.88888888888889,0.6577777777777778,1.0,1.0,1,380.97877880805504
scenario_3_multi_region_ep11_d081,scenario_3_multi_region_ep11,scenario_3_multi_region,81,2026-08-01T09:40:30,B,B,79.82000000000014,0.0,0.0,0.0,0.0,1.0,1,131.65842552688605
scenario_3_multi_region_ep11_d081,scenario_3_multi_region_ep11,scenario_3_multi_region,81,2026-08-01T09:40:30,C,B,79.82000000000014,5.656854249492381,12.570787221094179,0.9302382543609693,1.0,1.0,1,100.50475789532538
scenario_3_multi_region_ep11_d081,scenario_3_multi_region_ep11,scenario_3_multi_region,81,2026-08-01T09:40:30,D,B,79.82000000000014,4.0,8.88888888888889,0.6577777777777778,1.0,1.0,1,116.31371502704815
scenario_3_multi_region_ep11_d084,scenario_3_multi_region_ep11,scenario_3_multi_region,84,2026-08-01T09:42:00,A,D,79.58000000000014,5.656854249492381,12.570787221094179,0.9302382543609693,1.0,1.0,1,362.9605651152392
scenario_3_multi_region_ep11_d084,scenario_3_multi_region_ep11,scenario_3_multi_region,84,2026-08-01T09:42:00,B,D,79.58000000000014,4.0,8.88888888888889,0.6577777777777778,1.0,1.0,1,129.94988375960497
scenario_3_multi_region_ep11_d084,scenario_3_multi_region_ep11,scenario_3_multi_region,84,2026-08-01T09:42:00,C,D,79.58000000000014,4.0,8.88888888888889,0.6577777777777778,1.0,1.0,1,100.49463306475081
scenario_3_multi_region_ep11_d084,scenario_3_multi_region_ep11,scenario_3_multi_region,84,2026-08-01T09:42:00,D,D,79.58000000000014,0.0,0.0,0.0,0.0,1.0,1,115.43636027484308
scenario_3_multi_region_ep11_d087,scenario_3_multi_region_ep11,scenario_3_multi_region,87,2026-08-01T09:43:30,A,A,79.34000000000015,0.0,0.0,0.0,0.0,1.0,1,345.9221972970131
scenario_3_multi_region_ep11_d087,scenario_3_multi_region_ep11,scenario_3_multi_region,87,2026-08-01T09:43:30,B,A,79.34000000000015,4.0,8.88888888888889,0.6577777777777778,1.0,1.0,1,128.15718385231935
scenario_3_multi_region_ep11_d087,scenario_3_multi_region_ep11,scenario_3_multi_region,87,2026-08-01T09:43:30,C,A,79.34000000000015,4.0,8.88888888888889,0.6577777777777778,1.0,1.0,1,100.30810843337235
scenario_3_multi_region_ep11_d087,scenario_3_multi_region_ep11,scenario_3_multi_region,87,2026-08-01T09:43:30,D,A,79.34000000000015,5.656854249492381,12.570787221094179,0.9302382543609693,1.0,1.0,1,114.43005727990953
