decision_id,episode_id,scenario_id,step_index,region_id,split,current_risk,predicted_risk,trend_code,abnormal_duration,waiting_time,data_age,distance,estimated_move_time,estimated_energy,battery_soc,switch_cost,scene_weight,reachable,counterfactual_risk_gain,ground_truth_utility,relevance_grade
scenario_1_kitchen_pm_spike_ep00_d012,scenario_1_kitchen_pm_spike_ep00,scenario_1_kitchen_pm_spike,12,A,val,3.469480049073497,5.654639,0,0.0,0.0,0.0,0.0,0.0,0.0,93.04000000000002,0.0,1.0,1,47.64942394567811,0.16117043444261483,3
scenario_1_kitchen_pm_spike_ep00_d012,scenario_1_kitchen_pm_spike_ep00,scenario_1_kitchen_pm_spike,12,B,val,1.4930489587211413,3.2564044,0,0.0,0.0,0.0,4.0,8.88888888888889,0.6577777777777778,93.04000000000002,1.0,1.0,1,17.41889540464763,-0.312132034254623,0
scenario_1_kitchen_pm_spike_ep00_d012,scenario_1_kitchen_pm_spike_ep00,scenario_1_kitchen_pm_spike,12,C,val,3.906934889366409,7.478589,1,0.0,0.0,0.0,4.0,8.88888888888889,0.6577777777777778,93.04000000000002,1.0,1.0,1,204.9875933821478,0.6878679657400457,4
scenario_1_kitchen_pm_spike_ep00_d012,scenario_1_kitchen_pm_spike_ep00,scenario_1_kitchen_pm_spike,12,D,val,3.874148111031549,5.0214915,0,0.0,0.0,0.0,5.656854249492381,12.57078722109418,0.9302382543609692,93.04000000000002,1.0,1.0,1,27.826228406326777,-0.3445145531172047,0
scenario_1_kitchen_pm_spike_ep00_d015,scenario_1_kitchen_pm_spike_ep00,scenario_1_kitchen_pm_spike,15,A,val,3.428630883895569,5.883579,0,0.0,0.0,0.0,4.0,8.88888888888889,0.6577777777777778,92.80000000000004,1.0,1.0,1,47.964804432941264,-0.21602480237053867,0
scenario_1_kitchen_pm_spike_ep00_d015,scenario_1_kitchen_pm_spike_ep00,scenario_1_kitchen_pm_spike,15,B,val,3.094136471390136,3.3012042,0,0.0,0.0,0.0,0.0,0.0,0.0,92.80000000000004,0.0,1.0,1,19.653959604261672,0.0,0
scenario_1_kitchen_pm_spike_ep00_d015,scenario_1_kitchen_pm_spike_ep00,scenario_1_kitchen_pm_spike,15,C,val,4.235004295004044,7.353664,1,0.0,0.0,0.0,5.656854249492381,12.57078722109418,0.9302382543609692,92.80000000000004,1.0,1.0,1,314.2295526535902,0.6000000001399235,4
scenario_1_kitchen_pm_spike_ep00_d015,scenario_1_kitchen_pm_spike_ep00,scenario_1_kitchen_pm_spike,15,D,val,4.108857357989501,4.936927,0,0.0,0.0,0.0,4.0,8.88888888888889,0.6577777777777778,92.80000000000004,1.0,1.0,1,29.41107749088405,-0.2790094059146866,0
scenario_1_kitchen_pm_spike_ep00_d018,scenario_1_kitchen_pm_spike_ep00,scenario_1_kitchen_pm_spike,18,A,val,4.216428609306695,5.9818645,0,0.0,0.0,0.0,5.656854249492381,12.57078722109418,0.9302382543609692,92.56000000000004,1.0,1.0,1,49.54332221544337,-0.3378465985782133,0
scenario_1_kitchen_pm_spike_ep00_d018,scenario_1_kitchen_pm_spike_ep00,scenario_1_kitchen_pm_spike,18,B,val,2.9431907316897403,3.7324367,0,0.0,0.0,0.0,4.0,8.88888888888889,0.6577777777777778,92.56000000000004,1.0,1.0,1,23.03008980995469,-0.312132034254623,0
scenario_1_kitchen_pm_spike_ep00_d018,scenario_1_kitchen_pm_spike_ep00,scenario_1_kitchen_pm_spike,18,C,val,4.750673414718427,7.808015,1,0.0,0.0,0.0,4.0,8.88888888888889,0.6577777777777778,92.56000000000004,1.0,1.0,1,449.6074268512237,0.6878679657430328,4
scenario_1_kitchen_pm_spike_ep00_d018,scenario_1_kitchen_pm_spike_ep00,scenario_1_kitchen_pm_spike,18,D,val,3.7741660436314985,4.949353,0,0.0,0.0,0.0,0.0,0.0,0.0,92.56000000000004,0.0,1.0,1,32.1777387197169,0.021444291844448786,3
scenario_1_kitchen_pm_spike_ep00_d021,scenario_1_kitchen_pm_spike_ep00,scenario_1_kitchen_pm_spike,21,A,val,3.3727838387684,6.5050416,1,0.0,0.0,0.0,0.0,0.0,0.0,92.32000000000004,0.0,1.0,1,51.85564036025812,0.04674368117118047,3
scenario_1_kitchen_pm_spike_ep00_d021,scenario_1_kitchen_pm_spike_ep00,scenario_1_kitchen_pm_spike,21,B,val,2.728636768444861,4.8862157,0,0.0,0.0,0.0,4.0,8.88888888888889,0.6577777777777778,92.32000000000004,1.0,1.0,1,27.025721001146167,-0.312132034254623,0
scenario_1_kitchen_pm_spike_ep00_d021,scenario_1_kitchen_pm_spike_ep00,scenario_1_kitchen_pm_spike,21,C,val,10.61055716645916,35.86321,1,0.0,0.0,0.0,4.0,8.88888888888889,0.6577777777777778,92.32000000000004,1.0,1.0,1,558.2187878915208,0.6878679657434945,4
scenario_1_kitchen_pm_spike_ep00_d021,scenario_1_kitchen_pm_spike_ep00,scenario_1_kitchen_pm_spike,21,D,val,3.380393017395652,5.098169,0,0.0,0.0,0.0,5.656854249492381,12.57078722109418,0.9302382543609692,92.32000000000004,1.0,1.0,1,35.60208665707046,-0.3838545224578247,0
scenario_1_kitchen_pm_spike_ep00_d024,scenario_1_kitchen_pm_spike_ep00,scenario_1_kitchen_pm_spike,24,A,val,4.4521460586623895,4.6849957,0,0.0,0.0,0.0,4.0,8.88888888888889,0.6577777777777778,92.08000000000004,1.0,1.0,1,55.48232010810352,-0.2748861938298297,0
scenario_1_kitchen_pm_spike_ep00_d024,scenario_1_kitchen_pm_spike_ep00,scenario_1_kitchen_pm_spike,24,B,val,4.496236802637165,6.3115335,0,0.0,0.0,0.0,5.656854249492381,12.57078722109418,0.9302382543609692,92.08000000000004,1.0,1.0,1,32.22869098308911,-0.3999999998566819,0
scenario_1_kitchen_pm_spike_ep00_d024,scenario_1_kitchen_pm_spike_ep00,scenario_1_kitchen_pm_spike,24,C,val,19.939949718616923,40.793343,1,90.0,0.0,0.0,0.0,0.0,0.0,92.08000000000004,0.0,1.0,1,656.5569074971132,0.9999999999983983,4
scenario_1_kitchen_pm_spike_ep00_d024,scenario_1_kitchen_pm_spike_ep00,scenario_1_kitchen_pm_spike,24,D,val,3.23199007743188,4.735234,0,0.0,0.0,0.0,4.0,8.88888888888889,0.6577777777777778,92.08000000000004,1.0,1.0,1,40.26955998625249,-0.29925280055916836,0
scenario_1_kitchen_pm_spike_ep00_d027,scenario_1_kitchen_pm_spike_ep00,scenario_1_kitchen_pm_spike,27,A,val,4.074750992382673,4.7634835,0,0.0,0.0,0.0,5.656854249492381,12.57078722109418,0.9302382543609692,91.84000000000005,1.0,1.0,1,59.07343104220945,-0.36691326579661354,0
scenario_1_kitchen_pm_spike_ep00_d027,scenario_1_kitchen_pm_spike_ep00,scenario_1_kitchen_pm_spike,27,B,val,2.8836722874267027,5.429998,0,0.0,0.0,0.0,4.0,8.88888888888889,0.6577777777777778,91.84000000000005,1.0,1.0,1,37.29588215700164,-0.312132034254623,0
scenario_1_kitchen_pm_spike_ep00_d027,scenario_1_kitchen_pm_spike_ep00,scenario_1_kitchen_pm_spike,27,C,val,29.4390780752806,38.84582,1,180.0,90.0,0.0,4.0,8.88888888888889,0.6577777777777778,91.84000000000005,1.0,1.0,1,695.4916667768439,0.6878679657438577,4
scenario_1_kitchen_pm_spike_ep00_d027,scenario_1_kitchen_pm_spike_ep00,scenario_1_kitchen_pm_spike,27,D,val,4.157547305735779,5.264753,0,0.0,0.0,0.0,0.0,0.0,0.0,91.84000000000005,0.0,1.0,1,44.834793096277735,0.011453903405988735,3
scenario_1_kitchen_pm_spike_ep00_d030,scenario_1_kitchen_pm_spike_ep00,scenario_1_kitchen_pm_spike,30,A,val,4.56903972031744,5.5827622,0,0.0,0.0,0.0,4.0,8.88888888888889,0.6577777777777778,91.60000000000004,1.0,1.0,1,63.27427558494469,-0.2820948161513728,0
scenario_1_kitchen_pm_spike_ep00_d030,scenario_1_kitchen_pm_spike_ep00,scenario_1_kitchen_pm_spike,30,B,val,3.0730157876842243,4.7532067,0,0.0,0.0,0.0,0.0,0.0,0.0,91.60000000000004,0.0,1.0,1,42.87897560025931,0.0,0
scenario_1_kitchen_pm_spike_ep00_d030,scenario_1_kitchen_pm_spike_ep00,scenario_1_kitchen_pm_spike,30,C,val,36.172376891101656,37.843636,0,270.0,180.0,0.0,5.656854249492381,12.57078722109418,0.9302382543609692,91.60000000000004,1.0,1.0,1,721.8799374918808,0.6000000001418455,4
scenario_1_kitchen_pm_spike_ep00_d030,scenario_1_kitchen_pm_spike_ep00,scenario_1_kitchen_pm_spike,30,D,val,4.445073608439377,4.985278,0,0.0,0.0,0.0,4.0,8.88888888888889,0.6577777777777778,91.60000000000004,1.0,1.0,1,49.94736062281345,-0.30172205633227667,0
scenario_1_kitchen_pm_spike_ep00_d033,scenario_1_kitchen_pm_spike_ep00,scenario_1_kitchen_pm_spike,33,A,val,3.675728865394199,5.489272,0,0.0,0.0,0.0,4.0,8.88888888888889,0.6577777777777778,91.36000000000006,1.0,1.0,1,66.6678407524746,-0.2822120541130051,0
scenario_1_kitchen_pm_spike_ep00_d033,scenario_1_kitchen_pm_spike_ep00,scenario_1_kitchen_pm_spike,33,B,val,3.570123455978403,4.4959936,0,0.0,0.0,0.0,5.656854249492381,12.57078722109418,0.9302382543609692,91.36000000000006,1.0,1.0,1,47.566930515800095,-0.3999999998566819,0
scenario_1_kitchen_pm_spike_ep00_d033,scenario_1_kitchen_pm_spike_ep00,scenario_1_kitchen_pm_spike,33,C,val,42.611683172832535,35.624466,-1,360.0,270.0,0.0,0.0,0.0,0.0,91.36000000000006,0.0,1.0,1,685.9667605369333,0.9999999999984336,4
scenario_1_kitchen_pm_spike_ep00_d033,scenario_1_kitchen_pm_spike_ep00,scenario_1_kitchen_pm_spike,33,D,val,4.929812887937689,5.00469,0,0.0,0.0,0.0,4.0,8.88888888888889,0.6577777777777778,91.36000000000006,1.0,1.0,1,54.19424796174894,-0.3017508951404113,0
scenario_1_kitchen_pm_spike_ep00_d036,scenario_1_kitchen_pm_spike_ep00,scenario_1_kitchen_pm_spike,36,A,val,5.043738734885516,5.7070775,0,0.0,0.0,0.0,0.0,0.0,0.0,91.12000000000006,0.0,1.0,1,69.84393180278562,0.029928492252390353,3
scenario_1_kitchen_pm_spike_ep00_d036,scenario_1_kitchen_pm_spike_ep00,scenario_1_kitchen_pm_spike,36,B,val,3.8200636954925473,5.1128907,0,0.0,0.0,0.0,4.0,8.88888888888889,0.6577777777777778,91.12000000000006,1.0,1.0,1,51.95514380678719,-0.312132034254623,0
scenario_1_kitchen_pm_spike_ep00_d036,scenario_1_kitchen_pm_spike_ep00,scenario_1_kitchen_pm_spike,36,C,val,40.03388460347251,35.277912,-1,450.0,360.0,0.0,4.0,8.88888888888889,0.6577777777777778,91.12000000000006,1.0,1.0,1,649.6727917627995,0.687867965743704,4
scenario_1_kitchen_pm_spike_ep00_d036,scenario_1_kitchen_pm_spike_ep00,scenario_1_kitchen_pm_spike,36,D,val,4.698302588007095,6.291062,0,0.0,0.0,0.0,5.656854249492381,12.57078722109418,0.9302382543609692,91.12000000000006,1.0,1.0,1,58.16900247321041,-0.3896040232820198,0
scenario_1_kitchen_pm_spike_ep00_d039,scenario_1_kitchen_pm_spike_ep00,scenario_1_kitchen_pm_spike,39,A,val,4.811327623669342,5.6960545,0,0.0,0.0,0.0,4.0,8.88888888888889,0.6577777777777778,90.88000000000008,1.0,1.0,1,72.60315107192127,-0.282194961283184,0
scenario_1_kitchen_pm_spike_ep00_d039,scenario_1_kitchen_pm_spike_ep00,scenario_1_kitchen_pm_spike,39,B,val,3.7774027854239214,4.7751336,0,0.0,0.0,0.0,0.0,0.0,0.0,90.88000000000008,0.0,1.0,1,55.84945318435052,0.0,0
scenario_1_kitchen_pm_spike_ep00_d039,scenario_1_kitchen_pm_spike_ep00,scenario_1_kitchen_pm_spike,39,C,val,37.0833834802949,33.72746,-1,540.0,450.0,0.0,5.656854249492381,12.57078722109418,0.9302382543609692,90.88000000000008,1.0,1.0,1,615.4799121649064,0.6000000001415313,4
scenario_1_kitchen_pm_spike_ep00_d039,scenario_1_kitchen_pm_spike_ep00,scenario_1_kitchen_pm_spike,39,D,val,3.956957009688181,5.612652,0,0.0,0.0,0.0,4.0,8.88888888888889,0.6577777777777778,90.88000000000008,1.0,1.0,1,61.67572874800385,-0.3017211006284293,0
scenario_1_kitchen_pm_spike_ep00_d042,scenario_1_kitchen_pm_spike_ep00,scenario_1_kitchen_pm_spike,42,A,val,5.745398626469922,5.1190677,0,0.0,0.0,0.0,5.656854249492381,12.57078722109418,0.9302382543609692,90.64000000000009,1.0,1.0,1,74.97834953070833,-0.37005427708287664,0
scenario_1_kitchen_pm_spike_ep00_d042,scenario_1_kitchen_pm_spike_ep00,scenario_1_kitchen_pm_spike,42,B,val,4.339289297129937,4.4630337,0,0.0,0.0,0.0,4.0,8.88888888888889,0.6577777777777778,90.64000000000009,1.0,1.0,1,59.28761144639566,-0.312132034254623,0
scenario_1_kitchen_pm_spike_ep00_d042,scenario_1_kitchen_pm_spike_ep00,scenario_1_kitchen_pm_spike,42,C,val,35.45779985553175,32.041096,-1,630.0,540.0,0.0,4.0,8.88888888888889,0.6577777777777778,90.64000000000009,1.0,1.0,1,583.2602068919142,0.6878679657434685,4
scenario_1_kitchen_pm_spike_ep00_d042,scenario_1_kitchen_pm_spike_ep00,scenario_1_kitchen_pm_spike,42,D,val,4.908102471379032,5.7836475,0,0.0,0.0,0.0,0.0,0.0,0.0,90.64000000000009,0.0,1.0,1,64.75055554097298,0.010426011096862645,3
scenario_1_kitchen_pm_spike_ep00_d045,scenario_1_kitchen_pm_spike_ep00,scenario_1_kitchen_pm_spike,45,A,val,4.805638841779201,5.0833964,0,0.0,0.0,0.0,0.0,0.0,0.0,90.40000000000008,0.0,1.0,1,77.00009660048909,0.02995444213647479,3
scenario_1_kitchen_pm_spike_ep00_d045,scenario_1_kitchen_pm_spike_ep00,scenario_1_kitchen_pm_spike,45,B,val,3.932164590623132,4.747171,0,0.0,0.0,0.0,4.0,8.88888888888889,0.6577777777777778,90.40000000000008,1.0,1.0,1,62.30477756500136,-0.312132034254623,0
scenario_1_kitchen_pm_spike_ep00_d045,scenario_1_kitchen_pm_spike_ep00,scenario_1_kitchen_pm_spike,45,C,val,35.57608003866806,30.975239,-1,720.0,630.0,0.0,4.0,8.88888888888889,0.6577777777777778,90.40000000000008,1.0,1.0,1,552.8937515977924,0.6878679657433386,4
scenario_1_kitchen_pm_spike_ep00_d045,scenario_1_kitchen_pm_spike_ep00,scenario_1_kitchen_pm_spike,45,D,val,5.205747651769633,5.5012336,0,0.0,0.0,0.0,5.656854249492381,12.57078722109418,0.9302382543609692,90.40000000000008,1.0,1.0,1,67.427119977335,-0.38955879003858107,0
scenario_1_kitchen_pm_spike_ep00_d048,scenario_1_kitchen_pm_spike_ep00,scenario_1_kitchen_pm_spike,48,A,val,4.795607584481965,5.6238937,0,0.0,0.0,0.0,4.0,8.88888888888889,0.6577777777777778,90.16000000000008,1.0,1.0,1,78.69683139496055,-0.28216880271626055,0
scenario_1_kitchen_pm_spike_ep00_d048,scenario_1_kitchen_pm_spike_ep00,scenario_1_kitchen_pm_spike,48,B,val,4.360201022504165,5.129088,0,0.0,0.0,0.0,5.656854249492381,12.57078722109418,0.9302382543609692,90.16000000000008,1.0,1.0,1,64.9336878421584,-0.3999999998566819,0
scenario_1_kitchen_pm_spike_ep00_d048,scenario_1_kitchen_pm_spike_ep00,scenario_1_kitchen_pm_spike,48,C,val,33.11939421813755,29.071966,-1,810.0,720.0,0.0,0.0,0.0,0.0,90.16000000000008,0.0,1.0,1,524.2681069334691,0.999999999997823,4
scenario_1_kitchen_pm_spike_ep00_d048,scenario_1_kitchen_pm_spike_ep00,scenario_1_kitchen_pm_spike,48,D,val,5.22121306529511,5.5584445,0,0.0,0.0,0.0,4.0,8.88888888888889,0.6577777777777778,90.16000000000008,1.0,1.0,1,69.73673226237725,-0.3016755036299201,0
scenario_1_kitchen_pm_spike_ep00_d051,scenario_1_kitchen_pm_spike_ep00,scenario_1_kitchen_pm_spike,51,A,val,6.139776119535021,5.6378765,0,0.0,0.0,0.0,5.656854249492381,12.57078722109418,0.9302382543609692,89.92000000000009,1.0,1.0,1,80.09500412836155,-0.37002790839639477,0
scenario_1_kitchen_pm_spike_ep00_d051,scenario_1_kitchen_pm_spike_ep00,scenario_1_kitchen_pm_spike,51,B,val,5.091470972584996,5.185206,0,0.0,0.0,0.0,4.0,8.88888888888889,0.6577777777777778,89.92000000000009,1.0,1.0,1,67.20481596082755,-0.312132034254623,0
scenario_1_kitchen_pm_spike_ep00_d051,scenario_1_kitchen_pm_spike_ep00,scenario_1_kitchen_pm_spike,51,C,val,32.53484747888541,28.019064,-1,900.0,810.0,0.0,4.0,8.88888888888889,0.6577777777777778,89.92000000000009,1.0,1.0,1,497.277845218178,0.6878679657430519,4
scenario_1_kitchen_pm_spike_ep00_d051,scenario_1_kitchen_pm_spike_ep00,scenario_1_kitchen_pm_spike,51,D,val,5.016816317226772,5.6129894,0,0.0,0.0,0.0,0.0,0.0,0.0,89.92000000000009,0.0,1.0,1,71.7085296939033,0.010471974354779446,3
scenario_1_kitchen_pm_spike_ep00_d054,scenario_1_kitchen_pm_spike_ep00,scenario_1_kitchen_pm_spike,54,A,val,4.90328753052048,5.6107464,0,0.0,0.0,0.0,4.0,8.88888888888889,0.6577777777777778,89.68000000000009,1.0,1.0,1,81.21920832406613,-0.28215101186966673,0
scenario_1_kitchen_pm_spike_ep00_d054,scenario_1_kitchen_pm_spike_ep00,scenario_1_kitchen_pm_spike,54,B,val,3.904601806462441,5.409686,0,0.0,0.0,0.0,0.0,0.0,0.0,89.68000000000009,0.0,1.0,1,69.14652264655228,0.0,0
scenario_1_kitchen_pm_spike_ep00_d054,scenario_1_kitchen_pm_spike_ep00,scenario_1_kitchen_pm_spike,54,C,val,32.792991892975834,28.056566,-1,990.0,900.0,0.0,5.656854249492381,12.57078722109418,0.9302382543609692,89.68000000000009,1.0,1.0,1,471.8241072355828,0.6000000001408349,4
scenario_1_kitchen_pm_spike_ep00_d054,scenario_1_kitchen_pm_spike_ep00,scenario_1_kitchen_pm_spike,54,D,val,5.68317162566122,5.696342,0,0.0,0.0,0.0,4.0,8.88888888888889,0.6577777777777778,89.68000000000009,1.0,1.0,1,73.36962066689262,-0.30164449240488256,0
scenario_1_kitchen_pm_spike_ep00_d057,scenario_1_kitchen_pm_spike_ep00,scenario_1_kitchen_pm_spike,57,A,val,5.638435565451732,5.6321683,0,0.0,0.0,0.0,4.0,8.88888888888889,0.6577777777777778,89.4400000000001,1.0,1.0,1,82.09230441692102,-0.282142009457679,0
scenario_1_kitchen_pm_spike_ep00_d057,scenario_1_kitchen_pm_spike_ep00,scenario_1_kitchen_pm_spike,57,B,val,4.434219071344046,5.1000347,0,0.0,0.0,0.0,5.656854249492381,12.57078722109418,0.9302382543609692,89.4400000000001,1.0,1.0,1,70.7851956089728,-0.3999999998566819,0
scenario_1_kitchen_pm_spike_ep00_d057,scenario_1_kitchen_pm_spike_ep00,scenario_1_kitchen_pm_spike,57,C,val,32.01226385815763,27.726614,-1,1080.0,990.0,0.0,0.0,0.0,0.0,89.4400000000001,0.0,1.0,1,447.81418723122783,0.9999999999973477,4
scenario_1_kitchen_pm_spike_ep00_d057,scenario_1_kitchen_pm_spike_ep00,scenario_1_kitchen_pm_spike,57,D,val,5.962898511303112,5.609229,0,0.0,0.0,0.0,4.0,8.88888888888889,0.6577777777777778,89.4400000000001,1.0,1.0,1,74.74521931552795,-0.30162880030037,0
scenario_1_kitchen_pm_spike_ep00_d060,scenario_1_kitchen_pm_spike_ep00,scenario_1_kitchen_pm_spike,60,A,val,4.855533956277054,5.293946,0,0.0,0.0,0.0,0.0,0.0,0.0,89.2000000000001,0.0,1.0,1,82.73553530454728,0.029999099182691027,3
scenario_1_kitchen_pm_spike_ep00_d060,scenario_1_kitchen_pm_spike_ep00,scenario_1_kitchen_pm_spike,60,B,val,5.130765582074544,5.11068,0,0.0,0.0,0.0,4.0,8.88888888888889,0.6577777777777778,89.2000000000001,1.0,1.0,1,72.14538038959017,-0.312132034254623,0
scenario_1_kitchen_pm_spike_ep00_d060,scenario_1_kitchen_pm_spike_ep00,scenario_1_kitchen_pm_spike,60,C,val,30.88763371715481,26.2132,-1,1170.0,1080.0,0.0,4.0,8.88888888888889,0.6577777777777778,89.2000000000001,1.0,1.0,1,425.16114431084327,0.6878679657425443,4
scenario_1_kitchen_pm_spike_ep00_d060,scenario_1_kitchen_pm_spike_ep00,scenario_1_kitchen_pm_spike,60,D,val,5.582354195510461,5.5788317,0,0.0,0.0,0.0,5.656854249492381,12.57078722109418,0.9302382543609692,89.2000000000001,1.0,1.0,1,75.85877139632544,-0.38948094834046376,0
scenario_1_kitchen_pm_spike_ep00_d063,scenario_1_kitchen_pm_spike_ep00,scenario_1_kitchen_pm_spike,63,A,val,4.463808211767937,5.317364,0,0.0,0.0,0.0,4.0,8.88888888888889,0.6577777777777778,88.96000000000011,1.0,1.0,1,83.16863436711424,-0.2821237882241793,0
scenario_1_kitchen_pm_spike_ep00_d063,scenario_1_kitchen_pm_spike_ep00,scenario_1_kitchen_pm_spike,63,B,val,4.399214959425912,5.1055,0,0.0,0.0,0.0,0.0,0.0,0.0,88.96000000000011,0.0,1.0,1,73.24990270191552,0.0,0
scenario_1_kitchen_pm_spike_ep00_d063,scenario_1_kitchen_pm_spike_ep00,scenario_1_kitchen_pm_spike,63,C,val,29.367036836250364,25.662794,-1,1260.0,1170.0,0.0,5.656854249492381,12.57078722109418,0.9302382543609692,88.96000000000011,1.0,1.0,1,403.7834385542287,0.6000000001402929,4
scenario_1_kitchen_pm_spike_ep00_d063,scenario_1_kitchen_pm_spike_ep00,scenario_1_kitchen_pm_spike,63,D,val,5.508125629415997,5.6733527,0,0.0,0.0,0.0,4.0,8.88888888888889,0.6577777777777778,88.96000000000011,1.0,1.0,1,76.73207197728584,-0.3015970388679048,0
scenario_1_kitchen_pm_spike_ep00_d066,scenario_1_kitchen_pm_spike_ep00,scenario_1_kitchen_pm_spike,66,A,val,5.8616926186590605,5.2016,0,0.0,0.0,0.0,5.656854249492381,12.57078722109418,0.9302382543609692,88.72000000000011,1.0,1.0,1,83.40992644176549,-0.3699825340263937,0
scenario_1_kitchen_pm_spike_ep00_d066,scenario_1_kitchen_pm_spike_ep00,scenario_1_kitchen_pm_spike,66,B,val,5.308303962443371,5.234051,0,0.0,0.0,0.0,4.0,8.88888888888889,0.6577777777777778,88.72000000000011,1.0,1.0,1,74.1199828124636,-0.312132034254623,0
scenario_1_kitchen_pm_spike_ep00_d066,scenario_1_kitchen_pm_spike_ep00,scenario_1_kitchen_pm_spike,66,C,val,29.03738659712298,26.36186,0,1350.0,1260.0,0.0,4.0,8.88888888888889,0.6577777777777778,88.72000000000011,1.0,1.0,1,383.60459026717206,0.6878679657421458,4
scenario_1_kitchen_pm_spike_ep00_d066,scenario_1_kitchen_pm_spike_ep00,scenario_1_kitchen_pm_spike,66,D,val,6.233102221388882,5.692322,0,0.0,0.0,0.0,0.0,0.0,0.0,88.72000000000011,0.0,1.0,1,77.38537546169732,0.010551066420002943,3
scenario_1_kitchen_pm_spike_ep00_d069,scenario_1_kitchen_pm_spike_ep00,scenario_1_kitchen_pm_spike,69,A,val,5.897831875020653,5.0230236,0,0.0,0.0,0.0,0.0,0.0,0.0,88.48000000000012,0.0,1.0,1,83.47642220653051,0.03002675907407873,3
scenario_1_kitchen_pm_spike_ep00_d069,scenario_1_kitchen_pm_spike_ep00,scenario_1_kitchen_pm_spike,69,B,val,5.170423530573658,5.0773296,0,0.0,0.0,0.0,4.0,8.88888888888889,0.6577777777777778,88.48000000000012,1.0,1.0,1,74.7753424758514,-0.312132034254623,0
scenario_1_kitchen_pm_spike_ep00_d069,scenario_1_kitchen_pm_spike_ep00,scenario_1_kitchen_pm_spike,69,C,val,28.581603053524677,25.999393,0,1440.0,1350.0,0.0,4.0,8.88888888888889,0.6577777777777778,88.48000000000012,1.0,1.0,1,364.5528608947635,0.6878679657419261,4
scenario_1_kitchen_pm_spike_ep00_d069,scenario_1_kitchen_pm_spike_ep00,scenario_1_kitchen_pm_spike,69,D,val,5.381162923906298,5.670095,0,0.0,0.0,0.0,5.656854249492381,12.57078722109418,0.9302382543609692,88.48000000000012,1.0,1.0,1,77.83749844122758,-0.38943273438324766,0
scenario_1_kitchen_pm_spike_ep00_d072,scenario_1_kitchen_pm_spike_ep00,scenario_1_kitchen_pm_spike,72,A,val,5.902275730704836,5.0541534,0,0.0,0.0,0.0,4.0,8.88888888888889,0.6577777777777778,88.24000000000012,1.0,1.0,1,83.38390639943168,-0.28209590799917794,0
scenario_1_kitchen_pm_spike_ep00_d072,scenario_1_kitchen_pm_spike_ep00,scenario_1_kitchen_pm_spike,72,B,val,4.660043005131413,5.197429,0,0.0,0.0,0.0,5.656854249492381,12.57078722109418,0.9302382543609692,88.24000000000012,1.0,1.0,1,75.234304904272,-0.3999999998566819,0
scenario_1_kitchen_pm_spike_ep00_d072,scenario_1_kitchen_pm_spike_ep00,scenario_1_kitchen_pm_spike,72,C,val,28.069228091311444,25.322279,0,1530.0,1440.0,0.0,0.0,0.0,0.0,88.24000000000012,0.0,1.0,1,346.56095421385953,0.9999999999963144,4
scenario_1_kitchen_pm_spike_ep00_d072,scenario_1_kitchen_pm_spike_ep00,scenario_1_kitchen_pm_spike,72,D,val,5.191562032949904,5.6358433,0,0.0,0.0,0.0,4.0,8.88888888888889,0.6577777777777778,88.24000000000012,1.0,1.0,1,78.10591584118379,-0.3015484408471628,0
scenario_1_kitchen_pm_spike_ep00_d075,scenario_1_kitchen_pm_spike_ep00,scenario_1_kitchen_pm_spike,75,A,val,4.952413978935199,5.0406985,0,0.0,0.0,0.0,5.656854249492381,12.57078722109418,0.9302382543609692,88.00000000000013,1.0,1.0,1,83.14702027103522,-0.36995443198691724,0
scenario_1_kitchen_pm_spike_ep00_d075,scenario_1_kitchen_pm_spike_ep00,scenario_1_kitchen_pm_spike,75,B,val,5.141967793784601,5.5682774,0,0.0,0.0,0.0,4.0,8.88888888888889,0.6577777777777778,88.00000000000013,1.0,1.0,1,75.5138882207657,-0.312132034254623,0
scenario_1_kitchen_pm_spike_ep00_d075,scenario_1_kitchen_pm_spike_ep00,scenario_1_kitchen_pm_spike,75,C,val,26.391842274946796,25.101347,0,1620.0,1530.0,0.0,4.0,8.88888888888889,0.6577777777777778,88.00000000000013,1.0,1.0,1,329.5657365108701,0.6878679657414408,4
scenario_1_kitchen_pm_spike_ep00_d075,scenario_1_kitchen_pm_spike_ep00,scenario_1_kitchen_pm_spike,75,D,val,5.698738667294659,5.8011665,0,0.0,0.0,0.0,0.0,0.0,0.0,88.00000000000013,0.0,1.0,1,78.20685079103305,0.01060005108556279,3
scenario_1_kitchen_pm_spike_ep00_d078,scenario_1_kitchen_pm_spike_ep00,scenario_1_kitchen_pm_spike,78,A,val,5.551715296534358,4.7418957,0,0.0,0.0,0.0,4.0,8.88888888888889,0.6577777777777778,87.76000000000013,1.0,1.0,1,82.7793386431199,-0.2820769498404875,0
scenario_1_kitchen_pm_spike_ep00_d078,scenario_1_kitchen_pm_spike_ep00,scenario_1_kitchen_pm_spike,78,B,val,5.92402657682355,5.1591716,0,0.0,0.0,0.0,0.0,0.0,0.0,87.76000000000013,0.0,1.0,1,75.62989281681655,0.0,0
scenario_1_kitchen_pm_spike_ep00_d078,scenario_1_kitchen_pm_spike_ep00,scenario_1_kitchen_pm_spike,78,C,val,26.13995929025858,24.816639,0,1710.0,1620.0,0.0,5.656854249492381,12.57078722109418,0.9302382543609692,87.76000000000013,1.0,1.0,1,313.5079745336907,0.6000000001391145,4
scenario_1_kitchen_pm_spike_ep00_d078,scenario_1_kitchen_pm_spike_ep00,scenario_1_kitchen_pm_spike,78,D,val,5.858148201688144,5.763626,0,0.0,0.0,0.0,4.0,8.88888888888889,0.6577777777777778,87.76000000000013,1.0,1.0,1,78.15535862545164,-0.30151539488038126,0
scenario_1_kitchen_pm_spike_ep01_d012,scenario_1_kitchen_pm_spike_ep01,scenario_1_kitchen_pm_spike,12,A,train,3.941174157451513,5.200212,0,0.0,0.0,0.0,4.0,8.88888888888889,0.6577777777777778,92.34000000000002,1.0,1.0,1,19.99073610468349,-0.312132034254623,0
scenario_1_kitchen_pm_spike_ep01_d012,scenario_1_kitchen_pm_spike_ep01,scenario_1_kitchen_pm_spike,12,B,train,4.9158072908837305,4.8029494,0,0.0,0.0,0.0,0.0,0.0,0.0,92.34000000000002,0.0,1.0,1,25.09904850567364,0.026230100040675927,3
scenario_1_kitchen_pm_spike_ep01_d012,scenario_1_kitchen_pm_spike_ep01,scenario_1_kitchen_pm_spike,12,C,train,4.867747372295551,11.529348,1,0.0,0.0,0.0,5.656854249492381,12.57078722109418,0.9302382543609692,92.34000000000002,1.0,1.0,1,214.74075204218596,0.6000000001381834,4
scenario_1_kitchen_pm_spike_ep01_d012,scenario_1_kitchen_pm_spike_ep01,scenario_1_kitchen_pm_spike,12,D,train,3.0047979254710286,5.8541346,0,0.0,0.0,0.0,4.0,8.88888888888889,0.6577777777777778,92.34000000000002,1.0,1.0,1,22.27003902104275,-0.30042829751614175,0
scenario_1_kitchen_pm_spike_ep01_d015,scenario_1_kitchen_pm_spike_ep01,scenario_1_kitchen_pm_spike,15,A,train,5.057266750835805,4.9151597,0,0.0,0.0,0.0,4.0,8.88888888888889,0.6577777777777778,92.10000000000002,1.0,1.0,1,21.647194086124387,-0.312132034254623,0
scenario_1_kitchen_pm_spike_ep01_d015,scenario_1_kitchen_pm_spike_ep01,scenario_1_kitchen_pm_spike,15,B,train,5.40637432733695,5.7144804,0,0.0,0.0,0.0,5.656854249492381,12.57078722109418,0.9302382543609692,92.10000000000002,1.0,1.0,1,26.38459900705061,-0.3834051177832718,0
scenario_1_kitchen_pm_spike_ep01_d015,scenario_1_kitchen_pm_spike_ep01,scenario_1_kitchen_pm_spike,15,C,train,5.065754353942668,20.910892,1,0.0,0.0,0.0,0.0,0.0,0.0,92.10000000000002,0.0,1.0,1,307.1210468048708,0.9999999999964971,4
scenario_1_kitchen_pm_spike_ep01_d015,scenario_1_kitchen_pm_spike_ep01,scenario_1_kitchen_pm_spike,15,D,train,5.173847359763638,5.518035,0,0.0,0.0,0.0,4.0,8.88888888888889,0.6577777777777778,92.10000000000002,1.0,1.0,1,23.73384690518856,-0.30482259838445713,0
scenario_1_kitchen_pm_spike_ep01_d018,scenario_1_kitchen_pm_spike_ep01,scenario_1_kitchen_pm_spike,18,A,train,4.587024488565384,5.613025,0,0.0,0.0,0.0,0.0,0.0,0.0,91.86000000000004,0.0,1.0,1,24.74172416777856,0.0,0
scenario_1_kitchen_pm_spike_ep01_d018,scenario_1_kitchen_pm_spike_ep01,scenario_1_kitchen_pm_spike,18,B,train,4.003266073949666,5.755172,0,0.0,0.0,0.0,4.0,8.88888888888889,0.6577777777777778,91.86000000000004,1.0,1.0,1,29.134426828671398,-0.3016877570037836,0
scenario_1_kitchen_pm_spike_ep01_d018,scenario_1_kitchen_pm_spike_ep01,scenario_1_kitchen_pm_spike,18,C,train,5.308242758771123,22.965181,1,0.0,0.0,0.0,4.0,8.88888888888889,0.6577777777777778,91.86000000000004,1.0,1.0,1,445.32637118386026,0.6878679657429994,4
scenario_1_kitchen_pm_spike_ep01_d018,scenario_1_kitchen_pm_spike_ep01,scenario_1_kitchen_pm_spike,18,D,train,3.9512156030988574,5.076721,0,0.0,0.0,0.0,5.656854249492381,12.57078722109418,0.9302382543609692,91.86000000000004,1.0,1.0,1,26.65067505880233,-0.3954611967772955,0
scenario_1_kitchen_pm_spike_ep01_d021,scenario_1_kitchen_pm_spike_ep01,scenario_1_kitchen_pm_spike,21,A,train,5.7500819214653855,5.887292,0,0.0,0.0,0.0,4.0,8.88888888888889,0.6577777777777778,91.62000000000003,1.0,1.0,1,28.70029763515754,-0.312132034254623,0
scenario_1_kitchen_pm_spike_ep01_d021,scenario_1_kitchen_pm_spike_ep01,scenario_1_kitchen_pm_spike,21,B,train,4.047064174972384,5.8070745,0,0.0,0.0,0.0,0.0,0.0,0.0,91.62000000000003,0.0,1.0,1,32.77268755850673,0.007637353127602678,3
scenario_1_kitchen_pm_spike_ep01_d021,scenario_1_kitchen_pm_spike_ep01,scenario_1_kitchen_pm_spike,21,C,train,11.968100305606288,37.278175,1,0.0,0.0,0.0,5.656854249492381,12.57078722109418,0.9302382543609692,91.62000000000003,1.0,1.0,1,561.9203616156029,0.6000000001414428,4
scenario_1_kitchen_pm_spike_ep01_d021,scenario_1_kitchen_pm_spike_ep01,scenario_1_kitchen_pm_spike,21,D,train,4.495563265374903,5.388595,0,0.0,0.0,0.0,4.0,8.88888888888889,0.6577777777777778,91.62000000000003,1.0,1.0,1,30.445391375033523,-0.3088592884264827,0
scenario_1_kitchen_pm_spike_ep01_d024,scenario_1_kitchen_pm_spike_ep01,scenario_1_kitchen_pm_spike,24,A,train,6.066035244003558,5.8603115,0,0.0,0.0,0.0,5.656854249492381,12.57078722109418,0.9302382543609692,91.38000000000004,1.0,1.0,1,33.55876166351527,-0.3999999998566819,0
scenario_1_kitchen_pm_spike_ep01_d024,scenario_1_kitchen_pm_spike_ep01,scenario_1_kitchen_pm_spike,24,B,train,3.85427843560115,5.7797046,0,0.0,0.0,0.0,4.0,8.88888888888889,0.6577777777777778,91.38000000000004,1.0,1.0,1,37.33353667071674,-0.306045689881989,0
scenario_1_kitchen_pm_spike_ep01_d024,scenario_1_kitchen_pm_spike_ep01,scenario_1_kitchen_pm_spike,24,C,train,22.2030556324166,41.43736,1,90.0,0.0,0.0,4.0,8.88888888888889,0.6577777777777778,91.38000000000004,1.0,1.0,1,653.762742261104,0.6878679657437646,4
scenario_1_kitchen_pm_spike_ep01_d024,scenario_1_kitchen_pm_spike_ep01,scenario_1_kitchen_pm_spike,24,D,train,5.357123567625123,5.3633595,0,0.0,0.0,0.0,0.0,0.0,0.0,91.38000000000004,0.0,1.0,1,35.15281848095128,0.002570213780146189,3
scenario_1_kitchen_pm_spike_ep01_d027,scenario_1_kitchen_pm_spike_ep01,scenario_1_kitchen_pm_spike,27,A,train,4.979286631268339,5.7466626,0,0.0,0.0,0.0,0.0,0.0,0.0,91.14000000000004,0.0,1.0,1,38.6273325247455,0.0,0
scenario_1_kitchen_pm_spike_ep01_d027,scenario_1_kitchen_pm_spike_ep01,scenario_1_kitchen_pm_spike,27,B,train,4.440598029161521,5.583528,0,0.0,0.0,0.0,4.0,8.88888888888889,0.6577777777777778,91.14000000000004,1.0,1.0,1,42.1256143579933,-0.30684925588741285,0
scenario_1_kitchen_pm_spike_ep01_d027,scenario_1_kitchen_pm_spike_ep01,scenario_1_kitchen_pm_spike,27,C,train,31.50755358809865,39.164276,1,180.0,90.0,0.0,4.0,8.88888888888889,0.6577777777777778,91.14000000000004,1.0,1.0,1,700.8322538888701,0.6878679657438669,4
scenario_1_kitchen_pm_spike_ep01_d027,scenario_1_kitchen_pm_spike_ep01,scenario_1_kitchen_pm_spike,27,D,train,5.271370850749479,6.0989504,0,0.0,0.0,0.0,5.656854249492381,12.57078722109418,0.9302382543609692,91.14000000000004,1.0,1.0,1,40.0822214365794,-0.3978029625576617,0
scenario_1_kitchen_pm_spike_ep01_d030,scenario_1_kitchen_pm_spike_ep01,scenario_1_kitchen_pm_spike,30,A,train,4.841758569503172,5.7293425,0,0.0,0.0,0.0,4.0,8.88888888888889,0.6577777777777778,90.90000000000003,1.0,1.0,1,43.91872042924638,-0.312132034254623,0
scenario_1_kitchen_pm_spike_ep01_d030,scenario_1_kitchen_pm_spike_ep01,scenario_1_kitchen_pm_spike,30,B,train,5.265700940614601,5.3597436,0,0.0,0.0,0.0,5.656854249492381,12.57078722109418,0.9302382543609692,90.90000000000003,1.0,1.0,1,47.16016255962495,-0.39520723276049796,0
scenario_1_kitchen_pm_spike_ep01_d030,scenario_1_kitchen_pm_spike_ep01,scenario_1_kitchen_pm_spike,30,C,train,38.25776582599879,37.967697,0,270.0,180.0,0.0,0.0,0.0,0.0,90.90000000000003,0.0,1.0,1,720.2382797407569,0.9999999999985214,4
scenario_1_kitchen_pm_spike_ep01_d030,scenario_1_kitchen_pm_spike_ep01,scenario_1_kitchen_pm_spike,30,D,train,4.46899074891395,5.6779737,0,0.0,0.0,0.0,4.0,8.88888888888889,0.6577777777777778,90.90000000000003,1.0,1.0,1,45.24542744737846,-0.31017037722450447,0
scenario_1_kitchen_pm_spike_ep01_d033,scenario_1_kitchen_pm_spike_ep01,scenario_1_kitchen_pm_spike,33,A,train,5.772058461949254,6.650962,0,0.0,0.0,0.0,5.656854249492381,12.57078722109418,0.9302382543609692,90.66000000000004,1.0,1.0,1,48.78818956374653,-0.3999999998566819,0
scenario_1_kitchen_pm_spike_ep01_d033,scenario_1_kitchen_pm_spike_ep01,scenario_1_kitchen_pm_spike,33,B,train,4.953392294567758,5.4080834,0,0.0,0.0,0.0,4.0,8.88888888888889,0.6577777777777778,90.66000000000004,1.0,1.0,1,51.79107770892188,-0.30749767902556946,0
scenario_1_kitchen_pm_spike_ep01_d033,scenario_1_kitchen_pm_spike_ep01,scenario_1_kitchen_pm_spike,33,C,train,43.95601830270027,35.73485,-1,360.0,270.0,0.0,4.0,8.88888888888889,0.6577777777777778,90.66000000000004,1.0,1.0,1,696.7506345539583,0.6878679657438337,4
scenario_1_kitchen_pm_spike_ep01_d033,scenario_1_kitchen_pm_spike_ep01,scenario_1_kitchen_pm_spike,33,D,train,5.338349713354376,5.297821,0,0.0,0.0,0.0,0.0,0.0,0.0,90.66000000000004,0.0,1.0,1,49.99688112544845,0.001865372863883059,3
scenario_1_kitchen_pm_spike_ep01_d036,scenario_1_kitchen_pm_spike_ep01,scenario_1_kitchen_pm_spike,36,A,train,5.752073789523359,6.608339,0,0.0,0.0,0.0,4.0,8.88888888888889,0.6577777777777778,90.42000000000006,1.0,1.0,1,53.09237821774491,-0.312132034254623,0
scenario_1_kitchen_pm_spike_ep01_d036,scenario_1_kitchen_pm_spike_ep01,scenario_1_kitchen_pm_spike,36,B,train,4.665428154773951,5.787229,0,0.0,0.0,0.0,0.0,0.0,0.0,90.42000000000006,0.0,1.0,1,55.87372405789506,0.004584872155654488,3
scenario_1_kitchen_pm_spike_ep01_d036,scenario_1_kitchen_pm_spike_ep01,scenario_1_kitchen_pm_spike,36,C,train,41.99620558725351,35.53062,-1,450.0,360.0,0.0,5.656854249492381,12.57078722109418,0.9302382543609692,90.42000000000006,1.0,1.0,1,659.7277969862605,0.6000000001416698,4
scenario_1_kitchen_pm_spike_ep01_d036,scenario_1_kitchen_pm_spike_ep01,scenario_1_kitchen_pm_spike,36,D,train,5.600104596843678,5.65801,0,0.0,0.0,0.0,4.0,8.88888888888889,0.6577777777777778,90.42000000000006,1.0,1.0,1,54.19246016816851,-0.3103186189537905,0
scenario_1_kitchen_pm_spike_ep01_d039,scenario_1_kitchen_pm_spike_ep01,scenario_1_kitchen_pm_spike,39,A,train,5.718728248003215,5.97387,0,0.0,0.0,0.0,4.0,8.88888888888889,0.6577777777777778,90.18000000000006,1.0,1.0,1,56.9085979171698,-0.312132034254623,0
scenario_1_kitchen_pm_spike_ep01_d039,scenario_1_kitchen_pm_spike_ep01,scenario_1_kitchen_pm_spike,39,B,train,5.659877748992378,5.8447514,0,0.0,0.0,0.0,5.656854249492381,12.57078722109418,0.9302382543609692,90.18000000000006,1.0,1.0,1,59.48422646522727,-0.3954650154679429,0
scenario_1_kitchen_pm_spike_ep01_d039,scenario_1_kitchen_pm_spike_ep01,scenario_1_kitchen_pm_spike,39,C,train,39.00632148313656,34.99879,-1,540.0,450.0,0.0,0.0,0.0,0.0,90.18000000000006,0.0,1.0,1,624.8551060569971,0.9999999999982393,4
scenario_1_kitchen_pm_spike_ep01_d039,scenario_1_kitchen_pm_spike_ep01,scenario_1_kitchen_pm_spike,39,D,train,5.666641030543291,5.6670213,0,0.0,0.0,0.0,4.0,8.88888888888889,0.6577777777777778,90.18000000000006,1.0,1.0,1,57.90877035053927,-0.3103710014477773,0
scenario_1_kitchen_pm_spike_ep01_d042,scenario_1_kitchen_pm_spike_ep01,scenario_1_kitchen_pm_spike,42,A,train,6.688215097117635,6.1590004,0,0.0,0.0,0.0,0.0,0.0,0.0,89.94000000000007,0.0,1.0,1,60.27422302734431,0.0,0
scenario_1_kitchen_pm_spike_ep01_d042,scenario_1_kitchen_pm_spike_ep01,scenario_1_kitchen_pm_spike,42,B,train,6.41468436256397,6.3220778,0,0.0,0.0,0.0,4.0,8.88888888888889,0.6577777777777778,89.94000000000007,1.0,1.0,1,62.65885407930273,-0.30764734523077397,0
scenario_1_kitchen_pm_spike_ep01_d042,scenario_1_kitchen_pm_spike_ep01,scenario_1_kitchen_pm_spike,42,C,train,37.120727465487576,32.3172,-1,630.0,540.0,0.0,4.0,8.88888888888889,0.6577777777777778,89.94000000000007,1.0,1.0,1,592.001403947301,0.6878679657434964,4
scenario_1_kitchen_pm_spike_ep01_d042,scenario_1_kitchen_pm_spike_ep01,scenario_1_kitchen_pm_spike,42,D,train,5.633526307176288,5.756618,0,0.0,0.0,0.0,5.656854249492381,12.57078722109418,0.9302382543609692,89.94000000000007,1.0,1.0,1,61.18253127244088,-0.39829177752446376,0
scenario_1_kitchen_pm_spike_ep01_d045,scenario_1_kitchen_pm_spike_ep01,scenario_1_kitchen_pm_spike,45,A,train,5.899655809125865,6.334523,0,0.0,0.0,0.0,4.0,8.88888888888889,0.6577777777777778,89.70000000000007,1.0,1.0,1,63.22405644501691,-0.312132034254623,0
scenario_1_kitchen_pm_spike_ep01_d045,scenario_1_kitchen_pm_spike_ep01,scenario_1_kitchen_pm_spike,45,B,train,5.605904113037637,5.9838033,0,0.0,0.0,0.0,0.0,0.0,0.0,89.70000000000007,0.0,1.0,1,65.4313805076797,0.004433983142737822,3
scenario_1_kitchen_pm_spike_ep01_d045,scenario_1_kitchen_pm_spike_ep01,scenario_1_kitchen_pm_spike,45,C,train,35.954464506408804,31.675909,-1,720.0,630.0,0.0,5.656854249492381,12.57078722109418,0.9302382543609692,89.70000000000007,1.0,1.0,1,561.0437349599462,0.6000000001413095,4
scenario_1_kitchen_pm_spike_ep01_d045,scenario_1_kitchen_pm_spike_ep01,scenario_1_kitchen_pm_spike,45,D,train,6.5466665614896,6.2209883,0,0.0,0.0,0.0,4.0,8.88888888888889,0.6577777777777778,89.70000000000007,1.0,1.0,1,64.0479384611815,-0.3104770534418502,0
scenario_1_kitchen_pm_spike_ep01_d048,scenario_1_kitchen_pm_spike_ep01,scenario_1_kitchen_pm_spike,48,A,train,6.077894092509273,6.252382,0,0.0,0.0,0.0,5.656854249492381,12.57078722109418,0.9302382543609692,89.46000000000008,1.0,1.0,1,65.79049949713612,-0.3999999998566819,0
scenario_1_kitchen_pm_spike_ep01_d048,scenario_1_kitchen_pm_spike_ep01,scenario_1_kitchen_pm_spike,48,B,train,5.97704320483664,6.164408,0,0.0,0.0,0.0,4.0,8.88888888888889,0.6577777777777778,89.46000000000008,1.0,1.0,1,67.83324856419972,-0.30774917044119965,0
scenario_1_kitchen_pm_spike_ep01_d048,scenario_1_kitchen_pm_spike_ep01,scenario_1_kitchen_pm_spike,48,C,train,35.35940374094563,26.277838,-1,810.0,720.0,0.0,4.0,8.88888888888889,0.6577777777777778,89.46000000000008,1.0,1.0,1,531.8668263049417,0.6878679657432315,4
scenario_1_kitchen_pm_spike_ep01_d048,scenario_1_kitchen_pm_spike_ep01,scenario_1_kitchen_pm_spike,48,D,train,5.819836157701436,6.1809864,0,0.0,0.0,0.0,0.0,0.0,0.0,89.46000000000008,0.0,1.0,1,66.53682992882477,0.0016013051699036594,3
scenario_1_kitchen_pm_spike_ep01_d051,scenario_1_kitchen_pm_spike_ep01,scenario_1_kitchen_pm_spike,51,A,train,6.937943499742604,6.479287,0,0.0,0.0,0.0,0.0,0.0,0.0,89.22000000000008,0.0,1.0,1,68.00371080323998,0.0,0
scenario_1_kitchen_pm_spike_ep01_d051,scenario_1_kitchen_pm_spike_ep01,scenario_1_kitchen_pm_spike,51,B,train,5.976277657864802,6.4717803,0,0.0,0.0,0.0,4.0,8.88888888888889,0.6577777777777778,89.22000000000008,1.0,1.0,1,69.89372432589835,-0.30780070616436395,0
scenario_1_kitchen_pm_spike_ep01_d051,scenario_1_kitchen_pm_spike_ep01,scenario_1_kitchen_pm_spike,51,C,train,34.23413193782371,25.81847,-1,900.0,810.0,0.0,4.0,8.88888888888889,0.6577777777777778,89.22000000000008,1.0,1.0,1,504.3626019490196,0.6878679657430853,4
scenario_1_kitchen_pm_spike_ep01_d051,scenario_1_kitchen_pm_spike_ep01,scenario_1_kitchen_pm_spike,51,D,train,6.662245619127044,6.039465,0,0.0,0.0,0.0,5.656854249492381,12.57078722109418,0.9302382543609692,89.22000000000008,1.0,1.0,1,68.67884192431256,-0.398452807546017,0
scenario_1_kitchen_pm_spike_ep01_d054,scenario_1_kitchen_pm_spike_ep01,scenario_1_kitchen_pm_spike,54,A,train,6.014295156881738,6.5447507,0,0.0,0.0,0.0,4.0,8.88888888888889,0.6577777777777778,88.98000000000009,1.0,1.0,1,69.89175481310895,-0.312132034254623,0
scenario_1_kitchen_pm_spike_ep01_d054,scenario_1_kitchen_pm_spike_ep01,scenario_1_kitchen_pm_spike,54,B,train,6.280238685472258,6.472905,0,0.0,0.0,0.0,5.656854249492381,12.57078722109418,0.9302382543609692,88.98000000000009,1.0,1.0,1,71.64004118826733,-0.39572062684268683,0
scenario_1_kitchen_pm_spike_ep01_d054,scenario_1_kitchen_pm_spike_ep01,scenario_1_kitchen_pm_spike,54,C,train,33.3659774688462,26.667192,-1,990.0,900.0,0.0,0.0,0.0,0.0,88.98000000000009,0.0,1.0,1,478.42972741718177,0.9999999999975523,4
scenario_1_kitchen_pm_spike_ep01_d054,scenario_1_kitchen_pm_spike_ep01,scenario_1_kitchen_pm_spike,54,D,train,5.9216932878699,6.0038204,0,0.0,0.0,0.0,4.0,8.88888888888889,0.6577777777777778,88.98000000000009,1.0,1.0,1,70.50155457622236,-0.31063939512679606,0
scenario_1_kitchen_pm_spike_ep01_d057,scenario_1_kitchen_pm_spike_ep01,scenario_1_kitchen_pm_spike,57,A,train,6.680924252154802,6.6943884,0,0.0,0.0,0.0,5.656854249492381,12.57078722109418,0.9302382543609692,88.7400000000001,1.0,1.0,1,71.48074068558185,-0.3999999998566819,0
scenario_1_kitchen_pm_spike_ep01_d057,scenario_1_kitchen_pm_spike_ep01,scenario_1_kitchen_pm_spike,57,B,train,5.846962598920904,6.48281,0,0.0,0.0,0.0,4.0,8.88888888888889,0.6577777777777778,88.7400000000001,1.0,1.0,1,73.09753456323256,-0.30790503864274676,0
scenario_1_kitchen_pm_spike_ep01_d057,scenario_1_kitchen_pm_spike_ep01,scenario_1_kitchen_pm_spike,57,C,train,25.099875919645854,24.779797,0,0.0,990.0,30.0,4.0,8.88888888888889,0.6577777777777778,88.7400000000001,1.0,1.0,1,453.9731835695819,0.6878679657427627,4
scenario_1_kitchen_pm_spike_ep01_d057,scenario_1_kitchen_pm_spike_ep01,scenario_1_kitchen_pm_spike,57,D,train,6.25084403825342,6.237641,0,0.0,0.0,0.0,0.0,0.0,0.0,88.7400000000001,0.0,1.0,1,72.03062807739138,0.001437642499971857,3
scenario_1_kitchen_pm_spike_ep01_d060,scenario_1_kitchen_pm_spike_ep01,scenario_1_kitchen_pm_spike,60,A,train,5.736391783142829,6.517964,0,0.0,0.0,0.0,4.0,8.88888888888889,0.6577777777777778,88.5000000000001,1.0,1.0,1,72.79495213166388,-0.312132034254623,0
scenario_1_kitchen_pm_spike_ep01_d060,scenario_1_kitchen_pm_spike_ep01,scenario_1_kitchen_pm_spike,60,B,train,5.4572855751826985,6.3600807,0,0.0,0.0,0.0,0.0,0.0,0.0,88.5000000000001,0.0,1.0,1,74.28976782281279,0.004174192897690999,3
scenario_1_kitchen_pm_spike_ep01_d060,scenario_1_kitchen_pm_spike_ep01,scenario_1_kitchen_pm_spike,60,C,train,24.142961825918952,24.971931,0,60.0,0.0,0.0,5.656854249492381,12.57078722109418,0.9302382543609692,88.5000000000001,1.0,1.0,1,430.903867503451,0.6000000001405258,4
scenario_1_kitchen_pm_spike_ep01_d060,scenario_1_kitchen_pm_spike_ep01,scenario_1_kitchen_pm_spike,60,D,train,6.293074622367577,6.271017,0,0.0,0.0,0.0,4.0,8.88888888888889,0.6577777777777778,88.5000000000001,1.0,1.0,1,73.28993002079392,-0.31074983496306174,0
scenario_1_kitchen_pm_spike_ep01_d063,scenario_1_kitchen_pm_spike_ep01,scenario_1_kitchen_pm_spike,63,A,train,7.086683096936823,6.3541274,0,0.0,0.0,0.0,4.0,8.88888888888889,0.6577777777777778,88.2600000000001,1.0,1.0,1,73.85696880492264,-0.312132034254623,0
scenario_1_kitchen_pm_spike_ep01_d063,scenario_1_kitchen_pm_spike_ep01,scenario_1_kitchen_pm_spike,63,B,train,5.4648742268947625,6.090193,0,0.0,0.0,0.0,5.656854249492381,12.57078722109418,0.9302382543609692,88.2600000000001,1.0,1.0,1,75.23865005270659,-0.3958790379848153,0
scenario_1_kitchen_pm_spike_ep01_d063,scenario_1_kitchen_pm_spike_ep01,scenario_1_kitchen_pm_spike,63,C,train,24.95962578688449,24.597897,0,150.0,0.0,0.0,0.0,0.0,0.0,88.2600000000001,0.0,1.0,1,409.13821884812864,0.9999999999970175,4
scenario_1_kitchen_pm_spike_ep01_d063,scenario_1_kitchen_pm_spike_ep01,scenario_1_kitchen_pm_spike,63,D,train,6.515358255271571,6.377687,0,0.0,0.0,0.0,4.0,8.88888888888889,0.6577777777777778,88.2600000000001,1.0,1.0,1,74.30165445690386,-0.3108057279016057,0
scenario_1_kitchen_pm_spike_ep01_d066,scenario_1_kitchen_pm_spike_ep01,scenario_1_kitchen_pm_spike,66,A,train,6.276803277050144,6.432331,0,0.0,0.0,0.0,0.0,0.0,0.0,88.02000000000011,0.0,1.0,1,74.68777978476282,0.0,0
scenario_1_kitchen_pm_spike_ep01_d066,scenario_1_kitchen_pm_spike_ep01,scenario_1_kitchen_pm_spike,66,B,train,6.251928676669665,6.0501695,0,0.0,0.0,0.0,4.0,8.88888888888889,0.6577777777777778,88.02000000000011,1.0,1.0,1,75.96454614382401,-0.30806473473307916,0
scenario_1_kitchen_pm_spike_ep01_d066,scenario_1_kitchen_pm_spike_ep01,scenario_1_kitchen_pm_spike,66,C,train,24.321852394305647,23.592676,0,240.0,0.0,0.0,4.0,8.88888888888889,0.6577777777777778,88.02000000000011,1.0,1.0,1,388.5978698320457,0.6878679657421914,4
scenario_1_kitchen_pm_spike_ep01_d066,scenario_1_kitchen_pm_spike_ep01,scenario_1_kitchen_pm_spike,66,D,train,7.002288004257519,6.378235,0,0.0,0.0,0.0,5.656854249492381,12.57078722109418,0.9302382543609692,88.02000000000011,1.0,1.0,1,75.08643320621172,-0.39873003933586015,0
scenario_1_kitchen_pm_spike_ep01_d069,scenario_1_kitchen_pm_spike_ep01,scenario_1_kitchen_pm_spike,69,A,train,5.55594880396763,6.2635183,0,0.0,0.0,0.0,4.0,8.88888888888889,0.6577777777777778,87.78000000000011,1.0,1.0,1,75.30688966303569,-0.312132034254623,0
scenario_1_kitchen_pm_spike_ep01_d069,scenario_1_kitchen_pm_spike_ep01,scenario_1_kitchen_pm_spike,69,B,train,5.940679805984357,6.008825,0,0.0,0.0,0.0,0.0,0.0,0.0,87.78000000000011,0.0,1.0,1,76.48637971585413,0.004013202820667463,3
scenario_1_kitchen_pm_spike_ep01_d069,scenario_1_kitchen_pm_spike_ep01,scenario_1_kitchen_pm_spike,69,C,train,24.27385899284952,23.708569,0,330.0,0.0,0.0,5.656854249492381,12.57078722109418,0.9302382543609692,87.78000000000011,1.0,1.0,1,369.20931760418193,0.6000000001399157,4
scenario_1_kitchen_pm_spike_ep01_d069,scenario_1_kitchen_pm_spike_ep01,scenario_1_kitchen_pm_spike,69,D,train,6.366845483652002,6.3506217,0,0.0,0.0,0.0,4.0,8.88888888888889,0.6577777777777778,87.78000000000011,1.0,1.0,1,75.66343992622751,-0.3109188756370222,0
scenario_1_kitchen_pm_spike_ep01_d072,scenario_1_kitchen_pm_spike_ep01,scenario_1_kitchen_pm_spike,72,A,train,6.27490345439193,6.247676,0,0.0,0.0,0.0,5.656854249492381,12.57078722109418,0.9302382543609692,87.54000000000012,1.0,1.0,1,75.7324177116418,-0.3999999998566819,0
scenario_1_kitchen_pm_spike_ep01_d072,scenario_1_kitchen_pm_spike_ep01,scenario_1_kitchen_pm_spike,72,B,train,6.677297191690007,5.9687014,0,0.0,0.0,0.0,4.0,8.88888888888889,0.6577777777777778,87.54000000000012,1.0,1.0,1,76.82172933522907,-0.30817336552454405,0
scenario_1_kitchen_pm_spike_ep01_d072,scenario_1_kitchen_pm_spike_ep01,scenario_1_kitchen_pm_spike,72,C,train,24.42084230498305,22.822838,0,420.0,0.0,0.0,4.0,8.88888888888889,0.6577777777777778,87.54000000000012,1.0,1.0,1,350.90361738956403,0.6878679657417429,4
scenario_1_kitchen_pm_spike_ep01_d072,scenario_1_kitchen_pm_spike_ep01,scenario_1_kitchen_pm_spike,72,D,train,5.964432909524976,6.570424,0,0.0,0.0,0.0,0.0,0.0,0.0,87.54000000000012,0.0,1.0,1,76.05048740027246,0.0011558974522108082,3
scenario_1_kitchen_pm_spike_ep01_d075,scenario_1_kitchen_pm_spike_ep01,scenario_1_kitchen_pm_spike,75,A,train,5.689791622396753,6.2627063,0,0.0,0.0,0.0,0.0,0.0,0.0,87.30000000000013,0.0,1.0,1,75.98119057804433,0.0,0
scenario_1_kitchen_pm_spike_ep01_d075,scenario_1_kitchen_pm_spike_ep01,scenario_1_kitchen_pm_spike,75,B,train,5.849086851067504,6.1832023,0,0.0,0.0,0.0,4.0,8.88888888888889,0.6577777777777778,87.30000000000013,1.0,1.0,1,76.98691846012412,-0.3082283400570145,0
scenario_1_kitchen_pm_spike_ep01_d075,scenario_1_kitchen_pm_spike_ep01,scenario_1_kitchen_pm_spike,75,C,train,24.0683250831571,23.176477,0,510.0,0.0,0.0,4.0,8.88888888888889,0.6577777777777778,87.30000000000013,1.0,1.0,1,333.61609514920497,0.6878679657414956,4
scenario_1_kitchen_pm_spike_ep01_d075,scenario_1_kitchen_pm_spike_ep01,scenario_1_kitchen_pm_spike,75,D,train,5.449677513637686,6.286369,0,0.0,0.0,0.0,5.656854249492381,12.57078722109418,0.9302382543609692,87.30000000000013,1.0,1.0,1,76.26411848532553,-0.39890182603683,0
scenario_1_kitchen_pm_spike_ep01_d078,scenario_1_kitchen_pm_spike_ep01,scenario_1_kitchen_pm_spike,78,A,train,6.285326865077341,6.304164,0,0.0,0.0,0.0,4.0,8.88888888888889,0.6577777777777778,87.06000000000013,1.0,1.0,1,76.06882892687577,-0.312132034254623,0
scenario_1_kitchen_pm_spike_ep01_d078,scenario_1_kitchen_pm_spike_ep01,scenario_1_kitchen_pm_spike,78,B,train,7.213441906802322,6.1419377,0,0.0,0.0,0.0,5.656854249492381,12.57078722109418,0.9302382543609692,87.06000000000013,1.0,1.0,1,76.99709951734883,-0.39615172369852025,0
scenario_1_kitchen_pm_spike_ep01_d078,scenario_1_kitchen_pm_spike_ep01,scenario_1_kitchen_pm_spike,78,C,train,23.65353480067301,23.475948,0,600.0,0.0,0.0,0.0,0.0,0.0,87.06000000000013,0.0,1.0,1,317.28607849990453,0.9999999999958544,4
scenario_1_kitchen_pm_spike_ep01_d078,scenario_1_kitchen_pm_spike_ep01,scenario_1_kitchen_pm_spike,78,D,train,6.1196189944523,6.325753,0,0.0,0.0,0.0,4.0,8.88888888888889,0.6577777777777778,87.06000000000013,1.0,1.0,1,76.31969112808554,-0.3110920497524667,0
scenario_1_kitchen_pm_spike_ep02_d012,scenario_1_kitchen_pm_spike_ep02,scenario_1_kitchen_pm_spike,12,A,train,3.8287894627941,5.8074703,0,0.0,0.0,0.0,4.0,8.88888888888889,0.6577777777777778,91.64,1.0,1.0,1,38.28207558383747,-0.287436672161524,0
scenario_1_kitchen_pm_spike_ep02_d012,scenario_1_kitchen_pm_spike_ep02,scenario_1_kitchen_pm_spike,12,B,train,4.180009264429602,5.447849,0,0.0,0.0,0.0,5.656854249492381,12.57078722109418,0.9302382543609692,91.64,1.0,1.0,1,38.52964016403598,-0.3739784387085535,0
scenario_1_kitchen_pm_spike_ep02_d012,scenario_1_kitchen_pm_spike_ep02,scenario_1_kitchen_pm_spike,12,C,train,5.740359152925077,11.304327,1,0.0,0.0,0.0,0.0,0.0,0.0,91.64,0.0,1.0,1,220.34440049056693,0.9999999999946431,4
scenario_1_kitchen_pm_spike_ep02_d012,scenario_1_kitchen_pm_spike_ep02,scenario_1_kitchen_pm_spike,12,D,train,5.099639750593326,5.5460396,0,0.0,0.0,0.0,4.0,8.88888888888889,0.6577777777777778,91.64,1.0,1.0,1,33.67213643010098,-0.312132034254623,0
scenario_1_kitchen_pm_spike_ep02_d015,scenario_1_kitchen_pm_spike_ep02,scenario_1_kitchen_pm_spike,15,A,train,4.545483116857181,5.642475,0,0.0,0.0,0.0,5.656854249492381,12.57078722109418,0.9302382543609692,91.40000000000002,1.0,1.0,1,39.82009649679958,-0.38624881676154443,0
scenario_1_kitchen_pm_spike_ep02_d015,scenario_1_kitchen_pm_spike_ep02,scenario_1_kitchen_pm_spike,15,B,train,4.598868244278927,4.862573,0,0.0,0.0,0.0,4.0,8.88888888888889,0.6577777777777778,91.40000000000002,1.0,1.0,1,40.084645257151806,-0.29752869508355045,0
scenario_1_kitchen_pm_spike_ep02_d015,scenario_1_kitchen_pm_spike_ep02,scenario_1_kitchen_pm_spike,15,C,train,5.257750975251533,16.363655,1,0.0,0.0,0.0,4.0,8.88888888888889,0.6577777777777778,91.40000000000002,1.0,1.0,1,345.9974615104379,0.6878679657421559,4
scenario_1_kitchen_pm_spike_ep02_d015,scenario_1_kitchen_pm_spike_ep02,scenario_1_kitchen_pm_spike,15,D,train,4.480966885660713,4.9642215,0,0.0,0.0,0.0,0.0,0.0,0.0,91.40000000000002,0.0,1.0,1,35.55109162324629,0.0,0
scenario_1_kitchen_pm_spike_ep02_d018,scenario_1_kitchen_pm_spike_ep02,scenario_1_kitchen_pm_spike,18,A,train,4.603549836469685,5.389004,0,0.0,0.0,0.0,4.0,8.88888888888889,0.6577777777777778,91.16000000000004,1.0,1.0,1,41.46215606510077,-0.30250162209775855,0
scenario_1_kitchen_pm_spike_ep02_d018,scenario_1_kitchen_pm_spike_ep02,scenario_1_kitchen_pm_spike,18,B,train,5.045097105257745,5.305623,0,0.0,0.0,0.0,0.0,0.0,0.0,91.16000000000004,0.0,1.0,1,41.74076750125482,0.010309265370217261,3
scenario_1_kitchen_pm_spike_ep02_d018,scenario_1_kitchen_pm_spike_ep02,scenario_1_kitchen_pm_spike,18,C,train,4.729925489595483,18.463928,1,0.0,0.0,0.0,5.656854249492381,12.57078722109418,0.9302382543609692,91.16000000000004,1.0,1.0,1,447.92453668611006,0.6000000001408817,4
scenario_1_kitchen_pm_spike_ep02_d018,scenario_1_kitchen_pm_spike_ep02,scenario_1_kitchen_pm_spike,18,D,train,5.035319606606716,4.995069,0,0.0,0.0,0.0,4.0,8.88888888888889,0.6577777777777778,91.16000000000004,1.0,1.0,1,37.50969195503535,-0.312132034254623,0
scenario_1_kitchen_pm_spike_ep02_d021,scenario_1_kitchen_pm_spike_ep02,scenario_1_kitchen_pm_spike,21,A,train,3.3392403641245,5.232796,0,0.0,0.0,0.0,4.0,8.88888888888889,0.6577777777777778,90.92000000000004,1.0,1.0,1,45.21156003882629,-0.30543050388390314,0
scenario_1_kitchen_pm_spike_ep02_d021,scenario_1_kitchen_pm_spike_ep02,scenario_1_kitchen_pm_spike,21,B,train,5.044164620714891,5.1340995,0,0.0,0.0,0.0,5.656854249492381,12.57078722109418,0.9302382543609692,90.92000000000004,1.0,1.0,1,45.501602194388624,-0.3927671951301126,0
scenario_1_kitchen_pm_spike_ep02_d021,scenario_1_kitchen_pm_spike_ep02,scenario_1_kitchen_pm_spike,21,C,train,11.1820323114183,37.942955,1,0.0,0.0,0.0,0.0,0.0,0.0,90.92000000000004,0.0,1.0,1,587.4896242357694,0.9999999999981684,4
scenario_1_kitchen_pm_spike_ep02_d021,scenario_1_kitchen_pm_spike_ep02,scenario_1_kitchen_pm_spike,21,D,train,4.796070124292192,5.2577558,0,0.0,0.0,0.0,4.0,8.88888888888889,0.6577777777777778,90.92000000000004,1.0,1.0,1,41.55294882808517,-0.312132034254623,0
scenario_1_kitchen_pm_spike_ep02_d024,scenario_1_kitchen_pm_spike_ep02,scenario_1_kitchen_pm_spike,24,A,train,4.867710537508374,5.0138593,0,0.0,0.0,0.0,0.0,0.0,0.0,90.68000000000004,0.0,1.0,1,49.24661007475606,0.005439431097351198,3
scenario_1_kitchen_pm_spike_ep02_d024,scenario_1_kitchen_pm_spike_ep02,scenario_1_kitchen_pm_spike,24,B,train,3.618507393717541,5.459802,0,0.0,0.0,0.0,4.0,8.88888888888889,0.6577777777777778,90.68000000000004,1.0,1.0,1,49.545716271713445,-0.30621208458749793,0
scenario_1_kitchen_pm_spike_ep02_d024,scenario_1_kitchen_pm_spike_ep02,scenario_1_kitchen_pm_spike,24,C,train,20.33426864591635,41.18602,1,90.0,0.0,0.0,4.0,8.88888888888889,0.6577777777777778,90.68000000000004,1.0,1.0,1,668.3261797733169,0.6878679657437705,4
scenario_1_kitchen_pm_spike_ep02_d024,scenario_1_kitchen_pm_spike_ep02,scenario_1_kitchen_pm_spike,24,D,train,4.408562890332857,5.7796097,0,0.0,0.0,0.0,5.656854249492381,12.57078722109418,0.9302382543609692,90.68000000000004,1.0,1.0,1,45.86075227137053,-0.3999999998566819,0
scenario_1_kitchen_pm_spike_ep02_d027,scenario_1_kitchen_pm_spike_ep02,scenario_1_kitchen_pm_spike,27,A,train,5.723107859278575,5.6470413,0,0.0,0.0,0.0,4.0,8.88888888888889,0.6577777777777778,90.44000000000004,1.0,1.0,1,53.80293848689803,-0.30744622484957373,0
scenario_1_kitchen_pm_spike_ep02_d027,scenario_1_kitchen_pm_spike_ep02,scenario_1_kitchen_pm_spike,27,B,train,4.26778057427871,5.680255,0,0.0,0.0,0.0,0.0,0.0,0.0,90.44000000000004,0.0,1.0,1,54.10898493055993,0.005143581913129274,3
scenario_1_kitchen_pm_spike_ep02_d027,scenario_1_kitchen_pm_spike_ep02,scenario_1_kitchen_pm_spike,27,C,train,29.576830564544093,39.748524,1,180.0,90.0,0.0,5.656854249492381,12.57078722109418,0.9302382543609692,90.44000000000004,1.0,1.0,1,719.2259662588631,0.6000000001418225,4
scenario_1_kitchen_pm_spike_ep02_d027,scenario_1_kitchen_pm_spike_ep02,scenario_1_kitchen_pm_spike,27,D,train,4.939540522330418,5.757815,0,0.0,0.0,0.0,4.0,8.88888888888889,0.6577777777777778,90.44000000000004,1.0,1.0,1,50.67021365353549,-0.312132034254623,0
scenario_1_kitchen_pm_spike_ep02_d030,scenario_1_kitchen_pm_spike_ep02,scenario_1_kitchen_pm_spike,30,A,train,4.642931673699382,5.6963863,0,0.0,0.0,0.0,5.656854249492381,12.57078722109418,0.9302382543609692,90.20000000000005,1.0,1.0,1,58.899214212548486,-0.3958445838455461,0
scenario_1_kitchen_pm_spike_ep02_d030,scenario_1_kitchen_pm_spike_ep02,scenario_1_kitchen_pm_spike,30,B,train,4.69006649341559,5.498246,0,0.0,0.0,0.0,4.0,8.88888888888889,0.6577777777777778,90.20000000000005,1.0,1.0,1,59.210299333051125,-0.3075305307230419,0
scenario_1_kitchen_pm_spike_ep02_d030,scenario_1_kitchen_pm_spike_ep02,scenario_1_kitchen_pm_spike,30,C,train,38.09052322084455,37.54706,0,270.0,180.0,0.0,4.0,8.88888888888889,0.6577777777777778,90.20000000000005,1.0,1.0,1,753.3648027192437,0.687867965743943,4
scenario_1_kitchen_pm_spike_ep02_d030,scenario_1_kitchen_pm_spike_ep02,scenario_1_kitchen_pm_spike,30,D,train,4.903559250354102,5.960732,0,0.0,0.0,0.0,0.0,0.0,0.0,90.20000000000005,0.0,1.0,1,56.00137907635826,0.0,0
scenario_1_kitchen_pm_spike_ep02_d033,scenario_1_kitchen_pm_spike_ep02,scenario_1_kitchen_pm_spike,33,A,train,4.166065699936443,5.736726,0,0.0,0.0,0.0,0.0,0.0,0.0,89.96000000000005,0.0,1.0,1,62.89317357073173,0.004113619819963026,3
scenario_1_kitchen_pm_spike_ep02_d033,scenario_1_kitchen_pm_spike_ep02,scenario_1_kitchen_pm_spike,33,B,train,4.384498776544561,5.625367,0,0.0,0.0,0.0,4.0,8.88888888888889,0.6577777777777778,89.96000000000005,1.0,1.0,1,63.20759897296102,-0.3075357757449162,0
scenario_1_kitchen_pm_spike_ep02_d033,scenario_1_kitchen_pm_spike_ep02,scenario_1_kitchen_pm_spike,33,C,train,42.891434497337166,35.77889,-1,360.0,270.0,0.0,4.0,8.88888888888889,0.6577777777777778,89.96000000000005,1.0,1.0,1,711.6848728614148,0.687867965743842,4
scenario_1_kitchen_pm_spike_ep02_d033,scenario_1_kitchen_pm_spike_ep02,scenario_1_kitchen_pm_spike,33,D,train,5.625330293379691,5.9884796,0,0.0,0.0,0.0,5.656854249492381,12.57078722109418,0.9302382543609692,89.96000000000005,1.0,1.0,1,60.213267060963744,-0.3999999998566819,0
scenario_1_kitchen_pm_spike_ep02_d036,scenario_1_kitchen_pm_spike_ep02,scenario_1_kitchen_pm_spike,36,A,train,5.369318553624773,5.648474,0,0.0,0.0,0.0,4.0,8.88888888888889,0.6577777777777778,89.72000000000006,1.0,1.0,1,66.6986194009994,-0.30806959395480477,0
scenario_1_kitchen_pm_spike_ep02_d036,scenario_1_kitchen_pm_spike_ep02,scenario_1_kitchen_pm_spike,36,B,train,5.3089063220684185,5.805329,0,0.0,0.0,0.0,5.656854249492381,12.57078722109418,0.9302382543609692,89.72000000000006,1.0,1.0,1,67.0148723039631,-0.39541904033604125,0
scenario_1_kitchen_pm_spike_ep02_d036,scenario_1_kitchen_pm_spike_ep02,scenario_1_kitchen_pm_spike,36,C,train,41.635873881539645,34.90159,-1,450.0,360.0,0.0,0.0,0.0,0.0,89.72000000000006,0.0,1.0,1,674.1363609098028,0.9999999999983604,4
scenario_1_kitchen_pm_spike_ep02_d036,scenario_1_kitchen_pm_spike_ep02,scenario_1_kitchen_pm_spike,36,D,train,5.254781444569399,6.013233,0,0.0,0.0,0.0,4.0,8.88888888888889,0.6577777777777778,89.72000000000006,1.0,1.0,1,64.2208741480913,-0.312132034254623,0
scenario_1_kitchen_pm_spike_ep02_d039,scenario_1_kitchen_pm_spike_ep02,scenario_1_kitchen_pm_spike,39,A,train,5.938928017369545,5.6390524,0,0.0,0.0,0.0,5.656854249492381,12.57078722109418,0.9302382543609692,89.48000000000006,1.0,1.0,1,70.03711851181629,-0.3959891585415791,0
scenario_1_kitchen_pm_spike_ep02_d039,scenario_1_kitchen_pm_spike_ep02,scenario_1_kitchen_pm_spike,39,B,train,4.581404328897687,5.797223,0,0.0,0.0,0.0,4.0,8.88888888888889,0.6577777777777778,89.48000000000006,1.0,1.0,1,70.3538555670068,-0.30756649911273015,0
scenario_1_kitchen_pm_spike_ep02_d039,scenario_1_kitchen_pm_spike_ep02,scenario_1_kitchen_pm_spike,39,C,train,38.84999801933255,34.6844,-1,540.0,450.0,0.0,4.0,8.88888888888889,0.6577777777777778,89.48000000000006,1.0,1.0,1,638.7592817788952,0.6878679657436257,4
scenario_1_kitchen_pm_spike_ep02_d039,scenario_1_kitchen_pm_spike_ep02,scenario_1_kitchen_pm_spike,39,D,train,6.360606674886525,5.9404707,0,0.0,0.0,0.0,0.0,0.0,0.0,89.48000000000006,0.0,1.0,1,67.74687837279498,0.0,0
scenario_1_kitchen_pm_spike_ep02_d042,scenario_1_kitchen_pm_spike_ep02,scenario_1_kitchen_pm_spike,42,A,train,5.660016149485854,5.6330414,0,0.0,0.0,0.0,4.0,8.88888888888889,0.6577777777777778,89.24000000000007,1.0,1.0,1,72.94496832529717,-0.30817321441490286,0
scenario_1_kitchen_pm_spike_ep02_d042,scenario_1_kitchen_pm_spike_ep02,scenario_1_kitchen_pm_spike,42,B,train,6.746143942244777,6.1561813,0,0.0,0.0,0.0,0.0,0.0,0.0,89.24000000000007,0.0,1.0,1,73.26100071147721,0.004549984468872494,3
scenario_1_kitchen_pm_spike_ep02_d042,scenario_1_kitchen_pm_spike_ep02,scenario_1_kitchen_pm_spike,42,C,train,37.48763377079636,31.42461,-1,630.0,540.0,0.0,5.656854249492381,12.57078722109418,0.9302382543609692,89.24000000000007,1.0,1.0,1,605.4214653552662,0.6000000001414476,4
scenario_1_kitchen_pm_spike_ep02_d042,scenario_1_kitchen_pm_spike_ep02,scenario_1_kitchen_pm_spike,42,D,train,5.045892891489183,6.0195966,0,0.0,0.0,0.0,4.0,8.88888888888889,0.6577777777777778,89.24000000000007,1.0,1.0,1,70.82861152939472,-0.312132034254623,0
scenario_1_kitchen_pm_spike_ep02_d045,scenario_1_kitchen_pm_spike_ep02,scenario_1_kitchen_pm_spike,45,A,train,5.296561399823341,5.6710353,0,0.0,0.0,0.0,4.0,8.88888888888889,0.6577777777777778,89.00000000000007,1.0,1.0,1,75.45595870485772,-0.3082256614217117,0
scenario_1_kitchen_pm_spike_ep02_d045,scenario_1_kitchen_pm_spike_ep02,scenario_1_kitchen_pm_spike,45,B,train,6.278236855837423,6.1849933,0,0.0,0.0,0.0,5.656854249492381,12.57078722109418,0.9302382543609692,89.00000000000007,1.0,1.0,1,75.77023840411925,-0.39546569326406344,0
scenario_1_kitchen_pm_spike_ep02_d045,scenario_1_kitchen_pm_spike_ep02,scenario_1_kitchen_pm_spike,45,C,train,35.86779132939781,32.050102,-1,720.0,630.0,0.0,0.0,0.0,0.0,89.00000000000007,0.0,1.0,1,573.9989988621688,0.999999999998002,4
scenario_1_kitchen_pm_spike_ep02_d045,scenario_1_kitchen_pm_spike_ep02,scenario_1_kitchen_pm_spike,45,D,train,6.451515261696262,6.154591,0,0.0,0.0,0.0,4.0,8.88888888888889,0.6577777777777778,89.00000000000007,1.0,1.0,1,73.50082624040238,-0.312132034254623,0
scenario_1_kitchen_pm_spike_ep02_d048,scenario_1_kitchen_pm_spike_ep02,scenario_1_kitchen_pm_spike,48,A,train,5.977847349628854,5.8685327,0,0.0,0.0,0.0,0.0,0.0,0.0,88.76000000000008,0.0,1.0,1,77.60153774928403,0.003853497239315899,3
scenario_1_kitchen_pm_spike_ep02_d048,scenario_1_kitchen_pm_spike_ep02,scenario_1_kitchen_pm_spike,48,B,train,5.4441562817823295,5.854546,0,0.0,0.0,0.0,4.0,8.88888888888889,0.6577777777777778,88.76000000000008,1.0,1.0,1,77.91314491601656,-0.3076135336548288,0
scenario_1_kitchen_pm_spike_ep02_d048,scenario_1_kitchen_pm_spike_ep02,scenario_1_kitchen_pm_spike,48,C,train,34.99548715256663,31.27032,-1,810.0,720.0,0.0,4.0,8.88888888888889,0.6577777777777778,88.76000000000008,1.0,1.0,1,544.3757043517398,0.6878679657432429,4
scenario_1_kitchen_pm_spike_ep02_d048,scenario_1_kitchen_pm_spike_ep02,scenario_1_kitchen_pm_spike,48,D,train,5.957450531861404,6.200252,0,0.0,0.0,0.0,5.656854249492381,12.57078722109418,0.9302382543609692,88.76000000000008,1.0,1.0,1,75.79586663825216,-0.3999999998566819,0
scenario_1_kitchen_pm_spike_ep02_d051,scenario_1_kitchen_pm_spike_ep02,scenario_1_kitchen_pm_spike,51,A,train,6.259113604921494,5.997344,0,0.0,0.0,0.0,4.0,8.88888888888889,0.6577777777777778,88.52000000000008,1.0,1.0,1,79.41096682268744,-0.3083318442655889,0
scenario_1_kitchen_pm_spike_ep02_d051,scenario_1_kitchen_pm_spike_ep02,scenario_1_kitchen_pm_spike,51,B,train,6.064082448100192,5.8740993,0,0.0,0.0,0.0,0.0,0.0,0.0,88.52000000000008,0.0,1.0,1,79.71909816351103,0.004502565572718897,3
scenario_1_kitchen_pm_spike_ep02_d051,scenario_1_kitchen_pm_spike_ep02,scenario_1_kitchen_pm_spike,51,C,train,33.97495665853671,30.306618,-1,900.0,810.0,0.0,5.656854249492381,12.57078722109418,0.9302382543609692,88.52000000000008,1.0,1.0,1,516.4426494671875,0.6000000001410388,4
scenario_1_kitchen_pm_spike_ep02_d051,scenario_1_kitchen_pm_spike_ep02,scenario_1_kitchen_pm_spike,51,D,train,5.8169354743077255,6.180413,0,0.0,0.0,0.0,4.0,8.88888888888889,0.6577777777777778,88.52000000000008,1.0,1.0,1,77.74382795296424,-0.312132034254623,0
scenario_1_kitchen_pm_spike_ep02_d054,scenario_1_kitchen_pm_spike_ep02,scenario_1_kitchen_pm_spike,54,A,train,5.347440734613857,5.814346,0,0.0,0.0,0.0,5.656854249492381,12.57078722109418,0.9302382543609692,88.28000000000009,1.0,1.0,1,80.91146551375186,-0.39625355185898403,0
scenario_1_kitchen_pm_spike_ep02_d054,scenario_1_kitchen_pm_spike_ep02,scenario_1_kitchen_pm_spike,54,B,train,6.542294771479185,5.930181,0,0.0,0.0,0.0,4.0,8.88888888888889,0.6577777777777778,88.28000000000009,1.0,1.0,1,81.2154236023614,-0.30764553366522895,0
scenario_1_kitchen_pm_spike_ep02_d054,scenario_1_kitchen_pm_spike_ep02,scenario_1_kitchen_pm_spike,54,C,train,33.20151944225929,29.078167,-1,990.0,900.0,0.0,4.0,8.88888888888889,0.6577777777777778,88.28000000000009,1.0,1.0,1,490.0976893499201,0.6878679657429423,4
scenario_1_kitchen_pm_spike_ep02_d054,scenario_1_kitchen_pm_spike_ep02,scenario_1_kitchen_pm_spike,54,D,train,4.931507737360724,6.1208425,0,0.0,0.0,0.0,0.0,0.0,0.0,88.28000000000009,0.0,1.0,1,79.37270572122793,0.0,0
scenario_1_kitchen_pm_spike_ep02_d057,scenario_1_kitchen_pm_spike_ep02,scenario_1_kitchen_pm_spike,57,A,train,5.90085669815689,6.102355,0,0.0,0.0,0.0,0.0,0.0,0.0,88.04000000000009,0.0,1.0,1,82.12834717320311,0.003692268166539896,3
scenario_1_kitchen_pm_spike_ep02_d057,scenario_1_kitchen_pm_spike_ep02,scenario_1_kitchen_pm_spike,57,B,train,6.060336455374016,5.926898,0,0.0,0.0,0.0,4.0,8.88888888888889,0.6577777777777778,88.04000000000009,1.0,1.0,1,82.42753062957149,-0.30766172953111703,0
scenario_1_kitchen_pm_spike_ep02_d057,scenario_1_kitchen_pm_spike_ep02,scenario_1_kitchen_pm_spike,57,C,train,31.87614519819246,28.935347,0,1080.0,990.0,0.0,4.0,8.88888888888889,0.6577777777777778,88.04000000000009,1.0,1.0,1,465.2450377025724,0.6878679657427765,4
scenario_1_kitchen_pm_spike_ep02_d057,scenario_1_kitchen_pm_spike_ep02,scenario_1_kitchen_pm_spike,57,D,train,6.401752362286128,6.2998314,0,0.0,0.0,0.0,5.656854249492381,12.57078722109418,0.9302382543609692,88.04000000000009,1.0,1.0,1,80.7085352864558,-0.3999999998566819,0
scenario_1_kitchen_pm_spike_ep02_d060,scenario_1_kitchen_pm_spike_ep02,scenario_1_kitchen_pm_spike,60,A,train,6.763266901958604,6.0836444,0,0.0,0.0,0.0,4.0,8.88888888888889,0.6577777777777778,87.8000000000001,1.0,1.0,1,83.08514563670315,-0.3084943868721688,0
scenario_1_kitchen_pm_spike_ep02_d060,scenario_1_kitchen_pm_spike_ep02,scenario_1_kitchen_pm_spike,60,B,train,6.126807642654564,5.606733,0,0.0,0.0,0.0,5.656854249492381,12.57078722109418,0.9302382543609692,87.8000000000001,1.0,1.0,1,83.37904010523494,-0.3955460228122176,0
scenario_1_kitchen_pm_spike_ep02_d060,scenario_1_kitchen_pm_spike_ep02,scenario_1_kitchen_pm_spike,60,C,train,31.551369454897227,27.920216,-1,1170.0,1080.0,0.0,0.0,0.0,0.0,87.8000000000001,0.0,1.0,1,441.79486514607777,0.9999999999972224,4
scenario_1_kitchen_pm_spike_ep02_d060,scenario_1_kitchen_pm_spike_ep02,scenario_1_kitchen_pm_spike,60,D,train,6.568223837955029,6.267433,0,0.0,0.0,0.0,4.0,8.88888888888889,0.6577777777777778,87.8000000000001,1.0,1.0,1,81.77552221625797,-0.312132034254623,0
scenario_1_kitchen_pm_spike_ep02_d063,scenario_1_kitchen_pm_spike_ep02,scenario_1_kitchen_pm_spike,63,A,train,6.803975154922368,6.005536,0,0.0,0.0,0.0,5.656854249492381,12.57078722109418,0.9302382543609692,87.5600000000001,1.0,1.0,1,83.80373370144775,-0.3964174173385805,0
scenario_1_kitchen_pm_spike_ep02_d063,scenario_1_kitchen_pm_spike_ep02,scenario_1_kitchen_pm_spike,63,B,train,5.452903772993441,5.784322,0,0.0,0.0,0.0,4.0,8.88888888888889,0.6577777777777778,87.5600000000001,1.0,1.0,1,84.0919035673819,-0.307694517637206,0
scenario_1_kitchen_pm_spike_ep02_d063,scenario_1_kitchen_pm_spike_ep02,scenario_1_kitchen_pm_spike,63,C,train,30.20117243929734,27.24369,0,1260.0,1170.0,0.0,4.0,8.88888888888889,0.6577777777777778,87.5600000000001,1.0,1.0,1,419.6629231280824,0.6878679657424103,4
scenario_1_kitchen_pm_spike_ep02_d063,scenario_1_kitchen_pm_spike_ep02,scenario_1_kitchen_pm_spike,63,D,train,5.075393871415006,6.079181,0,0.0,0.0,0.0,0.0,0.0,0.0,87.5600000000001,0.0,1.0,1,82.59616422355975,0.0,0
scenario_1_kitchen_pm_spike_ep02_d066,scenario_1_kitchen_pm_spike_ep02,scenario_1_kitchen_pm_spike,66,A,train,6.157653500027349,5.933619,0,0.0,0.0,0.0,4.0,8.88888888888889,0.6577777777777778,87.3200000000001,1.0,1.0,1,84.30443388815502,-0.30860496382266805,0
scenario_1_kitchen_pm_spike_ep02_d066,scenario_1_kitchen_pm_spike_ep02,scenario_1_kitchen_pm_spike,66,B,train,6.450398913494413,5.735352,0,0.0,0.0,0.0,0.0,0.0,0.0,87.3200000000001,0.0,1.0,1,84.58651467598816,0.004420922503277386,3
scenario_1_kitchen_pm_spike_ep02_d066,scenario_1_kitchen_pm_spike_ep02,scenario_1_kitchen_pm_spike,66,C,train,30.144501416846616,27.24474,0,1350.0,1260.0,0.0,5.656854249492381,12.57078722109418,0.9302382543609692,87.3200000000001,1.0,1.0,1,398.7701917514187,0.6000000001401494,4
scenario_1_kitchen_pm_spike_ep02_d066,scenario_1_kitchen_pm_spike_ep02,scenario_1_kitchen_pm_spike,66,D,train,5.797897598517554,6.2548933,0,0.0,0.0,0.0,4.0,8.88888888888889,0.6577777777777778,87.3200000000001,1.0,1.0,1,83.19136513985882,-0.312132034254623,0
scenario_1_kitchen_pm_spike_ep02_d069,scenario_1_kitchen_pm_spike_ep02,scenario_1_kitchen_pm_spike,69,A,train,5.592315744494134,5.977358,0,0.0,0.0,0.0,4.0,8.88888888888889,0.6577777777777778,87.08000000000011,1.0,1.0,1,84.60612198609351,-0.30866092628621067,0
scenario_1_kitchen_pm_spike_ep02_d069,scenario_1_kitchen_pm_spike_ep02,scenario_1_kitchen_pm_spike,69,B,train,5.759955461272437,6.016477,0,0.0,0.0,0.0,5.656854249492381,12.57078722109418,0.9302382543609692,87.08000000000011,1.0,1.0,1,84.8818133878483,-0.395595806097936,0
scenario_1_kitchen_pm_spike_ep02_d069,scenario_1_kitchen_pm_spike_ep02,scenario_1_kitchen_pm_spike,69,C,train,29.38737529630053,26.39303,0,1440.0,1350.0,0.0,0.0,0.0,0.0,87.08000000000011,0.0,1.0,1,379.0425499957522,0.9999999999966155,4
scenario_1_kitchen_pm_spike_ep02_d069,scenario_1_kitchen_pm_spike_ep02,scenario_1_kitchen_pm_spike,69,D,train,5.9175865527770135,6.2752485,0,0.0,0.0,0.0,4.0,8.88888888888889,0.6577777777777778,87.08000000000011,1.0,1.0,1,83.58054145387723,-0.312132034254623,0
scenario_1_kitchen_pm_spike_ep02_d072,scenario_1_kitchen_pm_spike_ep02,scenario_1_kitchen_pm_spike,72,A,train,6.474790311891389,5.7817216,0,0.0,0.0,0.0,0.0,0.0,0.0,86.84000000000012,0.0,1.0,1,84.72632384671351,0.003414691957859702,3
scenario_1_kitchen_pm_spike_ep02_d072,scenario_1_kitchen_pm_spike_ep02,scenario_1_kitchen_pm_spike,72,B,train,6.462308312405921,5.9939613,0,0.0,0.0,0.0,4.0,8.88888888888889,0.6577777777777778,86.84000000000012,1.0,1.0,1,84.99538333173223,-0.3077447048182877,0
scenario_1_kitchen_pm_spike_ep02_d072,scenario_1_kitchen_pm_spike_ep02,scenario_1_kitchen_pm_spike,72,C,train,28.158061393504948,25.561857,0,1530.0,1440.0,0.0,4.0,8.88888888888889,0.6577777777777778,86.84000000000012,1.0,1.0,1,360.4104669030868,0.6878679657417621,4
scenario_1_kitchen_pm_spike_ep02_d072,scenario_1_kitchen_pm_spike_ep02,scenario_1_kitchen_pm_spike,72,D,train,6.506184213697412,6.3436165,0,0.0,0.0,0.0,5.656854249492381,12.57078722109418,0.9302382543609692,86.84000000000012,1.0,1.0,1,83.78172189582097,-0.3999999998566819,0
scenario_1_kitchen_pm_spike_ep02_d075,scenario_1_kitchen_pm_spike_ep02,scenario_1_kitchen_pm_spike,75,A,train,6.321663225216925,5.7761297,0,0.0,0.0,0.0,4.0,8.88888888888889,0.6577777777777778,86.60000000000012,1.0,1.0,1,84.68130586163716,-0.30877421503784486,0
scenario_1_kitchen_pm_spike_ep02_d075,scenario_1_kitchen_pm_spike_ep02,scenario_1_kitchen_pm_spike,75,B,train,5.918279936716713,5.701396,0,0.0,0.0,0.0,0.0,0.0,0.0,86.60000000000012,0.0,1.0,1,84.943542823097,0.004370328584404243,3
scenario_1_kitchen_pm_spike_ep02_d075,scenario_1_kitchen_pm_spike_ep02,scenario_1_kitchen_pm_spike,75,C,train,27.380642302280016,24.783457,0,1620.0,1530.0,0.0,5.656854249492381,12.57078722109418,0.9302382543609692,86.60000000000012,1.0,1.0,1,342.80871238930524,0.6000000001394572,4
scenario_1_kitchen_pm_spike_ep02_d075,scenario_1_kitchen_pm_spike_ep02,scenario_1_kitchen_pm_spike,75,D,train,5.725716186092586,6.283579,0,0.0,0.0,0.0,4.0,8.88888888888889,0.6577777777777778,86.60000000000012,1.0,1.0,1,83.8116405166104,-0.312132034254623,0
scenario_1_kitchen_pm_spike_ep02_d078,scenario_1_kitchen_pm_spike_ep02,scenario_1_kitchen_pm_spike,78,A,train,5.783725070670664,5.9486756,0,0.0,0.0,0.0,5.656854249492381,12.57078722109418,0.9302382543609692,86.36000000000013,1.0,1.0,1,84.48615953268404,-0.3966995133088538,0
scenario_1_kitchen_pm_spike_ep02_d078,scenario_1_kitchen_pm_spike_ep02,scenario_1_kitchen_pm_spike,78,B,train,6.290670547025173,5.7762475,0,0.0,0.0,0.0,4.0,8.88888888888889,0.6577777777777778,86.36000000000013,1.0,1.0,1,84.74142992933457,-0.30777884400744715,0
scenario_1_kitchen_pm_spike_ep02_d078,scenario_1_kitchen_pm_spike_ep02,scenario_1_kitchen_pm_spike,78,C,train,27.34777356332661,24.781683,0,1710.0,1620.0,0.0,4.0,8.88888888888889,0.6577777777777778,86.36000000000013,1.0,1.0,1,326.17608642940263,0.6878679657412532,4
scenario_1_kitchen_pm_spike_ep02_d078,scenario_1_kitchen_pm_spike_ep02,scenario_1_kitchen_pm_spike,78,D,train,6.069382527225503,6.2022176,0,0.0,0.0,0.0,0.0,0.0,0.0,86.36000000000013,0.0,1.0,1,83.68582368250532,0.0,0
scenario_1_kitchen_pm_spike_ep03_d012,scenario_1_kitchen_pm_spike_ep03,scenario_1_kitchen_pm_spike,12,A,train,4.982446178166844,4.822448,0,0.0,0.0,0.0,5.656854249492381,12.57078722109418,0.9302382543609692,90.94000000000004,1.0,1.0,1,27.713613244386465,-0.3209289840882425,0
scenario_1_kitchen_pm_spike_ep03_d012,scenario_1_kitchen_pm_spike_ep03,scenario_1_kitchen_pm_spike,12,B,train,3.634241251279151,3.7614908,0,0.0,0.0,0.0,4.0,8.88888888888889,0.6577777777777778,90.94000000000004,1.0,1.0,1,11.107973779436977,-0.312132034254623,0
scenario_1_kitchen_pm_spike_ep03_d012,scenario_1_kitchen_pm_spike_ep03,scenario_1_kitchen_pm_spike,12,C,train,5.592412517498876,13.4911785,1,0.0,0.0,30.0,4.0,8.88888888888889,0.6577777777777778,90.94000000000004,1.0,1.0,1,221.1171573404561,0.6878679657406154,4
scenario_1_kitchen_pm_spike_ep03_d012,scenario_1_kitchen_pm_spike_ep03,scenario_1_kitchen_pm_spike,12,D,train,6.536898791588438,5.8556485,0,0.0,0.0,0.0,0.0,0.0,0.0,90.94000000000004,0.0,1.0,1,32.236122552284314,0.10060583263306605,3
scenario_1_kitchen_pm_spike_ep03_d015,scenario_1_kitchen_pm_spike_ep03,scenario_1_kitchen_pm_spike,15,A,train,4.039620118354384,4.9240174,0,0.0,0.0,0.0,0.0,0.0,0.0,90.70000000000005,0.0,1.0,1,29.47543251764432,0.048152893601334026,3
scenario_1_kitchen_pm_spike_ep03_d015,scenario_1_kitchen_pm_spike_ep03,scenario_1_kitchen_pm_spike,15,B,train,2.903823627842557,3.7503738,0,0.0,0.0,0.0,4.0,8.88888888888889,0.6577777777777778,90.70000000000005,1.0,1.0,1,13.847591857052066,-0.312132034254623,0
scenario_1_kitchen_pm_spike_ep03_d015,scenario_1_kitchen_pm_spike_ep03,scenario_1_kitchen_pm_spike,15,C,train,5.670974285909295,19.175926,1,0.0,0.0,0.0,4.0,8.88888888888889,0.6577777777777778,90.70000000000005,1.0,1.0,1,338.39383387377586,0.6878679657422958,4
scenario_1_kitchen_pm_spike_ep03_d015,scenario_1_kitchen_pm_spike_ep03,scenario_1_kitchen_pm_spike,15,D,train,5.303450138562776,5.7526217,0,0.0,0.0,0.0,5.656854249492381,12.57078722109418,0.9302382543609692,90.70000000000005,1.0,1.0,1,33.71411020790333,-0.3387867865181452,0
scenario_1_kitchen_pm_spike_ep03_d018,scenario_1_kitchen_pm_spike_ep03,scenario_1_kitchen_pm_spike,18,A,train,4.854709696666663,5.0260835,0,0.0,0.0,0.0,4.0,8.88888888888889,0.6577777777777778,90.46000000000004,1.0,1.0,1,32.20702589045504,-0.2798824484798542,0
scenario_1_kitchen_pm_spike_ep03_d018,scenario_1_kitchen_pm_spike_ep03,scenario_1_kitchen_pm_spike,18,B,train,3.2129453090661912,3.6514137,0,0.0,0.0,0.0,5.656854249492381,12.57078722109418,0.9302382543609692,90.46000000000004,1.0,1.0,1,17.499124320238025,-0.3999999998566819,0
scenario_1_kitchen_pm_spike_ep03_d018,scenario_1_kitchen_pm_spike_ep03,scenario_1_kitchen_pm_spike,18,C,train,4.0552538052814535,14.842362,1,0.0,0.0,0.0,0.0,0.0,0.0,90.46000000000004,0.0,1.0,1,473.5639455215028,0.9999999999978073,4
scenario_1_kitchen_pm_spike_ep03_d018,scenario_1_kitchen_pm_spike_ep03,scenario_1_kitchen_pm_spike,18,D,train,5.119679666387645,5.617801,0,0.0,0.0,0.0,4.0,8.88888888888889,0.6577777777777778,90.46000000000004,1.0,1.0,1,36.17973173061068,-0.2711716125296424,0
scenario_1_kitchen_pm_spike_ep03_d021,scenario_1_kitchen_pm_spike_ep03,scenario_1_kitchen_pm_spike,21,A,train,4.590425053592757,4.917746,0,0.0,0.0,30.0,5.656854249492381,12.57078722109418,0.9302382543609692,90.22000000000004,1.0,1.0,1,35.46713594366088,-0.3749122932069271,0
scenario_1_kitchen_pm_spike_ep03_d021,scenario_1_kitchen_pm_spike_ep03,scenario_1_kitchen_pm_spike,21,B,train,2.694488162095511,3.6339746,0,0.0,0.0,0.0,4.0,8.88888888888889,0.6577777777777778,90.22000000000004,1.0,1.0,1,21.62475472021288,-0.312132034254623,0
scenario_1_kitchen_pm_spike_ep03_d021,scenario_1_kitchen_pm_spike_ep03,scenario_1_kitchen_pm_spike,21,C,train,10.575730458138317,36.65404,1,0.0,0.0,0.0,4.0,8.88888888888889,0.6577777777777778,90.22000000000004,1.0,1.0,1,573.3842844641637,0.6878679657435647,4
scenario_1_kitchen_pm_spike_ep03_d021,scenario_1_kitchen_pm_spike_ep03,scenario_1_kitchen_pm_spike,21,D,train,5.165435943856283,5.726512,0,0.0,0.0,0.0,0.0,0.0,0.0,90.22000000000004,0.0,1.0,1,39.190603243852365,0.03183605824037012,3
scenario_1_kitchen_pm_spike_ep03_d024,scenario_1_kitchen_pm_spike_ep03,scenario_1_kitchen_pm_spike,24,A,train,4.311946856772014,4.9441404,0,0.0,0.0,0.0,4.0,8.88888888888889,0.6577777777777778,89.98000000000005,1.0,1.0,1,39.36383268076338,-0.290941040709366,0
scenario_1_kitchen_pm_spike_ep03_d024,scenario_1_kitchen_pm_spike_ep03,scenario_1_kitchen_pm_spike,24,B,train,3.5342810733543604,4.1374607,0,0.0,0.0,0.0,0.0,0.0,0.0,89.98000000000005,0.0,1.0,1,26.33578835313392,0.0,0
scenario_1_kitchen_pm_spike_ep03_d024,scenario_1_kitchen_pm_spike_ep03,scenario_1_kitchen_pm_spike,24,C,train,19.77547266482315,40.932686,1,90.0,0.0,0.0,5.656854249492381,12.57078722109418,0.9302382543609692,89.98000000000005,1.0,1.0,1,641.1273647737777,0.6000000001416916,4
scenario_1_kitchen_pm_spike_ep03_d024,scenario_1_kitchen_pm_spike_ep03,scenario_1_kitchen_pm_spike,24,D,train,4.230827320609944,5.666417,0,0.0,0.0,0.0,4.0,8.88888888888889,0.6577777777777778,89.98000000000005,1.0,1.0,1,42.85373949278028,-0.2852644716966126,0
scenario_1_kitchen_pm_spike_ep03_d027,scenario_1_kitchen_pm_spike_ep03,scenario_1_kitchen_pm_spike,27,A,train,4.608072157087752,4.649098,0,0.0,0.0,0.0,4.0,8.88888888888889,0.6577777777777778,89.74000000000005,1.0,1.0,1,43.57431987150176,-0.29311123115337856,0
scenario_1_kitchen_pm_spike_ep03_d027,scenario_1_kitchen_pm_spike_ep03,scenario_1_kitchen_pm_spike,27,B,train,4.6439076049079535,3.643341,0,0.0,0.0,0.0,5.656854249492381,12.57078722109418,0.9302382543609692,89.74000000000005,1.0,1.0,1,31.31247096021229,-0.3999999998566819,0
scenario_1_kitchen_pm_spike_ep03_d027,scenario_1_kitchen_pm_spike_ep03,scenario_1_kitchen_pm_spike,27,C,train,28.758905855607924,39.203335,1,180.0,90.0,0.0,0.0,0.0,0.0,89.74000000000005,0.0,1.0,1,675.9671075705976,0.9999999999984488,4
scenario_1_kitchen_pm_spike_ep03_d027,scenario_1_kitchen_pm_spike_ep03,scenario_1_kitchen_pm_spike,27,D,train,5.221420820532577,5.846962,0,0.0,0.0,0.0,4.0,8.88888888888889,0.6577777777777778,89.74000000000005,1.0,1.0,1,46.84535567906482,-0.28803714090133725,0
scenario_1_kitchen_pm_spike_ep03_d030,scenario_1_kitchen_pm_spike_ep03,scenario_1_kitchen_pm_spike,30,A,train,5.138463263608517,4.8364596,0,0.0,0.0,0.0,0.0,0.0,0.0,89.50000000000006,0.0,1.0,1,48.67925829684168,0.017139064772204043,3
scenario_1_kitchen_pm_spike_ep03_d030,scenario_1_kitchen_pm_spike_ep03,scenario_1_kitchen_pm_spike,30,B,train,3.658034253817357,3.8027112,0,0.0,0.0,0.0,4.0,8.88888888888889,0.6577777777777778,89.50000000000006,1.0,1.0,1,37.13832358316336,-0.312132034254623,0
scenario_1_kitchen_pm_spike_ep03_d030,scenario_1_kitchen_pm_spike_ep03,scenario_1_kitchen_pm_spike,30,C,train,36.40122450613175,37.52476,0,270.0,180.0,0.0,4.0,8.88888888888889,0.6577777777777778,89.50000000000006,1.0,1.0,1,710.5084792510588,0.687867965743892,4
scenario_1_kitchen_pm_spike_ep03_d030,scenario_1_kitchen_pm_spike_ep03,scenario_1_kitchen_pm_spike,30,D,train,5.3767887411226525,6.2061644,0,0.0,0.0,0.0,5.656854249492381,12.57078722109418,0.9302382543609692,89.50000000000006,1.0,1.0,1,51.745186483127554,-0.3783078253862312,0
scenario_1_kitchen_pm_spike_ep03_d033,scenario_1_kitchen_pm_spike_ep03,scenario_1_kitchen_pm_spike,33,A,train,5.827135648328345,6.3053336,0,0.0,0.0,0.0,4.0,8.88888888888889,0.6577777777777778,89.26000000000006,1.0,1.0,1,52.95726576722223,-0.2951286180112874,0
scenario_1_kitchen_pm_spike_ep03_d033,scenario_1_kitchen_pm_spike_ep03,scenario_1_kitchen_pm_spike,33,B,train,4.749582160783402,5.194102,0,0.0,0.0,0.0,0.0,0.0,0.0,89.26000000000006,0.0,1.0,1,42.094653492077214,0.0,0
scenario_1_kitchen_pm_spike_ep03_d033,scenario_1_kitchen_pm_spike_ep03,scenario_1_kitchen_pm_spike,33,C,train,42.8513514590307,34.752293,-1,360.0,270.0,0.0,5.656854249492381,12.57078722109418,0.9302382543609692,89.26000000000006,1.0,1.0,1,680.943465970309,0.6000000001417529,4
scenario_1_kitchen_pm_spike_ep03_d033,scenario_1_kitchen_pm_spike_ep03,scenario_1_kitchen_pm_spike,33,D,train,4.709115360420734,6.141175,0,0.0,0.0,0.0,4.0,8.88888888888889,0.6577777777777778,89.26000000000006,1.0,1.0,1,55.8309821274629,-0.2906303450175749,0
scenario_1_kitchen_pm_spike_ep03_d036,scenario_1_kitchen_pm_spike_ep03,scenario_1_kitchen_pm_spike,36,A,train,4.428437414558512,6.086186,0,0.0,0.0,0.0,5.656854249492381,12.57078722109418,0.9302382543609692,89.02000000000007,1.0,1.0,1,56.863741634101416,-0.38290732136665706,0
scenario_1_kitchen_pm_spike_ep03_d036,scenario_1_kitchen_pm_spike_ep03,scenario_1_kitchen_pm_spike,36,B,train,4.733389539508244,4.8045,0,0.0,0.0,0.0,4.0,8.88888888888889,0.6577777777777778,89.02000000000007,1.0,1.0,1,46.639388948315855,-0.312132034254623,0
scenario_1_kitchen_pm_spike_ep03_d036,scenario_1_kitchen_pm_spike_ep03,scenario_1_kitchen_pm_spike,36,C,train,39.734547385416505,34.13894,-1,450.0,360.0,0.0,4.0,8.88888888888889,0.6577777777777778,89.02000000000007,1.0,1.0,1,644.8108628770724,0.6878679657437052,4
scenario_1_kitchen_pm_spike_ep03_d036,scenario_1_kitchen_pm_spike_ep03,scenario_1_kitchen_pm_spike,36,D,train,6.1160935681118085,6.097397,0,0.0,0.0,0.0,0.0,0.0,0.0,89.02000000000007,0.0,1.0,1,59.55732918409444,0.02159571427054635,3
scenario_1_kitchen_pm_spike_ep03_d039,scenario_1_kitchen_pm_spike_ep03,scenario_1_kitchen_pm_spike,39,A,train,4.929886075396164,6.094806,0,0.0,0.0,0.0,0.0,0.0,0.0,88.78000000000007,0.0,1.0,1,60.31198460297105,0.017182650092229763,3
scenario_1_kitchen_pm_spike_ep03_d039,scenario_1_kitchen_pm_spike_ep03,scenario_1_kitchen_pm_spike,39,B,train,4.17241409067586,5.086613,0,0.0,0.0,0.0,4.0,8.88888888888889,0.6577777777777778,88.78000000000007,1.0,1.0,1,50.68820665046792,-0.312132034254623,0
scenario_1_kitchen_pm_spike_ep03_d039,scenario_1_kitchen_pm_spike_ep03,scenario_1_kitchen_pm_spike,39,C,train,37.08815688008177,33.53161,-1,540.0,450.0,0.0,4.0,8.88888888888889,0.6577777777777778,88.78000000000007,1.0,1.0,1,610.7751490504623,0.6878679657435915,4
scenario_1_kitchen_pm_spike_ep03_d039,scenario_1_kitchen_pm_spike_ep03,scenario_1_kitchen_pm_spike,39,D,train,4.792735305266201,6.132129,0,0.0,0.0,0.0,5.656854249492381,12.57078722109418,0.9302382543609692,88.78000000000007,1.0,1.0,1,62.83676491837946,-0.3783095133478681,0
scenario_1_kitchen_pm_spike_ep03_d042,scenario_1_kitchen_pm_spike_ep03,scenario_1_kitchen_pm_spike,42,A,train,4.994483129589905,5.8498654,0,0.0,0.0,0.0,4.0,8.88888888888889,0.6577777777777778,88.54000000000008,1.0,1.0,1,63.3373256210316,-0.2948586984661495,0
scenario_1_kitchen_pm_spike_ep03_d042,scenario_1_kitchen_pm_spike_ep03,scenario_1_kitchen_pm_spike,42,B,train,4.060775085790545,5.389599,0,0.0,0.0,0.0,5.656854249492381,12.57078722109418,0.9302382543609692,88.54000000000008,1.0,1.0,1,54.278673674074525,-0.3999999998566819,0
scenario_1_kitchen_pm_spike_ep03_d042,scenario_1_kitchen_pm_spike_ep03,scenario_1_kitchen_pm_spike,42,C,train,35.71113331155982,33.043983,0,630.0,540.0,0.0,0.0,0.0,0.0,88.54000000000008,0.0,1.0,1,578.7084686986478,0.9999999999980932,4
scenario_1_kitchen_pm_spike_ep03_d042,scenario_1_kitchen_pm_spike_ep03,scenario_1_kitchen_pm_spike,42,D,train,5.593857672570636,5.833507,0,0.0,0.0,0.0,4.0,8.88888888888889,0.6577777777777778,88.54000000000008,1.0,1.0,1,65.70390692744331,-0.2903460233114201,0
scenario_1_kitchen_pm_spike_ep03_d045,scenario_1_kitchen_pm_spike_ep03,scenario_1_kitchen_pm_spike,45,A,train,5.426171833113893,5.8850746,0,0.0,0.0,0.0,5.656854249492381,12.57078722109418,0.9302382543609692,88.30000000000008,1.0,1.0,1,65.97265968137344,-0.38263525952320143,0
scenario_1_kitchen_pm_spike_ep03_d045,scenario_1_kitchen_pm_spike_ep03,scenario_1_kitchen_pm_spike,45,B,train,4.255242487221364,5.60773,0,0.0,0.0,0.0,4.0,8.88888888888889,0.6577777777777778,88.30000000000008,1.0,1.0,1,57.44578778217965,-0.312132034254623,0
scenario_1_kitchen_pm_spike_ep03_d045,scenario_1_kitchen_pm_spike_ep03,scenario_1_kitchen_pm_spike,45,C,train,33.91032016034449,31.561022,0,720.0,630.0,0.0,4.0,8.88888888888889,0.6577777777777778,88.30000000000008,1.0,1.0,1,548.4909595165368,0.6878679657433405,4
scenario_1_kitchen_pm_spike_ep03_d045,scenario_1_kitchen_pm_spike_ep03,scenario_1_kitchen_pm_spike,45,D,train,5.935046466777823,6.1027675,0,0.0,0.0,0.0,0.0,0.0,0.0,88.30000000000008,0.0,1.0,1,68.19098190114028,0.02188229258214073,3
scenario_1_kitchen_pm_spike_ep03_d048,scenario_1_kitchen_pm_spike_ep03,scenario_1_kitchen_pm_spike,48,A,train,6.576460897680751,5.756629,0,0.0,0.0,0.0,4.0,8.88888888888889,0.6577777777777778,88.06000000000009,1.0,1.0,1,68.24860687844239,-0.294675165756659,0
scenario_1_kitchen_pm_spike_ep03_d048,scenario_1_kitchen_pm_spike_ep03,scenario_1_kitchen_pm_spike,48,B,train,4.485708279432135,5.544606,0,0.0,0.0,0.0,0.0,0.0,0.0,88.06000000000009,0.0,1.0,1,60.222146474511874,0.0,0
scenario_1_kitchen_pm_spike_ep03_d048,scenario_1_kitchen_pm_spike_ep03,scenario_1_kitchen_pm_spike,48,C,train,32.66774358560087,29.628834,-1,810.0,720.0,0.0,5.656854249492381,12.57078722109418,0.9302382543609692,88.06000000000009,1.0,1.0,1,520.0102467772198,0.6000000001411433,4
scenario_1_kitchen_pm_spike_ep03_d048,scenario_1_kitchen_pm_spike_ep03,scenario_1_kitchen_pm_spike,48,D,train,5.885050577894294,6.1860623,0,0.0,0.0,0.0,4.0,8.88888888888889,0.6577777777777778,88.06000000000009,1.0,1.0,1,70.32798382720148,-0.29015269780373554,0
scenario_1_kitchen_pm_spike_ep03_d051,scenario_1_kitchen_pm_spike_ep03,scenario_1_kitchen_pm_spike,51,A,train,5.7398765804529805,6.0181694,0,0.0,0.0,0.0,4.0,8.88888888888889,0.6577777777777778,87.82000000000009,1.0,1.0,1,70.19366299984699,-0.2945823091862526,0
scenario_1_kitchen_pm_spike_ep03_d051,scenario_1_kitchen_pm_spike_ep03,scenario_1_kitchen_pm_spike,51,B,train,4.890388716356455,5.8611426,0,0.0,0.0,0.0,5.656854249492381,12.57078722109418,0.9302382543609692,87.82000000000009,1.0,1.0,1,62.63810509144309,-0.3999999998566819,0
scenario_1_kitchen_pm_spike_ep03_d051,scenario_1_kitchen_pm_spike_ep03,scenario_1_kitchen_pm_spike,51,C,train,33.29954795927289,29.545984,-1,900.0,810.0,0.0,0.0,0.0,0.0,87.82000000000009,0.0,1.0,1,493.1609696349809,0.9999999999976773,4
scenario_1_kitchen_pm_spike_ep03_d051,scenario_1_kitchen_pm_spike_ep03,scenario_1_kitchen_pm_spike,51,D,train,6.467791877802777,6.067098,0,0.0,0.0,0.0,4.0,8.88888888888889,0.6577777777777778,87.82000000000009,1.0,1.0,1,72.14282191341772,-0.29005488666333323,0
scenario_1_kitchen_pm_spike_ep03_d054,scenario_1_kitchen_pm_spike_ep03,scenario_1_kitchen_pm_spike,54,A,train,6.216384327577437,6.166549,0,0.0,0.0,0.0,0.0,0.0,0.0,87.5800000000001,0.0,1.0,1,71.83434032924129,0.01764331484665689,3
scenario_1_kitchen_pm_spike_ep03_d054,scenario_1_kitchen_pm_spike_ep03,scenario_1_kitchen_pm_spike,54,B,train,5.060561107342574,5.7301054,0,0.0,0.0,0.0,4.0,8.88888888888889,0.6577777777777778,87.5800000000001,1.0,1.0,1,64.72192467657601,-0.312132034254623,0
scenario_1_kitchen_pm_spike_ep03_d054,scenario_1_kitchen_pm_spike_ep03,scenario_1_kitchen_pm_spike,54,C,train,31.82748418786693,28.570524,-1,990.0,900.0,0.0,4.0,8.88888888888889,0.6577777777777778,87.5800000000001,1.0,1.0,1,467.8443375827492,0.6878679657428964,4
scenario_1_kitchen_pm_spike_ep03_d054,scenario_1_kitchen_pm_spike_ep03,scenario_1_kitchen_pm_spike,54,D,train,5.98879124337632,6.201758,0,0.0,0.0,0.0,5.656854249492381,12.57078722109418,0.9302382543609692,87.5800000000001,1.0,1.0,1,73.66145889007225,-0.3778242687951724,0
scenario_1_kitchen_pm_spike_ep03_d057,scenario_1_kitchen_pm_spike_ep03,scenario_1_kitchen_pm_spike,57,A,train,6.051120490716717,6.1399617,0,0.0,0.0,0.0,4.0,8.88888888888889,0.6577777777777778,87.3400000000001,1.0,1.0,1,73.19529929155146,-0.29439439160462333,0
scenario_1_kitchen_pm_spike_ep03_d057,scenario_1_kitchen_pm_spike_ep03,scenario_1_kitchen_pm_spike,57,B,train,5.071579669184751,5.5809383,0,0.0,0.0,0.0,0.0,0.0,0.0,87.3400000000001,0.0,1.0,1,66.49991025666054,0.0,0
scenario_1_kitchen_pm_spike_ep03_d057,scenario_1_kitchen_pm_spike_ep03,scenario_1_kitchen_pm_spike,57,C,train,31.370413941101933,27.970808,-1,1080.0,990.0,0.0,5.656854249492381,12.57078722109418,0.9302382543609692,87.3400000000001,1.0,1.0,1,443.96771513846033,0.600000000140669,4
scenario_1_kitchen_pm_spike_ep03_d057,scenario_1_kitchen_pm_spike_ep03,scenario_1_kitchen_pm_spike,57,D,train,6.130983850923903,6.1201844,0,0.0,0.0,0.0,4.0,8.88888888888889,0.6577777777777778,87.3400000000001,1.0,1.0,1,74.90804031321682,-0.2898569423188567,0
scenario_1_kitchen_pm_spike_ep03_d060,scenario_1_kitchen_pm_spike_ep03,scenario_1_kitchen_pm_spike,60,A,train,6.191299073121918,6.144017,0,0.0,0.0,0.0,5.656854249492381,12.57078722109418,0.9302382543609692,87.10000000000011,1.0,1.0,1,74.29947153135276,-0.38216728654610854,0
scenario_1_kitchen_pm_spike_ep03_d060,scenario_1_kitchen_pm_spike_ep03,scenario_1_kitchen_pm_spike,60,B,train,6.289810543451529,5.6641235,0,0.0,0.0,0.0,4.0,8.88888888888889,0.6577777777777778,87.10000000000011,1.0,1.0,1,67.99654015530223,-0.312132034254623,0
scenario_1_kitchen_pm_spike_ep03_d060,scenario_1_kitchen_pm_spike_ep03,scenario_1_kitchen_pm_spike,60,C,train,30.66474379337354,27.116564,-1,1170.0,1080.0,0.0,4.0,8.88888888888889,0.6577777777777778,87.10000000000011,1.0,1.0,1,421.4442329579218,0.6878679657425477,4
scenario_1_kitchen_pm_spike_ep03_d060,scenario_1_kitchen_pm_spike_ep03,scenario_1_kitchen_pm_spike,60,D,train,7.115860050073687,6.126378,0,0.0,0.0,0.0,0.0,0.0,0.0,87.10000000000011,0.0,1.0,1,75.90501544946255,0.02237523530406629,3
scenario_1_kitchen_pm_spike_ep03_d063,scenario_1_kitchen_pm_spike_ep03,scenario_1_kitchen_pm_spike,63,A,train,6.843835700374318,6.175768,0,0.0,0.0,0.0,0.0,0.0,0.0,86.86000000000011,0.0,1.0,1,75.16817497713009,0.01792853167527154,3
scenario_1_kitchen_pm_spike_ep03_d063,scenario_1_kitchen_pm_spike_ep03,scenario_1_kitchen_pm_spike,63,B,train,6.305424729466857,5.7894907,0,0.0,0.0,0.0,4.0,8.88888888888889,0.6577777777777778,86.86000000000011,1.0,1.0,1,69.23458691740757,-0.312132034254623,0
scenario_1_kitchen_pm_spike_ep03_d063,scenario_1_kitchen_pm_spike_ep03,scenario_1_kitchen_pm_spike,63,C,train,30.15904554490858,26.980463,-1,1260.0,1170.0,0.0,4.0,8.88888888888889,0.6577777777777778,86.86000000000011,1.0,1.0,1,400.1924236870898,0.6878679657423555,4
scenario_1_kitchen_pm_spike_ep03_d063,scenario_1_kitchen_pm_spike_ep03,scenario_1_kitchen_pm_spike,63,D,train,5.963295283515451,6.206529,0,0.0,0.0,0.0,5.656854249492381,12.57078722109418,0.9302382543609692,86.86000000000011,1.0,1.0,1,76.67325028565938,-0.37752383358476493,0
scenario_1_kitchen_pm_spike_ep03_d066,scenario_1_kitchen_pm_spike_ep03,scenario_1_kitchen_pm_spike,66,A,train,5.92059041346681,6.2936234,0,0.0,0.0,0.0,4.0,8.88888888888889,0.6577777777777778,86.62000000000012,1.0,1.0,1,75.82122140868182,-0.2941069316491891,0
scenario_1_kitchen_pm_spike_ep03_d066,scenario_1_kitchen_pm_spike_ep03,scenario_1_kitchen_pm_spike,66,B,train,6.151517307757015,5.921243,0,0.0,0.0,0.0,5.656854249492381,12.57078722109418,0.9302382543609692,86.62000000000012,1.0,1.0,1,70.23523038428357,-0.3999999998566819,0
scenario_1_kitchen_pm_spike_ep03_d066,scenario_1_kitchen_pm_spike_ep03,scenario_1_kitchen_pm_spike,66,C,train,28.82813656270597,27.149809,0,1350.0,1260.0,0.0,0.0,0.0,0.0,86.62000000000012,0.0,1.0,1,380.13588097454783,0.9999999999967732,4
scenario_1_kitchen_pm_spike_ep03_d066,scenario_1_kitchen_pm_spike_ep03,scenario_1_kitchen_pm_spike,66,D,train,6.167055581014214,6.1759114,0,0.0,0.0,0.0,4.0,8.88888888888889,0.6577777777777778,86.62000000000012,1.0,1.0,1,77.23213317187901,-0.28955414429457954,0
scenario_1_kitchen_pm_spike_ep03_d069,scenario_1_kitchen_pm_spike_ep03,scenario_1_kitchen_pm_spike,69,A,train,5.949039366439022,6.245908,0,0.0,0.0,0.0,5.656854249492381,12.57078722109418,0.9302382543609692,86.38000000000012,1.0,1.0,1,76.27701701163778,-0.3818775688801147,0
scenario_1_kitchen_pm_spike_ep03_d069,scenario_1_kitchen_pm_spike_ep03,scenario_1_kitchen_pm_spike,69,B,train,5.860170997902559,5.8053994,0,0.0,0.0,0.0,4.0,8.88888888888889,0.6577777777777778,86.38000000000012,1.0,1.0,1,71.01816342467532,-0.312132034254623,0
scenario_1_kitchen_pm_spike_ep03_d069,scenario_1_kitchen_pm_spike_ep03,scenario_1_kitchen_pm_spike,69,C,train,28.606258348826053,25.773657,0,1440.0,1350.0,0.0,4.0,8.88888888888889,0.6577777777777778,86.38000000000012,1.0,1.0,1,361.2029401659514,0.687867965741931,4
scenario_1_kitchen_pm_spike_ep03_d069,scenario_1_kitchen_pm_spike_ep03,scenario_1_kitchen_pm_spike,69,D,train,6.424898650890384,6.1729336,0,0.0,0.0,0.0,0.0,0.0,0.0,86.38000000000012,0.0,1.0,1,77.59967357341452,0.02268041150409652,3
scenario_1_kitchen_pm_spike_ep03_d072,scenario_1_kitchen_pm_spike_ep03,scenario_1_kitchen_pm_spike,72,A,train,5.744867396295394,6.219641,0,0.0,0.0,0.0,4.0,8.88888888888889,0.6577777777777778,86.14000000000013,1.0,1.0,1,76.55265637196271,-0.29391151257655956,0
scenario_1_kitchen_pm_spike_ep03_d072,scenario_1_kitchen_pm_spike_ep03,scenario_1_kitchen_pm_spike,72,B,train,5.788919100702123,5.7929153,0,0.0,0.0,0.0,0.0,0.0,0.0,86.14000000000013,0.0,1.0,1,71.60169079462662,0.0,0
scenario_1_kitchen_pm_spike_ep03_d072,scenario_1_kitchen_pm_spike_ep03,scenario_1_kitchen_pm_spike,72,C,train,26.85661537879291,25.215675,0,1530.0,1440.0,0.0,5.656854249492381,12.57078722109418,0.9302382543609692,86.14000000000013,1.0,1.0,1,343.3263792967434,0.6000000001396381,4
scenario_1_kitchen_pm_spike_ep03_d072,scenario_1_kitchen_pm_spike_ep03,scenario_1_kitchen_pm_spike,72,D,train,6.149313929924862,6.0686717,0,0.0,0.0,0.0,4.0,8.88888888888889,0.6577777777777778,86.14000000000013,1.0,1.0,1,77.79259437693327,-0.28934829820026875,0
scenario_1_kitchen_pm_spike_ep03_d075,scenario_1_kitchen_pm_spike_ep03,scenario_1_kitchen_pm_spike,75,A,train,6.412757451640502,5.981804,0,0.0,0.0,0.0,4.0,8.88888888888889,0.6577777777777778,85.90000000000013,1.0,1.0,1,76.6640103341714,-0.29381265464172546,0
scenario_1_kitchen_pm_spike_ep03_d075,scenario_1_kitchen_pm_spike_ep03,scenario_1_kitchen_pm_spike,75,B,train,5.219912645329021,5.4597692,0,0.0,0.0,0.0,5.656854249492381,12.57078722109418,0.9302382543609692,85.90000000000013,1.0,1.0,1,72.0028215686923,-0.3999999998566819,0
scenario_1_kitchen_pm_spike_ep03_d075,scenario_1_kitchen_pm_spike_ep03,scenario_1_kitchen_pm_spike,75,C,train,26.376933614541564,24.959925,0,1620.0,1530.0,0.0,0.0,0.0,0.0,85.90000000000013,0.0,1.0,1,326.4431390879122,0.9999999999960698,4
scenario_1_kitchen_pm_spike_ep03_d075,scenario_1_kitchen_pm_spike_ep03,scenario_1_kitchen_pm_spike,75,D,train,6.142413095005336,6.013013,0,0.0,0.0,0.0,4.0,8.88888888888889,0.6577777777777778,85.90000000000013,1.0,1.0,1,77.82641816726664,-0.28924416547922127,0
scenario_1_kitchen_pm_spike_ep03_d078,scenario_1_kitchen_pm_spike_ep03,scenario_1_kitchen_pm_spike,78,A,train,6.292504240012296,6.017508,0,0.0,0.0,0.0,0.0,0.0,0.0,85.66000000000014,0.0,1.0,1,76.62580811975647,0.01841900969733591,3
scenario_1_kitchen_pm_spike_ep03_d078,scenario_1_kitchen_pm_spike_ep03,scenario_1_kitchen_pm_spike,78,B,train,4.988272403294497,5.4190326,0,0.0,0.0,0.0,4.0,8.88888888888889,0.6577777777777778,85.66000000000014,1.0,1.0,1,72.2373555566511,-0.312132034254623,0
scenario_1_kitchen_pm_spike_ep03_d078,scenario_1_kitchen_pm_spike_ep03,scenario_1_kitchen_pm_spike,78,C,train,26.953158608386342,25.05471,0,1710.0,1620.0,0.0,4.0,8.88888888888889,0.6577777777777778,85.66000000000014,1.0,1.0,1,310.4940607323747,0.6878679657411799,4
scenario_1_kitchen_pm_spike_ep03_d078,scenario_1_kitchen_pm_spike_ep03,scenario_1_kitchen_pm_spike,78,D,train,6.023347479386812,6.132097,0,0.0,0.0,0.0,5.656854249492381,12.57078722109418,0.9302382543609692,85.66000000000014,1.0,1.0,1,77.71554786455476,-0.3770071850108613,0
scenario_1_kitchen_pm_spike_ep04_d012,scenario_1_kitchen_pm_spike_ep04,scenario_1_kitchen_pm_spike,12,A,train,3.874285974093637,4.511037,0,0.0,0.0,0.0,0.0,0.0,0.0,90.24000000000002,0.0,1.0,1,21.916402001568716,0.0,0
scenario_1_kitchen_pm_spike_ep04_d012,scenario_1_kitchen_pm_spike_ep04,scenario_1_kitchen_pm_spike,12,B,train,5.097585325408059,5.2559156,0,0.0,0.0,0.0,4.0,8.88888888888889,0.6577777777777778,90.24000000000002,1.0,1.0,1,40.83510598510623,-0.21342896836965047,0
scenario_1_kitchen_pm_spike_ep04_d012,scenario_1_kitchen_pm_spike_ep04,scenario_1_kitchen_pm_spike,12,C,train,4.4948122879603005,9.884605,1,0.0,0.0,0.0,4.0,8.88888888888889,0.6577777777777778,90.24000000000002,1.0,1.0,1,213.58931321069429,0.6878679657401598,4
scenario_1_kitchen_pm_spike_ep04_d012,scenario_1_kitchen_pm_spike_ep04,scenario_1_kitchen_pm_spike,12,D,train,4.106701838122128,4.880853,0,0.0,0.0,0.0,5.656854249492381,12.57078722109418,0.9302382543609692,90.24000000000002,1.0,1.0,1,37.43274153355173,-0.31904782234750384,0
scenario_1_kitchen_pm_spike_ep04_d015,scenario_1_kitchen_pm_spike_ep04,scenario_1_kitchen_pm_spike,15,A,train,3.186217564072812,3.925837,0,0.0,0.0,0.0,4.0,8.88888888888889,0.6577777777777778,90.00000000000003,1.0,1.0,1,23.628837597098595,-0.312132034254623,0
scenario_1_kitchen_pm_spike_ep04_d015,scenario_1_kitchen_pm_spike_ep04,scenario_1_kitchen_pm_spike,15,B,train,4.965827479201805,5.185497,0,0.0,0.0,0.0,0.0,0.0,0.0,90.00000000000003,0.0,1.0,1,41.38996584170855,0.06384914804594403,3
scenario_1_kitchen_pm_spike_ep04_d015,scenario_1_kitchen_pm_spike_ep04,scenario_1_kitchen_pm_spike,15,C,train,4.4008797037443,15.133664,1,0.0,0.0,0.0,5.656854249492381,12.57078722109418,0.9302382543609692,90.00000000000003,1.0,1.0,1,301.80213807349185,0.6000000001397234,4
scenario_1_kitchen_pm_spike_ep04_d015,scenario_1_kitchen_pm_spike_ep04,scenario_1_kitchen_pm_spike,15,D,train,4.5719491054181205,4.963838,0,0.0,0.0,0.0,4.0,8.88888888888889,0.6577777777777778,90.00000000000003,1.0,1.0,1,38.15763048186682,-0.259902748195054,0
scenario_1_kitchen_pm_spike_ep04_d018,scenario_1_kitchen_pm_spike_ep04,scenario_1_kitchen_pm_spike,18,A,train,3.681871625644508,3.892967,0,0.0,0.0,0.0,5.656854249492381,12.57078722109418,0.9302382543609692,89.76000000000003,1.0,1.0,1,26.89765526844394,-0.3999999998566819,0
scenario_1_kitchen_pm_spike_ep04_d018,scenario_1_kitchen_pm_spike_ep04,scenario_1_kitchen_pm_spike,18,B,train,4.475465678396862,4.864921,0,0.0,0.0,0.0,4.0,8.88888888888889,0.6577777777777778,89.76000000000003,1.0,1.0,1,43.57235150605106,-0.2722137284929468,0
scenario_1_kitchen_pm_spike_ep04_d018,scenario_1_kitchen_pm_spike_ep04,scenario_1_kitchen_pm_spike,18,C,train,3.073844521913339,20.50877,1,0.0,0.0,0.0,4.0,8.88888888888889,0.6577777777777778,89.76000000000003,1.0,1.0,1,444.61819524125576,0.687867965742983,4
scenario_1_kitchen_pm_spike_ep04_d018,scenario_1_kitchen_pm_spike_ep04,scenario_1_kitchen_pm_spike,18,D,train,4.79749135997765,4.773121,0,0.0,0.0,0.0,0.0,0.0,0.0,89.76000000000003,0.0,1.0,1,40.501824774097486,0.03256763363014525,3
scenario_1_kitchen_pm_spike_ep04_d021,scenario_1_kitchen_pm_spike_ep04,scenario_1_kitchen_pm_spike,21,A,train,2.6247244422517557,4.126808,0,0.0,0.0,0.0,0.0,0.0,0.0,89.52000000000004,0.0,1.0,1,31.446105279250105,0.0,0
scenario_1_kitchen_pm_spike_ep04_d021,scenario_1_kitchen_pm_spike_ep04,scenario_1_kitchen_pm_spike,21,B,train,3.68916140139781,4.9948015,0,0.0,0.0,0.0,4.0,8.88888888888889,0.6577777777777778,89.52000000000004,1.0,1.0,1,47.10112237500152,-0.28382966232197704,0
scenario_1_kitchen_pm_spike_ep04_d021,scenario_1_kitchen_pm_spike_ep04,scenario_1_kitchen_pm_spike,21,C,train,10.671936868543495,37.14159,1,0.0,0.0,0.0,4.0,8.88888888888889,0.6577777777777778,89.52000000000004,1.0,1.0,1,584.5805610407292,0.6878679657435691,4
scenario_1_kitchen_pm_spike_ep04_d021,scenario_1_kitchen_pm_spike_ep04,scenario_1_kitchen_pm_spike,21,D,train,3.771875259153406,5.341331,0,0.0,0.0,0.0,5.656854249492381,12.57078722109418,0.9302382543609692,89.52000000000004,1.0,1.0,1,44.18456145943833,-0.3769704162762689,0
scenario_1_kitchen_pm_spike_ep04_d024,scenario_1_kitchen_pm_spike_ep04,scenario_1_kitchen_pm_spike,24,A,train,2.813601583467002,4.6016498,0,0.0,0.0,0.0,4.0,8.88888888888889,0.6577777777777778,89.28000000000004,1.0,1.0,1,35.95777348682327,-0.312132034254623,0
scenario_1_kitchen_pm_spike_ep04_d024,scenario_1_kitchen_pm_spike_ep04,scenario_1_kitchen_pm_spike,24,B,train,4.719246289981268,5.45962,0,0.0,0.0,0.0,5.656854249492381,12.57078722109418,0.9302382543609692,89.28000000000004,1.0,1.0,1,50.65574550772476,-0.37637749884321337,0
scenario_1_kitchen_pm_spike_ep04_d024,scenario_1_kitchen_pm_spike_ep04,scenario_1_kitchen_pm_spike,24,C,train,20.036597696003007,40.476562,1,90.0,0.0,0.0,0.0,0.0,0.0,89.28000000000004,0.0,1.0,1,658.1599701338978,0.9999999999983928,4
scenario_1_kitchen_pm_spike_ep04_d024,scenario_1_kitchen_pm_spike_ep04,scenario_1_kitchen_pm_spike,24,D,train,4.492059554346262,5.3270917,0,0.0,0.0,0.0,4.0,8.88888888888889,0.6577777777777778,89.28000000000004,1.0,1.0,1,47.88566936309212,-0.29296158461537913,0
scenario_1_kitchen_pm_spike_ep04_d027,scenario_1_kitchen_pm_spike_ep04,scenario_1_kitchen_pm_spike,27,A,train,3.5643248959649947,4.82854,0,0.0,0.0,0.0,5.656854249492381,12.57078722109418,0.9302382543609692,89.04000000000005,1.0,1.0,1,40.98995905294669,-0.3999999998566819,0
scenario_1_kitchen_pm_spike_ep04_d027,scenario_1_kitchen_pm_spike_ep04,scenario_1_kitchen_pm_spike,27,B,train,4.511702666535286,5.5791183,0,0.0,0.0,0.0,4.0,8.88888888888889,0.6577777777777778,89.04000000000005,1.0,1.0,1,54.78965641637024,-0.291249558473246,0
scenario_1_kitchen_pm_spike_ep04_d027,scenario_1_kitchen_pm_spike_ep04,scenario_1_kitchen_pm_spike,27,C,train,28.540270049629683,39.378746,1,180.0,90.0,0.0,4.0,8.88888888888889,0.6577777777777778,89.04000000000005,1.0,1.0,1,701.816649713316,0.6878679657438638,4
scenario_1_kitchen_pm_spike_ep04_d027,scenario_1_kitchen_pm_spike_ep04,scenario_1_kitchen_pm_spike,27,D,train,3.528687745818435,5.3145895,0,0.0,0.0,0.0,0.0,0.0,0.0,89.04000000000005,0.0,1.0,1,52.15893043134406,0.01690151371945832,3
scenario_1_kitchen_pm_spike_ep04_d030,scenario_1_kitchen_pm_spike_ep04,scenario_1_kitchen_pm_spike,30,A,train,3.808622921130512,4.527438,0,0.0,0.0,0.0,4.0,8.88888888888889,0.6577777777777778,88.80000000000005,1.0,1.0,1,46.373079932921655,-0.312132034254623,0
scenario_1_kitchen_pm_spike_ep04_d030,scenario_1_kitchen_pm_spike_ep04,scenario_1_kitchen_pm_spike,30,B,train,4.504695873483069,5.798448,0,0.0,0.0,0.0,0.0,0.0,0.0,88.80000000000005,0.0,1.0,1,59.32964869083844,0.019149567146462976,3
scenario_1_kitchen_pm_spike_ep04_d030,scenario_1_kitchen_pm_spike_ep04,scenario_1_kitchen_pm_spike,30,C,train,36.91646171458653,37.187325,0,270.0,180.0,0.0,5.656854249492381,12.57078722109418,0.9302382543609692,88.80000000000005,1.0,1.0,1,722.9715982597852,0.6000000001418403,4
scenario_1_kitchen_pm_spike_ep04_d030,scenario_1_kitchen_pm_spike_ep04,scenario_1_kitchen_pm_spike,30,D,train,3.4436307228203207,5.181047,0,0.0,0.0,0.0,4.0,8.88888888888889,0.6577777777777778,88.80000000000005,1.0,1.0,1,56.83146990105001,-0.29667472879972034,0
scenario_1_kitchen_pm_spike_ep04_d033,scenario_1_kitchen_pm_spike_ep04,scenario_1_kitchen_pm_spike,33,A,train,3.6390630683492873,5.2314076,0,0.0,0.0,0.0,4.0,8.88888888888889,0.6577777777777778,88.56000000000006,1.0,1.0,1,50.92228470229543,-0.312132034254623,0
scenario_1_kitchen_pm_spike_ep04_d033,scenario_1_kitchen_pm_spike_ep04,scenario_1_kitchen_pm_spike,33,B,train,4.743486881774624,5.6119437,0,0.0,0.0,0.0,5.656854249492381,12.57078722109418,0.9302382543609692,88.56000000000006,1.0,1.0,1,63.08747095100193,-0.38086533925838484,0
scenario_1_kitchen_pm_spike_ep04_d033,scenario_1_kitchen_pm_spike_ep04,scenario_1_kitchen_pm_spike,33,C,train,42.47619500188668,35.63748,-1,360.0,270.0,0.0,0.0,0.0,0.0,88.56000000000006,0.0,1.0,1,686.6893100014039,0.9999999999984271,4
scenario_1_kitchen_pm_spike_ep04_d033,scenario_1_kitchen_pm_spike_ep04,scenario_1_kitchen_pm_spike,33,D,train,4.643419764501725,5.433491,0,0.0,0.0,0.0,4.0,8.88888888888889,0.6577777777777778,88.56000000000006,1.0,1.0,1,60.71535378608246,-0.2967284843785276,0
scenario_1_kitchen_pm_spike_ep04_d036,scenario_1_kitchen_pm_spike_ep04,scenario_1_kitchen_pm_spike,36,A,train,5.615607173535868,5.559903,0,0.0,0.0,0.0,0.0,0.0,0.0,88.32000000000006,0.0,1.0,1,55.166065581995326,0.0,0
scenario_1_kitchen_pm_spike_ep04_d036,scenario_1_kitchen_pm_spike_ep04,scenario_1_kitchen_pm_spike,36,B,train,5.247908434984703,5.5911155,0,0.0,0.0,0.0,4.0,8.88888888888889,0.6577777777777778,88.32000000000006,1.0,1.0,1,66.5884259251493,-0.29294180311843643,0
scenario_1_kitchen_pm_spike_ep04_d036,scenario_1_kitchen_pm_spike_ep04,scenario_1_kitchen_pm_spike,36,C,train,40.19020721788681,34.88634,-1,450.0,360.0,0.0,4.0,8.88888888888889,0.6577777777777778,88.32000000000006,1.0,1.0,1,650.3835104410036,0.687867965743697,4
scenario_1_kitchen_pm_spike_ep04_d036,scenario_1_kitchen_pm_spike_ep04,scenario_1_kitchen_pm_spike,36,D,train,4.343181740144583,5.563134,0,0.0,0.0,0.0,5.656854249492381,12.57078722109418,0.9302382543609692,88.32000000000006,1.0,1.0,1,64.33618847882963,-0.384593658903434,0
scenario_1_kitchen_pm_spike_ep04_d039,scenario_1_kitchen_pm_spike_ep04,scenario_1_kitchen_pm_spike,39,A,train,4.87645038935947,5.349183,0,0.0,0.0,0.0,4.0,8.88888888888889,0.6577777777777778,88.08000000000007,1.0,1.0,1,58.923236679120464,-0.312132034254623,0
scenario_1_kitchen_pm_spike_ep04_d039,scenario_1_kitchen_pm_spike_ep04,scenario_1_kitchen_pm_spike,39,B,train,6.920043921160677,6.206467,0,0.0,0.0,0.0,0.0,0.0,0.0,88.08000000000007,0.0,1.0,1,69.64833561384444,0.019246256224851828,3
scenario_1_kitchen_pm_spike_ep04_d039,scenario_1_kitchen_pm_spike_ep04,scenario_1_kitchen_pm_spike,39,C,train,37.86746270363407,34.341377,-1,540.0,450.0,0.0,5.656854249492381,12.57078722109418,0.9302382543609692,88.08000000000007,1.0,1.0,1,616.1796095240319,0.6000000001415238,4
scenario_1_kitchen_pm_spike_ep04_d039,scenario_1_kitchen_pm_spike_ep04,scenario_1_kitchen_pm_spike,39,D,train,5.3726686470969485,5.529682,0,0.0,0.0,0.0,4.0,8.88888888888889,0.6577777777777778,88.08000000000007,1.0,1.0,1,67.51008642535749,-0.2967228793940264,0
scenario_1_kitchen_pm_spike_ep04_d042,scenario_1_kitchen_pm_spike_ep04,scenario_1_kitchen_pm_spike,42,A,train,4.529279399734356,5.400182,0,0.0,0.0,0.0,5.656854249492381,12.57078722109418,0.9302382543609692,87.84000000000007,1.0,1.0,1,62.231142772680414,-0.3999999998566819,0
scenario_1_kitchen_pm_spike_ep04_d042,scenario_1_kitchen_pm_spike_ep04,scenario_1_kitchen_pm_spike,42,B,train,6.2706991643046415,6.1442356,0,0.0,0.0,0.0,4.0,8.88888888888889,0.6577777777777778,87.84000000000007,1.0,1.0,1,72.30173781409371,-0.29282929512680667,0
scenario_1_kitchen_pm_spike_ep04_d042,scenario_1_kitchen_pm_spike_ep04,scenario_1_kitchen_pm_spike,42,C,train,35.40795630197756,32.307823,-1,630.0,540.0,0.0,4.0,8.88888888888889,0.6577777777777778,87.84000000000007,1.0,1.0,1,583.9495877410261,0.6878679657434603,4
scenario_1_kitchen_pm_spike_ep04_d042,scenario_1_kitchen_pm_spike_ep04,scenario_1_kitchen_pm_spike,42,D,train,5.300475612762387,5.507698,0,0.0,0.0,0.0,0.0,0.0,0.0,87.84000000000007,0.0,1.0,1,70.2718631486589,0.015411991762052662,3
scenario_1_kitchen_pm_spike_ep04_d045,scenario_1_kitchen_pm_spike_ep04,scenario_1_kitchen_pm_spike,45,A,train,4.827949961062663,5.472077,0,0.0,0.0,0.0,0.0,0.0,0.0,87.60000000000008,0.0,1.0,1,65.12455895521566,0.0,0
scenario_1_kitchen_pm_spike_ep04_d045,scenario_1_kitchen_pm_spike_ep04,scenario_1_kitchen_pm_spike,45,B,train,5.256865743162119,6.1274886,0,0.0,0.0,0.0,4.0,8.88888888888889,0.6577777777777778,87.60000000000008,1.0,1.0,1,74.58077426372643,-0.2927723511304997,0
scenario_1_kitchen_pm_spike_ep04_d045,scenario_1_kitchen_pm_spike_ep04,scenario_1_kitchen_pm_spike,45,C,train,34.43717235658241,31.769756,0,720.0,630.0,0.0,4.0,8.88888888888889,0.6577777777777778,87.60000000000008,1.0,1.0,1,553.5734270417192,0.6878679657433298,4
scenario_1_kitchen_pm_spike_ep04_d045,scenario_1_kitchen_pm_spike_ep04,scenario_1_kitchen_pm_spike,45,D,train,5.505001023918247,5.7635326,0,0.0,0.0,0.0,5.656854249492381,12.57078722109418,0.9302382543609692,87.60000000000008,1.0,1.0,1,72.65392587956194,-0.38458514803436705,0
scenario_1_kitchen_pm_spike_ep04_d048,scenario_1_kitchen_pm_spike_ep04,scenario_1_kitchen_pm_spike,48,A,train,4.793133587206107,5.236645,0,0.0,0.0,0.0,4.0,8.88888888888889,0.6577777777777778,87.36000000000008,1.0,1.0,1,67.63586031842169,-0.312132034254623,0
scenario_1_kitchen_pm_spike_ep04_d048,scenario_1_kitchen_pm_spike_ep04,scenario_1_kitchen_pm_spike,48,B,train,6.007999105687996,6.15187,0,0.0,0.0,0.0,5.656854249492381,12.57078722109418,0.9302382543609692,87.36000000000008,1.0,1.0,1,76.51534954633576,-0.380582908348419,0
scenario_1_kitchen_pm_spike_ep04_d048,scenario_1_kitchen_pm_spike_ep04,scenario_1_kitchen_pm_spike,48,C,train,33.8708939082477,29.809076,-1,810.0,720.0,0.0,0.0,0.0,0.0,87.36000000000008,0.0,1.0,1,524.938604352769,0.9999999999978133,4
scenario_1_kitchen_pm_spike_ep04_d048,scenario_1_kitchen_pm_spike_ep04,scenario_1_kitchen_pm_spike,48,D,train,5.706603981475576,5.760949,0,0.0,0.0,0.0,4.0,8.88888888888889,0.6577777777777778,87.36000000000008,1.0,1.0,1,74.68643293532114,-0.29671429904778057,0
scenario_1_kitchen_pm_spike_ep04_d051,scenario_1_kitchen_pm_spike_ep04,scenario_1_kitchen_pm_spike,51,A,train,5.508483503718085,5.3514667,0,0.0,0.0,0.0,5.656854249492381,12.57078722109418,0.9302382543609692,87.12000000000009,1.0,1.0,1,69.79518062496345,-0.3999999998566819,0
scenario_1_kitchen_pm_spike_ep04_d051,scenario_1_kitchen_pm_spike_ep04,scenario_1_kitchen_pm_spike,51,B,train,5.647370856727429,6.068061,0,0.0,0.0,0.0,4.0,8.88888888888889,0.6577777777777778,87.12000000000009,1.0,1.0,1,78.1332796541642,-0.29265706666450675,0
scenario_1_kitchen_pm_spike_ep04_d051,scenario_1_kitchen_pm_spike_ep04,scenario_1_kitchen_pm_spike,51,C,train,32.79295618406744,28.878527,-1,900.0,810.0,0.0,4.0,8.88888888888889,0.6577777777777778,87.12000000000009,1.0,1.0,1,497.93961735372807,0.6878679657430413,4
scenario_1_kitchen_pm_spike_ep04_d051,scenario_1_kitchen_pm_spike_ep04,scenario_1_kitchen_pm_spike,51,D,train,5.621502734069812,5.843679,0,0.0,0.0,0.0,0.0,0.0,0.0,87.12000000000009,0.0,1.0,1,76.39744274312352,0.01542064208188526,3
scenario_1_kitchen_pm_spike_ep04_d054,scenario_1_kitchen_pm_spike_ep04,scenario_1_kitchen_pm_spike,54,A,train,4.361762216607989,5.369002,0,0.0,0.0,0.0,4.0,8.88888888888889,0.6577777777777778,86.8800000000001,1.0,1.0,1,71.63056067610682,-0.312132034254623,0
scenario_1_kitchen_pm_spike_ep04_d054,scenario_1_kitchen_pm_spike_ep04,scenario_1_kitchen_pm_spike,54,B,train,5.377994862448039,5.8522687,0,0.0,0.0,0.0,0.0,0.0,0.0,86.8800000000001,0.0,1.0,1,79.4604308765397,0.019533314694855145,3
scenario_1_kitchen_pm_spike_ep04_d054,scenario_1_kitchen_pm_spike_ep04,scenario_1_kitchen_pm_spike,54,C,train,32.173572827479624,27.88168,-1,990.0,900.0,0.0,5.656854249492381,12.57078722109418,0.9302382543609692,86.8800000000001,1.0,1.0,1,472.4775404503919,0.6000000001408236,4
scenario_1_kitchen_pm_spike_ep04_d054,scenario_1_kitchen_pm_spike_ep04,scenario_1_kitchen_pm_spike,54,D,train,5.139922727679118,5.6205406,0,0.0,0.0,0.0,4.0,8.88888888888889,0.6577777777777778,86.8800000000001,1.0,1.0,1,77.81305317595343,-0.29670846164017417,0
scenario_1_kitchen_pm_spike_ep04_d057,scenario_1_kitchen_pm_spike_ep04,scenario_1_kitchen_pm_spike,57,A,train,6.146178857717048,5.414881,0,0.0,0.0,0.0,4.0,8.88888888888889,0.6577777777777778,86.6400000000001,1.0,1.0,1,73.16808703916126,-0.312132034254623,0
scenario_1_kitchen_pm_spike_ep04_d057,scenario_1_kitchen_pm_spike_ep04,scenario_1_kitchen_pm_spike,57,B,train,5.315260298643425,5.803174,0,0.0,0.0,0.0,5.656854249492381,12.57078722109418,0.9302382543609692,86.6400000000001,1.0,1.0,1,80.52084963853235,-0.3804078636938122,0
scenario_1_kitchen_pm_spike_ep04_d057,scenario_1_kitchen_pm_spike_ep04,scenario_1_kitchen_pm_spike,57,C,train,31.42939407813884,28.06049,-1,1080.0,990.0,0.0,0.0,0.0,0.0,86.6400000000001,0.0,1.0,1,448.4596090165438,0.9999999999973355,4
scenario_1_kitchen_pm_spike_ep04_d057,scenario_1_kitchen_pm_spike_ep04,scenario_1_kitchen_pm_spike,57,D,train,5.74246415756894,5.630573,0,0.0,0.0,0.0,4.0,8.88888888888889,0.6577777777777778,86.6400000000001,1.0,1.0,1,78.95753182543945,-0.2967055072823146,0
scenario_1_kitchen_pm_spike_ep04_d060,scenario_1_kitchen_pm_spike_ep04,scenario_1_kitchen_pm_spike,60,A,train,4.969510335953765,5.4476743,0,0.0,0.0,0.0,0.0,0.0,0.0,86.4000000000001,0.0,1.0,1,74.43202175612464,0.0,0
scenario_1_kitchen_pm_spike_ep04_d060,scenario_1_kitchen_pm_spike_ep04,scenario_1_kitchen_pm_spike,60,B,train,5.728140128048792,5.8472095,0,0.0,0.0,0.0,4.0,8.88888888888889,0.6577777777777778,86.4000000000001,1.0,1.0,1,81.33688387431084,-0.2924805989049343,0
scenario_1_kitchen_pm_spike_ep04_d060,scenario_1_kitchen_pm_spike_ep04,scenario_1_kitchen_pm_spike,60,C,train,29.838873163704665,27.834547,0,1170.0,1080.0,0.0,4.0,8.88888888888889,0.6577777777777778,86.4000000000001,1.0,1.0,1,425.7988300984948,0.6878679657425311,4
scenario_1_kitchen_pm_spike_ep04_d060,scenario_1_kitchen_pm_spike_ep04,scenario_1_kitchen_pm_spike,60,D,train,5.430642418492161,5.5361843,0,0.0,0.0,0.0,5.656854249492381,12.57078722109418,0.9302382543609692,86.4000000000001,1.0,1.0,1,79.8534377961339,-0.38457049453268655,0
scenario_1_kitchen_pm_spike_ep04_d063,scenario_1_kitchen_pm_spike_ep04,scenario_1_kitchen_pm_spike,63,A,train,5.3628338516115255,5.4495454,0,0.0,0.0,0.0,4.0,8.88888888888889,0.6577777777777778,86.16000000000011,1.0,1.0,1,75.44492361496918,-0.312132034254623,0
scenario_1_kitchen_pm_spike_ep04_d063,scenario_1_kitchen_pm_spike_ep04,scenario_1_kitchen_pm_spike,63,B,train,5.945083923994649,5.8265367,0,0.0,0.0,0.0,0.0,0.0,0.0,86.16000000000011,0.0,1.0,1,81.92929648205609,0.0197112156258824,3
scenario_1_kitchen_pm_spike_ep04_d063,scenario_1_kitchen_pm_spike_ep04,scenario_1_kitchen_pm_spike,63,C,train,28.525427026230044,27.505527,0,1260.0,1170.0,0.0,5.656854249492381,12.57078722109418,0.9302382543609692,86.16000000000011,1.0,1.0,1,404.4136178923883,0.6000000001402784,4
scenario_1_kitchen_pm_spike_ep04_d063,scenario_1_kitchen_pm_spike_ep04,scenario_1_kitchen_pm_spike,63,D,train,5.408496274133833,5.6470733,0,0.0,0.0,0.0,4.0,8.88888888888889,0.6577777777777778,86.16000000000011,1.0,1.0,1,80.52173556814341,-0.29669952641581476,0
scenario_1_kitchen_pm_spike_ep04_d066,scenario_1_kitchen_pm_spike_ep04,scenario_1_kitchen_pm_spike,66,A,train,5.200211060870791,5.3856854,0,0.0,0.0,0.0,5.656854249492381,12.57078722109418,0.9302382543609692,85.92000000000012,1.0,1.0,1,76.2277615276887,-0.3999999998566819,0
scenario_1_kitchen_pm_spike_ep04_d066,scenario_1_kitchen_pm_spike_ep04,scenario_1_kitchen_pm_spike,66,B,train,5.754952473200039,5.4719477,0,0.0,0.0,0.0,4.0,8.88888888888889,0.6577777777777778,85.92000000000012,1.0,1.0,1,82.31737137214463,-0.2923605538776617,0
scenario_1_kitchen_pm_spike_ep04_d066,scenario_1_kitchen_pm_spike_ep04,scenario_1_kitchen_pm_spike,66,C,train,28.760817984488803,26.487177,0,1350.0,1260.0,0.0,4.0,8.88888888888889,0.6577777777777778,85.92000000000012,1.0,1.0,1,384.2274524123459,0.6878679657421303,4
scenario_1_kitchen_pm_spike_ep04_d066,scenario_1_kitchen_pm_spike_ep04,scenario_1_kitchen_pm_spike,66,D,train,6.009601593423087,5.642478,0,0.0,0.0,0.0,0.0,0.0,0.0,85.92000000000012,0.0,1.0,1,80.9819014398688,0.015435534686770353,3
scenario_1_kitchen_pm_spike_ep04_d069,scenario_1_kitchen_pm_spike_ep04,scenario_1_kitchen_pm_spike,69,A,train,5.212976573554713,5.5032253,0,0.0,0.0,0.0,0.0,0.0,0.0,85.68000000000012,0.0,1.0,1,76.80002052423129,0.0,0
scenario_1_kitchen_pm_spike_ep04_d069,scenario_1_kitchen_pm_spike_ep04,scenario_1_kitchen_pm_spike,69,B,train,6.848835612613264,5.927159,0,0.0,0.0,0.0,4.0,8.88888888888889,0.6577777777777778,85.68000000000012,1.0,1.0,1,82.51901258735484,-0.29229980125131416,0
scenario_1_kitchen_pm_spike_ep04_d069,scenario_1_kitchen_pm_spike_ep04,scenario_1_kitchen_pm_spike,69,C,train,28.598526251782857,25.817532,0,1440.0,1350.0,0.0,4.0,8.88888888888889,0.6577777777777778,85.68000000000012,1.0,1.0,1,365.1685598687185,0.6878679657419092,4
scenario_1_kitchen_pm_spike_ep04_d069,scenario_1_kitchen_pm_spike_ep04,scenario_1_kitchen_pm_spike,69,D,train,6.313524778683877,5.6958447,0,0.0,0.0,0.0,5.656854249492381,12.57078722109418,0.9302382543609692,85.68000000000012,1.0,1.0,1,81.25202302976777,-0.38456141381799247,0
scenario_1_kitchen_pm_spike_ep04_d072,scenario_1_kitchen_pm_spike_ep04,scenario_1_kitchen_pm_spike,72,A,train,5.101660174851695,5.53891,0,0.0,0.0,0.0,4.0,8.88888888888889,0.6577777777777778,85.44000000000013,1.0,1.0,1,77.17980083876364,-0.312132034254623,0
scenario_1_kitchen_pm_spike_ep04_d072,scenario_1_kitchen_pm_spike_ep04,scenario_1_kitchen_pm_spike,72,B,train,5.799693135938624,5.922394,0,0.0,0.0,0.0,5.656854249492381,12.57078722109418,0.9302382543609692,85.44000000000013,1.0,1.0,1,82.55083694303107,-0.3801065229366306,0
scenario_1_kitchen_pm_spike_ep04_d072,scenario_1_kitchen_pm_spike_ep04,scenario_1_kitchen_pm_spike,72,C,train,27.52046226555612,25.243422,0,1530.0,1440.0,0.0,0.0,0.0,0.0,85.44000000000013,0.0,1.0,1,347.16961337042267,0.9999999999962962,4
scenario_1_kitchen_pm_spike_ep04_d072,scenario_1_kitchen_pm_spike_ep04,scenario_1_kitchen_pm_spike,72,D,train,5.889500991072194,5.9798765,0,0.0,0.0,0.0,4.0,8.88888888888889,0.6577777777777778,85.44000000000013,1.0,1.0,1,81.3488922851775,-0.2966903721885421,0
scenario_1_kitchen_pm_spike_ep04_d075,scenario_1_kitchen_pm_spike_ep04,scenario_1_kitchen_pm_spike,75,A,train,4.965467959138172,5.5441294,0,0.0,0.0,0.0,5.656854249492381,12.57078722109418,0.9302382543609692,85.20000000000013,1.0,1.0,1,77.38391053407327,-0.3999999998566819,0
scenario_1_kitchen_pm_spike_ep04_d075,scenario_1_kitchen_pm_spike_ep04,scenario_1_kitchen_pm_spike,75,B,train,6.340933773973245,5.8718843,0,0.0,0.0,0.0,4.0,8.88888888888889,0.6577777777777778,85.20000000000013,1.0,1.0,1,82.42826060635116,-0.2921768186976556,0
scenario_1_kitchen_pm_spike_ep04_d075,scenario_1_kitchen_pm_spike_ep04,scenario_1_kitchen_pm_spike,75,C,train,26.792867892004534,25.081491,0,1620.0,1530.0,0.0,4.0,8.88888888888889,0.6577777777777778,85.20000000000013,1.0,1.0,1,330.16745265405257,0.6878679657414211,4
scenario_1_kitchen_pm_spike_ep04_d075,scenario_1_kitchen_pm_spike_ep04,scenario_1_kitchen_pm_spike,75,D,train,6.314958395093993,5.6900377,0,0.0,0.0,0.0,0.0,0.0,0.0,85.20000000000013,0.0,1.0,1,81.2880924175704,0.015444762941206966,3
scenario_1_kitchen_pm_spike_ep04_d078,scenario_1_kitchen_pm_spike_ep04,scenario_1_kitchen_pm_spike,78,A,train,5.008363182630211,5.4025974,0,0.0,0.0,0.0,4.0,8.88888888888889,0.6577777777777778,84.96000000000014,1.0,1.0,1,77.42795208126563,-0.312132034254623,0
scenario_1_kitchen_pm_spike_ep04_d078,scenario_1_kitchen_pm_spike_ep04,scenario_1_kitchen_pm_spike,78,B,train,5.283438112489171,5.640937,0,0.0,0.0,0.0,0.0,0.0,0.0,84.96000000000014,0.0,1.0,1,82.16558000680914,0.02001745235837662,3
scenario_1_kitchen_pm_spike_ep04_d078,scenario_1_kitchen_pm_spike_ep04,scenario_1_kitchen_pm_spike,78,C,train,26.043585529353564,25.074139,0,1710.0,1620.0,0.0,5.656854249492381,12.57078722109418,0.9302382543609692,84.96000000000014,1.0,1.0,1,314.10282162533895,0.600000000139093,4
scenario_1_kitchen_pm_spike_ep04_d078,scenario_1_kitchen_pm_spike_ep04,scenario_1_kitchen_pm_spike,78,D,train,5.644713388170248,5.6535506,0,0.0,0.0,0.0,4.0,8.88888888888889,0.6577777777777778,84.96000000000014,1.0,1.0,1,81.0840791565247,-0.2966841454175584,0
scenario_1_kitchen_pm_spike_ep05_d012,scenario_1_kitchen_pm_spike_ep05,scenario_1_kitchen_pm_spike,12,A,val,4.14556044622789,5.588071,0,0.0,0.0,0.0,4.0,8.88888888888889,0.6577777777777778,89.54000000000002,1.0,1.0,1,23.041809020880805,-0.312132034254623,0
scenario_1_kitchen_pm_spike_ep05_d012,scenario_1_kitchen_pm_spike_ep05,scenario_1_kitchen_pm_spike,12,B,val,3.997310958661848,5.644663,0,0.0,0.0,0.0,0.0,0.0,0.0,89.54000000000002,0.0,1.0,1,37.95664404261072,0.07842273217036323,3
scenario_1_kitchen_pm_spike_ep05_d012,scenario_1_kitchen_pm_spike_ep05,scenario_1_kitchen_pm_spike,12,C,val,5.840425178037459,12.075406,1,0.0,0.0,0.0,5.656854249492381,12.57078722109418,0.9302382543609692,89.54000000000002,1.0,1.0,1,213.22690725554756,0.6000000001380602,4
scenario_1_kitchen_pm_spike_ep05_d012,scenario_1_kitchen_pm_spike_ep05,scenario_1_kitchen_pm_spike,12,D,val,5.205567871715759,5.4783196,0,0.0,0.0,0.0,4.0,8.88888888888889,0.6577777777777778,89.54000000000002,1.0,1.0,1,35.77502535715212,-0.2451803306017268,0
scenario_1_kitchen_pm_spike_ep05_d015,scenario_1_kitchen_pm_spike_ep05,scenario_1_kitchen_pm_spike,15,A,val,3.636372651836385,4.827761,0,0.0,0.0,0.0,4.0,8.88888888888889,0.6577777777777778,89.30000000000003,1.0,1.0,1,25.007963772298808,-0.312132034254623,0
scenario_1_kitchen_pm_spike_ep05_d015,scenario_1_kitchen_pm_spike_ep05,scenario_1_kitchen_pm_spike,15,B,val,4.349605741795085,5.737561,0,0.0,0.0,0.0,5.656854249492381,12.57078722109418,0.9302382543609692,89.30000000000003,1.0,1.0,1,38.985692413999686,-0.35272218516522946,0
scenario_1_kitchen_pm_spike_ep05_d015,scenario_1_kitchen_pm_spike_ep05,scenario_1_kitchen_pm_spike,15,C,val,5.301008947596288,9.193604,1,0.0,0.0,0.0,0.0,0.0,0.0,89.30000000000003,0.0,1.0,1,320.6588675392345,0.9999999999966177,4
scenario_1_kitchen_pm_spike_ep05_d015,scenario_1_kitchen_pm_spike_ep05,scenario_1_kitchen_pm_spike,15,D,val,5.301200154122091,5.5112405,0,0.0,0.0,0.0,4.0,8.88888888888889,0.6577777777777778,89.30000000000003,1.0,1.0,1,36.92949366691619,-0.27180903932146727,0
scenario_1_kitchen_pm_spike_ep05_d018,scenario_1_kitchen_pm_spike_ep05,scenario_1_kitchen_pm_spike,18,A,val,3.543187407284001,5.1225176,0,0.0,0.0,0.0,0.0,0.0,0.0,89.06000000000003,0.0,1.0,1,28.467576817221925,0.0,0
scenario_1_kitchen_pm_spike_ep05_d018,scenario_1_kitchen_pm_spike_ep05,scenario_1_kitchen_pm_spike,18,B,val,3.6004668106819784,5.437679,0,0.0,0.0,0.0,4.0,8.88888888888889,0.6577777777777778,89.06000000000003,1.0,1.0,1,41.56722548195444,-0.28275216153113947,0
scenario_1_kitchen_pm_spike_ep05_d018,scenario_1_kitchen_pm_spike_ep05,scenario_1_kitchen_pm_spike,18,C,val,5.876793025850391,8.598802,0,0.0,0.0,0.0,4.0,8.88888888888889,0.6577777777777778,89.06000000000003,1.0,1.0,1,474.33910212960006,0.6878679657431342,4
scenario_1_kitchen_pm_spike_ep05_d018,scenario_1_kitchen_pm_spike_ep05,scenario_1_kitchen_pm_spike,18,D,val,5.28383290130931,5.261256,0,0.0,0.0,0.0,5.656854249492381,12.57078722109418,0.9302382543609692,89.06000000000003,1.0,1.0,1,39.629209830436594,-0.37496670578083846,0
scenario_1_kitchen_pm_spike_ep05_d021,scenario_1_kitchen_pm_spike_ep05,scenario_1_kitchen_pm_spike,21,A,val,4.016620009551897,5.0487514,0,0.0,0.0,0.0,4.0,8.88888888888889,0.6577777777777778,88.82000000000004,1.0,1.0,1,32.61401690069829,-0.312132034254623,0
scenario_1_kitchen_pm_spike_ep05_d021,scenario_1_kitchen_pm_spike_ep05,scenario_1_kitchen_pm_spike,21,B,val,4.274347814771189,5.372969,0,0.0,0.0,0.0,0.0,0.0,0.0,88.82000000000004,0.0,1.0,1,44.89088564305325,0.022042459142505563,3
scenario_1_kitchen_pm_spike_ep05_d021,scenario_1_kitchen_pm_spike_ep05,scenario_1_kitchen_pm_spike,21,C,val,11.905405841634767,34.556416,1,0.0,0.0,0.0,5.656854249492381,12.57078722109418,0.9302382543609692,88.82000000000004,1.0,1.0,1,589.5785852804046,0.6000000001415228,4
scenario_1_kitchen_pm_spike_ep05_d021,scenario_1_kitchen_pm_spike_ep05,scenario_1_kitchen_pm_spike,21,D,val,4.484214174914271,5.1438885,0,0.0,0.0,0.0,4.0,8.88888888888889,0.6577777777777778,88.82000000000004,1.0,1.0,1,43.06423546640531,-0.29336922749998595,0
scenario_1_kitchen_pm_spike_ep05_d024,scenario_1_kitchen_pm_spike_ep05,scenario_1_kitchen_pm_spike,24,A,val,4.454564571531319,4.6570296,0,0.0,0.0,0.0,5.656854249492381,12.57078722109418,0.9302382543609692,88.58000000000004,1.0,1.0,1,37.0386581316418,-0.3999999998566819,0
scenario_1_kitchen_pm_spike_ep05_d024,scenario_1_kitchen_pm_spike_ep05,scenario_1_kitchen_pm_spike,24,B,val,4.676803280462878,5.4347186,0,0.0,0.0,0.0,4.0,8.88888888888889,0.6577777777777778,88.58000000000004,1.0,1.0,1,48.54455637949991,-0.29350577988213544,0
scenario_1_kitchen_pm_spike_ep05_d024,scenario_1_kitchen_pm_spike_ep05,scenario_1_kitchen_pm_spike,24,C,val,21.849714306428805,40.639183,1,90.0,0.0,0.0,4.0,8.88888888888889,0.6577777777777778,88.58000000000004,1.0,1.0,1,654.7634039524968,0.6878679657437582,4
scenario_1_kitchen_pm_spike_ep05_d024,scenario_1_kitchen_pm_spike_ep05,scenario_1_kitchen_pm_spike,24,D,val,4.38379313240335,5.246234,0,0.0,0.0,0.0,0.0,0.0,0.0,88.58000000000004,0.0,1.0,1,46.82284889185212,0.015839078531964732,3
scenario_1_kitchen_pm_spike_ep05_d027,scenario_1_kitchen_pm_spike_ep05,scenario_1_kitchen_pm_spike,27,A,val,5.525729266971811,4.9414406,0,0.0,0.0,0.0,0.0,0.0,0.0,88.34000000000005,0.0,1.0,1,42.81184826054914,0.0,0
scenario_1_kitchen_pm_spike_ep05_d027,scenario_1_kitchen_pm_spike_ep05,scenario_1_kitchen_pm_spike,27,B,val,4.154119927932193,5.6077228,0,0.0,0.0,0.0,4.0,8.88888888888889,0.6577777777777778,88.34000000000005,1.0,1.0,1,53.59531559853281,-0.2964423996723227,0
scenario_1_kitchen_pm_spike_ep05_d027,scenario_1_kitchen_pm_spike_ep05,scenario_1_kitchen_pm_spike,27,C,val,28.0267439789282,36.291946,1,0.0,90.0,0.0,4.0,8.88888888888889,0.6577777777777778,88.34000000000005,1.0,1.0,1,730.1106684722679,0.6878679657439221,4
scenario_1_kitchen_pm_spike_ep05_d027,scenario_1_kitchen_pm_spike_ep05,scenario_1_kitchen_pm_spike,27,D,val,4.589710474641915,5.4073424,0,0.0,0.0,0.0,5.656854249492381,12.57078722109418,0.9302382543609692,88.34000000000005,1.0,1.0,1,51.972499886523565,-0.38667151542375466,0
scenario_1_kitchen_pm_spike_ep05_d030,scenario_1_kitchen_pm_spike_ep05,scenario_1_kitchen_pm_spike,30,A,val,4.8669079525388685,5.0106816,0,0.0,0.0,0.0,4.0,8.88888888888889,0.6577777777777778,88.10000000000005,1.0,1.0,1,47.82025324540314,-0.312132034254623,0
scenario_1_kitchen_pm_spike_ep05_d030,scenario_1_kitchen_pm_spike_ep05,scenario_1_kitchen_pm_spike,30,B,val,5.528007154156032,6.293423,0,0.0,0.0,0.0,5.656854249492381,12.57078722109418,0.9302382543609692,88.10000000000005,1.0,1.0,1,57.92676620822181,-0.3852247481467804,0
scenario_1_kitchen_pm_spike_ep05_d030,scenario_1_kitchen_pm_spike_ep05,scenario_1_kitchen_pm_spike,30,C,val,36.15508841136772,37.90243,0,90.0,180.0,0.0,0.0,0.0,0.0,88.10000000000005,0.0,1.0,1,731.8365503099812,0.9999999999985381,4
scenario_1_kitchen_pm_spike_ep05_d030,scenario_1_kitchen_pm_spike_ep05,scenario_1_kitchen_pm_spike,30,D,val,5.128880815524404,5.4457254,0,0.0,0.0,0.0,4.0,8.88888888888889,0.6577777777777778,88.10000000000005,1.0,1.0,1,56.3971416100253,-0.29959302253601794,0
scenario_1_kitchen_pm_spike_ep05_d033,scenario_1_kitchen_pm_spike_ep05,scenario_1_kitchen_pm_spike,33,A,val,4.547131866424096,5.4640665,0,0.0,0.0,0.0,5.656854249492381,12.57078722109418,0.9302382543609692,87.86000000000006,1.0,1.0,1,52.78847731584528,-0.3999999998566819,0
scenario_1_kitchen_pm_spike_ep05_d033,scenario_1_kitchen_pm_spike_ep05,scenario_1_kitchen_pm_spike,33,B,val,5.003029191742371,5.666772,0,0.0,0.0,0.0,4.0,8.88888888888889,0.6577777777777778,87.86000000000006,1.0,1.0,1,62.26064307947854,-0.2977064572508881,0
scenario_1_kitchen_pm_spike_ep05_d033,scenario_1_kitchen_pm_spike_ep05,scenario_1_kitchen_pm_spike,33,C,val,39.34424471741298,34.315113,-1,0.0,270.0,0.0,4.0,8.88888888888889,0.6577777777777778,87.86000000000006,1.0,1.0,1,709.411485266683,0.6878679657438541,4
scenario_1_kitchen_pm_spike_ep05_d033,scenario_1_kitchen_pm_spike_ep05,scenario_1_kitchen_pm_spike,33,D,val,4.740419435402481,5.619951,0,0.0,0.0,0.0,0.0,0.0,0.0,87.86000000000006,0.0,1.0,1,60.81883882644274,0.012229790021592543,3
scenario_1_kitchen_pm_spike_ep05_d036,scenario_1_kitchen_pm_spike_ep05,scenario_1_kitchen_pm_spike,36,A,val,4.454314697249007,5.4420824,0,0.0,0.0,0.0,4.0,8.88888888888889,0.6577777777777778,87.62000000000006,1.0,1.0,1,57.12904055338117,-0.312132034254623,0
scenario_1_kitchen_pm_spike_ep05_d036,scenario_1_kitchen_pm_spike_ep05,scenario_1_kitchen_pm_spike,36,B,val,5.028110890136421,5.4306726,0,0.0,0.0,0.0,0.0,0.0,0.0,87.62000000000006,0.0,1.0,1,66.00677835557553,0.014441130156790981,3
scenario_1_kitchen_pm_spike_ep05_d036,scenario_1_kitchen_pm_spike_ep05,scenario_1_kitchen_pm_spike,36,C,val,37.93758676541362,35.345097,0,90.0,360.0,0.0,5.656854249492381,12.57078722109418,0.9302382543609692,87.62000000000006,1.0,1.0,1,671.8827132778906,0.6000000001416915,4
scenario_1_kitchen_pm_spike_ep05_d036,scenario_1_kitchen_pm_spike_ep05,scenario_1_kitchen_pm_spike,36,D,val,6.012767870827931,5.838206,0,0.0,0.0,0.0,4.0,8.88888888888889,0.6577777777777778,87.62000000000006,1.0,1.0,1,64.64773440240492,-0.29990161712561325,0
scenario_1_kitchen_pm_spike_ep05_d039,scenario_1_kitchen_pm_spike_ep05,scenario_1_kitchen_pm_spike,39,A,val,5.694145493514542,5.6284194,0,0.0,0.0,0.0,4.0,8.88888888888889,0.6577777777777778,87.38000000000007,1.0,1.0,1,60.97068908289384,-0.312132034254623,0
scenario_1_kitchen_pm_spike_ep05_d039,scenario_1_kitchen_pm_spike_ep05,scenario_1_kitchen_pm_spike,39,B,val,5.722527227329007,5.5974092,0,0.0,0.0,0.0,5.656854249492381,12.57078722109418,0.9302382543609692,87.38000000000007,1.0,1.0,1,69.29140015164307,-0.38554318986192726,0
scenario_1_kitchen_pm_spike_ep05_d039,scenario_1_kitchen_pm_spike_ep05,scenario_1_kitchen_pm_spike,39,C,val,35.36373771161298,34.89877,0,180.0,450.0,0.0,0.0,0.0,0.0,87.38000000000007,0.0,1.0,1,636.5271964834766,0.9999999999982626,4
scenario_1_kitchen_pm_spike_ep05_d039,scenario_1_kitchen_pm_spike_ep05,scenario_1_kitchen_pm_spike,39,D,val,5.208974976144327,5.872089,0,0.0,0.0,0.0,4.0,8.88888888888889,0.6577777777777778,87.38000000000007,1.0,1.0,1,68.01034912541104,-0.29990098491022665,0
scenario_1_kitchen_pm_spike_ep05_d042,scenario_1_kitchen_pm_spike_ep05,scenario_1_kitchen_pm_spike,42,A,val,5.286218113654392,5.869506,0,0.0,0.0,0.0,0.0,0.0,0.0,87.14000000000007,0.0,1.0,1,64.35173312278107,0.0,0
scenario_1_kitchen_pm_spike_ep05_d042,scenario_1_kitchen_pm_spike_ep05,scenario_1_kitchen_pm_spike,42,B,val,5.328068504658521,5.6459627,0,0.0,0.0,0.0,4.0,8.88888888888889,0.6577777777777778,87.14000000000007,1.0,1.0,1,72.15045984194626,-0.2976594168367348,0
scenario_1_kitchen_pm_spike_ep05_d042,scenario_1_kitchen_pm_spike_ep05,scenario_1_kitchen_pm_spike,42,C,val,34.010518227540175,30.549257,-1,270.0,540.0,0.0,4.0,8.88888888888889,0.6577777777777778,87.14000000000007,1.0,1.0,1,603.212569001124,0.6878679657435213,4
scenario_1_kitchen_pm_spike_ep05_d042,scenario_1_kitchen_pm_spike_ep05,scenario_1_kitchen_pm_spike,42,D,val,5.356527638792308,5.9376173,0,0.0,0.0,0.0,5.656854249492381,12.57078722109418,0.9302382543609692,87.14000000000007,1.0,1.0,1,70.94291004434126,-0.38776831315262894,0
scenario_1_kitchen_pm_spike_ep05_d045,scenario_1_kitchen_pm_spike_ep05,scenario_1_kitchen_pm_spike,45,A,val,5.651302535404885,5.9807606,0,0.0,0.0,0.0,4.0,8.88888888888889,0.6577777777777778,86.90000000000008,1.0,1.0,1,67.30784603292886,-0.312132034254623,0
scenario_1_kitchen_pm_spike_ep05_d045,scenario_1_kitchen_pm_spike_ep05,scenario_1_kitchen_pm_spike,45,B,val,5.838811294956002,5.868719,0,0.0,0.0,0.0,0.0,0.0,0.0,86.90000000000008,0.0,1.0,1,74.61742102784069,0.014488553330575566,3
scenario_1_kitchen_pm_spike_ep05_d045,scenario_1_kitchen_pm_spike_ep05,scenario_1_kitchen_pm_spike,45,C,val,33.312849840335964,31.219715,0,360.0,630.0,0.0,5.656854249492381,12.57078722109418,0.9302382543609692,86.90000000000008,1.0,1.0,1,571.8147369639754,0.6000000001413361,4
scenario_1_kitchen_pm_spike_ep05_d045,scenario_1_kitchen_pm_spike_ep05,scenario_1_kitchen_pm_spike,45,D,val,4.616510664348492,5.9532804,0,0.0,0.0,0.0,4.0,8.88888888888889,0.6577777777777778,86.90000000000008,1.0,1.0,1,73.47914042890102,-0.29989970501017793,0
scenario_1_kitchen_pm_spike_ep05_d048,scenario_1_kitchen_pm_spike_ep05,scenario_1_kitchen_pm_spike,48,A,val,6.024876608578718,6.0197153,0,0.0,0.0,0.0,5.656854249492381,12.57078722109418,0.9302382543609692,86.66000000000008,1.0,1.0,1,69.87223847176801,-0.3999999998566819,0
scenario_1_kitchen_pm_spike_ep05_d048,scenario_1_kitchen_pm_spike_ep05,scenario_1_kitchen_pm_spike,48,B,val,5.391679934380983,5.8343287,0,0.0,0.0,0.0,4.0,8.88888888888889,0.6577777777777778,86.66000000000008,1.0,1.0,1,76.72342425424108,-0.2976274156133488,0
scenario_1_kitchen_pm_spike_ep05_d048,scenario_1_kitchen_pm_spike_ep05,scenario_1_kitchen_pm_spike,48,C,val,33.04927822098327,29.67175,-1,450.0,720.0,0.0,4.0,8.88888888888889,0.6577777777777778,86.66000000000008,1.0,1.0,1,542.217355010226,0.6878679657432599,4
scenario_1_kitchen_pm_spike_ep05_d048,scenario_1_kitchen_pm_spike_ep05,scenario_1_kitchen_pm_spike,48,D,val,5.585042536474784,6.1659465,0,0.0,0.0,0.0,0.0,0.0,0.0,86.66000000000008,0.0,1.0,1,75.65042541949606,0.012232977002198681,3
scenario_1_kitchen_pm_spike_ep05_d051,scenario_1_kitchen_pm_spike_ep05,scenario_1_kitchen_pm_spike,51,A,val,5.135609248807478,6.152763,0,0.0,0.0,0.0,0.0,0.0,0.0,86.42000000000009,0.0,1.0,1,72.07582124733881,0.0,0
scenario_1_kitchen_pm_spike_ep05_d051,scenario_1_kitchen_pm_spike_ep05,scenario_1_kitchen_pm_spike,51,B,val,5.213083308468354,6.121735,0,0.0,0.0,0.0,4.0,8.88888888888889,0.6577777777777778,86.42000000000009,1.0,1.0,1,78.49744101894726,-0.29761121999210527,0
scenario_1_kitchen_pm_spike_ep05_d051,scenario_1_kitchen_pm_spike_ep05,scenario_1_kitchen_pm_spike,51,C,val,32.70866041165388,28.782967,-1,540.0,810.0,0.0,4.0,8.88888888888889,0.6577777777777778,86.42000000000009,1.0,1.0,1,514.3113361089191,0.6878679657431158,4
scenario_1_kitchen_pm_spike_ep05_d051,scenario_1_kitchen_pm_spike_ep05,scenario_1_kitchen_pm_spike,51,D,val,5.726195016933635,6.1452475,0,0.0,0.0,0.0,5.656854249492381,12.57078722109418,0.9302382543609692,86.42000000000009,1.0,1.0,1,77.48596691526768,-0.3877663698425705,0
scenario_1_kitchen_pm_spike_ep05_d054,scenario_1_kitchen_pm_spike_ep05,scenario_1_kitchen_pm_spike,54,A,val,6.07310443928845,6.2044063,0,0.0,0.0,0.0,4.0,8.88888888888889,0.6577777777777778,86.18000000000009,1.0,1.0,1,73.94735759091805,-0.312132034254623,0
scenario_1_kitchen_pm_spike_ep05_d054,scenario_1_kitchen_pm_spike_ep05,scenario_1_kitchen_pm_spike,54,B,val,5.428257933897378,6.042365,0,0.0,0.0,0.0,5.656854249492381,12.57078722109418,0.9302382543609692,86.18000000000009,1.0,1.0,1,79.96641776529304,-0.385462858745804,0
scenario_1_kitchen_pm_spike_ep05_d054,scenario_1_kitchen_pm_spike_ep05,scenario_1_kitchen_pm_spike,54,C,val,31.79585941565524,28.578989,-1,630.0,900.0,0.0,0.0,0.0,0.0,86.18000000000009,0.0,1.0,1,487.9943925926294,0.9999999999975848,4
scenario_1_kitchen_pm_spike_ep05_d054,scenario_1_kitchen_pm_spike_ep05,scenario_1_kitchen_pm_spike,54,D,val,6.195744944501822,6.118043,0,0.0,0.0,0.0,4.0,8.88888888888889,0.6577777777777778,86.18000000000009,1.0,1.0,1,79.01292839399571,-0.29989774593748897,0
scenario_1_kitchen_pm_spike_ep05_d057,scenario_1_kitchen_pm_spike_ep05,scenario_1_kitchen_pm_spike,57,A,val,6.62602101343259,6.0403295,0,0.0,0.0,0.0,5.656854249492381,12.57078722109418,0.9302382543609692,85.9400000000001,1.0,1.0,1,75.51360553493191,-0.3999999998566819,0
scenario_1_kitchen_pm_spike_ep05_d057,scenario_1_kitchen_pm_spike_ep05,scenario_1_kitchen_pm_spike,57,B,val,7.0102943011317365,5.9943695,0,0.0,0.0,0.0,4.0,8.88888888888889,0.6577777777777778,85.9400000000001,1.0,1.0,1,81.15541050424872,-0.29757843414768415,0
scenario_1_kitchen_pm_spike_ep05_d057,scenario_1_kitchen_pm_spike_ep05,scenario_1_kitchen_pm_spike,57,C,val,30.63195670093593,28.346025,0,720.0,990.0,0.0,4.0,8.88888888888889,0.6577777777777778,85.9400000000001,1.0,1.0,1,463.1706064039014,0.6878679657427974,4
scenario_1_kitchen_pm_spike_ep05_d057,scenario_1_kitchen_pm_spike_ep05,scenario_1_kitchen_pm_spike,57,D,val,6.467994627638578,6.0634675,0,0.0,0.0,0.0,0.0,0.0,0.0,85.9400000000001,0.0,1.0,1,80.25657031303354,0.01223495194839146,3
scenario_1_kitchen_pm_spike_ep05_d060,scenario_1_kitchen_pm_spike_ep05,scenario_1_kitchen_pm_spike,60,A,val,5.872204809429023,5.9983664,0,0.0,0.0,0.0,4.0,8.88888888888889,0.6577777777777778,85.7000000000001,1.0,1.0,1,76.79945103309501,-0.312132034254623,0
scenario_1_kitchen_pm_spike_ep05_d060,scenario_1_kitchen_pm_spike_ep05,scenario_1_kitchen_pm_spike,60,B,val,6.443601043267834,5.963708,0,0.0,0.0,0.0,0.0,0.0,0.0,85.7000000000001,0.0,1.0,1,82.08771067055181,0.014570192175265348,3
scenario_1_kitchen_pm_spike_ep05_d060,scenario_1_kitchen_pm_spike_ep05,scenario_1_kitchen_pm_spike,60,C,val,30.089040077579146,27.81154,0,810.0,1080.0,0.0,5.656854249492381,12.57078722109418,0.9302382543609692,85.7000000000001,1.0,1.0,1,439.7500266898588,0.6000000001405631,4
scenario_1_kitchen_pm_spike_ep05_d060,scenario_1_kitchen_pm_spike_ep05,scenario_1_kitchen_pm_spike,60,D,val,6.493842290318453,6.0847664,0,0.0,0.0,0.0,4.0,8.88888888888889,0.6577777777777778,85.7000000000001,1.0,1.0,1,81.24037669867016,-0.29989641330946537,0
scenario_1_kitchen_pm_spike_ep05_d063,scenario_1_kitchen_pm_spike_ep05,scenario_1_kitchen_pm_spike,63,A,val,5.5857582168436375,5.799455,0,0.0,0.0,0.0,4.0,8.88888888888889,0.6577777777777778,85.46000000000011,1.0,1.0,1,77.82803241972692,-0.312132034254623,0
scenario_1_kitchen_pm_spike_ep05_d063,scenario_1_kitchen_pm_spike_ep05,scenario_1_kitchen_pm_spike,63,B,val,5.699399894812806,6.0298758,0,0.0,0.0,0.0,5.656854249492381,12.57078722109418,0.9302382543609692,85.46000000000011,1.0,1.0,1,82.78496277859335,-0.3854130816122957,0
scenario_1_kitchen_pm_spike_ep05_d063,scenario_1_kitchen_pm_spike_ep05,scenario_1_kitchen_pm_spike,63,C,val,29.256518515794028,25.841963,-1,900.0,1170.0,0.0,0.0,0.0,0.0,85.46000000000011,0.0,1.0,1,417.648292998724,0.9999999999970574,4
scenario_1_kitchen_pm_spike_ep05_d063,scenario_1_kitchen_pm_spike_ep05,scenario_1_kitchen_pm_spike,63,D,val,6.023800717266541,6.1111107,0,0.0,0.0,0.0,4.0,8.88888888888889,0.6577777777777778,85.46000000000011,1.0,1.0,1,81.98617349235542,-0.2998957389097502,0
scenario_1_kitchen_pm_spike_ep05_d066,scenario_1_kitchen_pm_spike_ep05,scenario_1_kitchen_pm_spike,66,A,val,6.045800114999211,5.893039,0,0.0,0.0,0.0,0.0,0.0,0.0,85.22000000000011,0.0,1.0,1,78.62085676685865,0.0,0
scenario_1_kitchen_pm_spike_ep05_d066,scenario_1_kitchen_pm_spike_ep05,scenario_1_kitchen_pm_spike,66,B,val,5.985444187977815,6.0362325,0,0.0,0.0,0.0,4.0,8.88888888888889,0.6577777777777778,85.22000000000011,1.0,1.0,1,83.26727440740797,-0.29752825500786584,0
scenario_1_kitchen_pm_spike_ep05_d066,scenario_1_kitchen_pm_spike_ep05,scenario_1_kitchen_pm_spike,66,C,val,29.24790033588706,26.246883,-1,990.0,1260.0,0.0,4.0,8.88888888888889,0.6577777777777778,85.22000000000011,1.0,1.0,1,396.78628244367246,0.6878679657422341,4
scenario_1_kitchen_pm_spike_ep05_d066,scenario_1_kitchen_pm_spike_ep05,scenario_1_kitchen_pm_spike,66,D,val,5.8287310772261005,6.060841,0,0.0,0.0,0.0,5.656854249492381,12.57078722109418,0.9302382543609692,85.22000000000011,1.0,1.0,1,82.51423918564547,-0.38776302467154844,0
scenario_1_kitchen_pm_spike_ep05_d069,scenario_1_kitchen_pm_spike_ep05,scenario_1_kitchen_pm_spike,69,A,val,6.582428033881869,5.7925086,0,0.0,0.0,0.0,4.0,8.88888888888889,0.6577777777777778,84.98000000000012,1.0,1.0,1,79.1979086618228,-0.312132034254623,0
scenario_1_kitchen_pm_spike_ep05_d069,scenario_1_kitchen_pm_spike_ep05,scenario_1_kitchen_pm_spike,69,B,val,6.321166643283453,6.1152515,0,0.0,0.0,0.0,0.0,0.0,0.0,84.98000000000012,0.0,1.0,1,83.55331901008776,0.014620776118732574,3
scenario_1_kitchen_pm_spike_ep05_d069,scenario_1_kitchen_pm_spike_ep05,scenario_1_kitchen_pm_spike,69,C,val,28.19716423102676,26.16649,0,1080.0,1350.0,0.0,5.656854249492381,12.57078722109418,0.9302382543609692,84.98000000000012,1.0,1.0,1,377.0897793040431,0.6000000001399614,4
scenario_1_kitchen_pm_spike_ep05_d069,scenario_1_kitchen_pm_spike_ep05,scenario_1_kitchen_pm_spike,69,D,val,6.418738657024832,5.9524007,0,0.0,0.0,0.0,4.0,8.88888888888889,0.6577777777777778,84.98000000000012,1.0,1.0,1,82.84340824156493,-0.29989437375092876,0
scenario_1_kitchen_pm_spike_ep05_d072,scenario_1_kitchen_pm_spike_ep05,scenario_1_kitchen_pm_spike,72,A,val,6.843124031220607,5.7481427,0,0.0,0.0,0.0,5.656854249492381,12.57078722109418,0.9302382543609692,84.74000000000012,1.0,1.0,1,79.57775189444851,-0.3999999998566819,0
scenario_1_kitchen_pm_spike_ep05_d072,scenario_1_kitchen_pm_spike_ep05,scenario_1_kitchen_pm_spike,72,B,val,5.8199905794484765,5.9983473,0,0.0,0.0,0.0,4.0,8.88888888888889,0.6577777777777778,84.74000000000012,1.0,1.0,1,83.66043201108823,-0.2974941244540906,0
scenario_1_kitchen_pm_spike_ep05_d072,scenario_1_kitchen_pm_spike_ep05,scenario_1_kitchen_pm_spike,72,C,val,27.441042710938312,25.828926,0,1170.0,1440.0,0.0,4.0,8.88888888888889,0.6577777777777778,84.74000000000012,1.0,1.0,1,358.4891656317151,0.6878679657417917,4
scenario_1_kitchen_pm_spike_ep05_d072,scenario_1_kitchen_pm_spike_ep05,scenario_1_kitchen_pm_spike,72,D,val,6.372055073397284,5.911058,0,0.0,0.0,0.0,0.0,0.0,0.0,84.74000000000012,0.0,1.0,1,82.991167768085,0.012238351338463621,3
scenario_1_kitchen_pm_spike_ep05_d075,scenario_1_kitchen_pm_spike_ep05,scenario_1_kitchen_pm_spike,75,A,val,5.90077692993192,5.861854,0,0.0,0.0,0.0,0.0,0.0,0.0,84.50000000000013,0.0,1.0,1,79.77762451154149,0.0,0
scenario_1_kitchen_pm_spike_ep05_d075,scenario_1_kitchen_pm_spike_ep05,scenario_1_kitchen_pm_spike,75,B,val,6.644469041124536,5.886276,0,0.0,0.0,0.0,4.0,8.88888888888889,0.6577777777777778,84.50000000000013,1.0,1.0,1,83.60470062509171,-0.29747685301841803,0
scenario_1_kitchen_pm_spike_ep05_d075,scenario_1_kitchen_pm_spike_ep05,scenario_1_kitchen_pm_spike,75,C,val,26.977438771543305,25.797173,0,1260.0,1530.0,0.0,4.0,8.88888888888889,0.6577777777777778,84.50000000000013,1.0,1.0,1,340.91913152210907,0.6878679657415477,4
scenario_1_kitchen_pm_spike_ep05_d075,scenario_1_kitchen_pm_spike_ep05,scenario_1_kitchen_pm_spike,75,D,val,6.091968843898654,6.0024014,0,0.0,0.0,0.0,5.656854249492381,12.57078722109418,0.9302382543609692,84.50000000000013,1.0,1.0,1,82.97374787948957,-0.3877609521291734,0
scenario_1_kitchen_pm_spike_ep05_d078,scenario_1_kitchen_pm_spike_ep05,scenario_1_kitchen_pm_spike,78,A,val,6.245049973865012,5.8903127,0,0.0,0.0,0.0,4.0,8.88888888888889,0.6577777777777778,84.26000000000013,1.0,1.0,1,79.81352766689838,-0.312132034254623,0
scenario_1_kitchen_pm_spike_ep05_d078,scenario_1_kitchen_pm_spike_ep05,scenario_1_kitchen_pm_spike,78,B,val,5.205931534704185,5.9906836,0,0.0,0.0,0.0,5.656854249492381,12.57078722109418,0.9302382543609692,84.26000000000013,1.0,1.0,1,83.40104780319484,-0.38532740848307323,0
scenario_1_kitchen_pm_spike_ep05_d078,scenario_1_kitchen_pm_spike_ep05,scenario_1_kitchen_pm_spike,78,C,val,27.625312900461385,25.500204,0,1350.0,1620.0,0.0,0.0,0.0,0.0,84.26000000000013,0.0,1.0,1,324.3184037949567,0.9999999999959102,4
scenario_1_kitchen_pm_spike_ep05_d078,scenario_1_kitchen_pm_spike_ep05,scenario_1_kitchen_pm_spike,78,D,val,5.732125691938425,6.0136185,0,0.0,0.0,0.0,4.0,8.88888888888889,0.6577777777777778,84.26000000000013,1.0,1.0,1,82.80620615335965,-0.2998922845455758,0
scenario_1_kitchen_pm_spike_ep06_d012,scenario_1_kitchen_pm_spike_ep06,scenario_1_kitchen_pm_spike,12,A,train,4.282981001478063,5.127797,0,0.0,0.0,0.0,4.0,8.88888888888889,0.6577777777777778,88.84000000000002,1.0,1.0,1,41.01333118398952,-0.21469916635275835,0
scenario_1_kitchen_pm_spike_ep06_d012,scenario_1_kitchen_pm_spike_ep06,scenario_1_kitchen_pm_spike,12,B,train,4.888067833474414,5.4409757,0,0.0,0.0,0.0,5.656854249492381,12.57078722109418,0.9302382543609692,88.84000000000002,1.0,1.0,1,34.4558802529217,-0.3393383822936288,0
scenario_1_kitchen_pm_spike_ep06_d012,scenario_1_kitchen_pm_spike_ep06,scenario_1_kitchen_pm_spike,12,C,train,4.201184103834104,11.430747,1,0.0,0.0,0.0,0.0,0.0,0.0,88.84000000000002,0.0,1.0,1,201.96895891374368,0.9999999999943925,4
scenario_1_kitchen_pm_spike_ep06_d012,scenario_1_kitchen_pm_spike_ep06,scenario_1_kitchen_pm_spike,12,D,train,4.430913190907069,4.4333086,0,0.0,0.0,0.0,4.0,8.88888888888889,0.6577777777777778,88.84000000000002,1.0,1.0,1,23.63803813703737,-0.312132034254623,0
scenario_1_kitchen_pm_spike_ep06_d015,scenario_1_kitchen_pm_spike_ep06,scenario_1_kitchen_pm_spike,15,A,train,3.744405921760612,4.730874,0,0.0,0.0,0.0,5.656854249492381,12.57078722109418,0.9302382543609692,88.60000000000002,1.0,1.0,1,41.7829930436842,-0.34293969915155365,0
scenario_1_kitchen_pm_spike_ep06_d015,scenario_1_kitchen_pm_spike_ep06,scenario_1_kitchen_pm_spike,15,B,train,4.62300124640857,5.06623,0,0.0,0.0,0.0,4.0,8.88888888888889,0.6577777777777778,88.60000000000002,1.0,1.0,1,35.62869478063817,-0.2766500763439985,0
scenario_1_kitchen_pm_spike_ep06_d015,scenario_1_kitchen_pm_spike_ep06,scenario_1_kitchen_pm_spike,15,C,train,4.443156808779062,18.340546,1,0.0,0.0,0.0,4.0,8.88888888888889,0.6577777777777778,88.60000000000002,1.0,1.0,1,310.71616408331147,0.6878679657418708,4
scenario_1_kitchen_pm_spike_ep06_d015,scenario_1_kitchen_pm_spike_ep06,scenario_1_kitchen_pm_spike,15,D,train,3.857840899327,4.66355,0,0.0,0.0,0.0,0.0,0.0,0.0,88.60000000000002,0.0,1.0,1,25.50898568071375,0.0,0
scenario_1_kitchen_pm_spike_ep06_d018,scenario_1_kitchen_pm_spike_ep06,scenario_1_kitchen_pm_spike,18,A,train,4.391867282310298,4.345793,0,0.0,0.0,0.0,4.0,8.88888888888889,0.6577777777777778,88.36000000000003,1.0,1.0,1,43.447885325943616,-0.2744777976663616,0
scenario_1_kitchen_pm_spike_ep06_d018,scenario_1_kitchen_pm_spike_ep06,scenario_1_kitchen_pm_spike,18,B,train,4.522056745846054,4.939009,0,0.0,0.0,0.0,0.0,0.0,0.0,88.36000000000003,0.0,1.0,1,37.6718499013175,0.023385561625456994,3
scenario_1_kitchen_pm_spike_ep06_d018,scenario_1_kitchen_pm_spike_ep06,scenario_1_kitchen_pm_spike,18,C,train,4.491564196118125,24.900112,1,0.0,0.0,0.0,5.656854249492381,12.57078722109418,0.9302382543609692,88.36000000000003,1.0,1.0,1,433.01056263696375,0.600000000140848,4
scenario_1_kitchen_pm_spike_ep06_d018,scenario_1_kitchen_pm_spike_ep06,scenario_1_kitchen_pm_spike,18,D,train,4.242447647270579,4.7626953,0,0.0,0.0,0.0,4.0,8.88888888888889,0.6577777777777778,88.36000000000003,1.0,1.0,1,28.20525032388423,-0.312132034254623,0
scenario_1_kitchen_pm_spike_ep06_d021,scenario_1_kitchen_pm_spike_ep06,scenario_1_kitchen_pm_spike,21,A,train,4.538962186482433,4.6126657,0,0.0,0.0,0.0,4.0,8.88888888888889,0.6577777777777778,88.12000000000003,1.0,1.0,1,46.286770839591554,-0.2846526874374633,0
scenario_1_kitchen_pm_spike_ep06_d021,scenario_1_kitchen_pm_spike_ep06,scenario_1_kitchen_pm_spike,21,B,train,4.336692210326055,5.1110554,0,0.0,0.0,0.0,5.656854249492381,12.57078722109418,0.9302382543609692,88.12000000000003,1.0,1.0,1,40.86565111798723,-0.38295503226158445,0
scenario_1_kitchen_pm_spike_ep06_d021,scenario_1_kitchen_pm_spike_ep06,scenario_1_kitchen_pm_spike,21,C,train,9.996048001487589,37.376644,1,0.0,0.0,0.0,0.0,0.0,0.0,88.12000000000003,0.0,1.0,1,551.554097282856,0.9999999999980752,4
scenario_1_kitchen_pm_spike_ep06_d021,scenario_1_kitchen_pm_spike_ep06,scenario_1_kitchen_pm_spike,21,D,train,4.974526910753071,4.847973,0,0.0,0.0,0.0,4.0,8.88888888888889,0.6577777777777778,88.12000000000003,1.0,1.0,1,32.010039488642406,-0.312132034254623,0
scenario_1_kitchen_pm_spike_ep06_d024,scenario_1_kitchen_pm_spike_ep06,scenario_1_kitchen_pm_spike,24,A,train,4.466980376005711,4.9997926,0,0.0,0.0,0.0,0.0,0.0,0.0,87.88000000000004,0.0,1.0,1,50.188835898420166,0.021717022147965004,3
scenario_1_kitchen_pm_spike_ep06_d024,scenario_1_kitchen_pm_spike_ep06,scenario_1_kitchen_pm_spike,24,B,train,5.443420780787384,5.0963383,0,0.0,0.0,0.0,4.0,8.88888888888889,0.6577777777777778,87.88000000000004,1.0,1.0,1,45.10073147087565,-0.298678350680059,0
scenario_1_kitchen_pm_spike_ep06_d024,scenario_1_kitchen_pm_spike_ep06,scenario_1_kitchen_pm_spike,24,C,train,19.215206784596894,40.18791,1,60.0,0.0,0.0,4.0,8.88888888888889,0.6577777777777778,87.88000000000004,1.0,1.0,1,652.5610982446123,0.687867965743753,4
scenario_1_kitchen_pm_spike_ep06_d024,scenario_1_kitchen_pm_spike_ep06,scenario_1_kitchen_pm_spike,24,D,train,3.753912917293969,4.720115,0,0.0,0.0,0.0,5.656854249492381,12.57078722109418,0.9302382543609692,87.88000000000004,1.0,1.0,1,36.81670119007981,-0.3999999998566819,0
scenario_1_kitchen_pm_spike_ep06_d027,scenario_1_kitchen_pm_spike_ep06,scenario_1_kitchen_pm_spike,27,A,train,4.9529049110482015,5.163732,0,0.0,0.0,0.0,4.0,8.88888888888889,0.6577777777777778,87.64000000000004,1.0,1.0,1,53.73136198400289,-0.2924149094368772,0
scenario_1_kitchen_pm_spike_ep06_d027,scenario_1_kitchen_pm_spike_ep06,scenario_1_kitchen_pm_spike,27,B,train,4.6179443098525255,5.435315,0,0.0,0.0,0.0,0.0,0.0,0.0,87.64000000000004,0.0,1.0,1,48.95572919037886,0.01219918973774773,3
scenario_1_kitchen_pm_spike_ep06_d027,scenario_1_kitchen_pm_spike_ep06,scenario_1_kitchen_pm_spike,27,C,train,28.10586362217209,37.949978,1,150.0,90.0,0.0,5.656854249492381,12.57078722109418,0.9302382543609692,87.64000000000004,1.0,1.0,1,676.4383946898606,0.600000000141744,4
scenario_1_kitchen_pm_spike_ep06_d027,scenario_1_kitchen_pm_spike_ep06,scenario_1_kitchen_pm_spike,27,D,train,3.614021330891468,4.9138985,0,0.0,0.0,0.0,4.0,8.88888888888889,0.6577777777777778,87.64000000000004,1.0,1.0,1,41.2064137271168,-0.312132034254623,0
scenario_1_kitchen_pm_spike_ep06_d030,scenario_1_kitchen_pm_spike_ep06,scenario_1_kitchen_pm_spike,30,A,train,4.344399299483472,5.085682,0,0.0,0.0,0.0,5.656854249492381,12.57078722109418,0.9302382543609692,87.40000000000005,1.0,1.0,1,58.20280651172379,-0.38217981344732666,0
scenario_1_kitchen_pm_spike_ep06_d030,scenario_1_kitchen_pm_spike_ep06,scenario_1_kitchen_pm_spike,30,B,train,4.990674137373452,5.2047,0,0.0,0.0,0.0,4.0,8.88888888888889,0.6577777777777778,87.40000000000005,1.0,1.0,1,53.72037407818971,-0.3011206637400786,0
scenario_1_kitchen_pm_spike_ep06_d030,scenario_1_kitchen_pm_spike_ep06,scenario_1_kitchen_pm_spike,30,C,train,36.85416325033093,37.251835,0,240.0,180.0,0.0,4.0,8.88888888888889,0.6577777777777778,87.40000000000005,1.0,1.0,1,704.7990311724184,0.687867965743858,4
scenario_1_kitchen_pm_spike_ep06_d030,scenario_1_kitchen_pm_spike_ep06,scenario_1_kitchen_pm_spike,30,D,train,3.8837428717074975,4.936468,0,0.0,0.0,0.0,0.0,0.0,0.0,87.40000000000005,0.0,1.0,1,46.47128332664329,0.0,0
scenario_1_kitchen_pm_spike_ep06_d033,scenario_1_kitchen_pm_spike_ep06,scenario_1_kitchen_pm_spike,33,A,train,4.253935663510161,5.0458035,0,0.0,0.0,0.0,0.0,0.0,0.0,87.16000000000005,0.0,1.0,1,61.7203815250075,0.017851564099554008,3
scenario_1_kitchen_pm_spike_ep06_d033,scenario_1_kitchen_pm_spike_ep06,scenario_1_kitchen_pm_spike,33,B,train,5.83162133040214,5.384404,0,0.0,0.0,0.0,4.0,8.88888888888889,0.6577777777777778,87.16000000000005,1.0,1.0,1,57.513071465117946,-0.3011155664469032,0
scenario_1_kitchen_pm_spike_ep06_d033,scenario_1_kitchen_pm_spike_ep06,scenario_1_kitchen_pm_spike,33,C,train,41.15977015312672,32.57212,-1,330.0,270.0,0.0,4.0,8.88888888888889,0.6577777777777778,87.16000000000005,1.0,1.0,1,666.2770429430159,0.6878679657437524,4
scenario_1_kitchen_pm_spike_ep06_d033,scenario_1_kitchen_pm_spike_ep06,scenario_1_kitchen_pm_spike,33,D,train,3.793809438936915,4.7908897,0,0.0,0.0,0.0,5.656854249492381,12.57078722109418,0.9302382543609692,87.16000000000005,1.0,1.0,1,50.731938639346026,-0.3999999998566819,0
scenario_1_kitchen_pm_spike_ep06_d036,scenario_1_kitchen_pm_spike_ep06,scenario_1_kitchen_pm_spike,36,A,train,4.284111440825786,5.3167276,0,0.0,0.0,0.0,4.0,8.88888888888889,0.6577777777777778,86.92000000000006,1.0,1.0,1,65.07371429524187,-0.2942732951633732,0
scenario_1_kitchen_pm_spike_ep06_d036,scenario_1_kitchen_pm_spike_ep06,scenario_1_kitchen_pm_spike,36,B,train,5.659909003839951,5.5293903,0,0.0,0.0,0.0,5.656854249492381,12.57078722109418,0.9302382543609692,86.92000000000006,1.0,1.0,1,61.12456774515772,-0.38899350482124384,0
scenario_1_kitchen_pm_spike_ep06_d036,scenario_1_kitchen_pm_spike_ep06,scenario_1_kitchen_pm_spike,36,C,train,39.166449727096754,30.78707,-1,420.0,360.0,0.0,0.0,0.0,0.0,86.92000000000006,0.0,1.0,1,631.1101456620626,0.9999999999982649,4
scenario_1_kitchen_pm_spike_ep06_d036,scenario_1_kitchen_pm_spike_ep06,scenario_1_kitchen_pm_spike,36,D,train,4.444742717417991,5.30072,0,0.0,0.0,0.0,4.0,8.88888888888889,0.6577777777777778,86.92000000000006,1.0,1.0,1,54.78120613344572,-0.312132034254623,0
scenario_1_kitchen_pm_spike_ep06_d039,scenario_1_kitchen_pm_spike_ep06,scenario_1_kitchen_pm_spike,39,A,train,5.36000124367401,5.549851,0,0.0,0.0,0.0,5.656854249492381,12.57078722109418,0.9302382543609692,86.68000000000006,1.0,1.0,1,68.00363625491605,-0.38213402818452846,0
scenario_1_kitchen_pm_spike_ep06_d039,scenario_1_kitchen_pm_spike_ep06,scenario_1_kitchen_pm_spike,39,B,train,5.000272502240661,5.5617113,0,0.0,0.0,0.0,4.0,8.88888888888889,0.6577777777777778,86.68000000000006,1.0,1.0,1,64.29674393402229,-0.30113559203672524,0
scenario_1_kitchen_pm_spike_ep06_d039,scenario_1_kitchen_pm_spike_ep06,scenario_1_kitchen_pm_spike,39,C,train,36.98552835105877,29.697659,-1,510.0,450.0,0.0,4.0,8.88888888888889,0.6577777777777778,86.68000000000006,1.0,1.0,1,597.9766295921313,0.6878679657435238,4
scenario_1_kitchen_pm_spike_ep06_d039,scenario_1_kitchen_pm_spike_ep06,scenario_1_kitchen_pm_spike,39,D,train,4.21408563492284,5.6345434,0,0.0,0.0,0.0,0.0,0.0,0.0,86.68000000000006,0.0,1.0,1,58.362912878181305,0.0,0
scenario_1_kitchen_pm_spike_ep06_d042,scenario_1_kitchen_pm_spike_ep06,scenario_1_kitchen_pm_spike,42,A,train,4.295554679395932,5.0934405,0,0.0,0.0,0.0,4.0,8.88888888888889,0.6577777777777778,86.44000000000007,1.0,1.0,1,70.5432608627325,-0.29425877201778095,0
scenario_1_kitchen_pm_spike_ep06_d042,scenario_1_kitchen_pm_spike_ep06,scenario_1_kitchen_pm_spike,42,B,train,5.020088182804955,5.7110887,0,0.0,0.0,0.0,0.0,0.0,0.0,86.44000000000007,0.0,1.0,1,67.06369787025437,0.010986308806662149,3
scenario_1_kitchen_pm_spike_ep06_d042,scenario_1_kitchen_pm_spike_ep06,scenario_1_kitchen_pm_spike,42,C,train,34.5321421340255,27.994822,-1,600.0,540.0,0.0,5.656854249492381,12.57078722109418,0.9302382543609692,86.44000000000007,1.0,1.0,1,566.7527801055221,0.600000000141339,4
scenario_1_kitchen_pm_spike_ep06_d042,scenario_1_kitchen_pm_spike_ep06,scenario_1_kitchen_pm_spike,42,D,train,5.354257766551869,5.6456304,0,0.0,0.0,0.0,4.0,8.88888888888889,0.6577777777777778,86.44000000000007,1.0,1.0,1,61.51297737604023,-0.312132034254623,0
scenario_1_kitchen_pm_spike_ep06_d045,scenario_1_kitchen_pm_spike_ep06,scenario_1_kitchen_pm_spike,45,A,train,5.439986819449608,5.4616113,0,0.0,0.0,0.0,4.0,8.88888888888889,0.6577777777777778,86.20000000000007,1.0,1.0,1,72.72340810872015,-0.2942514230731913,0
scenario_1_kitchen_pm_spike_ep06_d045,scenario_1_kitchen_pm_spike_ep06,scenario_1_kitchen_pm_spike,45,B,train,4.91425534500639,5.6695924,0,0.0,0.0,0.0,5.656854249492381,12.57078722109418,0.9302382543609692,86.20000000000007,1.0,1.0,1,69.45717278511302,-0.38902390560552613,0
scenario_1_kitchen_pm_spike_ep06_d045,scenario_1_kitchen_pm_spike_ep06,scenario_1_kitchen_pm_spike,45,C,train,33.461341215782866,29.149612,-1,690.0,630.0,0.0,0.0,0.0,0.0,86.20000000000007,0.0,1.0,1,537.3226077551926,0.9999999999978861,4
scenario_1_kitchen_pm_spike_ep06_d045,scenario_1_kitchen_pm_spike_ep06,scenario_1_kitchen_pm_spike,45,D,train,5.084283597961899,5.732563,0,0.0,0.0,0.0,4.0,8.88888888888889,0.6577777777777778,86.20000000000007,1.0,1.0,1,64.26484620812062,-0.312132034254623,0
scenario_1_kitchen_pm_spike_ep06_d048,scenario_1_kitchen_pm_spike_ep06,scenario_1_kitchen_pm_spike,48,A,train,6.06119810909306,5.493294,0,0.0,0.0,0.0,0.0,0.0,0.0,85.96000000000008,0.0,1.0,1,74.57275637064231,0.017888018903559698,3
scenario_1_kitchen_pm_spike_ep06_d048,scenario_1_kitchen_pm_spike_ep06,scenario_1_kitchen_pm_spike,48,B,train,6.552064071702571,5.9568605,0,0.0,0.0,0.0,4.0,8.88888888888889,0.6577777777777778,85.96000000000008,1.0,1.0,1,71.50671296955306,-0.3011662362559252,0
scenario_1_kitchen_pm_spike_ep06_d048,scenario_1_kitchen_pm_spike_ep06,scenario_1_kitchen_pm_spike,48,C,train,26.31419408561128,27.771587,0,30.0,720.0,0.0,4.0,8.88888888888889,0.6577777777777778,85.96000000000008,1.0,1.0,1,509.5773596836594,0.6878679657431194,4
scenario_1_kitchen_pm_spike_ep06_d048,scenario_1_kitchen_pm_spike_ep06,scenario_1_kitchen_pm_spike,48,D,train,5.514196470934453,5.565571,0,0.0,0.0,0.0,5.656854249492381,12.57078722109418,0.9302382543609692,85.96000000000008,1.0,1.0,1,66.64965725670072,-0.3999999998566819,0
scenario_1_kitchen_pm_spike_ep06_d051,scenario_1_kitchen_pm_spike_ep06,scenario_1_kitchen_pm_spike,51,A,train,5.512556063645828,5.311761,0,0.0,0.0,0.0,4.0,8.88888888888889,0.6577777777777778,85.72000000000008,1.0,1.0,1,76.1179844017804,-0.29423654845226055,0
scenario_1_kitchen_pm_spike_ep06_d051,scenario_1_kitchen_pm_spike_ep06,scenario_1_kitchen_pm_spike,51,B,train,6.213808656287488,6.0807376,0,0.0,0.0,0.0,0.0,0.0,0.0,85.72000000000008,0.0,1.0,1,73.23980933429948,0.010955419494504673,3
scenario_1_kitchen_pm_spike_ep06_d051,scenario_1_kitchen_pm_spike_ep06,scenario_1_kitchen_pm_spike,51,C,train,26.02310323628374,27.266268,0,120.0,810.0,0.0,5.656854249492381,12.57078722109418,0.9302382543609692,85.72000000000008,1.0,1.0,1,483.4150621280692,0.6000000001409069,4
scenario_1_kitchen_pm_spike_ep06_d051,scenario_1_kitchen_pm_spike_ep06,scenario_1_kitchen_pm_spike,51,D,train,4.945360955749688,5.423441,0,0.0,0.0,0.0,4.0,8.88888888888889,0.6577777777777778,85.72000000000008,1.0,1.0,1,68.69639233449698,-0.312132034254623,0
scenario_1_kitchen_pm_spike_ep06_d054,scenario_1_kitchen_pm_spike_ep06,scenario_1_kitchen_pm_spike,54,A,train,5.818415704478138,5.863182,0,0.0,0.0,0.0,5.656854249492381,12.57078722109418,0.9302382543609692,85.48000000000009,1.0,1.0,1,77.38390408628948,-0.3820969875782152,0
scenario_1_kitchen_pm_spike_ep06_d054,scenario_1_kitchen_pm_spike_ep06,scenario_1_kitchen_pm_spike,54,B,train,5.602376593181886,6.003422,0,0.0,0.0,0.0,4.0,8.88888888888889,0.6577777777777778,85.48000000000009,1.0,1.0,1,74.6820355141815,-0.30118707607289263,0
scenario_1_kitchen_pm_spike_ep06_d054,scenario_1_kitchen_pm_spike_ep06,scenario_1_kitchen_pm_spike,54,C,train,26.144218946166443,26.04802,0,210.0,900.0,0.0,4.0,8.88888888888889,0.6577777777777778,85.48000000000009,1.0,1.0,1,458.7400920360744,0.6878679657428017,4
scenario_1_kitchen_pm_spike_ep06_d054,scenario_1_kitchen_pm_spike_ep06,scenario_1_kitchen_pm_spike,54,D,train,4.260456693928955,5.4761505,0,0.0,0.0,0.0,0.0,0.0,0.0,85.48000000000009,0.0,1.0,1,70.43201990304624,0.0,0
scenario_1_kitchen_pm_spike_ep06_d057,scenario_1_kitchen_pm_spike_ep06,scenario_1_kitchen_pm_spike,57,A,train,5.041829521409817,5.6867075,0,0.0,0.0,0.0,0.0,0.0,0.0,85.2400000000001,0.0,1.0,1,78.39358455740899,0.017910598733965916,3
scenario_1_kitchen_pm_spike_ep06_d057,scenario_1_kitchen_pm_spike_ep06,scenario_1_kitchen_pm_spike,57,B,train,6.418329282219383,5.9262524,0,0.0,0.0,0.0,4.0,8.88888888888889,0.6577777777777778,85.2400000000001,1.0,1.0,1,75.8571751259974,-0.30119762075313117,0
scenario_1_kitchen_pm_spike_ep06_d057,scenario_1_kitchen_pm_spike_ep06,scenario_1_kitchen_pm_spike,57,C,train,26.36184438625549,24.753912,0,300.0,990.0,0.0,4.0,8.88888888888889,0.6577777777777778,85.2400000000001,1.0,1.0,1,435.4627759341048,0.6878679657426267,4
scenario_1_kitchen_pm_spike_ep06_d057,scenario_1_kitchen_pm_spike_ep06,scenario_1_kitchen_pm_spike,57,D,train,5.031405808003051,5.57089,0,0.0,0.0,0.0,5.656854249492381,12.57078722109418,0.9302382543609692,85.2400000000001,1.0,1.0,1,71.88162851880065,-0.3999999998566819,0
scenario_1_kitchen_pm_spike_ep06_d060,scenario_1_kitchen_pm_spike_ep06,scenario_1_kitchen_pm_spike,60,A,train,5.168945313391234,5.7768574,0,0.0,0.0,0.0,4.0,8.88888888888889,0.6577777777777778,85.0000000000001,1.0,1.0,1,79.16846823564697,-0.2942137886822036,0
scenario_1_kitchen_pm_spike_ep06_d060,scenario_1_kitchen_pm_spike_ep06,scenario_1_kitchen_pm_spike,60,B,train,5.866011418153276,5.900579,0,0.0,0.0,0.0,5.656854249492381,12.57078722109418,0.9302382543609692,85.0000000000001,1.0,1.0,1,76.78734075013881,-0.38907621496380507,0
scenario_1_kitchen_pm_spike_ep06_d060,scenario_1_kitchen_pm_spike_ep06,scenario_1_kitchen_pm_spike,60,C,train,26.59857117590899,25.41668,0,390.0,1080.0,0.0,0.0,0.0,0.0,85.0000000000001,0.0,1.0,1,413.49901430850207,0.9999999999970626,4
scenario_1_kitchen_pm_spike_ep06_d060,scenario_1_kitchen_pm_spike_ep06,scenario_1_kitchen_pm_spike,60,D,train,6.568088112299393,5.8207793,0,0.0,0.0,0.0,4.0,8.88888888888889,0.6577777777777778,85.0000000000001,1.0,1.0,1,73.06855160456757,-0.312132034254623,0
scenario_1_kitchen_pm_spike_ep06_d063,scenario_1_kitchen_pm_spike_ep06,scenario_1_kitchen_pm_spike,63,A,train,6.054799311694016,5.913741,0,0.0,0.0,0.0,5.656854249492381,12.57078722109418,0.9302382543609692,84.7600000000001,1.0,1.0,1,79.72847930816306,-0.38207404665787614,0
scenario_1_kitchen_pm_spike_ep06_d063,scenario_1_kitchen_pm_spike_ep06,scenario_1_kitchen_pm_spike,63,B,train,6.484353460659714,5.7442083,0,0.0,0.0,0.0,4.0,8.88888888888889,0.6577777777777778,84.7600000000001,1.0,1.0,1,77.49308516953988,-0.3012189624616435,0
scenario_1_kitchen_pm_spike_ep06_d063,scenario_1_kitchen_pm_spike_ep06,scenario_1_kitchen_pm_spike,63,C,train,26.66045992236845,24.504597,0,480.0,1170.0,0.0,4.0,8.88888888888889,0.6577777777777778,84.7600000000001,1.0,1.0,1,392.76992987119297,0.6878679657422399,4
scenario_1_kitchen_pm_spike_ep06_d063,scenario_1_kitchen_pm_spike_ep06,scenario_1_kitchen_pm_spike,63,D,train,5.180851684387116,5.6758404,0,0.0,0.0,0.0,0.0,0.0,0.0,84.7600000000001,0.0,1.0,1,74.0144841054846,0.0,0
scenario_1_kitchen_pm_spike_ep06_d066,scenario_1_kitchen_pm_spike_ep06,scenario_1_kitchen_pm_spike,66,A,train,6.639024274966546,5.6238985,0,0.0,0.0,0.0,4.0,8.88888888888889,0.6577777777777778,84.52000000000011,1.0,1.0,1,80.09212513716011,-0.2941983122350984,0
scenario_1_kitchen_pm_spike_ep06_d066,scenario_1_kitchen_pm_spike_ep06,scenario_1_kitchen_pm_spike,66,B,train,5.758426264926381,5.7036443,0,0.0,0.0,0.0,0.0,0.0,0.0,84.52000000000011,0.0,1.0,1,77.99350536523662,0.010902273636934018,3
scenario_1_kitchen_pm_spike_ep06_d066,scenario_1_kitchen_pm_spike_ep06,scenario_1_kitchen_pm_spike,66,C,train,24.87808518179923,24.040318,0,570.0,0.0,0.0,5.656854249492381,12.57078722109418,0.9302382543609692,84.52000000000011,1.0,1.0,1,373.20153818568224,0.6000000001399678,4
scenario_1_kitchen_pm_spike_ep06_d066,scenario_1_kitchen_pm_spike_ep06,scenario_1_kitchen_pm_spike,66,D,train,6.296700437415034,5.787219,0,0.0,0.0,0.0,4.0,8.88888888888889,0.6577777777777778,84.52000000000011,1.0,1.0,1,74.73959155282228,-0.312132034254623,0
scenario_1_kitchen_pm_spike_ep06_d069,scenario_1_kitchen_pm_spike_ep06,scenario_1_kitchen_pm_spike,69,A,train,4.750855354965471,5.7370715,0,0.0,0.0,0.0,4.0,8.88888888888889,0.6577777777777778,84.28000000000011,1.0,1.0,1,80.27659105368707,-0.29419048181224783,0
scenario_1_kitchen_pm_spike_ep06_d069,scenario_1_kitchen_pm_spike_ep06,scenario_1_kitchen_pm_spike,69,B,train,5.462105972342704,5.573061,0,0.0,0.0,0.0,5.656854249492381,12.57078722109418,0.9302382543609692,84.28000000000011,1.0,1.0,1,78.306339735763,-0.3891086099987572,0
scenario_1_kitchen_pm_spike_ep06_d069,scenario_1_kitchen_pm_spike_ep06,scenario_1_kitchen_pm_spike,69,C,train,25.11851606667001,23.80745,0,660.0,90.0,0.0,0.0,0.0,0.0,84.28000000000011,0.0,1.0,1,354.72443922662853,0.9999999999964218,4
scenario_1_kitchen_pm_spike_ep06_d069,scenario_1_kitchen_pm_spike_ep06,scenario_1_kitchen_pm_spike,69,D,train,6.099143464817647,5.6748943,0,0.0,0.0,0.0,4.0,8.88888888888889,0.6577777777777778,84.28000000000011,1.0,1.0,1,75.2626120252944,-0.312132034254623,0
scenario_1_kitchen_pm_spike_ep06_d072,scenario_1_kitchen_pm_spike_ep06,scenario_1_kitchen_pm_spike,72,A,train,5.544346125321349,5.5882335,0,0.0,0.0,0.0,0.0,0.0,0.0,84.04000000000012,0.0,1.0,1,80.29782896395841,0.017949444876538757,3
scenario_1_kitchen_pm_spike_ep06_d072,scenario_1_kitchen_pm_spike_ep06,scenario_1_kitchen_pm_spike,72,B,train,5.878886842251436,5.773909,0,0.0,0.0,0.0,4.0,8.88888888888889,0.6577777777777778,84.04000000000012,1.0,1.0,1,78.44805897761739,-0.30125161436739134,0
scenario_1_kitchen_pm_spike_ep06_d072,scenario_1_kitchen_pm_spike_ep06,scenario_1_kitchen_pm_spike,72,C,train,24.86060341942291,23.778812,0,750.0,0.0,0.0,4.0,8.88888888888889,0.6577777777777778,84.04000000000012,1.0,1.0,1,337.2735285374739,0.6878679657415555,4
scenario_1_kitchen_pm_spike_ep06_d072,scenario_1_kitchen_pm_spike_ep06,scenario_1_kitchen_pm_spike,72,D,train,5.503095754424822,5.6924086,0,0.0,0.0,0.0,5.656854249492381,12.57078722109418,0.9302382543609692,84.04000000000012,1.0,1.0,1,75.60095146609592,-0.3999999998566819,0
scenario_1_kitchen_pm_spike_ep06_d075,scenario_1_kitchen_pm_spike_ep06,scenario_1_kitchen_pm_spike,75,A,train,5.303599598868739,5.631728,0,0.0,0.0,0.0,4.0,8.88888888888889,0.6577777777777778,83.80000000000013,1.0,1.0,1,80.17064016780705,-0.29417463452209014,0
scenario_1_kitchen_pm_spike_ep06_d075,scenario_1_kitchen_pm_spike_ep06,scenario_1_kitchen_pm_spike,75,B,train,5.3927522827815055,5.502405,0,0.0,0.0,0.0,0.0,0.0,0.0,83.80000000000013,0.0,1.0,1,78.43395103588853,0.010869363154234934,3
scenario_1_kitchen_pm_spike_ep06_d075,scenario_1_kitchen_pm_spike_ep06,scenario_1_kitchen_pm_spike,75,C,train,25.191495634900058,23.808004,0,840.0,90.0,0.0,5.656854249492381,12.57078722109418,0.9302382543609692,83.80000000000013,1.0,1.0,1,320.7877267359424,0.6000000001392369,4
scenario_1_kitchen_pm_spike_ep06_d075,scenario_1_kitchen_pm_spike_ep06,scenario_1_kitchen_pm_spike,75,D,train,5.665555627707882,5.669616,0,0.0,0.0,0.0,4.0,8.88888888888889,0.6577777777777778,83.80000000000013,1.0,1.0,1,75.77077278443426,-0.312132034254623,0
scenario_1_kitchen_pm_spike_ep06_d078,scenario_1_kitchen_pm_spike_ep06,scenario_1_kitchen_pm_spike,78,A,train,5.162241000401342,5.626339,0,0.0,0.0,0.0,5.656854249492381,12.57078722109418,0.9302382543609692,83.56000000000013,1.0,1.0,1,79.90875276321424,-0.3820345824344473,0
scenario_1_kitchen_pm_spike_ep06_d078,scenario_1_kitchen_pm_spike_ep06,scenario_1_kitchen_pm_spike,78,B,train,5.751011677633455,5.675984,0,0.0,0.0,0.0,4.0,8.88888888888889,0.6577777777777778,83.56000000000013,1.0,1.0,1,78.27820050787591,-0.30127381516815027,0
scenario_1_kitchen_pm_spike_ep06_d078,scenario_1_kitchen_pm_spike_ep06,scenario_1_kitchen_pm_spike,78,C,train,24.599227786013323,23.872318,0,930.0,0.0,0.0,4.0,8.88888888888889,0.6577777777777778,83.56000000000013,1.0,1.0,1,305.20972619716565,0.6878679657410183,4
scenario_1_kitchen_pm_spike_ep06_d078,scenario_1_kitchen_pm_spike_ep06,scenario_1_kitchen_pm_spike,78,D,train,6.087916234280479,5.9255137,0,0.0,0.0,0.0,0.0,0.0,0.0,83.56000000000013,0.0,1.0,1,75.78707914274969,0.0,0
scenario_1_kitchen_pm_spike_ep07_d012,scenario_1_kitchen_pm_spike_ep07,scenario_1_kitchen_pm_spike,12,A,train,3.760843513798749,4.919656,0,0.0,0.0,0.0,5.656854249492381,12.57078722109418,0.9302382543609692,88.14000000000001,1.0,1.0,1,17.727365932390626,-0.3999999998566819,0
scenario_1_kitchen_pm_spike_ep07_d012,scenario_1_kitchen_pm_spike_ep07,scenario_1_kitchen_pm_spike,12,B,train,3.9885124149081777,5.1243606,0,0.0,0.0,0.0,4.0,8.88888888888889,0.6577777777777778,88.14000000000001,1.0,1.0,1,32.485087845765406,-0.22860050881077434,0
scenario_1_kitchen_pm_spike_ep07_d012,scenario_1_kitchen_pm_spike_ep07,scenario_1_kitchen_pm_spike,12,C,train,5.188718132179455,14.598437,1,0.0,0.0,0.0,4.0,8.88888888888889,0.6577777777777778,88.14000000000001,1.0,1.0,1,194.3998477872999,0.6878679657397169,4
scenario_1_kitchen_pm_spike_ep07_d012,scenario_1_kitchen_pm_spike_ep07,scenario_1_kitchen_pm_spike,12,D,train,4.042871756016652,4.83274,0,0.0,0.0,0.0,0.0,0.0,0.0,88.14000000000001,0.0,1.0,1,29.129328321805133,0.06453728543143313,3
scenario_1_kitchen_pm_spike_ep07_d015,scenario_1_kitchen_pm_spike_ep07,scenario_1_kitchen_pm_spike,15,A,train,3.845242616192632,5.323076,0,0.0,0.0,0.0,0.0,0.0,0.0,87.90000000000002,0.0,1.0,1,19.92883129525171,0.0,0
scenario_1_kitchen_pm_spike_ep07_d015,scenario_1_kitchen_pm_spike_ep07,scenario_1_kitchen_pm_spike,15,B,train,3.8108524279126073,5.0069175,0,0.0,0.0,0.0,4.0,8.88888888888889,0.6577777777777778,87.90000000000002,1.0,1.0,1,33.72277415068504,-0.2651818393676971,0
scenario_1_kitchen_pm_spike_ep07_d015,scenario_1_kitchen_pm_spike_ep07,scenario_1_kitchen_pm_spike,15,C,train,4.837847658229621,19.809772,1,0.0,0.0,0.0,4.0,8.88888888888889,0.6577777777777778,87.90000000000002,1.0,1.0,1,313.7283115446412,0.6878679657419734,4
scenario_1_kitchen_pm_spike_ep07_d015,scenario_1_kitchen_pm_spike_ep07,scenario_1_kitchen_pm_spike,15,D,train,3.925074949310458,4.6656218,0,0.0,0.0,0.0,5.656854249492381,12.57078722109418,0.9302382543609692,87.90000000000002,1.0,1.0,1,30.58795770402287,-0.36371972325548785,0
scenario_1_kitchen_pm_spike_ep07_d018,scenario_1_kitchen_pm_spike_ep07,scenario_1_kitchen_pm_spike,18,A,train,2.536509007801428,4.3572507,0,0.0,0.0,0.0,4.0,8.88888888888889,0.6577777777777778,87.66000000000003,1.0,1.0,1,23.05461408889778,-0.312132034254623,0
scenario_1_kitchen_pm_spike_ep07_d018,scenario_1_kitchen_pm_spike_ep07,scenario_1_kitchen_pm_spike,18,B,train,3.936600054887348,4.9091825,0,0.0,0.0,0.0,5.656854249492381,12.57078722109418,0.9302382543609692,87.66000000000003,1.0,1.0,1,35.947563989546325,-0.369568263954945,0
scenario_1_kitchen_pm_spike_ep07_d018,scenario_1_kitchen_pm_spike_ep07,scenario_1_kitchen_pm_spike,18,C,train,3.57679656259412,20.588581,1,0.0,0.0,0.0,0.0,0.0,0.0,87.66000000000003,0.0,1.0,1,446.7225225594848,0.9999999999976397,4
scenario_1_kitchen_pm_spike_ep07_d018,scenario_1_kitchen_pm_spike_ep07,scenario_1_kitchen_pm_spike,18,D,train,3.8743867886395287,3.90565,0,0.0,0.0,0.0,4.0,8.88888888888889,0.6577777777777778,87.66000000000003,1.0,1.0,1,33.01919915619624,-0.2886122328534585,0
scenario_1_kitchen_pm_spike_ep07_d021,scenario_1_kitchen_pm_spike_ep07,scenario_1_kitchen_pm_spike,21,A,train,3.4937281495071493,4.515931,0,0.0,0.0,0.0,5.656854249492381,12.57078722109418,0.9302382543609692,87.42000000000003,1.0,1.0,1,27.419199016992707,-0.3999999998566819,0
scenario_1_kitchen_pm_spike_ep07_d021,scenario_1_kitchen_pm_spike_ep07,scenario_1_kitchen_pm_spike,21,B,train,4.11356211418576,5.0544844,0,0.0,0.0,0.0,4.0,8.88888888888889,0.6577777777777778,87.42000000000003,1.0,1.0,1,39.46986031517508,-0.29021638266216776,0
scenario_1_kitchen_pm_spike_ep07_d021,scenario_1_kitchen_pm_spike_ep07,scenario_1_kitchen_pm_spike,21,C,train,11.97063813495084,38.468807,1,0.0,0.0,0.0,4.0,8.88888888888889,0.6577777777777778,87.42000000000003,1.0,1.0,1,577.2847253657077,0.6878679657435584,4
scenario_1_kitchen_pm_spike_ep07_d021,scenario_1_kitchen_pm_spike_ep07,scenario_1_kitchen_pm_spike,21,D,train,4.421954349583288,5.0967007,0,0.0,0.0,0.0,0.0,0.0,0.0,87.42000000000003,0.0,1.0,1,36.7344031040011,0.016940876706432982,3
scenario_1_kitchen_pm_spike_ep07_d024,scenario_1_kitchen_pm_spike_ep07,scenario_1_kitchen_pm_spike,24,A,train,3.677597106331537,4.6608715,0,0.0,0.0,0.0,4.0,8.88888888888889,0.6577777777777778,87.18000000000004,1.0,1.0,1,31.664278216785533,-0.312132034254623,0
scenario_1_kitchen_pm_spike_ep07_d024,scenario_1_kitchen_pm_spike_ep07,scenario_1_kitchen_pm_spike,24,B,train,3.8565357292792215,4.8793178,0,0.0,0.0,0.0,0.0,0.0,0.0,87.18000000000004,0.0,1.0,1,42.92753840397541,0.018596951749312952,3
scenario_1_kitchen_pm_spike_ep07_d024,scenario_1_kitchen_pm_spike_ep07,scenario_1_kitchen_pm_spike,24,C,train,20.021065312904437,40.83321,1,90.0,0.0,0.0,5.656854249492381,12.57078722109418,0.9302382543609692,87.18000000000004,1.0,1.0,1,637.3151579415982,0.6000000001416671,4
scenario_1_kitchen_pm_spike_ep07_d024,scenario_1_kitchen_pm_spike_ep07,scenario_1_kitchen_pm_spike,24,D,train,4.6036538280198345,5.017883,0,0.0,0.0,0.0,4.0,8.88888888888889,0.6577777777777778,87.18000000000004,1.0,1.0,1,40.37233051362432,-0.2977540277357832,0
scenario_1_kitchen_pm_spike_ep07_d027,scenario_1_kitchen_pm_spike_ep07,scenario_1_kitchen_pm_spike,27,A,train,3.6796014701266753,4.537279,0,0.0,0.0,0.0,4.0,8.88888888888889,0.6577777777777778,86.94000000000004,1.0,1.0,1,36.81173355087458,-0.312132034254623,0
scenario_1_kitchen_pm_spike_ep07_d027,scenario_1_kitchen_pm_spike_ep07,scenario_1_kitchen_pm_spike,27,B,train,3.959635384668435,5.1227884,0,0.0,0.0,0.0,5.656854249492381,12.57078722109418,0.9302382543609692,86.94000000000004,1.0,1.0,1,47.33891098300319,-0.38383399955995323,0
scenario_1_kitchen_pm_spike_ep07_d027,scenario_1_kitchen_pm_spike_ep07,scenario_1_kitchen_pm_spike,27,C,train,29.411682183079908,39.43181,1,180.0,90.0,0.0,0.0,0.0,0.0,86.94000000000004,0.0,1.0,1,688.0041892532736,0.9999999999984643,4
scenario_1_kitchen_pm_spike_ep07_d027,scenario_1_kitchen_pm_spike_ep07,scenario_1_kitchen_pm_spike,27,D,train,4.388590800810448,5.1633244,0,0.0,0.0,0.0,4.0,8.88888888888889,0.6577777777777778,86.94000000000004,1.0,1.0,1,44.95212203861274,-0.2996312928586786,0
scenario_1_kitchen_pm_spike_ep07_d030,scenario_1_kitchen_pm_spike_ep07,scenario_1_kitchen_pm_spike,30,A,train,3.7861845539285,4.3843594,0,0.0,0.0,0.0,0.0,0.0,0.0,86.70000000000005,0.0,1.0,1,42.23931836673751,0.0,0
scenario_1_kitchen_pm_spike_ep07_d030,scenario_1_kitchen_pm_spike_ep07,scenario_1_kitchen_pm_spike,30,B,train,4.236611426535053,5.084337,0,0.0,0.0,0.0,4.0,8.88888888888889,0.6577777777777778,86.70000000000005,1.0,1.0,1,52.078393935640406,-0.2974599866047824,0
scenario_1_kitchen_pm_spike_ep07_d030,scenario_1_kitchen_pm_spike_ep07,scenario_1_kitchen_pm_spike,30,C,train,37.17707981002824,37.48829,0,270.0,180.0,0.0,4.0,8.88888888888889,0.6577777777777778,86.70000000000005,1.0,1.0,1,712.8393466453473,0.6878679657438859,4
scenario_1_kitchen_pm_spike_ep07_d030,scenario_1_kitchen_pm_spike_ep07,scenario_1_kitchen_pm_spike,30,D,train,4.980754416249859,5.1647835,0,0.0,0.0,0.0,5.656854249492381,12.57078722109418,0.9302382543609692,86.70000000000005,1.0,1.0,1,49.848967484319246,-0.38865247704624606,0
scenario_1_kitchen_pm_spike_ep07_d033,scenario_1_kitchen_pm_spike_ep07,scenario_1_kitchen_pm_spike,33,A,train,3.603808718555025,4.6999288,0,0.0,0.0,0.0,4.0,8.88888888888889,0.6577777777777778,86.46000000000005,1.0,1.0,1,46.9960925300104,-0.312132034254623,0
scenario_1_kitchen_pm_spike_ep07_d033,scenario_1_kitchen_pm_spike_ep07,scenario_1_kitchen_pm_spike,33,B,train,4.7962170772279205,4.920305,0,0.0,0.0,0.0,0.0,0.0,0.0,86.46000000000005,0.0,1.0,1,56.19192632006138,0.014440317313855793,3
scenario_1_kitchen_pm_spike_ep07_d033,scenario_1_kitchen_pm_spike_ep07,scenario_1_kitchen_pm_spike,33,C,train,42.167585572506965,35.134388,-1,360.0,270.0,0.0,5.656854249492381,12.57078722109418,0.9302382543609692,86.46000000000005,1.0,1.0,1,683.8126935899426,0.6000000001417479,4
scenario_1_kitchen_pm_spike_ep07_d033,scenario_1_kitchen_pm_spike_ep07,scenario_1_kitchen_pm_spike,33,D,train,4.372891345472825,5.058181,0,0.0,0.0,0.0,4.0,8.88888888888889,0.6577777777777778,86.46000000000005,1.0,1.0,1,54.10952934097122,-0.3009617274518326,0
scenario_1_kitchen_pm_spike_ep07_d036,scenario_1_kitchen_pm_spike_ep07,scenario_1_kitchen_pm_spike,36,A,train,5.1386436100634905,5.102021,0,0.0,0.0,0.0,5.656854249492381,12.57078722109418,0.9302382543609692,86.22000000000006,1.0,1.0,1,51.31026094211779,-0.3999999998566819,0
scenario_1_kitchen_pm_spike_ep07_d036,scenario_1_kitchen_pm_spike_ep07,scenario_1_kitchen_pm_spike,36,B,train,4.845881011778025,5.126996,0,0.0,0.0,0.0,4.0,8.88888888888889,0.6577777777777778,86.22000000000006,1.0,1.0,1,59.904794843909485,-0.29771757363456897,0
scenario_1_kitchen_pm_spike_ep07_d036,scenario_1_kitchen_pm_spike_ep07,scenario_1_kitchen_pm_spike,36,C,train,41.5664946453176,34.748825,-1,450.0,360.0,0.0,4.0,8.88888888888889,0.6577777777777778,86.22000000000006,1.0,1.0,1,647.554139108476,0.6878679657436999,4
scenario_1_kitchen_pm_spike_ep07_d036,scenario_1_kitchen_pm_spike_ep07,scenario_1_kitchen_pm_spike,36,D,train,4.316468192236076,5.0812864,0,0.0,0.0,0.0,0.0,0.0,0.0,86.22000000000006,0.0,1.0,1,57.95977054469472,0.011152331866308056,3
scenario_1_kitchen_pm_spike_ep07_d039,scenario_1_kitchen_pm_spike_ep07,scenario_1_kitchen_pm_spike,39,A,train,5.520958242443636,5.5218887,0,0.0,0.0,0.0,0.0,0.0,0.0,85.98000000000006,0.0,1.0,1,55.13810262340212,0.0,0
scenario_1_kitchen_pm_spike_ep07_d039,scenario_1_kitchen_pm_spike_ep07,scenario_1_kitchen_pm_spike,39,B,train,5.311401375537049,5.3038387,0,0.0,0.0,0.0,4.0,8.88888888888889,0.6577777777777778,85.98000000000006,1.0,1.0,1,63.17054981349088,-0.29774363798326453,0
scenario_1_kitchen_pm_spike_ep07_d039,scenario_1_kitchen_pm_spike_ep07,scenario_1_kitchen_pm_spike,39,C,train,37.31700750592979,34.104256,-1,540.0,450.0,0.0,4.0,8.88888888888889,0.6577777777777778,85.98000000000006,1.0,1.0,1,613.3967882049046,0.6878679657435858,4
scenario_1_kitchen_pm_spike_ep07_d039,scenario_1_kitchen_pm_spike_ep07,scenario_1_kitchen_pm_spike,39,D,train,5.969822683421284,5.6789656,0,0.0,0.0,0.0,5.656854249492381,12.57078722109418,0.9302382543609692,85.98000000000006,1.0,1.0,1,61.35387349954635,-0.388865787283422,0
scenario_1_kitchen_pm_spike_ep07_d042,scenario_1_kitchen_pm_spike_ep07,scenario_1_kitchen_pm_spike,42,A,train,4.340349063410813,5.4283514,0,0.0,0.0,0.0,4.0,8.88888888888889,0.6577777777777778,85.74000000000007,1.0,1.0,1,58.5168179842708,-0.312132034254623,0
scenario_1_kitchen_pm_spike_ep07_d042,scenario_1_kitchen_pm_spike_ep07,scenario_1_kitchen_pm_spike,42,B,train,5.165059361951105,5.2915354,0,0.0,0.0,0.0,5.656854249492381,12.57078722109418,0.9302382543609692,85.74000000000007,1.0,1.0,1,66.02384012125594,-0.3856378770137291,0
scenario_1_kitchen_pm_spike_ep07_d042,scenario_1_kitchen_pm_spike_ep07,scenario_1_kitchen_pm_spike,42,C,train,36.90125222118363,33.44444,-1,630.0,540.0,0.0,0.0,0.0,0.0,85.74000000000007,0.0,1.0,1,581.2126770197863,0.9999999999980869,4
scenario_1_kitchen_pm_spike_ep07_d042,scenario_1_kitchen_pm_spike_ep07,scenario_1_kitchen_pm_spike,42,D,train,5.032138783635138,5.5931606,0,0.0,0.0,0.0,4.0,8.88888888888889,0.6577777777777778,85.74000000000007,1.0,1.0,1,64.32707793819213,-0.30101608632147625,0
scenario_1_kitchen_pm_spike_ep07_d045,scenario_1_kitchen_pm_spike_ep07,scenario_1_kitchen_pm_spike,45,A,train,4.526566848409621,5.7484403,0,0.0,0.0,0.0,5.656854249492381,12.57078722109418,0.9302382543609692,85.50000000000007,1.0,1.0,1,61.48105019798231,-0.3999999998566819,0
scenario_1_kitchen_pm_spike_ep07_d045,scenario_1_kitchen_pm_spike_ep07,scenario_1_kitchen_pm_spike,45,B,train,4.858573039957722,5.2324276,0,0.0,0.0,0.0,4.0,8.88888888888889,0.6577777777777778,85.50000000000007,1.0,1.0,1,68.49692313014793,-0.2977963953502105,0
scenario_1_kitchen_pm_spike_ep07_d045,scenario_1_kitchen_pm_spike_ep07,scenario_1_kitchen_pm_spike,45,C,train,35.16445565476756,31.90169,-1,720.0,630.0,0.0,4.0,8.88888888888889,0.6577777777777778,85.50000000000007,1.0,1.0,1,550.8818351181296,0.6878679657433338,4
scenario_1_kitchen_pm_spike_ep07_d045,scenario_1_kitchen_pm_spike_ep07,scenario_1_kitchen_pm_spike,45,D,train,4.903004443294984,5.6241484,0,0.0,0.0,0.0,0.0,0.0,0.0,85.50000000000007,0.0,1.0,1,66.91219349277594,0.011097536951577834,3
scenario_1_kitchen_pm_spike_ep07_d048,scenario_1_kitchen_pm_spike_ep07,scenario_1_kitchen_pm_spike,48,A,train,4.901859349949783,5.7387924,0,0.0,0.0,0.0,4.0,8.88888888888889,0.6577777777777778,85.26000000000008,1.0,1.0,1,64.06305401686654,-0.312132034254623,0
scenario_1_kitchen_pm_spike_ep07_d048,scenario_1_kitchen_pm_spike_ep07,scenario_1_kitchen_pm_spike,48,B,train,3.7785020211191687,5.2211185,0,0.0,0.0,0.0,0.0,0.0,0.0,85.26000000000008,0.0,1.0,1,70.61982274527213,0.014308943019803231,3
scenario_1_kitchen_pm_spike_ep07_d048,scenario_1_kitchen_pm_spike_ep07,scenario_1_kitchen_pm_spike,48,C,train,34.912977681213334,30.396027,-1,810.0,720.0,0.0,5.656854249492381,12.57078722109418,0.9302382543609692,85.26000000000008,1.0,1.0,1,522.291779878509,0.600000000141136,4
scenario_1_kitchen_pm_spike_ep07_d048,scenario_1_kitchen_pm_spike_ep07,scenario_1_kitchen_pm_spike,48,D,train,4.436393610535413,5.634033,0,0.0,0.0,0.0,4.0,8.88888888888889,0.6577777777777778,85.26000000000008,1.0,1.0,1,69.13976027849912,-0.3010530556242995,0
scenario_1_kitchen_pm_spike_ep07_d051,scenario_1_kitchen_pm_spike_ep07,scenario_1_kitchen_pm_spike,51,A,train,4.5748141545274805,5.665231,0,0.0,0.0,0.0,4.0,8.88888888888889,0.6577777777777778,85.02000000000008,1.0,1.0,1,66.29285363147392,-0.312132034254623,0
scenario_1_kitchen_pm_spike_ep07_d051,scenario_1_kitchen_pm_spike_ep07,scenario_1_kitchen_pm_spike,51,B,train,5.363514110623641,5.726273,0,0.0,0.0,0.0,5.656854249492381,12.57078722109418,0.9302382543609692,85.02000000000008,1.0,1.0,1,72.4204772241851,-0.3857179661089809,0
scenario_1_kitchen_pm_spike_ep07_d051,scenario_1_kitchen_pm_spike_ep07,scenario_1_kitchen_pm_spike,51,C,train,33.88827710784522,29.32451,-1,900.0,810.0,0.0,0.0,0.0,0.0,85.02000000000008,0.0,1.0,1,495.3370430616581,0.9999999999976693,4
scenario_1_kitchen_pm_spike_ep07_d051,scenario_1_kitchen_pm_spike_ep07,scenario_1_kitchen_pm_spike,51,D,train,5.5919590402749,5.8399553,0,0.0,0.0,0.0,4.0,8.88888888888889,0.6577777777777778,85.02000000000008,1.0,1.0,1,71.03819905258865,-0.3010717622872856,0
scenario_1_kitchen_pm_spike_ep07_d054,scenario_1_kitchen_pm_spike_ep07,scenario_1_kitchen_pm_spike,54,A,train,5.884067880488197,5.683276,0,0.0,0.0,0.0,0.0,0.0,0.0,84.78000000000009,0.0,1.0,1,68.19839027859484,0.0,0
scenario_1_kitchen_pm_spike_ep07_d054,scenario_1_kitchen_pm_spike_ep07,scenario_1_kitchen_pm_spike,54,B,train,5.60370254799476,5.5284963,0,0.0,0.0,0.0,4.0,8.88888888888889,0.6577777777777778,84.78000000000009,1.0,1.0,1,73.92487738682689,-0.29787712461333293,0
scenario_1_kitchen_pm_spike_ep07_d054,scenario_1_kitchen_pm_spike_ep07,scenario_1_kitchen_pm_spike,54,C,train,32.34606754338734,29.08206,-1,990.0,900.0,0.0,4.0,8.88888888888889,0.6577777777777778,84.78000000000009,1.0,1.0,1,469.9187275040757,0.6878679657428878,4
scenario_1_kitchen_pm_spike_ep07_d054,scenario_1_kitchen_pm_spike_ep07,scenario_1_kitchen_pm_spike,54,D,train,5.427166729291363,5.694807,0,0.0,0.0,0.0,5.656854249492381,12.57078722109418,0.9302382543609692,84.78000000000009,1.0,1.0,1,72.63395162023244,-0.38895858389984694,0
scenario_1_kitchen_pm_spike_ep07_d057,scenario_1_kitchen_pm_spike_ep07,scenario_1_kitchen_pm_spike,57,A,train,4.866169699783572,5.7588806,0,0.0,0.0,0.0,4.0,8.88888888888889,0.6577777777777778,84.54000000000009,1.0,1.0,1,69.8056602588365,-0.312132034254623,0
scenario_1_kitchen_pm_spike_ep07_d057,scenario_1_kitchen_pm_spike_ep07,scenario_1_kitchen_pm_spike,57,B,train,5.531930315459411,5.5032783,0,0.0,0.0,0.0,0.0,0.0,0.0,84.54000000000009,0.0,1.0,1,75.15719584361864,0.014227569248380178,3
scenario_1_kitchen_pm_spike_ep07_d057,scenario_1_kitchen_pm_spike_ep07,scenario_1_kitchen_pm_spike,57,C,train,31.818733996978825,29.214993,0,1080.0,990.0,0.0,5.656854249492381,12.57078722109418,0.9302382543609692,84.54000000000009,1.0,1.0,1,445.9440920135926,0.6000000001406597,4
scenario_1_kitchen_pm_spike_ep07_d057,scenario_1_kitchen_pm_spike_ep07,scenario_1_kitchen_pm_spike,57,D,train,5.528148582689463,5.709365,0,0.0,0.0,0.0,4.0,8.88888888888889,0.6577777777777778,84.54000000000009,1.0,1.0,1,73.9516121159204,-0.3011096246653363,0
scenario_1_kitchen_pm_spike_ep07_d060,scenario_1_kitchen_pm_spike_ep07,scenario_1_kitchen_pm_spike,60,A,train,5.307624738043744,5.669889,0,0.0,0.0,0.0,5.656854249492381,12.57078722109418,0.9302382543609692,84.3000000000001,1.0,1.0,1,71.13884398194091,-0.3999999998566819,0
scenario_1_kitchen_pm_spike_ep07_d060,scenario_1_kitchen_pm_spike_ep07,scenario_1_kitchen_pm_spike,60,B,train,6.2692471743879485,5.8475833,0,0.0,0.0,0.0,4.0,8.88888888888889,0.6577777777777778,84.3000000000001,1.0,1.0,1,76.1399078206125,-0.2979320231431135,0
scenario_1_kitchen_pm_spike_ep07_d060,scenario_1_kitchen_pm_spike_ep07,scenario_1_kitchen_pm_spike,60,C,train,30.677301119574107,28.235857,0,1170.0,1080.0,0.0,4.0,8.88888888888889,0.6577777777777778,84.3000000000001,1.0,1.0,1,423.3261626667754,0.6878679657425376,4
scenario_1_kitchen_pm_spike_ep07_d060,scenario_1_kitchen_pm_spike_ep07,scenario_1_kitchen_pm_spike,60,D,train,5.492786667751188,5.7548327,0,0.0,0.0,0.0,0.0,0.0,0.0,84.3000000000001,0.0,1.0,1,75.014049748346,0.01100325185150102,3
scenario_1_kitchen_pm_spike_ep07_d063,scenario_1_kitchen_pm_spike_ep07,scenario_1_kitchen_pm_spike,63,A,train,5.058378234888169,5.651049,0,0.0,0.0,0.0,0.0,0.0,0.0,84.0600000000001,0.0,1.0,1,72.22042661832893,0.0,0
scenario_1_kitchen_pm_spike_ep07_d063,scenario_1_kitchen_pm_spike_ep07,scenario_1_kitchen_pm_spike,63,B,train,5.253027348929463,5.6720066,0,0.0,0.0,0.0,4.0,8.88888888888889,0.6577777777777778,84.0600000000001,1.0,1.0,1,76.89390412328999,-0.29795980048663473,0
scenario_1_kitchen_pm_spike_ep07_d063,scenario_1_kitchen_pm_spike_ep07,scenario_1_kitchen_pm_spike,63,C,train,30.712081336294585,27.157791,-1,1260.0,1170.0,0.0,4.0,8.88888888888889,0.6577777777777778,84.0600000000001,1.0,1.0,1,401.9833688231884,0.6878679657423445,4
scenario_1_kitchen_pm_spike_ep07_d063,scenario_1_kitchen_pm_spike_ep07,scenario_1_kitchen_pm_spike,63,D,train,5.2881796360722095,5.6337414,0,0.0,0.0,0.0,5.656854249492381,12.57078722109418,0.9302382543609692,84.0600000000001,1.0,1.0,1,75.8425235591285,-0.3890160581300266,0
scenario_1_kitchen_pm_spike_ep07_d066,scenario_1_kitchen_pm_spike_ep07,scenario_1_kitchen_pm_spike,66,A,train,4.864457096817872,5.763565,0,0.0,0.0,0.0,4.0,8.88888888888889,0.6577777777777778,83.8200000000001,1.0,1.0,1,73.07131089823088,-0.312132034254623,0
scenario_1_kitchen_pm_spike_ep07_d066,scenario_1_kitchen_pm_spike_ep07,scenario_1_kitchen_pm_spike,66,B,train,5.704960173626769,5.7299666,0,0.0,0.0,30.0,5.656854249492381,12.57078722109418,0.9302382543609692,83.8200000000001,1.0,1.0,1,77.43859674595706,-0.38585576410671796,0
scenario_1_kitchen_pm_spike_ep07_d066,scenario_1_kitchen_pm_spike_ep07,scenario_1_kitchen_pm_spike,66,C,train,29.27294121292967,26.423601,0,1350.0,1260.0,0.0,0.0,0.0,0.0,83.8200000000001,0.0,1.0,1,381.8392022792259,0.9999999999967614,4
scenario_1_kitchen_pm_spike_ep07_d066,scenario_1_kitchen_pm_spike_ep07,scenario_1_kitchen_pm_spike,66,D,train,6.257493322977979,5.631394,0,0.0,0.0,0.0,4.0,8.88888888888889,0.6577777777777778,83.8200000000001,1.0,1.0,1,76.45678971039797,-0.30116755606029316,0
scenario_1_kitchen_pm_spike_ep07_d069,scenario_1_kitchen_pm_spike_ep07,scenario_1_kitchen_pm_spike,69,A,train,5.750765299837262,5.7505364,0,0.0,0.0,0.0,5.656854249492381,12.57078722109418,0.9302382543609692,83.58000000000011,1.0,1.0,1,73.71092256490101,-0.3999999998566819,0
scenario_1_kitchen_pm_spike_ep07_d069,scenario_1_kitchen_pm_spike_ep07,scenario_1_kitchen_pm_spike,69,B,train,5.223817806276928,5.5854316,0,0.0,0.0,0.0,4.0,8.88888888888889,0.6577777777777778,83.58000000000011,1.0,1.0,1,77.79201760100932,-0.2980160186701203,0
scenario_1_kitchen_pm_spike_ep07_d069,scenario_1_kitchen_pm_spike_ep07,scenario_1_kitchen_pm_spike,69,C,train,27.823401266805625,25.596523,0,1440.0,1350.0,0.0,4.0,8.88888888888889,0.6577777777777778,83.58000000000011,1.0,1.0,1,362.8218980851186,0.6878679657419182,4
scenario_1_kitchen_pm_spike_ep07_d069,scenario_1_kitchen_pm_spike_ep07,scenario_1_kitchen_pm_spike,69,D,train,5.469825581121076,5.672285,0,0.0,0.0,0.0,0.0,0.0,0.0,83.58000000000011,0.0,1.0,1,76.87520178310797,0.010944860230582058,3
scenario_1_kitchen_pm_spike_ep07_d072,scenario_1_kitchen_pm_spike_ep07,scenario_1_kitchen_pm_spike,72,A,train,5.756633488908856,5.843162,0,0.0,0.0,0.0,4.0,8.88888888888889,0.6577777777777778,83.34000000000012,1.0,1.0,1,74.15730895594288,-0.312132034254623,0
scenario_1_kitchen_pm_spike_ep07_d072,scenario_1_kitchen_pm_spike_ep07,scenario_1_kitchen_pm_spike,72,B,train,4.725290377683309,5.6656036,0,0.0,0.0,0.0,0.0,0.0,0.0,83.34000000000012,0.0,1.0,1,77.9709108119423,0.01408757179364894,3
scenario_1_kitchen_pm_spike_ep07_d072,scenario_1_kitchen_pm_spike_ep07,scenario_1_kitchen_pm_spike,72,C,train,28.11562542392913,25.411144,0,1530.0,1440.0,0.0,5.656854249492381,12.57078722109418,0.9302382543609692,83.34000000000012,1.0,1.0,1,344.86413564303814,0.6000000001396242,4
scenario_1_kitchen_pm_spike_ep07_d072,scenario_1_kitchen_pm_spike_ep07,scenario_1_kitchen_pm_spike,72,D,train,5.499233972173733,5.6496563,0,0.0,0.0,0.0,4.0,8.88888888888889,0.6577777777777778,83.34000000000012,1.0,1.0,1,77.11480453701984,-0.3012069474466551,0
scenario_1_kitchen_pm_spike_ep07_d075,scenario_1_kitchen_pm_spike_ep07,scenario_1_kitchen_pm_spike,75,A,train,5.17877851455025,5.880545,0,0.0,0.0,0.0,4.0,8.88888888888889,0.6577777777777778,83.10000000000012,1.0,1.0,1,74.42723115625131,-0.312132034254623,0
scenario_1_kitchen_pm_spike_ep07_d075,scenario_1_kitchen_pm_spike_ep07,scenario_1_kitchen_pm_spike,75,B,train,6.16324382571567,5.5532804,0,0.0,0.0,0.0,5.656854249492381,12.57078722109418,0.9302382543609692,83.10000000000012,1.0,1.0,1,77.99081898544011,-0.38594109696217116,0
scenario_1_kitchen_pm_spike_ep07_d075,scenario_1_kitchen_pm_spike_ep07,scenario_1_kitchen_pm_spike,75,C,train,27.219515618504573,25.215504,0,1620.0,1530.0,0.0,0.0,0.0,0.0,83.10000000000012,0.0,1.0,1,327.9027587926324,0.9999999999960549,4
scenario_1_kitchen_pm_spike_ep07_d075,scenario_1_kitchen_pm_spike_ep07,scenario_1_kitchen_pm_spike,75,D,train,5.744741777350757,5.527433,0,0.0,0.0,0.0,4.0,8.88888888888889,0.6577777777777778,83.10000000000012,1.0,1.0,1,77.19142155433724,-0.3012268773590021,0
scenario_1_kitchen_pm_spike_ep07_d078,scenario_1_kitchen_pm_spike_ep07,scenario_1_kitchen_pm_spike,78,A,train,5.938864777653953,5.857784,0,0.0,0.0,0.0,0.0,0.0,0.0,82.86000000000013,0.0,1.0,1,74.53625013760336,0.0,0
scenario_1_kitchen_pm_spike_ep07_d078,scenario_1_kitchen_pm_spike_ep07,scenario_1_kitchen_pm_spike,78,B,train,6.02100060646564,5.8349075,0,0.0,0.0,0.0,4.0,8.88888888888889,0.6577777777777778,82.86000000000013,1.0,1.0,1,77.8661638511885,-0.2981020268553086,0
scenario_1_kitchen_pm_spike_ep07_d078,scenario_1_kitchen_pm_spike_ep07,scenario_1_kitchen_pm_spike,78,C,train,26.416143561313564,25.6043,0,1710.0,1620.0,0.0,4.0,8.88888888888889,0.6577777777777778,82.86000000000013,1.0,1.0,1,311.878513672962,0.6878679657411637,4
scenario_1_kitchen_pm_spike_ep07_d078,scenario_1_kitchen_pm_spike_ep07,scenario_1_kitchen_pm_spike,78,D,train,5.453970244611016,5.5453973,0,0.0,0.0,0.0,5.656854249492381,12.57078722109418,0.9302382543609692,82.86000000000013,1.0,1.0,1,77.11973716181865,-0.38911493039740486,0
scenario_1_kitchen_pm_spike_ep08_d012,scenario_1_kitchen_pm_spike_ep08,scenario_1_kitchen_pm_spike,12,A,train,4.211043053178275,4.9375315,0,0.0,0.0,0.0,0.0,0.0,0.0,87.44000000000003,0.0,1.0,1,35.11573796052619,0.0,0
scenario_1_kitchen_pm_spike_ep08_d012,scenario_1_kitchen_pm_spike_ep08,scenario_1_kitchen_pm_spike,12,B,train,5.875569685401027,5.9225655,0,0.0,0.0,0.0,4.0,8.88888888888889,0.6577777777777778,87.44000000000003,1.0,1.0,1,46.779443761881,-0.242354458080407,0
scenario_1_kitchen_pm_spike_ep08_d012,scenario_1_kitchen_pm_spike_ep08,scenario_1_kitchen_pm_spike,12,C,train,3.830945507421776,13.425466,1,0.0,0.0,0.0,4.0,8.88888888888889,0.6577777777777778,87.44000000000003,1.0,1.0,1,202.2712403552191,0.6878679657393946,4
scenario_1_kitchen_pm_spike_ep08_d012,scenario_1_kitchen_pm_spike_ep08,scenario_1_kitchen_pm_spike,12,D,train,5.364239919743207,4.627622,0,0.0,0.0,0.0,5.656854249492381,12.57078722109418,0.9302382543609692,87.44000000000003,1.0,1.0,1,50.49068703954117,-0.30802008379852436,0
scenario_1_kitchen_pm_spike_ep08_d015,scenario_1_kitchen_pm_spike_ep08,scenario_1_kitchen_pm_spike,15,A,train,3.6987635526314135,4.399517,0,0.0,0.0,0.0,4.0,8.88888888888889,0.6577777777777778,87.20000000000003,1.0,1.0,1,36.46796046252689,-0.312132034254623,0
scenario_1_kitchen_pm_spike_ep08_d015,scenario_1_kitchen_pm_spike_ep08,scenario_1_kitchen_pm_spike,15,B,train,5.587189820468561,5.7008886,0,0.0,0.0,0.0,0.0,0.0,0.0,87.20000000000003,0.0,1.0,1,47.433634827588094,0.040161242562119844,3
scenario_1_kitchen_pm_spike_ep08_d015,scenario_1_kitchen_pm_spike_ep08,scenario_1_kitchen_pm_spike,15,C,train,4.662353715244253,16.853619,1,0.0,0.0,0.0,5.656854249492381,12.57078722109418,0.9302382543609692,87.20000000000003,1.0,1.0,1,309.5091729713223,0.6000000001396558,4
scenario_1_kitchen_pm_spike_ep08_d015,scenario_1_kitchen_pm_spike_ep08,scenario_1_kitchen_pm_spike,15,D,train,4.9746948794072345,4.855923,0,0.0,0.0,0.0,4.0,8.88888888888889,0.6577777777777778,87.20000000000003,1.0,1.0,1,50.908152303066345,-0.2592455424763117,0
scenario_1_kitchen_pm_spike_ep08_d018,scenario_1_kitchen_pm_spike_ep08,scenario_1_kitchen_pm_spike,18,A,train,3.832623911571041,4.228247,0,0.0,0.0,0.0,5.656854249492381,12.57078722109418,0.9302382543609692,86.96000000000004,1.0,1.0,1,38.7656346485021,-0.3999999998566819,0
scenario_1_kitchen_pm_spike_ep08_d018,scenario_1_kitchen_pm_spike_ep08,scenario_1_kitchen_pm_spike,18,B,train,3.801391765982289,5.934178,0,0.0,0.0,0.0,4.0,8.88888888888889,0.6577777777777778,86.96000000000004,1.0,1.0,1,49.07526447605596,-0.286150560894189,0
scenario_1_kitchen_pm_spike_ep08_d018,scenario_1_kitchen_pm_spike_ep08,scenario_1_kitchen_pm_spike,18,C,train,4.25319409629518,20.138046,1,0.0,0.0,0.0,4.0,8.88888888888889,0.6577777777777778,86.96000000000004,1.0,1.0,1,435.57260877599424,0.6878679657428569,4
scenario_1_kitchen_pm_spike_ep08_d018,scenario_1_kitchen_pm_spike_ep08,scenario_1_kitchen_pm_spike,18,D,train,5.284502842598568,5.0556827,0,0.0,0.0,0.0,0.0,0.0,0.0,86.96000000000004,0.0,1.0,1,52.3281688477075,0.03417917295680808,3
scenario_1_kitchen_pm_spike_ep08_d021,scenario_1_kitchen_pm_spike_ep08,scenario_1_kitchen_pm_spike,21,A,train,3.864217667054174,4.54743,0,0.0,0.0,0.0,0.0,0.0,0.0,86.72000000000004,0.0,1.0,1,42.70164452206609,0.0,0
scenario_1_kitchen_pm_spike_ep08_d021,scenario_1_kitchen_pm_spike_ep08,scenario_1_kitchen_pm_spike,21,B,train,5.302382333994678,6.2288213,0,0.0,0.0,0.0,4.0,8.88888888888889,0.6577777777777778,86.72000000000004,1.0,1.0,1,52.394678502953866,-0.2938490986316819,0
scenario_1_kitchen_pm_spike_ep08_d021,scenario_1_kitchen_pm_spike_ep08,scenario_1_kitchen_pm_spike,21,C,train,10.30637577587492,37.762165,1,0.0,0.0,0.0,4.0,8.88888888888889,0.6577777777777778,86.72000000000004,1.0,1.0,1,572.8700037382324,0.6878679657434909,4
scenario_1_kitchen_pm_spike_ep08_d021,scenario_1_kitchen_pm_spike_ep08,scenario_1_kitchen_pm_spike,21,D,train,3.944952413476509,5.0453544,0,0.0,0.0,0.0,5.656854249492381,12.57078722109418,0.9302382543609692,86.72000000000004,1.0,1.0,1,55.440116944708734,-0.3759727786897077,0
scenario_1_kitchen_pm_spike_ep08_d024,scenario_1_kitchen_pm_spike_ep08,scenario_1_kitchen_pm_spike,24,A,train,2.905414520939597,4.812871,0,0.0,0.0,0.0,4.0,8.88888888888889,0.6577777777777778,86.48000000000005,1.0,1.0,1,46.6552030814521,-0.312132034254623,0
scenario_1_kitchen_pm_spike_ep08_d024,scenario_1_kitchen_pm_spike_ep08,scenario_1_kitchen_pm_spike,24,B,train,4.309484865431576,6.1740894,0,0.0,0.0,0.0,5.656854249492381,12.57078722109418,0.9302382543609692,86.48000000000005,1.0,1.0,1,55.768705892870685,-0.3848096931761519,0
scenario_1_kitchen_pm_spike_ep08_d024,scenario_1_kitchen_pm_spike_ep08,scenario_1_kitchen_pm_spike,24,C,train,20.446386831005235,40.729435,1,90.0,0.0,0.0,0.0,0.0,0.0,86.48000000000005,0.0,1.0,1,646.6103588970052,0.9999999999983332,4
scenario_1_kitchen_pm_spike_ep08_d024,scenario_1_kitchen_pm_spike_ep08,scenario_1_kitchen_pm_spike,24,D,train,4.034939209700108,5.162445,0,0.0,0.0,0.0,4.0,8.88888888888889,0.6577777777777778,86.48000000000005,1.0,1.0,1,58.61992178037213,-0.29218934590046464,0
scenario_1_kitchen_pm_spike_ep08_d027,scenario_1_kitchen_pm_spike_ep08,scenario_1_kitchen_pm_spike,27,A,train,3.421675084001912,4.984337,0,0.0,0.0,0.0,5.656854249492381,12.57078722109418,0.9302382543609692,86.24000000000005,1.0,1.0,1,50.97453310700894,-0.3999999998566819,0
scenario_1_kitchen_pm_spike_ep08_d027,scenario_1_kitchen_pm_spike_ep08,scenario_1_kitchen_pm_spike,27,B,train,4.619184385379264,6.059641,0,0.0,0.0,0.0,4.0,8.88888888888889,0.6577777777777778,86.24000000000005,1.0,1.0,1,59.54333019504179,-0.2986422815895088,0
scenario_1_kitchen_pm_spike_ep08_d027,scenario_1_kitchen_pm_spike_ep08,scenario_1_kitchen_pm_spike,27,C,train,28.940315159917617,39.268204,1,180.0,90.0,0.0,4.0,8.88888888888889,0.6577777777777778,86.24000000000005,1.0,1.0,1,686.1824053891357,0.6878679657438027,4
scenario_1_kitchen_pm_spike_ep08_d027,scenario_1_kitchen_pm_spike_ep08,scenario_1_kitchen_pm_spike,27,D,train,4.697260883345011,5.5226307,0,0.0,0.0,0.0,0.0,0.0,0.0,86.24000000000005,0.0,1.0,1,62.21272088335445,0.017692141843192385,3
scenario_1_kitchen_pm_spike_ep08_d030,scenario_1_kitchen_pm_spike_ep08,scenario_1_kitchen_pm_spike,30,A,train,4.4621738208424615,5.083882,0,0.0,0.0,0.0,4.0,8.88888888888889,0.6577777777777778,86.00000000000006,1.0,1.0,1,55.710229034282975,-0.312132034254623,0
scenario_1_kitchen_pm_spike_ep08_d030,scenario_1_kitchen_pm_spike_ep08,scenario_1_kitchen_pm_spike,30,B,train,5.608968146360495,6.051449,0,0.0,0.0,0.0,0.0,0.0,0.0,86.00000000000006,0.0,1.0,1,63.76704256177845,0.012403777110267987,3
scenario_1_kitchen_pm_spike_ep08_d030,scenario_1_kitchen_pm_spike_ep08,scenario_1_kitchen_pm_spike,30,C,train,36.97717423998876,37.191525,0,270.0,180.0,0.0,5.656854249492381,12.57078722109418,0.9302382543609692,86.00000000000006,1.0,1.0,1,705.2554003042144,0.6000000001417787,4
scenario_1_kitchen_pm_spike_ep08_d030,scenario_1_kitchen_pm_spike_ep08,scenario_1_kitchen_pm_spike,30,D,train,4.903742663497233,4.933222,0,0.0,0.0,0.0,4.0,8.88888888888889,0.6577777777777778,86.00000000000006,1.0,1.0,1,66.26621346736556,-0.2958806865424566,0
scenario_1_kitchen_pm_spike_ep08_d033,scenario_1_kitchen_pm_spike_ep08,scenario_1_kitchen_pm_spike,33,A,train,4.971183217654632,5.257005,0,0.0,0.0,0.0,4.0,8.88888888888889,0.6577777777777778,85.76000000000006,1.0,1.0,1,60.0814139093286,-0.312132034254623,0
scenario_1_kitchen_pm_spike_ep08_d033,scenario_1_kitchen_pm_spike_ep08,scenario_1_kitchen_pm_spike,33,B,train,4.979631298072366,5.760055,0,0.0,0.0,0.0,5.656854249492381,12.57078722109418,0.9302382543609692,85.76000000000006,1.0,1.0,1,67.65699041066728,-0.38784265222505443,0
scenario_1_kitchen_pm_spike_ep08_d033,scenario_1_kitchen_pm_spike_ep08,scenario_1_kitchen_pm_spike,33,C,train,42.22981216334996,34.755886,-1,360.0,270.0,0.0,0.0,0.0,0.0,85.76000000000006,0.0,1.0,1,683.2088205501152,0.9999999999983952,4
scenario_1_kitchen_pm_spike_ep08_d033,scenario_1_kitchen_pm_spike_ep08,scenario_1_kitchen_pm_spike,33,D,train,5.071770556232061,4.9011307,0,0.0,0.0,0.0,4.0,8.88888888888889,0.6577777777777778,85.76000000000006,1.0,1.0,1,69.99680563415745,-0.2962197318600521,0
scenario_1_kitchen_pm_spike_ep08_d036,scenario_1_kitchen_pm_spike_ep08,scenario_1_kitchen_pm_spike,36,A,train,4.6751982902969935,5.0020795,0,0.0,0.0,0.0,0.0,0.0,0.0,85.52000000000007,0.0,1.0,1,63.899535013880495,0.0,0
scenario_1_kitchen_pm_spike_ep08_d036,scenario_1_kitchen_pm_spike_ep08,scenario_1_kitchen_pm_spike,36,B,train,5.105618051014766,5.7850156,0,0.0,0.0,0.0,4.0,8.88888888888889,0.6577777777777778,85.52000000000007,1.0,1.0,1,71.0227652648689,-0.2999232787114731,0
scenario_1_kitchen_pm_spike_ep08_d036,scenario_1_kitchen_pm_spike_ep08,scenario_1_kitchen_pm_spike,36,C,train,40.32966750740779,34.788895,-1,450.0,360.0,0.0,4.0,8.88888888888889,0.6577777777777778,85.52000000000007,1.0,1.0,1,647.3521421039538,0.687867965743663,4
scenario_1_kitchen_pm_spike_ep08_d036,scenario_1_kitchen_pm_spike_ep08,scenario_1_kitchen_pm_spike,36,D,train,6.178959286834038,5.161268,0,0.0,0.0,0.0,5.656854249492381,12.57078722109418,0.9302382543609692,85.52000000000007,1.0,1.0,1,73.21339497597978,-0.3840366467944074,0
scenario_1_kitchen_pm_spike_ep08_d039,scenario_1_kitchen_pm_spike_ep08,scenario_1_kitchen_pm_spike,39,A,train,5.87603339385636,5.4514055,0,0.0,0.0,0.0,4.0,8.88888888888889,0.6577777777777778,85.28000000000007,1.0,1.0,1,67.25482109031987,-0.312132034254623,0
scenario_1_kitchen_pm_spike_ep08_d039,scenario_1_kitchen_pm_spike_ep08,scenario_1_kitchen_pm_spike,39,B,train,6.482119498073012,6.0452166,0,0.0,0.0,0.0,0.0,0.0,0.0,85.28000000000007,0.0,1.0,1,73.95285267013992,0.012260571717072061,3
scenario_1_kitchen_pm_spike_ep08_d039,scenario_1_kitchen_pm_spike_ep08,scenario_1_kitchen_pm_spike,39,C,train,38.59640777415067,34.242516,-1,540.0,450.0,0.0,5.656854249492381,12.57078722109418,0.9302382543609692,85.28000000000007,1.0,1.0,1,613.561448087266,0.6000000001414878,4
scenario_1_kitchen_pm_spike_ep08_d039,scenario_1_kitchen_pm_spike_ep08,scenario_1_kitchen_pm_spike,39,D,train,5.223189679559964,5.289803,0,0.0,0.0,0.0,4.0,8.88888888888889,0.6577777777777778,85.28000000000007,1.0,1.0,1,76.00381746195694,-0.2961172250993426,0
scenario_1_kitchen_pm_spike_ep08_d042,scenario_1_kitchen_pm_spike_ep08,scenario_1_kitchen_pm_spike,42,A,train,4.86442117770614,5.5409822,0,0.0,0.0,0.0,5.656854249492381,12.57078722109418,0.9302382543609692,85.04000000000008,1.0,1.0,1,70.18314956252016,-0.3999999998566819,0
scenario_1_kitchen_pm_spike_ep08_d042,scenario_1_kitchen_pm_spike_ep08,scenario_1_kitchen_pm_spike,42,B,train,5.238440677642496,6.1111145,0,0.0,0.0,0.0,4.0,8.88888888888889,0.6577777777777778,85.04000000000008,1.0,1.0,1,76.48149255532894,-0.2998192353786544,0
scenario_1_kitchen_pm_spike_ep08_d042,scenario_1_kitchen_pm_spike_ep08,scenario_1_kitchen_pm_spike,42,C,train,35.97880602946427,32.663326,-1,630.0,540.0,0.0,4.0,8.88888888888889,0.6577777777777778,85.04000000000008,1.0,1.0,1,581.7112802695996,0.6878679657434221,4
scenario_1_kitchen_pm_spike_ep08_d042,scenario_1_kitchen_pm_spike_ep08,scenario_1_kitchen_pm_spike,42,D,train,5.259239165448763,5.237422,0,0.0,0.0,30.0,0.0,0.0,0.0,85.04000000000008,0.0,1.0,1,78.40170496187807,0.01606667337724209,3
scenario_1_kitchen_pm_spike_ep08_d045,scenario_1_kitchen_pm_spike_ep08,scenario_1_kitchen_pm_spike,45,A,train,5.845323216060614,5.553492,0,0.0,0.0,0.0,0.0,0.0,0.0,84.80000000000008,0.0,1.0,1,72.71792270863034,0.0,0
scenario_1_kitchen_pm_spike_ep08_d045,scenario_1_kitchen_pm_spike_ep08,scenario_1_kitchen_pm_spike,45,B,train,5.5756447796390765,5.791577,0,0.0,0.0,0.0,4.0,8.88888888888889,0.6577777777777778,84.80000000000008,1.0,1.0,1,78.64054896485891,-0.2997665945029905,0
scenario_1_kitchen_pm_spike_ep08_d045,scenario_1_kitchen_pm_spike_ep08,scenario_1_kitchen_pm_spike,45,C,train,35.17424896143169,31.248846,-1,720.0,630.0,0.0,4.0,8.88888888888889,0.6577777777777778,84.80000000000008,1.0,1.0,1,551.6840068249896,0.6878679657432892,4
scenario_1_kitchen_pm_spike_ep08_d045,scenario_1_kitchen_pm_spike_ep08,scenario_1_kitchen_pm_spike,45,D,train,5.0151127496026255,5.3417673,0,0.0,0.0,0.0,5.656854249492381,12.57078722109418,0.9302382543609692,84.80000000000008,1.0,1.0,1,80.43835232349329,-0.38388105141570783,0
scenario_1_kitchen_pm_spike_ep08_d048,scenario_1_kitchen_pm_spike_ep08,scenario_1_kitchen_pm_spike,48,A,train,6.030426735881169,5.7257953,0,0.0,0.0,0.0,4.0,8.88888888888889,0.6577777777777778,84.56000000000009,1.0,1.0,1,74.8902311612892,-0.312132034254623,0
scenario_1_kitchen_pm_spike_ep08_d048,scenario_1_kitchen_pm_spike_ep08,scenario_1_kitchen_pm_spike,48,B,train,5.55946755281886,6.093019,0,0.0,0.0,0.0,5.656854249492381,12.57078722109418,0.9302382543609692,84.56000000000009,1.0,1.0,1,80.45966751288074,-0.3875815027717222,0
scenario_1_kitchen_pm_spike_ep08_d048,scenario_1_kitchen_pm_spike_ep08,scenario_1_kitchen_pm_spike,48,C,train,34.09986251772373,29.508837,-1,810.0,720.0,0.0,0.0,0.0,0.0,84.56000000000009,0.0,1.0,1,523.3693275830603,0.9999999999977702,4
scenario_1_kitchen_pm_spike_ep08_d048,scenario_1_kitchen_pm_spike_ep08,scenario_1_kitchen_pm_spike,48,D,train,6.327416782454812,5.3801026,0,0.0,0.0,0.0,4.0,8.88888888888889,0.6577777777777778,84.56000000000009,1.0,1.0,1,82.14287234136646,-0.29596039718630274,0
scenario_1_kitchen_pm_spike_ep08_d051,scenario_1_kitchen_pm_spike_ep08,scenario_1_kitchen_pm_spike,51,A,train,4.2440874429868725,5.6093826,0,0.0,0.0,0.0,5.656854249492381,12.57078722109418,0.9302382543609692,84.32000000000009,1.0,1.0,1,76.72900680027556,-0.3999999998566819,0
scenario_1_kitchen_pm_spike_ep08_d051,scenario_1_kitchen_pm_spike_ep08,scenario_1_kitchen_pm_spike,51,B,train,6.684833995297447,6.053454,0,0.0,0.0,0.0,4.0,8.88888888888889,0.6577777777777778,84.32000000000009,1.0,1.0,1,81.96642259983082,-0.2996600606288242,0
scenario_1_kitchen_pm_spike_ep08_d051,scenario_1_kitchen_pm_spike_ep08,scenario_1_kitchen_pm_spike,51,C,train,33.40789358383092,27.505644,-1,900.0,810.0,0.0,4.0,8.88888888888889,0.6577777777777778,84.32000000000009,1.0,1.0,1,496.6638107601707,0.6878679657429957,4
scenario_1_kitchen_pm_spike_ep08_d051,scenario_1_kitchen_pm_spike_ep08,scenario_1_kitchen_pm_spike,51,D,train,4.950560288366406,5.330467,0,0.0,0.0,0.0,0.0,0.0,0.0,84.32000000000009,0.0,1.0,1,83.54234064717252,0.01622474199002432,3
scenario_1_kitchen_pm_spike_ep08_d054,scenario_1_kitchen_pm_spike_ep08,scenario_1_kitchen_pm_spike,54,A,train,5.030394979430279,5.588051,0,0.0,0.0,0.0,4.0,8.88888888888889,0.6577777777777778,84.0800000000001,1.0,1.0,1,78.26116572053434,-0.312132034254623,0
scenario_1_kitchen_pm_spike_ep08_d054,scenario_1_kitchen_pm_spike_ep08,scenario_1_kitchen_pm_spike,54,B,train,5.541471000105477,5.888079,0,0.0,0.0,0.0,0.0,0.0,0.0,84.0800000000001,0.0,1.0,1,83.1864550516143,0.012525872132808216,3
scenario_1_kitchen_pm_spike_ep08_d054,scenario_1_kitchen_pm_spike_ep08,scenario_1_kitchen_pm_spike,54,C,train,31.764619401286204,27.595764,-1,990.0,900.0,0.0,5.656854249492381,12.57078722109418,0.9302382543609692,84.0800000000001,1.0,1.0,1,471.4704591610242,0.600000000140775,4
scenario_1_kitchen_pm_spike_ep08_d054,scenario_1_kitchen_pm_spike_ep08,scenario_1_kitchen_pm_spike,54,D,train,5.108427206329903,5.3241057,0,0.0,0.0,0.0,4.0,8.88888888888889,0.6577777777777778,84.0800000000001,1.0,1.0,1,84.66193117144371,-0.2958537683090552,0
scenario_1_kitchen_pm_spike_ep08_d057,scenario_1_kitchen_pm_spike_ep08,scenario_1_kitchen_pm_spike,57,A,train,5.547460642040388,5.558527,0,0.0,0.0,0.0,4.0,8.88888888888889,0.6577777777777778,83.8400000000001,1.0,1.0,1,79.51174191466771,-0.312132034254623,0
scenario_1_kitchen_pm_spike_ep08_d057,scenario_1_kitchen_pm_spike_ep08,scenario_1_kitchen_pm_spike,57,B,train,6.292587024917573,6.0731645,0,0.0,0.0,0.0,5.656854249492381,12.57078722109418,0.9302382543609692,83.8400000000001,1.0,1.0,1,84.14360079915764,-0.38741980448337554,0
scenario_1_kitchen_pm_spike_ep08_d057,scenario_1_kitchen_pm_spike_ep08,scenario_1_kitchen_pm_spike,57,C,train,31.28566999302124,28.07833,-1,1080.0,990.0,0.0,0.0,0.0,0.0,83.8400000000001,0.0,1.0,1,447.69830396962686,0.9999999999972841,4
scenario_1_kitchen_pm_spike_ep08_d057,scenario_1_kitchen_pm_spike_ep08,scenario_1_kitchen_pm_spike,57,D,train,5.037015419355476,5.339734,0,0.0,0.0,0.0,4.0,8.88888888888889,0.6577777777777778,83.8400000000001,1.0,1.0,1,85.52504278501783,-0.2957998225715791,0
scenario_1_kitchen_pm_spike_ep08_d060,scenario_1_kitchen_pm_spike_ep08,scenario_1_kitchen_pm_spike,60,A,train,6.081150513634661,5.579461,0,0.0,0.0,0.0,0.0,0.0,0.0,83.60000000000011,0.0,1.0,1,80.50401226797908,0.0,0
scenario_1_kitchen_pm_spike_ep08_d060,scenario_1_kitchen_pm_spike_ep08,scenario_1_kitchen_pm_spike,60,B,train,6.298289779882495,5.9045806,0,0.0,0.0,0.0,4.0,8.88888888888889,0.6577777777777778,83.60000000000011,1.0,1.0,1,84.86001117640558,-0.29949708813148623,0
scenario_1_kitchen_pm_spike_ep08_d060,scenario_1_kitchen_pm_spike_ep08,scenario_1_kitchen_pm_spike,60,C,train,31.555197112820977,26.945116,-1,1170.0,1080.0,0.0,4.0,8.88888888888889,0.6577777777777778,83.60000000000011,1.0,1.0,1,425.26202436882,0.6878679657424764,4
scenario_1_kitchen_pm_spike_ep08_d060,scenario_1_kitchen_pm_spike_ep08,scenario_1_kitchen_pm_spike,60,D,train,5.400511218891519,4.9908094,0,0.0,0.0,0.0,5.656854249492381,12.57078722109418,0.9302382543609692,83.60000000000011,1.0,1.0,1,86.15341768930875,-0.3836134178976791,0
scenario_1_kitchen_pm_spike_ep08_d063,scenario_1_kitchen_pm_spike_ep08,scenario_1_kitchen_pm_spike,63,A,train,5.221558079171055,5.523576,0,0.0,0.0,0.0,4.0,8.88888888888889,0.6577777777777778,83.36000000000011,1.0,1.0,1,81.25961342578216,-0.312132034254623,0
scenario_1_kitchen_pm_spike_ep08_d063,scenario_1_kitchen_pm_spike_ep08,scenario_1_kitchen_pm_spike,63,B,train,6.431024259706708,5.9881215,0,0.0,0.0,0.0,0.0,0.0,0.0,83.36000000000011,0.0,1.0,1,85.35626537766666,0.012690127166492005,3
scenario_1_kitchen_pm_spike_ep08_d063,scenario_1_kitchen_pm_spike_ep08,scenario_1_kitchen_pm_spike,63,C,train,29.930918860193824,26.458225,-1,1260.0,1170.0,0.0,5.656854249492381,12.57078722109418,0.9302382543609692,83.36000000000011,1.0,1.0,1,404.0815913401504,0.6000000001402206,4
scenario_1_kitchen_pm_spike_ep08_d063,scenario_1_kitchen_pm_spike_ep08,scenario_1_kitchen_pm_spike,63,D,train,6.759916411620935,5.7061796,0,0.0,0.0,0.0,4.0,8.88888888888889,0.6577777777777778,83.36000000000011,1.0,1.0,1,86.56725208799071,-0.2956906547163315,0
scenario_1_kitchen_pm_spike_ep08_d066,scenario_1_kitchen_pm_spike_ep08,scenario_1_kitchen_pm_spike,66,A,train,5.574558534549948,5.417674,0,0.0,0.0,0.0,5.656854249492381,12.57078722109418,0.9302382543609692,83.12000000000012,1.0,1.0,1,81.79865105672434,-0.3999999998566819,0
scenario_1_kitchen_pm_spike_ep08_d066,scenario_1_kitchen_pm_spike_ep08,scenario_1_kitchen_pm_spike,66,B,train,6.578777992558795,5.9932423,0,0.0,0.0,0.0,4.0,8.88888888888889,0.6577777777777778,83.12000000000012,1.0,1.0,1,85.65147558045805,-0.2993862929588549,0
scenario_1_kitchen_pm_spike_ep08_d066,scenario_1_kitchen_pm_spike_ep08,scenario_1_kitchen_pm_spike,66,C,train,28.986015263407197,25.776138,-1,1350.0,1260.0,0.0,4.0,8.88888888888889,0.6577777777777778,83.12000000000012,1.0,1.0,1,384.08193410124886,0.6878679657420689,4
scenario_1_kitchen_pm_spike_ep08_d066,scenario_1_kitchen_pm_spike_ep08,scenario_1_kitchen_pm_spike,66,D,train,5.888657121916711,5.6522713,0,0.0,0.0,0.0,0.0,0.0,0.0,83.12000000000012,0.0,1.0,1,86.78529963841106,0.01649660719390732,3
scenario_1_kitchen_pm_spike_ep08_d069,scenario_1_kitchen_pm_spike_ep08,scenario_1_kitchen_pm_spike,69,A,train,6.537580343560327,5.52127,0,0.0,0.0,0.0,0.0,0.0,0.0,82.88000000000012,0.0,1.0,1,82.13980200227934,0.0,0
scenario_1_kitchen_pm_spike_ep08_d069,scenario_1_kitchen_pm_spike_ep08,scenario_1_kitchen_pm_spike,69,B,train,6.011115729989391,6.1233826,0,0.0,0.0,0.0,4.0,8.88888888888889,0.6577777777777778,82.88000000000012,1.0,1.0,1,85.76338520744844,-0.2993302429432063,0
scenario_1_kitchen_pm_spike_ep08_d069,scenario_1_kitchen_pm_spike_ep08,scenario_1_kitchen_pm_spike,69,C,train,27.98374544267464,25.19665,0,1440.0,1350.0,0.0,4.0,8.88888888888889,0.6577777777777778,82.88000000000012,1.0,1.0,1,365.1926277365011,0.6878679657418442,4
scenario_1_kitchen_pm_spike_ep08_d069,scenario_1_kitchen_pm_spike_ep08,scenario_1_kitchen_pm_spike,69,D,train,6.0655944111915865,5.6866226,0,0.0,0.0,0.0,5.656854249492381,12.57078722109418,0.9302382543609692,82.88000000000012,1.0,1.0,1,86.82496814902379,-0.3834477321498506,0
scenario_1_kitchen_pm_spike_ep08_d072,scenario_1_kitchen_pm_spike_ep08,scenario_1_kitchen_pm_spike,72,A,train,5.512381168395383,5.622037,0,0.0,0.0,0.0,4.0,8.88888888888889,0.6577777777777778,82.64000000000013,1.0,1.0,1,82.30040977108865,-0.312132034254623,0
scenario_1_kitchen_pm_spike_ep08_d072,scenario_1_kitchen_pm_spike_ep08,scenario_1_kitchen_pm_spike,72,B,train,6.2625224799084815,5.9774437,0,0.0,0.0,0.0,5.656854249492381,12.57078722109418,0.9302382543609692,82.64000000000013,1.0,1.0,1,85.70846077064334,-0.38714171983494483,0
scenario_1_kitchen_pm_spike_ep08_d072,scenario_1_kitchen_pm_spike_ep08,scenario_1_kitchen_pm_spike,72,C,train,26.466691591089614,24.88629,0,1530.0,1440.0,0.0,0.0,0.0,0.0,82.64000000000013,0.0,1.0,1,347.347600669131,0.9999999999962271,4
scenario_1_kitchen_pm_spike_ep08_d072,scenario_1_kitchen_pm_spike_ep08,scenario_1_kitchen_pm_spike,72,D,train,5.51521097169081,5.710455,0,0.0,0.0,0.0,4.0,8.88888888888889,0.6577777777777778,82.64000000000013,1.0,1.0,1,86.70240995916038,-0.2955236703887767,0
scenario_1_kitchen_pm_spike_ep08_d075,scenario_1_kitchen_pm_spike_ep08,scenario_1_kitchen_pm_spike,75,A,train,6.207021985213043,5.605085,0,0.0,0.0,0.0,5.656854249492381,12.57078722109418,0.9302382543609692,82.40000000000013,1.0,1.0,1,82.29657380735443,-0.3999999998566819,0
scenario_1_kitchen_pm_spike_ep08_d075,scenario_1_kitchen_pm_spike_ep08,scenario_1_kitchen_pm_spike,75,B,train,5.909424469295722,5.8197527,0,0.0,0.0,0.0,4.0,8.88888888888889,0.6577777777777778,82.40000000000013,1.0,1.0,1,85.50197771249532,-0.2992168240118637,0
scenario_1_kitchen_pm_spike_ep08_d075,scenario_1_kitchen_pm_spike_ep08,scenario_1_kitchen_pm_spike,75,C,train,26.89516783666668,24.42775,0,1620.0,1530.0,0.0,4.0,8.88888888888889,0.6577777777777778,82.40000000000013,1.0,1.0,1,330.48486070922854,0.6878679657413479,4
scenario_1_kitchen_pm_spike_ep08_d075,scenario_1_kitchen_pm_spike_ep08,scenario_1_kitchen_pm_spike,75,D,train,5.346018485560064,5.582881,0,0.0,0.0,0.0,0.0,0.0,0.0,82.40000000000013,0.0,1.0,1,86.43260640939411,0.016664898467421512,3
scenario_1_kitchen_pm_spike_ep08_d078,scenario_1_kitchen_pm_spike_ep08,scenario_1_kitchen_pm_spike,78,A,train,5.097177709068457,5.6141887,0,0.0,0.0,0.0,4.0,8.88888888888889,0.6577777777777778,82.16000000000014,1.0,1.0,1,82.14323293496932,-0.312132034254623,0
scenario_1_kitchen_pm_spike_ep08_d078,scenario_1_kitchen_pm_spike_ep08,scenario_1_kitchen_pm_spike,78,B,train,5.984753470684227,5.930287,0,0.0,0.0,0.0,0.0,0.0,0.0,82.16000000000014,0.0,1.0,1,85.1581006319002,0.012972584798020648,3
scenario_1_kitchen_pm_spike_ep08_d078,scenario_1_kitchen_pm_spike_ep08,scenario_1_kitchen_pm_spike,78,C,train,26.650703153212994,24.40506,0,1710.0,1620.0,0.0,5.656854249492381,12.57078722109418,0.9302382543609692,82.16000000000014,1.0,1.0,1,314.54623849311474,0.6000000001390154,4
scenario_1_kitchen_pm_spike_ep08_d078,scenario_1_kitchen_pm_spike_ep08,scenario_1_kitchen_pm_spike,78,D,train,5.244927983547048,5.0779934,0,0.0,0.0,0.0,4.0,8.88888888888889,0.6577777777777778,82.16000000000014,1.0,1.0,1,86.02944678446534,-0.2954101599391594,0
scenario_1_kitchen_pm_spike_ep09_d012,scenario_1_kitchen_pm_spike_ep09,scenario_1_kitchen_pm_spike,12,A,train,4.472907009974712,5.459952,0,0.0,0.0,0.0,4.0,8.88888888888889,0.6577777777777778,86.74000000000002,1.0,1.0,1,43.46266529036666,-0.19672890790185785,0
scenario_1_kitchen_pm_spike_ep09_d012,scenario_1_kitchen_pm_spike_ep09,scenario_1_kitchen_pm_spike,12,B,train,5.734278703160276,5.6641965,0,0.0,0.0,0.0,0.0,0.0,0.0,86.74000000000002,0.0,1.0,1,54.27865135941863,0.1743507884371772,3
scenario_1_kitchen_pm_spike_ep09_d012,scenario_1_kitchen_pm_spike_ep09,scenario_1_kitchen_pm_spike,12,C,train,4.50233171743976,14.455313,1,0.0,0.0,0.0,5.656854249492381,12.57078722109418,0.9302382543609692,86.74000000000002,1.0,1.0,1,205.7725368563597,0.6000000001378683,4
scenario_1_kitchen_pm_spike_ep09_d012,scenario_1_kitchen_pm_spike_ep09,scenario_1_kitchen_pm_spike,12,D,train,3.805772220575978,3.0308661,0,0.0,0.0,0.0,4.0,8.88888888888889,0.6577777777777778,86.74000000000002,1.0,1.0,1,22.28797298163431,-0.312132034254623,0
scenario_1_kitchen_pm_spike_ep09_d015,scenario_1_kitchen_pm_spike_ep09,scenario_1_kitchen_pm_spike,15,A,train,4.393295605958657,5.1664505,0,0.0,0.0,0.0,4.0,8.88888888888889,0.6577777777777778,86.50000000000003,1.0,1.0,1,44.33889626148698,-0.24521819625388286,0
scenario_1_kitchen_pm_spike_ep09_d015,scenario_1_kitchen_pm_spike_ep09,scenario_1_kitchen_pm_spike,15,B,train,5.666415028411157,5.582976,0,0.0,0.0,0.0,5.656854249492381,12.57078722109418,0.9302382543609692,86.50000000000003,1.0,1.0,1,54.547169494402624,-0.2986211703605428,0
scenario_1_kitchen_pm_spike_ep09_d015,scenario_1_kitchen_pm_spike_ep09,scenario_1_kitchen_pm_spike,15,C,train,4.576296161743013,19.071278,1,0.0,0.0,0.0,0.0,0.0,0.0,86.50000000000003,0.0,1.0,1,320.7120528536826,0.9999999999966238,4
scenario_1_kitchen_pm_spike_ep09_d015,scenario_1_kitchen_pm_spike_ep09,scenario_1_kitchen_pm_spike,15,D,train,3.0924697409092814,4.0501194,0,0.0,0.0,0.0,4.0,8.88888888888889,0.6577777777777778,86.50000000000003,1.0,1.0,1,24.519516893127047,-0.312132034254623,0
scenario_1_kitchen_pm_spike_ep09_d018,scenario_1_kitchen_pm_spike_ep09,scenario_1_kitchen_pm_spike,18,A,train,5.474889660930214,5.9784975,0,0.0,0.0,0.0,0.0,0.0,0.0,86.26000000000003,0.0,1.0,1,46.10760841742126,0.044372454390920246,3
scenario_1_kitchen_pm_spike_ep09_d018,scenario_1_kitchen_pm_spike_ep09,scenario_1_kitchen_pm_spike,18,B,train,4.622509949734352,5.47686,0,0.0,0.0,0.0,4.0,8.88888888888889,0.6577777777777778,86.26000000000003,1.0,1.0,1,55.74235796279345,-0.24471387319235013,0
scenario_1_kitchen_pm_spike_ep09_d018,scenario_1_kitchen_pm_spike_ep09,scenario_1_kitchen_pm_spike,18,C,train,3.8013170429816334,21.18658,1,0.0,0.0,0.0,4.0,8.88888888888889,0.6577777777777778,86.26000000000003,1.0,1.0,1,445.6281001029458,0.6878679657429851,4
scenario_1_kitchen_pm_spike_ep09_d018,scenario_1_kitchen_pm_spike_ep09,scenario_1_kitchen_pm_spike,18,D,train,2.4944460418039025,3.8423314,0,0.0,0.0,0.0,5.656854249492381,12.57078722109418,0.9302382543609692,86.26000000000003,1.0,1.0,1,27.556756804725865,-0.3999999998566819,0
scenario_1_kitchen_pm_spike_ep09_d021,scenario_1_kitchen_pm_spike_ep09,scenario_1_kitchen_pm_spike,21,A,train,4.064805453217897,5.8548036,0,0.0,0.0,0.0,4.0,8.88888888888889,0.6577777777777778,86.02000000000004,1.0,1.0,1,49.08103800498202,-0.2799407157029802,0
scenario_1_kitchen_pm_spike_ep09_d021,scenario_1_kitchen_pm_spike_ep09,scenario_1_kitchen_pm_spike,21,B,train,5.680669020567099,5.415942,0,0.0,0.0,0.0,0.0,0.0,0.0,86.02000000000004,0.0,1.0,1,58.17452678198265,0.04905027864296604,3
scenario_1_kitchen_pm_spike_ep09_d021,scenario_1_kitchen_pm_spike_ep09,scenario_1_kitchen_pm_spike,21,C,train,10.881723150286687,38.27569,1,0.0,0.0,0.0,5.656854249492381,12.57078722109418,0.9302382543609692,86.02000000000004,1.0,1.0,1,571.1035907214473,0.6000000001414643,4
scenario_1_kitchen_pm_spike_ep09_d021,scenario_1_kitchen_pm_spike_ep09,scenario_1_kitchen_pm_spike,21,D,train,3.6545477758444473,4.143875,0,0.0,0.0,0.0,4.0,8.88888888888889,0.6577777777777778,86.02000000000004,1.0,1.0,1,31.717488154901048,-0.312132034254623,0
scenario_1_kitchen_pm_spike_ep09_d024,scenario_1_kitchen_pm_spike_ep09,scenario_1_kitchen_pm_spike,24,A,train,3.423235621896454,5.457975,0,0.0,0.0,0.0,5.656854249492381,12.57078722109418,0.9302382543609692,85.78000000000004,1.0,1.0,1,52.92997355906368,-0.3738842924570459,0
scenario_1_kitchen_pm_spike_ep09_d024,scenario_1_kitchen_pm_spike_ep09,scenario_1_kitchen_pm_spike,24,B,train,4.76717746174124,5.638466,0,0.0,0.0,0.0,4.0,8.88888888888889,0.6577777777777778,85.78000000000004,1.0,1.0,1,61.51264695935311,-0.2722248643732158,0
scenario_1_kitchen_pm_spike_ep09_d024,scenario_1_kitchen_pm_spike_ep09,scenario_1_kitchen_pm_spike,24,C,train,20.571380150114653,41.104374,1,90.0,0.0,0.0,4.0,8.88888888888889,0.6577777777777778,85.78000000000004,1.0,1.0,1,658.9955611713186,0.6878679657437702,4
scenario_1_kitchen_pm_spike_ep09_d024,scenario_1_kitchen_pm_spike_ep09,scenario_1_kitchen_pm_spike,24,D,train,2.78785628921585,4.219344,0,0.0,0.0,0.0,0.0,0.0,0.0,85.78000000000004,0.0,1.0,1,36.6777024511332,0.0,0
scenario_1_kitchen_pm_spike_ep09_d027,scenario_1_kitchen_pm_spike_ep09,scenario_1_kitchen_pm_spike,27,A,train,5.278067052088887,5.520768,0,0.0,0.0,0.0,0.0,0.0,0.0,85.54000000000005,0.0,1.0,1,57.59267002391903,0.022112560824662512,3
scenario_1_kitchen_pm_spike_ep09_d027,scenario_1_kitchen_pm_spike_ep09,scenario_1_kitchen_pm_spike,27,B,train,4.11778545296473,5.6833277,0,0.0,0.0,0.0,4.0,8.88888888888889,0.6577777777777778,85.54000000000005,1.0,1.0,1,65.69325846796346,-0.278244359186976,0
scenario_1_kitchen_pm_spike_ep09_d027,scenario_1_kitchen_pm_spike_ep09,scenario_1_kitchen_pm_spike,27,C,train,29.11943018900921,39.75542,1,180.0,90.0,0.0,4.0,8.88888888888889,0.6577777777777778,85.54000000000005,1.0,1.0,1,730.3219128903027,0.6878679657439234,4
scenario_1_kitchen_pm_spike_ep09_d027,scenario_1_kitchen_pm_spike_ep09,scenario_1_kitchen_pm_spike,27,D,train,2.994112919902526,4.201509,0,0.0,0.0,0.0,5.656854249492381,12.57078722109418,0.9302382543609692,85.54000000000005,1.0,1.0,1,42.38052422319265,-0.3999999998566819,0
scenario_1_kitchen_pm_spike_ep09_d030,scenario_1_kitchen_pm_spike_ep09,scenario_1_kitchen_pm_spike,30,A,train,4.675893092593497,5.4647765,0,0.0,0.0,0.0,4.0,8.88888888888889,0.6577777777777778,85.30000000000005,1.0,1.0,1,61.83242206173895,-0.2914310840608493,0
scenario_1_kitchen_pm_spike_ep09_d030,scenario_1_kitchen_pm_spike_ep09,scenario_1_kitchen_pm_spike,30,B,train,4.991085239964002,5.657648,0,0.0,0.0,0.0,5.656854249492381,12.57078722109418,0.9302382543609692,85.30000000000005,1.0,1.0,1,69.47803775772672,-0.3681833972917783,0
scenario_1_kitchen_pm_spike_ep09_d030,scenario_1_kitchen_pm_spike_ep09,scenario_1_kitchen_pm_spike,30,C,train,38.02767787509204,37.418137,0,270.0,180.0,0.0,0.0,0.0,0.0,85.30000000000005,0.0,1.0,1,735.4180953326845,0.9999999999985462,4
scenario_1_kitchen_pm_spike_ep09_d030,scenario_1_kitchen_pm_spike_ep09,scenario_1_kitchen_pm_spike,30,D,train,2.9967604879367022,4.2033377,0,0.0,0.0,0.0,4.0,8.88888888888889,0.6577777777777778,85.30000000000005,1.0,1.0,1,47.59380569996347,-0.312132034254623,0
scenario_1_kitchen_pm_spike_ep09_d033,scenario_1_kitchen_pm_spike_ep09,scenario_1_kitchen_pm_spike,33,A,train,5.454916628355098,5.373765,0,0.0,0.0,0.0,5.656854249492381,12.57078722109418,0.9302382543609692,85.06000000000006,1.0,1.0,1,65.91481716857334,-0.3796696020901684,0
scenario_1_kitchen_pm_spike_ep09_d033,scenario_1_kitchen_pm_spike_ep09,scenario_1_kitchen_pm_spike,33,B,train,4.836539515658934,5.6088724,0,0.0,0.0,0.0,4.0,8.88888888888889,0.6577777777777778,85.06000000000006,1.0,1.0,1,73.13104540229415,-0.2807935928687506,0
scenario_1_kitchen_pm_spike_ep09_d033,scenario_1_kitchen_pm_spike_ep09,scenario_1_kitchen_pm_spike,33,C,train,42.48733386010555,35.43029,-1,360.0,270.0,0.0,4.0,8.88888888888889,0.6577777777777778,85.06000000000006,1.0,1.0,1,708.1287915855844,0.6878679657438516,4
scenario_1_kitchen_pm_spike_ep09_d033,scenario_1_kitchen_pm_spike_ep09,scenario_1_kitchen_pm_spike,33,D,train,2.276073084153352,4.4679174,0,0.0,0.0,0.0,0.0,0.0,0.0,85.06000000000006,0.0,1.0,1,52.58739992365213,0.0,0
scenario_1_kitchen_pm_spike_ep09_d036,scenario_1_kitchen_pm_spike_ep09,scenario_1_kitchen_pm_spike,36,A,train,4.793767392988038,5.474369,0,0.0,0.0,0.0,4.0,8.88888888888889,0.6577777777777778,84.82000000000006,1.0,1.0,1,69.51162564860806,-0.2918085629690472,0
scenario_1_kitchen_pm_spike_ep09_d036,scenario_1_kitchen_pm_spike_ep09,scenario_1_kitchen_pm_spike,36,B,train,5.924609410158958,6.0094967,0,0.0,0.0,0.0,0.0,0.0,0.0,84.82000000000006,0.0,1.0,1,76.32261091405735,0.03141988715460363,3
scenario_1_kitchen_pm_spike_ep09_d036,scenario_1_kitchen_pm_spike_ep09,scenario_1_kitchen_pm_spike,36,C,train,41.36253914644718,34.832027,-1,450.0,360.0,0.0,5.656854249492381,12.57078722109418,0.9302382543609692,84.82000000000006,1.0,1.0,1,670.8375385132938,0.6000000001416891,4
scenario_1_kitchen_pm_spike_ep09_d036,scenario_1_kitchen_pm_spike_ep09,scenario_1_kitchen_pm_spike,36,D,train,4.21109871374313,4.537833,0,0.0,0.0,0.0,4.0,8.88888888888889,0.6577777777777778,84.82000000000006,1.0,1.0,1,57.037069440310006,-0.312132034254623,0
scenario_1_kitchen_pm_spike_ep09_d039,scenario_1_kitchen_pm_spike_ep09,scenario_1_kitchen_pm_spike,39,A,train,5.712463370187404,5.612708,0,0.0,0.0,0.0,4.0,8.88888888888889,0.6577777777777778,84.58000000000007,1.0,1.0,1,72.6548338231512,-0.29181554451026404,0
scenario_1_kitchen_pm_spike_ep09_d039,scenario_1_kitchen_pm_spike_ep09,scenario_1_kitchen_pm_spike,39,B,train,6.2790052674215096,6.024621,0,0.0,0.0,0.0,5.656854249492381,12.57078722109418,0.9302382543609692,84.58000000000007,1.0,1.0,1,79.0833610860168,-0.36849801950111927,0
scenario_1_kitchen_pm_spike_ep09_d039,scenario_1_kitchen_pm_spike_ep09,scenario_1_kitchen_pm_spike,39,C,train,39.09703607688942,34.437614,-1,540.0,450.0,0.0,0.0,0.0,0.0,84.58000000000007,0.0,1.0,1,635.6987246596377,0.9999999999982601,4
scenario_1_kitchen_pm_spike_ep09_d039,scenario_1_kitchen_pm_spike_ep09,scenario_1_kitchen_pm_spike,39,D,train,4.574226654284791,4.8452926,0,0.0,0.0,0.0,4.0,8.88888888888889,0.6577777777777778,84.58000000000007,1.0,1.0,1,60.97853702517932,-0.312132034254623,0
scenario_1_kitchen_pm_spike_ep09_d042,scenario_1_kitchen_pm_spike_ep09,scenario_1_kitchen_pm_spike,42,A,train,5.071967026283892,6.056355,0,0.0,0.0,0.0,0.0,0.0,0.0,84.34000000000007,0.0,1.0,1,75.37988316756423,0.020309452774773105,3
scenario_1_kitchen_pm_spike_ep09_d042,scenario_1_kitchen_pm_spike_ep09,scenario_1_kitchen_pm_spike,42,B,train,6.335031695412435,5.986559,0,0.0,0.0,0.0,4.0,8.88888888888889,0.6577777777777778,84.34000000000007,1.0,1.0,1,81.44745453718701,-0.2805473089376791,0
scenario_1_kitchen_pm_spike_ep09_d042,scenario_1_kitchen_pm_spike_ep09,scenario_1_kitchen_pm_spike,42,C,train,36.63497496626681,32.782024,-1,630.0,540.0,0.0,4.0,8.88888888888889,0.6577777777777778,84.34000000000007,1.0,1.0,1,602.5815355613389,0.6878679657435187,4
scenario_1_kitchen_pm_spike_ep09_d042,scenario_1_kitchen_pm_spike_ep09,scenario_1_kitchen_pm_spike,42,D,train,4.876222134142514,5.0789094,0,0.0,0.0,0.0,5.656854249492381,12.57078722109418,0.9302382543609692,84.34000000000007,1.0,1.0,1,64.45074121307675,-0.3999999998566819,0
scenario_1_kitchen_pm_spike_ep09_d045,scenario_1_kitchen_pm_spike_ep09,scenario_1_kitchen_pm_spike,45,A,train,5.900295421520846,5.7655854,0,0.0,0.0,0.0,4.0,8.88888888888889,0.6577777777777778,84.10000000000008,1.0,1.0,1,77.71976312650577,-0.2918296742471622,0
scenario_1_kitchen_pm_spike_ep09_d045,scenario_1_kitchen_pm_spike_ep09,scenario_1_kitchen_pm_spike,45,B,train,6.41767151367367,5.9907575,0,0.0,0.0,0.0,0.0,0.0,0.0,84.10000000000008,0.0,1.0,1,83.44667019624467,0.03166812638180296,3
scenario_1_kitchen_pm_spike_ep09_d045,scenario_1_kitchen_pm_spike_ep09,scenario_1_kitchen_pm_spike,45,C,train,36.388268509610775,29.49936,-1,720.0,630.0,0.0,5.656854249492381,12.57078722109418,0.9302382543609692,84.10000000000008,1.0,1.0,1,571.3633200919431,0.6000000001413336,4
scenario_1_kitchen_pm_spike_ep09_d045,scenario_1_kitchen_pm_spike_ep09,scenario_1_kitchen_pm_spike,45,D,train,5.271683526250252,5.1850314,0,0.0,0.0,0.0,4.0,8.88888888888889,0.6577777777777778,84.10000000000008,1.0,1.0,1,67.48994445615313,-0.312132034254623,0
scenario_1_kitchen_pm_spike_ep09_d048,scenario_1_kitchen_pm_spike_ep09,scenario_1_kitchen_pm_spike,48,A,train,7.135196918110887,5.8343306,0,0.0,0.0,0.0,5.656854249492381,12.57078722109418,0.9302382543609692,83.86000000000008,1.0,1.0,1,79.70517328043775,-0.3797047887848466,0
scenario_1_kitchen_pm_spike_ep09_d048,scenario_1_kitchen_pm_spike_ep09,scenario_1_kitchen_pm_spike,48,B,train,6.127500740532093,5.8390837,0,0.0,0.0,0.0,4.0,8.88888888888889,0.6577777777777778,83.86000000000008,1.0,1.0,1,85.1105653816453,-0.28037984634675306,0
scenario_1_kitchen_pm_spike_ep09_d048,scenario_1_kitchen_pm_spike_ep09,scenario_1_kitchen_pm_spike,48,C,train,34.31703061733155,28.368105,-1,810.0,720.0,0.0,4.0,8.88888888888889,0.6577777777777778,83.86000000000008,1.0,1.0,1,541.9290743465523,0.6878679657432575,4
scenario_1_kitchen_pm_spike_ep09_d048,scenario_1_kitchen_pm_spike_ep09,scenario_1_kitchen_pm_spike,48,D,train,4.5140152574022725,5.3240576,0,0.0,0.0,0.0,0.0,0.0,0.0,83.86000000000008,0.0,1.0,1,70.12990964937262,0.0,0
scenario_1_kitchen_pm_spike_ep09_d051,scenario_1_kitchen_pm_spike_ep09,scenario_1_kitchen_pm_spike,51,A,train,6.679417948123299,6.8205647,0,0.0,0.0,30.0,0.0,0.0,0.0,83.62000000000009,0.0,1.0,1,81.36467498554134,0.02028800559606123,3
scenario_1_kitchen_pm_spike_ep09_d051,scenario_1_kitchen_pm_spike_ep09,scenario_1_kitchen_pm_spike,51,B,train,6.63263103841705,5.8181,0,0.0,0.0,0.0,4.0,8.88888888888889,0.6577777777777778,83.62000000000009,1.0,1.0,1,86.46662358643516,-0.2802951199873188,0
scenario_1_kitchen_pm_spike_ep09_d051,scenario_1_kitchen_pm_spike_ep09,scenario_1_kitchen_pm_spike,51,C,train,34.04660675345193,26.8681,-1,900.0,810.0,0.0,4.0,8.88888888888889,0.6577777777777778,83.62000000000009,1.0,1.0,1,514.1709583673415,0.6878679657431134,4
scenario_1_kitchen_pm_spike_ep09_d051,scenario_1_kitchen_pm_spike_ep09,scenario_1_kitchen_pm_spike,51,D,train,5.340850975611341,5.3527536,0,0.0,0.0,0.0,5.656854249492381,12.57078722109418,0.9302382543609692,83.62000000000009,1.0,1.0,1,72.40206520895799,-0.3999999998566819,0
scenario_1_kitchen_pm_spike_ep09_d054,scenario_1_kitchen_pm_spike_ep09,scenario_1_kitchen_pm_spike,54,A,train,6.406016919585772,5.846904,0,0.0,0.0,0.0,4.0,8.88888888888889,0.6577777777777778,83.3800000000001,1.0,1.0,1,82.7248331649464,-0.2918512910475189,0
scenario_1_kitchen_pm_spike_ep09_d054,scenario_1_kitchen_pm_spike_ep09,scenario_1_kitchen_pm_spike,54,B,train,6.627528509300993,5.7691946,0,0.0,0.0,0.0,5.656854249492381,12.57078722109418,0.9302382543609692,83.3800000000001,1.0,1.0,1,87.54039263253298,-0.3680776900101912,0
scenario_1_kitchen_pm_spike_ep09_d054,scenario_1_kitchen_pm_spike_ep09,scenario_1_kitchen_pm_spike,54,C,train,34.193595756521105,26.363308,-1,990.0,900.0,0.0,0.0,0.0,0.0,83.3800000000001,0.0,1.0,1,487.9878436134163,0.9999999999975825,4
scenario_1_kitchen_pm_spike_ep09_d054,scenario_1_kitchen_pm_spike_ep09,scenario_1_kitchen_pm_spike,54,D,train,5.0296110164439165,5.2913218,0,0.0,0.0,0.0,4.0,8.88888888888889,0.6577777777777778,83.3800000000001,1.0,1.0,1,74.33565944066072,-0.312132034254623,0
scenario_1_kitchen_pm_spike_ep09_d057,scenario_1_kitchen_pm_spike_ep09,scenario_1_kitchen_pm_spike,57,A,train,5.839643664773559,5.871146,0,0.0,0.0,0.0,5.656854249492381,12.57078722109418,0.9302382543609692,83.1400000000001,1.0,1.0,1,83.8103488856143,-0.3797265763259423,0
scenario_1_kitchen_pm_spike_ep09_d057,scenario_1_kitchen_pm_spike_ep09,scenario_1_kitchen_pm_spike,57,B,train,5.961013584755066,5.8275714,0,0.0,0.0,0.0,4.0,8.88888888888889,0.6577777777777778,83.1400000000001,1.0,1.0,1,88.35561381646426,-0.2801236552088219,0
scenario_1_kitchen_pm_spike_ep09_d057,scenario_1_kitchen_pm_spike_ep09,scenario_1_kitchen_pm_spike,57,C,train,24.676967138009488,24.967997,0,30.0,0.0,0.0,4.0,8.88888888888889,0.6577777777777778,83.1400000000001,1.0,1.0,1,463.2848892126026,0.6878679657427952,4
scenario_1_kitchen_pm_spike_ep09_d057,scenario_1_kitchen_pm_spike_ep09,scenario_1_kitchen_pm_spike,57,D,train,4.864332827916889,5.3333063,0,0.0,0.0,0.0,0.0,0.0,0.0,83.1400000000001,0.0,1.0,1,75.95790488748685,0.0,0
scenario_1_kitchen_pm_spike_ep09_d060,scenario_1_kitchen_pm_spike_ep09,scenario_1_kitchen_pm_spike,60,A,train,6.410674146141523,5.707338,0,0.0,0.0,0.0,4.0,8.88888888888889,0.6577777777777778,82.9000000000001,1.0,1.0,1,84.64418331454499,-0.2918659880630501,0
scenario_1_kitchen_pm_spike_ep09_d060,scenario_1_kitchen_pm_spike_ep09,scenario_1_kitchen_pm_spike,60,B,train,6.220352889651493,5.940784,0,0.0,0.0,0.0,0.0,0.0,0.0,82.9000000000001,0.0,1.0,1,88.9343426285468,0.03209512627937045,3
scenario_1_kitchen_pm_spike_ep09_d060,scenario_1_kitchen_pm_spike_ep09,scenario_1_kitchen_pm_spike,60,C,train,23.374435436974863,25.37441,0,120.0,0.0,0.0,5.656854249492381,12.57078722109418,0.9302382543609692,82.9000000000001,1.0,1.0,1,439.9731451582567,0.600000000140561,4
scenario_1_kitchen_pm_spike_ep09_d060,scenario_1_kitchen_pm_spike_ep09,scenario_1_kitchen_pm_spike,60,D,train,5.178772445047903,5.3384604,0,0.0,0.0,0.0,4.0,8.88888888888889,0.6577777777777778,82.9000000000001,1.0,1.0,1,77.29411330221524,-0.312132034254623,0
scenario_1_kitchen_pm_spike_ep09_d063,scenario_1_kitchen_pm_spike_ep09,scenario_1_kitchen_pm_spike,63,A,train,6.118258252462921,5.628761,0,0.0,0.0,0.0,4.0,8.88888888888889,0.6577777777777778,82.66000000000011,1.0,1.0,1,85.24767360984197,-0.2918734234415674,0
scenario_1_kitchen_pm_spike_ep09_d063,scenario_1_kitchen_pm_spike_ep09,scenario_1_kitchen_pm_spike,63,B,train,6.406627249922924,5.7592053,0,0.0,0.0,0.0,5.656854249492381,12.57078722109418,0.9302382543609692,82.66000000000011,1.0,1.0,1,89.29706159004013,-0.3678174438818478,0
scenario_1_kitchen_pm_spike_ep09_d063,scenario_1_kitchen_pm_spike_ep09,scenario_1_kitchen_pm_spike,63,C,train,24.666327228814712,25.334045,0,210.0,0.0,0.0,0.0,0.0,0.0,82.66000000000011,0.0,1.0,1,417.9691807316178,0.9999999999970554,4
scenario_1_kitchen_pm_spike_ep09_d063,scenario_1_kitchen_pm_spike_ep09,scenario_1_kitchen_pm_spike,63,D,train,5.310097779276025,5.2650614,0,0.0,0.0,0.0,4.0,8.88888888888889,0.6577777777777778,82.66000000000011,1.0,1.0,1,78.36782184862636,-0.312132034254623,0
scenario_1_kitchen_pm_spike_ep09_d066,scenario_1_kitchen_pm_spike_ep09,scenario_1_kitchen_pm_spike,66,A,train,7.498719551946424,5.7494006,0,0.0,0.0,0.0,0.0,0.0,0.0,82.42000000000012,0.0,1.0,1,85.64064126651601,0.020251117017518857,3
scenario_1_kitchen_pm_spike_ep09_d066,scenario_1_kitchen_pm_spike_ep09,scenario_1_kitchen_pm_spike,66,B,train,5.620134953969188,5.938934,0,0.0,0.0,0.0,4.0,8.88888888888889,0.6577777777777778,82.42000000000012,1.0,1.0,1,89.4627857177802,-0.27986136168151976,0
scenario_1_kitchen_pm_spike_ep09_d066,scenario_1_kitchen_pm_spike_ep09,scenario_1_kitchen_pm_spike,66,C,train,25.12462003498245,24.6815,0,300.0,90.0,0.0,4.0,8.88888888888889,0.6577777777777778,82.42000000000012,1.0,1.0,1,397.1947365401903,0.6878679657422323,4
scenario_1_kitchen_pm_spike_ep09_d066,scenario_1_kitchen_pm_spike_ep09,scenario_1_kitchen_pm_spike,66,D,train,4.995298205297456,5.2610807,0,0.0,0.0,0.0,5.656854249492381,12.57078722109418,0.9302382543609692,82.42000000000012,1.0,1.0,1,79.20091109658892,-0.3999999998566819,0
scenario_1_kitchen_pm_spike_ep09_d069,scenario_1_kitchen_pm_spike_ep09,scenario_1_kitchen_pm_spike,69,A,train,6.309606020826336,5.731029,0,0.0,0.0,0.0,4.0,8.88888888888889,0.6577777777777778,82.18000000000012,1.0,1.0,1,85.84149340352246,-0.29188846982844024,0
scenario_1_kitchen_pm_spike_ep09_d069,scenario_1_kitchen_pm_spike_ep09,scenario_1_kitchen_pm_spike,69,B,train,5.772141394009021,6.038209,0,0.0,0.0,0.0,0.0,0.0,0.0,82.18000000000012,0.0,1.0,1,89.44916109299061,0.03235948052810463,3
scenario_1_kitchen_pm_spike_ep09_d069,scenario_1_kitchen_pm_spike_ep09,scenario_1_kitchen_pm_spike,69,C,train,24.69975557574814,23.428116,0,390.0,0.0,0.0,5.656854249492381,12.57078722109418,0.9302382543609692,82.18000000000012,1.0,1.0,1,377.57639866548175,0.6000000001399599,4
scenario_1_kitchen_pm_spike_ep09_d069,scenario_1_kitchen_pm_spike_ep09,scenario_1_kitchen_pm_spike,69,D,train,5.117726547354639,5.319817,0,0.0,0.0,0.0,4.0,8.88888888888889,0.6577777777777778,82.18000000000012,1.0,1.0,1,79.8137153398875,-0.312132034254623,0
scenario_1_kitchen_pm_spike_ep09_d072,scenario_1_kitchen_pm_spike_ep09,scenario_1_kitchen_pm_spike,72,A,train,5.69668145723181,5.7394943,0,0.0,0.0,0.0,5.656854249492381,12.57078722109418,0.9302382543609692,81.94000000000013,1.0,1.0,1,85.86731744728945,-0.37976404719750634,0
scenario_1_kitchen_pm_spike_ep09_d072,scenario_1_kitchen_pm_spike_ep09,scenario_1_kitchen_pm_spike,72,B,train,5.8016422963247365,6.0041113,0,0.0,0.0,0.0,4.0,8.88888888888889,0.6577777777777778,81.94000000000013,1.0,1.0,1,89.27255698029103,-0.27968304994811233,0
scenario_1_kitchen_pm_spike_ep09_d072,scenario_1_kitchen_pm_spike_ep09,scenario_1_kitchen_pm_spike,72,C,train,24.358340127293367,23.360672,0,480.0,0.0,0.0,4.0,8.88888888888889,0.6577777777777778,81.94000000000013,1.0,1.0,1,359.0452935097991,0.6878679657417905,4
scenario_1_kitchen_pm_spike_ep09_d072,scenario_1_kitchen_pm_spike_ep09,scenario_1_kitchen_pm_spike,72,D,train,5.079286368098041,5.329519,0,0.0,0.0,0.0,0.0,0.0,0.0,81.94000000000013,0.0,1.0,1,80.22512573168797,0.0,0
scenario_1_kitchen_pm_spike_ep09_d075,scenario_1_kitchen_pm_spike_ep09,scenario_1_kitchen_pm_spike,75,A,train,5.416876177477937,5.654822,0,0.0,0.0,0.0,0.0,0.0,0.0,81.70000000000013,0.0,1.0,1,85.73396963777122,0.02022828133558033,3
scenario_1_kitchen_pm_spike_ep09_d075,scenario_1_kitchen_pm_spike_ep09,scenario_1_kitchen_pm_spike,75,B,train,5.934408750675455,6.070625,0,0.0,0.0,0.0,4.0,8.88888888888889,0.6577777777777778,81.70000000000013,1.0,1.0,1,88.94815191423095,-0.2795928458671364,0
scenario_1_kitchen_pm_spike_ep09_d075,scenario_1_kitchen_pm_spike_ep09,scenario_1_kitchen_pm_spike,75,C,train,24.35858987145369,23.128147,0,570.0,0.0,0.0,4.0,8.88888888888889,0.6577777777777778,81.70000000000013,1.0,1.0,1,341.53680202189867,0.6878679657415468,4
scenario_1_kitchen_pm_spike_ep09_d075,scenario_1_kitchen_pm_spike_ep09,scenario_1_kitchen_pm_spike,75,D,train,5.279180554707303,5.4040065,0,0.0,0.0,0.0,5.656854249492381,12.57078722109418,0.9302382543609692,81.70000000000013,1.0,1.0,1,80.4526867007844,-0.3999999998566819,0
scenario_1_kitchen_pm_spike_ep09_d078,scenario_1_kitchen_pm_spike_ep09,scenario_1_kitchen_pm_spike,78,A,train,5.486013614488686,5.504336,0,0.0,0.0,0.0,4.0,8.88888888888889,0.6577777777777778,81.46000000000014,1.0,1.0,1,85.45615775566375,-0.29191148418119783,0
scenario_1_kitchen_pm_spike_ep09_d078,scenario_1_kitchen_pm_spike_ep09,scenario_1_kitchen_pm_spike,78,B,train,5.776170454233161,5.809062,0,0.0,0.0,0.0,5.656854249492381,12.57078722109418,0.9302382543609692,81.46000000000014,1.0,1.0,1,88.49001414377972,-0.3673699025942758,0
scenario_1_kitchen_pm_spike_ep09_d078,scenario_1_kitchen_pm_spike_ep09,scenario_1_kitchen_pm_spike,78,C,train,23.111855804819275,23.358934,0,660.0,0.0,0.0,0.0,0.0,0.0,81.46000000000014,0.0,1.0,1,324.9902920657005,0.9999999999959097,4
scenario_1_kitchen_pm_spike_ep09_d078,scenario_1_kitchen_pm_spike_ep09,scenario_1_kitchen_pm_spike,78,D,train,5.4993356964363205,5.2631593,0,0.0,0.0,0.0,4.0,8.88888888888889,0.6577777777777778,81.46000000000014,1.0,1.0,1,80.5126860820194,-0.312132034254623,0
scenario_1_kitchen_pm_spike_ep10_d012,scenario_1_kitchen_pm_spike_ep10,scenario_1_kitchen_pm_spike,12,A,train,4.881103791022582,5.030383,0,0.0,0.0,0.0,4.0,8.88888888888889,0.6577777777777778,86.04000000000002,1.0,1.0,1,26.21940066480761,-0.312132034254623,0
scenario_1_kitchen_pm_spike_ep10_d012,scenario_1_kitchen_pm_spike_ep10,scenario_1_kitchen_pm_spike,12,B,train,3.865140470375124,5.3296266,0,0.0,0.0,0.0,5.656854249492381,12.57078722109418,0.9302382543609692,86.04000000000002,1.0,1.0,1,28.7498187752434,-0.3849681484596468,0
scenario_1_kitchen_pm_spike_ep10_d012,scenario_1_kitchen_pm_spike_ep10,scenario_1_kitchen_pm_spike,12,C,train,4.298238160919275,13.078788,1,0.0,0.0,0.0,0.0,0.0,0.0,86.04000000000002,0.0,1.0,1,194.55648992846693,0.9999999999940596,4
scenario_1_kitchen_pm_spike_ep10_d012,scenario_1_kitchen_pm_spike_ep10,scenario_1_kitchen_pm_spike,12,D,train,6.165220394710938,4.994539,0,0.0,0.0,0.0,4.0,8.88888888888889,0.6577777777777778,86.04000000000002,1.0,1.0,1,31.36610839707646,-0.28155821505202766,0
scenario_1_kitchen_pm_spike_ep10_d015,scenario_1_kitchen_pm_spike_ep10,scenario_1_kitchen_pm_spike,15,A,train,4.989752484844512,6.598942,0,0.0,0.0,0.0,5.656854249492381,12.57078722109418,0.9302382543609692,85.80000000000003,1.0,1.0,1,27.87362963490841,-0.3999999998566819,0
scenario_1_kitchen_pm_spike_ep10_d015,scenario_1_kitchen_pm_spike_ep10,scenario_1_kitchen_pm_spike,15,B,train,3.8678383500638622,5.1974425,0,0.0,0.0,0.0,4.0,8.88888888888889,0.6577777777777778,85.80000000000003,1.0,1.0,1,30.16172092575516,-0.30400801910098585,0
scenario_1_kitchen_pm_spike_ep10_d015,scenario_1_kitchen_pm_spike_ep10,scenario_1_kitchen_pm_spike,15,C,train,4.636053198944326,22.7979,1,0.0,0.0,0.0,4.0,8.88888888888889,0.6577777777777778,85.80000000000003,1.0,1.0,1,309.5190041901524,0.6878679657418265,4
scenario_1_kitchen_pm_spike_ep10_d015,scenario_1_kitchen_pm_spike_ep10,scenario_1_kitchen_pm_spike,15,D,train,5.174471337143472,4.993349,0,0.0,0.0,0.0,0.0,0.0,0.0,85.80000000000003,0.0,1.0,1,32.67046402908352,0.01703146874587564,3
scenario_1_kitchen_pm_spike_ep10_d018,scenario_1_kitchen_pm_spike_ep10,scenario_1_kitchen_pm_spike,18,A,train,5.10108965552434,5.73104,0,0.0,0.0,0.0,4.0,8.88888888888889,0.6577777777777778,85.56000000000003,1.0,1.0,1,30.28671264399236,-0.312132034254623,0
scenario_1_kitchen_pm_spike_ep10_d018,scenario_1_kitchen_pm_spike_ep10,scenario_1_kitchen_pm_spike,18,B,train,4.392354817064378,5.550118,0,0.0,0.0,0.0,0.0,0.0,0.0,85.56000000000003,0.0,1.0,1,32.35248343335229,0.005190479489804193,3
scenario_1_kitchen_pm_spike_ep10_d018,scenario_1_kitchen_pm_spike_ep10,scenario_1_kitchen_pm_spike,18,C,train,4.197171783387798,25.494947,1,0.0,0.0,0.0,5.656854249492381,12.57078722109418,0.9302382543609692,85.56000000000003,1.0,1.0,1,428.27899705867753,0.6000000001408057,4
scenario_1_kitchen_pm_spike_ep10_d018,scenario_1_kitchen_pm_spike_ep10,scenario_1_kitchen_pm_spike,18,D,train,4.964831539659754,4.966168,0,0.0,0.0,0.0,4.0,8.88888888888889,0.6577777777777778,85.56000000000003,1.0,1.0,1,34.75721973526788,-0.30089938662217225,0
scenario_1_kitchen_pm_spike_ep10_d021,scenario_1_kitchen_pm_spike_ep10,scenario_1_kitchen_pm_spike,21,A,train,5.068392302185592,5.4088135,0,0.0,0.0,0.0,4.0,8.88888888888889,0.6577777777777778,85.32000000000004,1.0,1.0,1,33.66933167789125,-0.312132034254623,0
scenario_1_kitchen_pm_spike_ep10_d021,scenario_1_kitchen_pm_spike_ep10,scenario_1_kitchen_pm_spike,21,B,train,4.5514913084903,5.489725,0,0.0,0.0,0.0,5.656854249492381,12.57078722109418,0.9302382543609692,85.32000000000004,1.0,1.0,1,35.53125606262938,-0.39627375345100535,0
scenario_1_kitchen_pm_spike_ep10_d021,scenario_1_kitchen_pm_spike_ep10,scenario_1_kitchen_pm_spike,21,C,train,11.12861405208247,36.60418,1,0.0,0.0,0.0,0.0,0.0,0.0,85.32000000000004,0.0,1.0,1,533.3476089646393,0.9999999999979987,4
scenario_1_kitchen_pm_spike_ep10_d021,scenario_1_kitchen_pm_spike_ep10,scenario_1_kitchen_pm_spike,21,D,train,4.469650937246096,5.1034837,0,0.0,0.0,0.0,4.0,8.88888888888889,0.6577777777777778,85.32000000000004,1.0,1.0,1,37.83548542014637,-0.30379436193300646,0
scenario_1_kitchen_pm_spike_ep10_d024,scenario_1_kitchen_pm_spike_ep10,scenario_1_kitchen_pm_spike,24,A,train,4.783946766948829,5.42707,0,0.0,0.0,0.0,0.0,0.0,0.0,85.08000000000004,0.0,1.0,1,38.29945566790161,0.0,0
scenario_1_kitchen_pm_spike_ep10_d024,scenario_1_kitchen_pm_spike_ep10,scenario_1_kitchen_pm_spike,24,B,train,4.218061919589432,5.569686,0,0.0,0.0,0.0,4.0,8.88888888888889,0.6577777777777778,85.08000000000004,1.0,1.0,1,39.974587696922754,-0.309325210405302,0
scenario_1_kitchen_pm_spike_ep10_d024,scenario_1_kitchen_pm_spike_ep10,scenario_1_kitchen_pm_spike,24,C,train,19.687196568167945,38.174206,1,90.0,0.0,0.0,4.0,8.88888888888889,0.6577777777777778,85.08000000000004,1.0,1.0,1,635.1064228822996,0.6878679657437015,4
scenario_1_kitchen_pm_spike_ep10_d024,scenario_1_kitchen_pm_spike_ep10,scenario_1_kitchen_pm_spike,24,D,train,4.235697803588983,5.0699744,0,0.0,0.0,0.0,5.656854249492381,12.57078722109418,0.9302382543609692,85.08000000000004,1.0,1.0,1,42.18176222964007,-0.3934948704345964,0
scenario_1_kitchen_pm_spike_ep10_d027,scenario_1_kitchen_pm_spike_ep10,scenario_1_kitchen_pm_spike,27,A,train,5.174922347910574,5.7384276,0,0.0,0.0,0.0,4.0,8.88888888888889,0.6577777777777778,84.84000000000005,1.0,1.0,1,42.883999650444366,-0.312132034254623,0
scenario_1_kitchen_pm_spike_ep10_d027,scenario_1_kitchen_pm_spike_ep10,scenario_1_kitchen_pm_spike,27,B,train,3.606135388966922,5.006812,0,0.0,0.0,0.0,0.0,0.0,0.0,84.84000000000005,0.0,1.0,1,44.38807752739717,0.002359002327778672,3
scenario_1_kitchen_pm_spike_ep10_d027,scenario_1_kitchen_pm_spike_ep10,scenario_1_kitchen_pm_spike,27,C,train,28.573026131845182,36.14348,1,180.0,90.0,0.0,5.656854249492381,12.57078722109418,0.9302382543609692,84.84000000000005,1.0,1.0,1,680.4746706044425,0.6000000001417498,4
scenario_1_kitchen_pm_spike_ep10_d027,scenario_1_kitchen_pm_spike_ep10,scenario_1_kitchen_pm_spike,27,D,train,4.643312839772653,5.1683927,0,0.0,0.0,0.0,4.0,8.88888888888889,0.6577777777777778,84.84000000000005,1.0,1.0,1,46.50159482713502,-0.3064581821399549,0
scenario_1_kitchen_pm_spike_ep10_d030,scenario_1_kitchen_pm_spike_ep10,scenario_1_kitchen_pm_spike,30,A,train,4.427797045162908,5.631251,0,0.0,0.0,0.0,5.656854249492381,12.57078722109418,0.9302382543609692,84.60000000000005,1.0,1.0,1,47.61579966534168,-0.3999999998566819,0
scenario_1_kitchen_pm_spike_ep10_d030,scenario_1_kitchen_pm_spike_ep10,scenario_1_kitchen_pm_spike,30,B,train,4.979371467019581,5.06742,0,0.0,0.0,0.0,4.0,8.88888888888889,0.6577777777777778,84.60000000000005,1.0,1.0,1,48.96334253530336,-0.3100466019359939,0
scenario_1_kitchen_pm_spike_ep10_d030,scenario_1_kitchen_pm_spike_ep10,scenario_1_kitchen_pm_spike,30,C,train,35.771527637157696,34.648674,0,270.0,180.0,0.0,4.0,8.88888888888889,0.6577777777777778,84.60000000000005,1.0,1.0,1,693.7853530582034,0.6878679657438295,4
scenario_1_kitchen_pm_spike_ep10_d030,scenario_1_kitchen_pm_spike_ep10,scenario_1_kitchen_pm_spike,30,D,train,4.4384297789351015,5.256262,0,0.0,0.0,0.0,0.0,0.0,0.0,84.60000000000005,0.0,1.0,1,50.98653986057752,0.005216494923866,3
scenario_1_kitchen_pm_spike_ep10_d033,scenario_1_kitchen_pm_spike_ep10,scenario_1_kitchen_pm_spike,33,A,train,6.198746867290705,5.913376,0,0.0,0.0,0.0,0.0,0.0,0.0,84.36000000000006,0.0,1.0,1,51.95523158995343,0.0,0
scenario_1_kitchen_pm_spike_ep10_d033,scenario_1_kitchen_pm_spike_ep10,scenario_1_kitchen_pm_spike,33,B,train,4.997522994585156,4.776271,0,0.0,0.0,0.0,4.0,8.88888888888889,0.6577777777777778,84.36000000000006,1.0,1.0,1,53.15962942668125,-0.3101715716444176,0
scenario_1_kitchen_pm_spike_ep10_d033,scenario_1_kitchen_pm_spike_ep10,scenario_1_kitchen_pm_spike,33,C,train,41.04466836805009,32.236763,-1,360.0,270.0,0.0,4.0,8.88888888888889,0.6577777777777778,84.36000000000006,1.0,1.0,1,666.2989229494502,0.6878679657437493,4
scenario_1_kitchen_pm_spike_ep10_d033,scenario_1_kitchen_pm_spike_ep10,scenario_1_kitchen_pm_spike,33,D,train,4.878986391955908,5.1355004,0,0.0,0.0,0.0,5.656854249492381,12.57078722109418,0.9302382543609692,84.36000000000006,1.0,1.0,1,55.095778788181406,-0.3948879636424366,0
scenario_1_kitchen_pm_spike_ep10_d036,scenario_1_kitchen_pm_spike_ep10,scenario_1_kitchen_pm_spike,36,A,train,5.919966560288515,6.0508637,0,0.0,0.0,0.0,4.0,8.88888888888889,0.6577777777777778,84.12000000000006,1.0,1.0,1,55.87327544599839,-0.312132034254623,0
scenario_1_kitchen_pm_spike_ep10_d036,scenario_1_kitchen_pm_spike_ep10,scenario_1_kitchen_pm_spike,36,B,train,4.090476696545733,5.3497243,0,0.0,0.0,0.0,5.656854249492381,12.57078722109418,0.9302382543609692,84.12000000000006,1.0,1.0,1,56.946872520872375,-0.39813350980331663,0
scenario_1_kitchen_pm_spike_ep10_d036,scenario_1_kitchen_pm_spike_ep10,scenario_1_kitchen_pm_spike,36,C,train,34.39749839209691,31.918219,0,0.0,360.0,0.0,0.0,0.0,0.0,84.12000000000006,0.0,1.0,1,631.068987277667,0.9999999999982615,4
scenario_1_kitchen_pm_spike_ep10_d036,scenario_1_kitchen_pm_spike_ep10,scenario_1_kitchen_pm_spike,36,D,train,5.19439339766882,5.2119246,0,0.0,0.0,0.0,4.0,8.88888888888889,0.6577777777777778,84.12000000000006,1.0,1.0,1,58.79917657190754,-0.3070452419407743,0
scenario_1_kitchen_pm_spike_ep10_d039,scenario_1_kitchen_pm_spike_ep10,scenario_1_kitchen_pm_spike,39,A,train,5.790347219576455,5.848763,0,0.0,0.0,0.0,5.656854249492381,12.57078722109418,0.9302382543609692,83.88000000000007,1.0,1.0,1,59.33367227375675,-0.3999999998566819,0
scenario_1_kitchen_pm_spike_ep10_d039,scenario_1_kitchen_pm_spike_ep10,scenario_1_kitchen_pm_spike,39,B,train,5.0679446655855385,5.3392253,0,0.0,0.0,0.0,4.0,8.88888888888889,0.6577777777777778,83.88000000000007,1.0,1.0,1,60.28784465456329,-0.3103602737809679,0
scenario_1_kitchen_pm_spike_ep10_d039,scenario_1_kitchen_pm_spike_ep10,scenario_1_kitchen_pm_spike,39,C,train,33.22232981848563,31.76377,0,90.0,450.0,0.0,4.0,8.88888888888889,0.6577777777777778,83.88000000000007,1.0,1.0,1,597.8784671219782,0.6878679657435202,4
scenario_1_kitchen_pm_spike_ep10_d039,scenario_1_kitchen_pm_spike_ep10,scenario_1_kitchen_pm_spike,39,D,train,5.692249483275725,5.4930434,0,0.0,0.0,0.0,0.0,0.0,0.0,83.88000000000007,0.0,1.0,1,62.05943330751188,0.005061345053976942,3
scenario_1_kitchen_pm_spike_ep10_d042,scenario_1_kitchen_pm_spike_ep10,scenario_1_kitchen_pm_spike,42,A,train,6.129402898817535,6.120582,0,0.0,0.0,0.0,4.0,8.88888888888889,0.6577777777777778,83.64000000000007,1.0,1.0,1,62.37168012714483,-0.312132034254623,0
scenario_1_kitchen_pm_spike_ep10_d042,scenario_1_kitchen_pm_spike_ep10,scenario_1_kitchen_pm_spike,42,B,train,4.467679982425986,5.4701934,0,0.0,0.0,0.0,0.0,0.0,0.0,83.64000000000007,0.0,1.0,1,63.216907624036594,0.0016762686364106554,3
scenario_1_kitchen_pm_spike_ep10_d042,scenario_1_kitchen_pm_spike_ep10,scenario_1_kitchen_pm_spike,42,C,train,32.07764247617352,28.648304,-1,180.0,540.0,0.0,5.656854249492381,12.57078722109418,0.9302382543609692,83.64000000000007,1.0,1.0,1,566.6032087322202,0.600000000141335,4
scenario_1_kitchen_pm_spike_ep10_d042,scenario_1_kitchen_pm_spike_ep10,scenario_1_kitchen_pm_spike,42,D,train,4.8306714264498645,5.536208,0,0.0,0.0,0.0,4.0,8.88888888888889,0.6577777777777778,83.64000000000007,1.0,1.0,1,64.91083532046446,-0.30709634122618623,0
scenario_1_kitchen_pm_spike_ep10_d045,scenario_1_kitchen_pm_spike_ep10,scenario_1_kitchen_pm_spike,45,A,train,5.184336378493114,6.2459307,0,0.0,0.0,0.0,4.0,8.88888888888889,0.6577777777777778,83.40000000000008,1.0,1.0,1,65.02012679088625,-0.312132034254623,0
scenario_1_kitchen_pm_spike_ep10_d045,scenario_1_kitchen_pm_spike_ep10,scenario_1_kitchen_pm_spike,45,B,train,5.961663023533814,6.1093526,0,0.0,0.0,0.0,5.656854249492381,12.57078722109418,0.9302382543609692,83.40000000000008,1.0,1.0,1,65.7660597381921,-0.3984199905709783,0
scenario_1_kitchen_pm_spike_ep10_d045,scenario_1_kitchen_pm_spike_ep10,scenario_1_kitchen_pm_spike,45,C,train,31.46919476383932,28.24779,-1,270.0,630.0,0.0,0.0,0.0,0.0,83.40000000000008,0.0,1.0,1,537.1268125260498,0.9999999999978818,4
scenario_1_kitchen_pm_spike_ep10_d045,scenario_1_kitchen_pm_spike_ep10,scenario_1_kitchen_pm_spike,45,D,train,5.685748738774142,5.703621,0,0.0,0.0,0.0,4.0,8.88888888888889,0.6577777777777778,83.40000000000008,1.0,1.0,1,67.38530330635604,-0.3071221994292981,0
scenario_1_kitchen_pm_spike_ep10_d048,scenario_1_kitchen_pm_spike_ep10,scenario_1_kitchen_pm_spike,48,A,train,5.328298569737066,6.264006,0,0.0,0.0,0.0,0.0,0.0,0.0,83.16000000000008,0.0,1.0,1,67.30957043954822,0.0,0
scenario_1_kitchen_pm_spike_ep10_d048,scenario_1_kitchen_pm_spike_ep10,scenario_1_kitchen_pm_spike,48,B,train,5.058120388946042,6.043463,0,0.0,0.0,0.0,4.0,8.88888888888889,0.6577777777777778,83.16000000000008,1.0,1.0,1,67.96509167533463,-0.31064905711010127,0
scenario_1_kitchen_pm_spike_ep10_d048,scenario_1_kitchen_pm_spike_ep10,scenario_1_kitchen_pm_spike,48,C,train,30.54172192815957,28.173754,0,360.0,720.0,0.0,4.0,8.88888888888889,0.6577777777777778,83.16000000000008,1.0,1.0,1,509.3401426614374,0.6878679657431147,4
scenario_1_kitchen_pm_spike_ep10_d048,scenario_1_kitchen_pm_spike_ep10,scenario_1_kitchen_pm_spike,48,D,train,5.357112651010143,5.891235,0,0.0,0.0,0.0,5.656854249492381,12.57078722109418,0.9302382543609692,83.16000000000008,1.0,1.0,1,69.51254871441506,-0.395016230829602,0
scenario_1_kitchen_pm_spike_ep10_d051,scenario_1_kitchen_pm_spike_ep10,scenario_1_kitchen_pm_spike,51,A,train,6.171531485636985,6.274204,0,0.0,0.0,0.0,4.0,8.88888888888889,0.6577777777777778,82.92000000000009,1.0,1.0,1,69.26844985951425,-0.312132034254623,0
scenario_1_kitchen_pm_spike_ep10_d051,scenario_1_kitchen_pm_spike_ep10,scenario_1_kitchen_pm_spike,51,B,train,6.136372676423277,5.9795976,0,0.0,0.0,0.0,0.0,0.0,0.0,82.92000000000009,0.0,1.0,1,69.84173223989183,0.001385166914967939,3
scenario_1_kitchen_pm_spike_ep10_d051,scenario_1_kitchen_pm_spike_ep10,scenario_1_kitchen_pm_spike,51,C,train,29.5197823215572,28.284996,0,450.0,810.0,0.0,5.656854249492381,12.57078722109418,0.9302382543609692,82.92000000000009,1.0,1.0,1,483.14086781967126,0.600000000140902,4
scenario_1_kitchen_pm_spike_ep10_d051,scenario_1_kitchen_pm_spike_ep10,scenario_1_kitchen_pm_spike,51,D,train,6.466055805985881,5.92567,0,0.0,0.0,0.0,4.0,8.88888888888889,0.6577777777777778,82.92000000000009,1.0,1.0,1,71.32021997544985,-0.3071745400441048,0
scenario_1_kitchen_pm_spike_ep10_d054,scenario_1_kitchen_pm_spike_ep10,scenario_1_kitchen_pm_spike,54,A,train,5.773686551945597,6.288867,0,0.0,0.0,0.0,5.656854249492381,12.57078722109418,0.9302382543609692,82.68000000000009,1.0,1.0,1,70.92322490678521,-0.3999999998566819,0
scenario_1_kitchen_pm_spike_ep10_d054,scenario_1_kitchen_pm_spike_ep10,scenario_1_kitchen_pm_spike,54,B,train,6.072385204550721,5.9266715,0,0.0,0.0,0.0,4.0,8.88888888888889,0.6577777777777778,82.68000000000009,1.0,1.0,1,71.42178466871474,-0.31084546097615806,0
scenario_1_kitchen_pm_spike_ep10_d054,scenario_1_kitchen_pm_spike_ep10,scenario_1_kitchen_pm_spike,54,C,train,30.010122587348526,28.109646,0,540.0,900.0,0.0,4.0,8.88888888888889,0.6577777777777778,82.68000000000009,1.0,1.0,1,458.4330312064181,0.6878679657427964,4
scenario_1_kitchen_pm_spike_ep10_d054,scenario_1_kitchen_pm_spike_ep10,scenario_1_kitchen_pm_spike,54,D,train,5.297762988901784,5.943303,0,0.0,0.0,0.0,0.0,0.0,0.0,82.68000000000009,0.0,1.0,1,72.83403922867001,0.004931008946912627,3
scenario_1_kitchen_pm_spike_ep10_d057,scenario_1_kitchen_pm_spike_ep10,scenario_1_kitchen_pm_spike,57,A,train,7.122871478111796,6.457079,0,0.0,0.0,0.0,0.0,0.0,0.0,82.4400000000001,0.0,1.0,1,72.2985078303484,0.0,0
scenario_1_kitchen_pm_spike_ep10_d057,scenario_1_kitchen_pm_spike_ep10,scenario_1_kitchen_pm_spike,57,B,train,6.390113762462385,5.927042,0,0.0,0.0,0.0,4.0,8.88888888888889,0.6577777777777778,82.4400000000001,1.0,1.0,1,72.72925409504614,-0.3109448433586607,0
scenario_1_kitchen_pm_spike_ep10_d057,scenario_1_kitchen_pm_spike_ep10,scenario_1_kitchen_pm_spike,57,C,train,28.78828130760821,27.117601,0,630.0,990.0,0.0,4.0,8.88888888888889,0.6577777777777778,82.4400000000001,1.0,1.0,1,435.1266479058281,0.6878679657426209,4
scenario_1_kitchen_pm_spike_ep10_d057,scenario_1_kitchen_pm_spike_ep10,scenario_1_kitchen_pm_spike,57,D,train,5.717122083111336,5.820635,0,0.0,0.0,0.0,5.656854249492381,12.57078722109418,0.9302382543609692,82.4400000000001,1.0,1.0,1,74.0779301598327,-0.39509568805465567,0
scenario_1_kitchen_pm_spike_ep10_d060,scenario_1_kitchen_pm_spike_ep10,scenario_1_kitchen_pm_spike,60,A,train,5.792638078819894,6.413673,0,0.0,0.0,0.0,4.0,8.88888888888889,0.6577777777777778,82.2000000000001,1.0,1.0,1,73.41718605030451,-0.312132034254623,0
scenario_1_kitchen_pm_spike_ep10_d060,scenario_1_kitchen_pm_spike_ep10,scenario_1_kitchen_pm_spike,60,B,train,6.6565918274962295,5.9188766,0,0.0,0.0,0.0,5.656854249492381,12.57078722109418,0.9302382543609692,82.2000000000001,1.0,1.0,1,73.78646673917228,-0.3989129854485305,0
scenario_1_kitchen_pm_spike_ep10_d060,scenario_1_kitchen_pm_spike_ep10,scenario_1_kitchen_pm_spike,60,C,train,28.55143015703836,25.526932,-1,720.0,1080.0,0.0,0.0,0.0,0.0,82.2000000000001,0.0,1.0,1,413.1373278418947,0.9999999999970565,4
scenario_1_kitchen_pm_spike_ep10_d060,scenario_1_kitchen_pm_spike_ep10,scenario_1_kitchen_pm_spike,60,D,train,4.877925453702056,5.889497,0,0.0,0.0,0.0,4.0,8.88888888888889,0.6577777777777778,82.2000000000001,1.0,1.0,1,75.07413752381467,-0.307254632918432,0
scenario_1_kitchen_pm_spike_ep10_d063,scenario_1_kitchen_pm_spike_ep10,scenario_1_kitchen_pm_spike,63,A,train,5.778958796106782,6.50867,0,0.0,0.0,0.0,5.656854249492381,12.57078722109418,0.9302382543609692,81.96000000000011,1.0,1.0,1,74.3005369421071,-0.3999999998566819,0
scenario_1_kitchen_pm_spike_ep10_d063,scenario_1_kitchen_pm_spike_ep10,scenario_1_kitchen_pm_spike,63,B,train,6.691626194320034,5.8311462,0,0.0,0.0,0.0,4.0,8.88888888888889,0.6577777777777778,81.96000000000011,1.0,1.0,1,74.61418135830945,-0.31114599581893276,0
scenario_1_kitchen_pm_spike_ep10_d063,scenario_1_kitchen_pm_spike_ep10,scenario_1_kitchen_pm_spike,63,C,train,28.53973157625113,24.434698,-1,810.0,1170.0,0.0,4.0,8.88888888888889,0.6577777777777778,81.96000000000011,1.0,1.0,1,392.3859227128975,0.6878679657422332,4
scenario_1_kitchen_pm_spike_ep10_d063,scenario_1_kitchen_pm_spike_ep10,scenario_1_kitchen_pm_spike,63,D,train,6.162166602356597,5.921913,0,0.0,0.0,0.0,0.0,0.0,0.0,81.96000000000011,0.0,1.0,1,75.84333888785818,0.004850276104347527,3
scenario_1_kitchen_pm_spike_ep10_d066,scenario_1_kitchen_pm_spike_ep10,scenario_1_kitchen_pm_spike,66,A,train,6.264635707648711,6.4818196,0,0.0,0.0,0.0,4.0,8.88888888888889,0.6577777777777778,81.72000000000011,1.0,1.0,1,74.96833514282707,-0.312132034254623,0
scenario_1_kitchen_pm_spike_ep10_d066,scenario_1_kitchen_pm_spike_ep10,scenario_1_kitchen_pm_spike,66,B,train,5.489008288174993,5.776409,0,0.0,0.0,0.0,0.0,0.0,0.0,81.72000000000011,0.0,1.0,1,75.23169345411179,0.0008842575794233651,3
scenario_1_kitchen_pm_spike_ep10_d066,scenario_1_kitchen_pm_spike_ep10,scenario_1_kitchen_pm_spike,66,C,train,27.591852279893324,22.23946,-1,900.0,1260.0,0.0,5.656854249492381,12.57078722109418,0.9302382543609692,81.72000000000011,1.0,1.0,1,372.7981953692714,0.6000000001399607,4
scenario_1_kitchen_pm_spike_ep10_d066,scenario_1_kitchen_pm_spike_ep10,scenario_1_kitchen_pm_spike,66,D,train,6.376226366236118,5.8257985,0,0.0,0.0,0.0,4.0,8.88888888888889,0.6577777777777778,81.72000000000011,1.0,1.0,1,76.40474909734371,-0.30730909959850866,0
scenario_1_kitchen_pm_spike_ep10_d069,scenario_1_kitchen_pm_spike_ep10,scenario_1_kitchen_pm_spike,69,A,train,6.028997853892444,6.32207,0,0.0,0.0,0.0,4.0,8.88888888888889,0.6577777777777778,81.48000000000012,1.0,1.0,1,75.43895286216366,-0.312132034254623,0
scenario_1_kitchen_pm_spike_ep10_d069,scenario_1_kitchen_pm_spike_ep10,scenario_1_kitchen_pm_spike,69,B,train,6.973507405282693,5.8469095,0,0.0,0.0,0.0,5.656854249492381,12.57078722109418,0.9302382543609692,81.48000000000012,1.0,1.0,1,75.65693270421048,-0.39921833343604307,0
scenario_1_kitchen_pm_spike_ep10_d069,scenario_1_kitchen_pm_spike_ep10,scenario_1_kitchen_pm_spike,69,C,train,27.33907986898416,19.947865,-1,990.0,1350.0,0.0,0.0,0.0,0.0,81.48000000000012,0.0,1.0,1,354.30451020297903,0.9999999999964141,4
scenario_1_kitchen_pm_spike_ep10_d069,scenario_1_kitchen_pm_spike_ep10,scenario_1_kitchen_pm_spike,69,D,train,6.474594873338694,5.850602,0,0.0,0.0,0.0,4.0,8.88888888888889,0.6577777777777778,81.48000000000012,1.0,1.0,1,76.77621793363664,-0.3073366587187556,0
scenario_1_kitchen_pm_spike_ep10_d072,scenario_1_kitchen_pm_spike_ep10,scenario_1_kitchen_pm_spike,72,A,train,7.004088771966285,6.2989726,0,0.0,0.0,0.0,0.0,0.0,0.0,81.24000000000012,0.0,1.0,1,75.72945364990346,0.0,0
scenario_1_kitchen_pm_spike_ep10_d072,scenario_1_kitchen_pm_spike_ep10,scenario_1_kitchen_pm_spike,72,B,train,5.97814820735977,5.846761,0,0.0,0.0,0.0,4.0,8.88888888888889,0.6577777777777778,81.24000000000012,1.0,1.0,1,75.90655405425036,-0.31145377473333863,0
scenario_1_kitchen_pm_spike_ep10_d072,scenario_1_kitchen_pm_spike_ep10,scenario_1_kitchen_pm_spike,72,C,train,25.389113998121392,18.668083,-1,1080.0,1440.0,0.0,4.0,8.88888888888889,0.6577777777777778,81.24000000000012,1.0,1.0,1,336.839543208039,0.6878679657415473,4
scenario_1_kitchen_pm_spike_ep10_d072,scenario_1_kitchen_pm_spike_ep10,scenario_1_kitchen_pm_spike,72,D,train,7.296841689449553,5.9646735,0,0.0,0.0,0.0,5.656854249492381,12.57078722109418,0.9302382543609692,81.24000000000012,1.0,1.0,1,76.9743214033906,-0.39523240257390735,0
scenario_1_kitchen_pm_spike_ep10_d075,scenario_1_kitchen_pm_spike_ep10,scenario_1_kitchen_pm_spike,75,A,train,5.954846563193351,6.1627803,0,0.0,0.0,0.0,4.0,8.88888888888889,0.6577777777777778,81.00000000000013,1.0,1.0,1,75.8556800424816,-0.312132034254623,0
scenario_1_kitchen_pm_spike_ep10_d075,scenario_1_kitchen_pm_spike_ep10,scenario_1_kitchen_pm_spike,75,B,train,5.277068136516112,5.532187,0,0.0,0.0,0.0,0.0,0.0,0.0,81.00000000000013,0.0,1.0,1,75.99602287893867,0.0005740314242446922,3
scenario_1_kitchen_pm_spike_ep10_d075,scenario_1_kitchen_pm_spike_ep10,scenario_1_kitchen_pm_spike,75,C,train,26.00147888379639,19.170868,-1,1170.0,1530.0,0.0,5.656854249492381,12.57078722109418,0.9302382543609692,81.00000000000013,1.0,1.0,1,320.34201045752536,0.600000000139228,4
scenario_1_kitchen_pm_spike_ep10_d075,scenario_1_kitchen_pm_spike_ep10,scenario_1_kitchen_pm_spike,75,D,train,5.409482928166126,5.8030014,0,0.0,0.0,0.0,4.0,8.88888888888889,0.6577777777777778,81.00000000000013,1.0,1.0,1,77.01444707049495,-0.3073924358237354,0
scenario_1_kitchen_pm_spike_ep10_d078,scenario_1_kitchen_pm_spike_ep10,scenario_1_kitchen_pm_spike,78,A,train,6.1934229836689525,6.0834193,0,0.0,0.0,0.0,5.656854249492381,12.57078722109418,0.9302382543609692,80.76000000000013,1.0,1.0,1,75.83233548410226,-0.3999999998566819,0
scenario_1_kitchen_pm_spike_ep10_d078,scenario_1_kitchen_pm_spike_ep10,scenario_1_kitchen_pm_spike,78,B,train,5.8169864617757385,5.8524613,0,0.0,0.0,0.0,4.0,8.88888888888889,0.6577777777777778,80.76000000000013,1.0,1.0,1,75.93969459433174,-0.3116630576010462,0
scenario_1_kitchen_pm_spike_ep10_d078,scenario_1_kitchen_pm_spike_ep10,scenario_1_kitchen_pm_spike,78,C,train,17.218522022556424,20.678057,1,30.0,0.0,0.0,4.0,8.88888888888889,0.6577777777777778,80.76000000000013,1.0,1.0,1,304.75441382251813,0.6878679657410087,4
scenario_1_kitchen_pm_spike_ep10_d078,scenario_1_kitchen_pm_spike_ep10,scenario_1_kitchen_pm_spike,78,D,train,6.073757244576442,5.985351,0,0.0,0.0,0.0,0.0,0.0,0.0,80.76000000000013,0.0,1.0,1,76.91087381535044,0.004711377509202351,3
scenario_1_kitchen_pm_spike_ep11_d012,scenario_1_kitchen_pm_spike_ep11,scenario_1_kitchen_pm_spike,12,A,train,2.4990695671737058,3.301558,0,0.0,0.0,0.0,5.656854249492381,12.57078722109418,0.9302382543609692,85.34000000000002,1.0,1.0,1,12.36633808796512,-0.3999999998566819,0
scenario_1_kitchen_pm_spike_ep11_d012,scenario_1_kitchen_pm_spike_ep11,scenario_1_kitchen_pm_spike,12,B,train,4.062386056823578,4.7548046,0,0.0,0.0,0.0,4.0,8.88888888888889,0.6577777777777778,85.34000000000002,1.0,1.0,1,41.91160936848689,-0.14754648210608326,0
scenario_1_kitchen_pm_spike_ep11_d012,scenario_1_kitchen_pm_spike_ep11,scenario_1_kitchen_pm_spike,12,C,train,3.0978605044153227,11.0903,1,0.0,0.0,0.0,4.0,8.88888888888889,0.6577777777777778,85.34000000000002,1.0,1.0,1,191.87949033411337,0.6878679657398065,4
scenario_1_kitchen_pm_spike_ep11_d012,scenario_1_kitchen_pm_spike_ep11,scenario_1_kitchen_pm_spike,12,D,train,5.280231658745199,5.974665,0,0.0,0.0,0.0,0.0,0.0,0.0,85.34000000000002,0.0,1.0,1,40.74166054244324,0.1580682089266186,3
scenario_1_kitchen_pm_spike_ep11_d015,scenario_1_kitchen_pm_spike_ep11,scenario_1_kitchen_pm_spike,15,A,train,3.7492210781750015,3.3759866,0,0.0,0.0,0.0,0.0,0.0,0.0,85.10000000000002,0.0,1.0,1,14.74684091906454,0.0,0
scenario_1_kitchen_pm_spike_ep11_d015,scenario_1_kitchen_pm_spike_ep11,scenario_1_kitchen_pm_spike,15,B,train,4.066840882739324,4.5008783,0,0.0,0.0,0.0,4.0,8.88888888888889,0.6577777777777778,85.10000000000002,1.0,1.0,1,42.44475521812615,-0.21329694446049222,0
scenario_1_kitchen_pm_spike_ep11_d015,scenario_1_kitchen_pm_spike_ep11,scenario_1_kitchen_pm_spike,15,C,train,4.08766775383932,18.05021,1,0.0,0.0,0.0,4.0,8.88888888888889,0.6577777777777778,85.10000000000002,1.0,1.0,1,294.99057173022004,0.6878679657418088,4
scenario_1_kitchen_pm_spike_ep11_d015,scenario_1_kitchen_pm_spike_ep11,scenario_1_kitchen_pm_spike,15,D,train,3.5552357740887017,5.0954103,0,0.0,0.0,0.0,5.656854249492381,12.57078722109418,0.9302382543609692,85.10000000000002,1.0,1.0,1,41.30142912219128,-0.30524466625414,0
scenario_1_kitchen_pm_spike_ep11_d018,scenario_1_kitchen_pm_spike_ep11,scenario_1_kitchen_pm_spike,18,A,train,2.5577315157255067,3.4007452,0,0.0,0.0,0.0,4.0,8.88888888888889,0.6577777777777778,84.86000000000003,1.0,1.0,1,18.08206344651876,-0.312132034254623,0
scenario_1_kitchen_pm_spike_ep11_d018,scenario_1_kitchen_pm_spike_ep11,scenario_1_kitchen_pm_spike,18,B,train,4.017938285961796,4.8104377,0,0.0,0.0,0.0,5.656854249492381,12.57078722109418,0.9302382543609692,84.86000000000003,1.0,1.0,1,44.04847055859818,-0.3360180252833912,0
scenario_1_kitchen_pm_spike_ep11_d018,scenario_1_kitchen_pm_spike_ep11,scenario_1_kitchen_pm_spike,18,C,train,3.413546040337042,20.598303,1,0.0,0.0,0.0,0.0,0.0,0.0,84.86000000000003,0.0,1.0,1,423.92147814403177,0.999999999997536,4
scenario_1_kitchen_pm_spike_ep11_d018,scenario_1_kitchen_pm_spike_ep11,scenario_1_kitchen_pm_spike,18,D,train,3.59841570570573,5.1678414,0,0.0,0.0,0.0,4.0,8.88888888888889,0.6577777777777778,84.86000000000003,1.0,1.0,1,42.93275843840138,-0.2508992064615327,0
scenario_1_kitchen_pm_spike_ep11_d021,scenario_1_kitchen_pm_spike_ep11,scenario_1_kitchen_pm_spike,21,A,train,2.377451011347681,4.6425295,0,0.0,0.0,0.0,5.656854249492381,12.57078722109418,0.9302382543609692,84.62000000000003,1.0,1.0,1,22.83270681445879,-0.3999999998566819,0
scenario_1_kitchen_pm_spike_ep11_d021,scenario_1_kitchen_pm_spike_ep11,scenario_1_kitchen_pm_spike,21,B,train,4.226935064565836,4.9857125,0,0.0,0.0,0.0,4.0,8.88888888888889,0.6577777777777778,84.62000000000003,1.0,1.0,1,47.17617194469176,-0.2667376139679609,0
scenario_1_kitchen_pm_spike_ep11_d021,scenario_1_kitchen_pm_spike_ep11,scenario_1_kitchen_pm_spike,21,C,train,9.870828589625718,36.589233,1,0.0,0.0,0.0,4.0,8.88888888888889,0.6577777777777778,84.62000000000003,1.0,1.0,1,559.0982869553781,0.6878679657435123,4
scenario_1_kitchen_pm_spike_ep11_d021,scenario_1_kitchen_pm_spike_ep11,scenario_1_kitchen_pm_spike,21,D,train,4.85330286460757,5.2533326,0,0.0,0.0,0.0,0.0,0.0,0.0,84.62000000000003,0.0,1.0,1,46.08885100935777,0.043366841087851264,3
scenario_1_kitchen_pm_spike_ep11_d024,scenario_1_kitchen_pm_spike_ep11,scenario_1_kitchen_pm_spike,24,A,train,2.893448506991042,4.286658,0,0.0,0.0,0.0,4.0,8.88888888888889,0.6577777777777778,84.38000000000004,1.0,1.0,1,27.372260001301584,-0.312132034254623,0
scenario_1_kitchen_pm_spike_ep11_d024,scenario_1_kitchen_pm_spike_ep11,scenario_1_kitchen_pm_spike,24,B,train,3.8272252023865097,4.7828684,0,0.0,0.0,0.0,0.0,0.0,0.0,84.38000000000004,0.0,1.0,1,50.19452293058953,0.038474475463322735,3
scenario_1_kitchen_pm_spike_ep11_d024,scenario_1_kitchen_pm_spike_ep11,scenario_1_kitchen_pm_spike,24,C,train,16.867590423669153,37.07244,1,0.0,0.0,0.0,5.656854249492381,12.57078722109418,0.9302382543609692,84.38000000000004,1.0,1.0,1,620.5515731541389,0.6000000001416325,4
scenario_1_kitchen_pm_spike_ep11_d024,scenario_1_kitchen_pm_spike_ep11,scenario_1_kitchen_pm_spike,24,D,train,4.086468912055721,5.491432,0,0.0,0.0,0.0,4.0,8.88888888888889,0.6577777777777778,84.38000000000004,1.0,1.0,1,49.13617847053911,-0.2754417485574999,0
scenario_1_kitchen_pm_spike_ep11_d027,scenario_1_kitchen_pm_spike_ep11,scenario_1_kitchen_pm_spike,27,A,train,3.9737092661206375,4.1053195,0,0.0,0.0,0.0,4.0,8.88888888888889,0.6577777777777778,84.14000000000004,1.0,1.0,1,33.42130706620242,-0.312132034254623,0
scenario_1_kitchen_pm_spike_ep11_d027,scenario_1_kitchen_pm_spike_ep11,scenario_1_kitchen_pm_spike,27,B,train,4.269467147274156,4.8152337,0,0.0,0.0,0.0,5.656854249492381,12.57078722109418,0.9302382543609692,84.14000000000004,1.0,1.0,1,54.81771231075345,-0.3679079530277939,0
scenario_1_kitchen_pm_spike_ep11_d027,scenario_1_kitchen_pm_spike_ep11,scenario_1_kitchen_pm_spike,27,C,train,27.37468676444865,38.163574,1,90.0,90.0,0.0,0.0,0.0,0.0,84.14000000000004,0.0,1.0,1,700.1411756555365,0.9999999999985001,4
scenario_1_kitchen_pm_spike_ep11_d027,scenario_1_kitchen_pm_spike_ep11,scenario_1_kitchen_pm_spike,27,D,train,5.674302146301332,5.4979,0,0.0,0.0,0.0,4.0,8.88888888888889,0.6577777777777778,84.14000000000004,1.0,1.0,1,53.788757928970654,-0.2815832958379447,0
scenario_1_kitchen_pm_spike_ep11_d030,scenario_1_kitchen_pm_spike_ep11,scenario_1_kitchen_pm_spike,30,A,train,3.813887438452336,4.251084,0,0.0,0.0,0.0,0.0,0.0,0.0,83.90000000000005,0.0,1.0,1,38.75491990443925,0.0,0
scenario_1_kitchen_pm_spike_ep11_d030,scenario_1_kitchen_pm_spike_ep11,scenario_1_kitchen_pm_spike,30,B,train,5.253282744738344,5.2946935,0,0.0,0.0,0.0,4.0,8.88888888888889,0.6577777777777778,83.90000000000005,1.0,1.0,1,58.81481970561981,-0.2821870822549931,0
scenario_1_kitchen_pm_spike_ep11_d030,scenario_1_kitchen_pm_spike_ep11,scenario_1_kitchen_pm_spike,30,C,train,34.13782545407354,36.02766,0,180.0,180.0,0.0,4.0,8.88888888888889,0.6577777777777778,83.90000000000005,1.0,1.0,1,708.6474547596819,0.6878679657438842,4
scenario_1_kitchen_pm_spike_ep11_d030,scenario_1_kitchen_pm_spike_ep11,scenario_1_kitchen_pm_spike,30,D,train,5.045908236726758,5.6292243,0,0.0,0.0,0.0,5.656854249492381,12.57078722109418,0.9302382543609692,83.90000000000005,1.0,1.0,1,57.815515809496446,-0.37154678547782993,0
scenario_1_kitchen_pm_spike_ep11_d033,scenario_1_kitchen_pm_spike_ep11,scenario_1_kitchen_pm_spike,33,A,train,3.3952901708185337,4.293386,0,0.0,0.0,0.0,4.0,8.88888888888889,0.6577777777777778,83.66000000000005,1.0,1.0,1,43.50050440694167,-0.312132034254623,0
scenario_1_kitchen_pm_spike_ep11_d033,scenario_1_kitchen_pm_spike_ep11,scenario_1_kitchen_pm_spike,33,B,train,4.273500644832354,5.1910944,0,0.0,0.0,0.0,0.0,0.0,0.0,83.66000000000005,0.0,1.0,1,62.30763627092301,0.029969441233360043,3
scenario_1_kitchen_pm_spike_ep11_d033,scenario_1_kitchen_pm_spike_ep11,scenario_1_kitchen_pm_spike,33,C,train,40.68293423222794,34.695774,-1,270.0,270.0,0.0,5.656854249492381,12.57078722109418,0.9302382543609692,83.66000000000005,1.0,1.0,1,671.0441318475657,0.6000000001417247,4
scenario_1_kitchen_pm_spike_ep11_d033,scenario_1_kitchen_pm_spike_ep11,scenario_1_kitchen_pm_spike,33,D,train,4.531780464544376,5.77829,0,0.0,0.0,0.0,4.0,8.88888888888889,0.6577777777777778,83.66000000000005,1.0,1.0,1,61.33810696087812,-0.28370755223628596,0
scenario_1_kitchen_pm_spike_ep11_d036,scenario_1_kitchen_pm_spike_ep11,scenario_1_kitchen_pm_spike,36,A,train,4.779719953462372,4.913161,0,0.0,0.0,0.0,5.656854249492381,12.57078722109418,0.9302382543609692,83.42000000000006,1.0,1.0,1,47.99439496273203,-0.3999999998566819,0
scenario_1_kitchen_pm_spike_ep11_d036,scenario_1_kitchen_pm_spike_ep11,scenario_1_kitchen_pm_spike,36,B,train,4.936590194352944,5.176745,0,0.0,0.0,0.0,4.0,8.88888888888889,0.6577777777777778,83.42000000000006,1.0,1.0,1,65.62723536038516,-0.2821211997115693,0
scenario_1_kitchen_pm_spike_ep11_d036,scenario_1_kitchen_pm_spike_ep11,scenario_1_kitchen_pm_spike,36,C,train,38.01747487084376,34.080307,-1,360.0,360.0,0.0,4.0,8.88888888888889,0.6577777777777778,83.42000000000006,1.0,1.0,1,635.5435473305855,0.687867965743675,4
scenario_1_kitchen_pm_spike_ep11_d036,scenario_1_kitchen_pm_spike_ep11,scenario_1_kitchen_pm_spike,36,D,train,5.599787250124151,5.832756,0,0.0,0.0,0.0,0.0,0.0,0.0,83.42000000000006,0.0,1.0,1,64.68748384137757,0.02841139130461361,3
scenario_1_kitchen_pm_spike_ep11_d039,scenario_1_kitchen_pm_spike_ep11,scenario_1_kitchen_pm_spike,39,A,train,4.3694375371987615,4.913314,0,0.0,0.0,0.0,0.0,0.0,0.0,83.18000000000006,0.0,1.0,1,51.99150668916354,0.0,0
scenario_1_kitchen_pm_spike_ep11_d039,scenario_1_kitchen_pm_spike_ep11,scenario_1_kitchen_pm_spike,39,B,train,4.89138552648365,5.1393313,0,0.0,0.0,0.0,4.0,8.88888888888889,0.6577777777777778,83.18000000000006,1.0,1.0,1,68.5236024245769,-0.2820794721828622,0
scenario_1_kitchen_pm_spike_ep11_d039,scenario_1_kitchen_pm_spike_ep11,scenario_1_kitchen_pm_spike,39,C,train,35.77825713657485,32.763973,-1,450.0,450.0,0.0,4.0,8.88888888888889,0.6577777777777778,83.18000000000006,1.0,1.0,1,602.0975407739531,0.6878679657435592,4
scenario_1_kitchen_pm_spike_ep11_d039,scenario_1_kitchen_pm_spike_ep11,scenario_1_kitchen_pm_spike,39,D,train,4.606478250326688,5.880645,0,0.0,0.0,0.0,5.656854249492381,12.57078722109418,0.9302382543609692,83.18000000000006,1.0,1.0,1,67.61352505721197,-0.3716018049632004,0
scenario_1_kitchen_pm_spike_ep11_d042,scenario_1_kitchen_pm_spike_ep11,scenario_1_kitchen_pm_spike,42,A,train,4.986030888724673,4.9410753,0,0.0,0.0,0.0,4.0,8.88888888888889,0.6577777777777778,82.94000000000007,1.0,1.0,1,55.52967592254299,-0.312132034254623,0
scenario_1_kitchen_pm_spike_ep11_d042,scenario_1_kitchen_pm_spike_ep11,scenario_1_kitchen_pm_spike,42,B,train,4.727265292322015,5.1315618,0,0.0,0.0,0.0,5.656854249492381,12.57078722109418,0.9302382543609692,82.94000000000007,1.0,1.0,1,71.02995458294254,-0.369905373712915,0
scenario_1_kitchen_pm_spike_ep11_d042,scenario_1_kitchen_pm_spike_ep11,scenario_1_kitchen_pm_spike,42,C,train,34.55349439970449,31.151823,-1,540.0,540.0,0.0,0.0,0.0,0.0,82.94000000000007,0.0,1.0,1,570.5810537440229,0.9999999999980584,4
scenario_1_kitchen_pm_spike_ep11_d042,scenario_1_kitchen_pm_spike_ep11,scenario_1_kitchen_pm_spike,42,D,train,5.060220409911189,5.669781,0,0.0,0.0,0.0,4.0,8.88888888888889,0.6577777777777778,82.94000000000007,1.0,1.0,1,70.14935368217948,-0.28374714220473635,0
scenario_1_kitchen_pm_spike_ep11_d045,scenario_1_kitchen_pm_spike_ep11,scenario_1_kitchen_pm_spike,45,A,train,4.542618647029277,5.165482,0,0.0,0.0,0.0,5.656854249492381,12.57078722109418,0.9302382543609692,82.70000000000007,1.0,1.0,1,58.64414247553054,-0.3999999998566819,0
scenario_1_kitchen_pm_spike_ep11_d045,scenario_1_kitchen_pm_spike_ep11,scenario_1_kitchen_pm_spike,45,B,train,4.5063763388782085,5.397126,0,0.0,0.0,0.0,4.0,8.88888888888889,0.6577777777777778,82.70000000000007,1.0,1.0,1,73.17720328580958,-0.2819950051615878,0
scenario_1_kitchen_pm_spike_ep11_d045,scenario_1_kitchen_pm_spike_ep11,scenario_1_kitchen_pm_spike,45,C,train,34.09115876351737,30.427198,-1,630.0,630.0,0.0,4.0,8.88888888888889,0.6577777777777778,82.70000000000007,1.0,1.0,1,540.8768391817755,0.6878679657433033,4
scenario_1_kitchen_pm_spike_ep11_d045,scenario_1_kitchen_pm_spike_ep11,scenario_1_kitchen_pm_spike,45,D,train,5.592982040185926,5.70764,0,0.0,0.0,0.0,0.0,0.0,0.0,82.70000000000007,0.0,1.0,1,72.32579876718842,0.028371482035702295,3
scenario_1_kitchen_pm_spike_ep11_d048,scenario_1_kitchen_pm_spike_ep11,scenario_1_kitchen_pm_spike,48,A,train,4.102751100508568,5.2215576,0,0.0,0.0,0.0,4.0,8.88888888888889,0.6577777777777778,82.46000000000008,1.0,1.0,1,61.36772089507281,-0.312132034254623,0
scenario_1_kitchen_pm_spike_ep11_d048,scenario_1_kitchen_pm_spike_ep11,scenario_1_kitchen_pm_spike,48,B,train,5.889591696305798,5.5647564,0,0.0,0.0,0.0,0.0,0.0,0.0,82.46000000000008,0.0,1.0,1,74.99410721633035,0.03017977326314897,3
scenario_1_kitchen_pm_spike_ep11_d048,scenario_1_kitchen_pm_spike_ep11,scenario_1_kitchen_pm_spike,48,C,train,32.13356264824617,25.88501,-1,720.0,720.0,0.0,5.656854249492381,12.57078722109418,0.9302382543609692,82.46000000000008,1.0,1.0,1,512.8749672356498,0.6000000001411034,4
scenario_1_kitchen_pm_spike_ep11_d048,scenario_1_kitchen_pm_spike_ep11,scenario_1_kitchen_pm_spike,48,D,train,5.399328857297465,5.599195,0,0.0,0.0,0.0,4.0,8.88888888888889,0.6577777777777778,82.46000000000008,1.0,1.0,1,74.17154718212942,-0.2837740701448506,0
scenario_1_kitchen_pm_spike_ep11_d051,scenario_1_kitchen_pm_spike_ep11,scenario_1_kitchen_pm_spike,51,A,train,4.317587821433508,5.1735034,0,0.0,0.0,0.0,4.0,8.88888888888889,0.6577777777777778,82.22000000000008,1.0,1.0,1,63.73096061095612,-0.312132034254623,0
scenario_1_kitchen_pm_spike_ep11_d051,scenario_1_kitchen_pm_spike_ep11,scenario_1_kitchen_pm_spike,51,B,train,5.075084620715794,5.5249195,0,0.0,0.0,0.0,5.656854249492381,12.57078722109418,0.9302382543609692,82.22000000000008,1.0,1.0,1,76.50741524386967,-0.3697771388494616,0
scenario_1_kitchen_pm_spike_ep11_d051,scenario_1_kitchen_pm_spike_ep11,scenario_1_kitchen_pm_spike,51,C,train,31.64559393528007,25.04111,-1,810.0,810.0,0.0,0.0,0.0,0.0,82.22000000000008,0.0,1.0,1,486.47236255271946,0.9999999999976346,4
scenario_1_kitchen_pm_spike_ep11_d051,scenario_1_kitchen_pm_spike_ep11,scenario_1_kitchen_pm_spike,51,D,train,6.205436225579668,5.693151,0,0.0,0.0,0.0,4.0,8.88888888888889,0.6577777777777778,82.22000000000008,1.0,1.0,1,75.71328559464746,-0.283787696726704,0
scenario_1_kitchen_pm_spike_ep11_d054,scenario_1_kitchen_pm_spike_ep11,scenario_1_kitchen_pm_spike,54,A,train,5.920752258606747,5.4835515,0,0.0,0.0,0.0,0.0,0.0,0.0,81.98000000000009,0.0,1.0,1,65.76229569049224,0.0,0
scenario_1_kitchen_pm_spike_ep11_d054,scenario_1_kitchen_pm_spike_ep11,scenario_1_kitchen_pm_spike,54,B,train,5.229525273020927,5.508666,0,0.0,0.0,0.0,4.0,8.88888888888889,0.6577777777777778,81.98000000000009,1.0,1.0,1,77.7420000708239,-0.28186573956682426,0
scenario_1_kitchen_pm_spike_ep11_d054,scenario_1_kitchen_pm_spike_ep11,scenario_1_kitchen_pm_spike,54,C,train,31.54055557443544,25.794048,-1,900.0,900.0,0.0,4.0,8.88888888888889,0.6577777777777778,81.98000000000009,1.0,1.0,1,461.5723710192957,0.6878679657428506,4
scenario_1_kitchen_pm_spike_ep11_d054,scenario_1_kitchen_pm_spike_ep11,scenario_1_kitchen_pm_spike,54,D,train,6.212984392392857,5.923173,0,0.0,0.0,0.0,5.656854249492381,12.57078722109418,0.9302382543609692,81.98000000000009,1.0,1.0,1,76.97583322135733,-0.37166939831370305,0
scenario_1_kitchen_pm_spike_ep11_d057,scenario_1_kitchen_pm_spike_ep11,scenario_1_kitchen_pm_spike,57,A,train,4.908062320902417,5.5081124,0,0.0,0.0,0.0,4.0,8.88888888888889,0.6577777777777778,81.7400000000001,1.0,1.0,1,67.48818486890718,-0.312132034254623,0
scenario_1_kitchen_pm_spike_ep11_d057,scenario_1_kitchen_pm_spike_ep11,scenario_1_kitchen_pm_spike,57,B,train,5.502196128147709,5.499962,0,0.0,0.0,0.0,0.0,0.0,0.0,81.7400000000001,0.0,1.0,1,78.72098317356517,0.030310076676793397,3
scenario_1_kitchen_pm_spike_ep11_d057,scenario_1_kitchen_pm_spike_ep11,scenario_1_kitchen_pm_spike,57,C,train,22.618235324352952,23.143875,0,0.0,0.0,30.0,5.656854249492381,12.57078722109418,0.9302382543609692,81.7400000000001,1.0,1.0,1,438.0843540705496,0.6000000001406199,4
scenario_1_kitchen_pm_spike_ep11_d057,scenario_1_kitchen_pm_spike_ep11,scenario_1_kitchen_pm_spike,57,D,train,5.145335670438067,5.898928,0,0.0,0.0,0.0,4.0,8.88888888888889,0.6577777777777778,81.7400000000001,1.0,1.0,1,77.98226594618654,-0.28381527884978996,0
scenario_1_kitchen_pm_spike_ep11_d060,scenario_1_kitchen_pm_spike_ep11,scenario_1_kitchen_pm_spike,60,A,train,5.0799867168909065,5.506381,0,0.0,0.0,0.0,5.656854249492381,12.57078722109418,0.9302382543609692,81.5000000000001,1.0,1.0,1,68.93324248201498,-0.3999999998566819,0
scenario_1_kitchen_pm_spike_ep11_d060,scenario_1_kitchen_pm_spike_ep11,scenario_1_kitchen_pm_spike,60,B,train,5.940139827369356,5.7259173,0,0.0,0.0,0.0,4.0,8.88888888888889,0.6577777777777778,81.5000000000001,1.0,1.0,1,79.46585159957294,-0.2817778248992403,0
scenario_1_kitchen_pm_spike_ep11_d060,scenario_1_kitchen_pm_spike_ep11,scenario_1_kitchen_pm_spike,60,C,train,22.09280380037486,22.390057,0,0.0,0.0,0.0,4.0,8.88888888888889,0.6577777777777778,81.5000000000001,1.0,1.0,1,415.9233088090057,0.6878679657424951,4
scenario_1_kitchen_pm_spike_ep11_d060,scenario_1_kitchen_pm_spike_ep11,scenario_1_kitchen_pm_spike,60,D,train,5.895281943170804,5.875914,0,0.0,0.0,0.0,0.0,0.0,0.0,81.5000000000001,0.0,1.0,1,78.75403236236616,0.028302798360423757,3
scenario_1_kitchen_pm_spike_ep11_d063,scenario_1_kitchen_pm_spike_ep11,scenario_1_kitchen_pm_spike,63,A,train,5.19735058618849,5.6583,0,0.0,0.0,0.0,0.0,0.0,0.0,81.2600000000001,0.0,1.0,1,70.12036088750779,0.0,0
scenario_1_kitchen_pm_spike_ep11_d063,scenario_1_kitchen_pm_spike_ep11,scenario_1_kitchen_pm_spike,63,B,train,5.275468269834762,5.7066536,0,0.0,0.0,0.0,4.0,8.88888888888889,0.6577777777777778,81.2600000000001,1.0,1.0,1,79.99656714666685,-0.2817333391407153,0
scenario_1_kitchen_pm_spike_ep11_d063,scenario_1_kitchen_pm_spike_ep11,scenario_1_kitchen_pm_spike,63,C,train,21.80974117416808,23.083954,0,90.0,0.0,0.0,4.0,8.88888888888889,0.6577777777777778,81.2600000000001,1.0,1.0,1,395.0095122843453,0.687867965742299,4
scenario_1_kitchen_pm_spike_ep11_d063,scenario_1_kitchen_pm_spike_ep11,scenario_1_kitchen_pm_spike,63,D,train,6.399457477078087,5.8259735,0,0.0,0.0,0.0,5.656854249492381,12.57078722109418,0.9302382543609692,81.2600000000001,1.0,1.0,1,79.31106225885787,-0.3717112702028691,0
scenario_1_kitchen_pm_spike_ep11_d066,scenario_1_kitchen_pm_spike_ep11,scenario_1_kitchen_pm_spike,66,A,train,4.215360483680731,5.628165,0,0.0,0.0,0.0,4.0,8.88888888888889,0.6577777777777778,81.02000000000011,1.0,1.0,1,71.07082492353584,-0.312132034254623,0
scenario_1_kitchen_pm_spike_ep11_d066,scenario_1_kitchen_pm_spike_ep11,scenario_1_kitchen_pm_spike,66,B,train,6.200134484210802,5.7325053,0,0.0,0.0,0.0,5.656854249492381,12.57078722109418,0.9302382543609692,81.02000000000011,1.0,1.0,1,80.33166841644811,-0.3695564635048869,0
scenario_1_kitchen_pm_spike_ep11_d066,scenario_1_kitchen_pm_spike_ep11,scenario_1_kitchen_pm_spike,66,C,train,22.17725601430395,22.739403,0,180.0,0.0,0.0,0.0,0.0,0.0,81.02000000000011,0.0,1.0,1,375.2681883923102,0.9999999999967127,4
scenario_1_kitchen_pm_spike_ep11_d066,scenario_1_kitchen_pm_spike_ep11,scenario_1_kitchen_pm_spike,66,D,train,5.200575695049461,5.5997686,0,0.0,0.0,0.0,4.0,8.88888888888889,0.6577777777777778,81.02000000000011,1.0,1.0,1,79.67186803849404,-0.28385748572845604,0
scenario_1_kitchen_pm_spike_ep11_d069,scenario_1_kitchen_pm_spike_ep11,scenario_1_kitchen_pm_spike,69,A,train,5.417838298237769,5.5992007,0,0.0,0.0,0.0,5.656854249492381,12.57078722109418,0.9302382543609692,80.78000000000011,1.0,1.0,1,71.8044189180257,-0.3999999998566819,0
scenario_1_kitchen_pm_spike_ep11_d069,scenario_1_kitchen_pm_spike_ep11,scenario_1_kitchen_pm_spike,69,B,train,4.451665216751756,5.7609496,0,0.0,0.0,0.0,4.0,8.88888888888889,0.6577777777777778,80.78000000000011,1.0,1.0,1,80.4883662023808,-0.2816432987771764,0
scenario_1_kitchen_pm_spike_ep11_d069,scenario_1_kitchen_pm_spike_ep11,scenario_1_kitchen_pm_spike,69,C,train,22.466473621685083,22.37409,0,270.0,0.0,0.0,4.0,8.88888888888889,0.6577777777777778,80.78000000000011,1.0,1.0,1,356.6291959491483,0.6878679657418661,4
scenario_1_kitchen_pm_spike_ep11_d069,scenario_1_kitchen_pm_spike_ep11,scenario_1_kitchen_pm_spike,69,D,train,6.0117909539362495,5.514469,0,0.0,0.0,0.0,0.0,0.0,0.0,80.78000000000011,0.0,1.0,1,79.85363952392095,0.028260254215831268,3
scenario_1_kitchen_pm_spike_ep11_d072,scenario_1_kitchen_pm_spike_ep11,scenario_1_kitchen_pm_spike,72,A,train,5.844306477964933,5.8225617,0,0.0,0.0,0.0,4.0,8.88888888888889,0.6577777777777778,80.54000000000012,1.0,1.0,1,72.3395267291587,-0.312132034254623,0
scenario_1_kitchen_pm_spike_ep11_d072,scenario_1_kitchen_pm_spike_ep11,scenario_1_kitchen_pm_spike,72,B,train,6.019096686032823,5.528105,0,0.0,0.0,0.0,0.0,0.0,0.0,80.54000000000012,0.0,1.0,1,80.48263264331445,0.030534294908125925,3
scenario_1_kitchen_pm_spike_ep11_d072,scenario_1_kitchen_pm_spike_ep11,scenario_1_kitchen_pm_spike,72,C,train,21.80919907565245,22.920164,0,360.0,0.0,0.0,5.656854249492381,12.57078722109418,0.9302382543609692,80.54000000000012,1.0,1.0,1,339.02673659029506,0.6000000001395686,4
scenario_1_kitchen_pm_spike_ep11_d072,scenario_1_kitchen_pm_spike_ep11,scenario_1_kitchen_pm_spike,72,D,train,6.235211503598609,5.7874002,0,0.0,0.0,0.0,4.0,8.88888888888889,0.6577777777777778,80.54000000000012,1.0,1.0,1,79.8723325779822,-0.2838861882962901,0
scenario_1_kitchen_pm_spike_ep11_d075,scenario_1_kitchen_pm_spike_ep11,scenario_1_kitchen_pm_spike,75,A,train,5.625818332747187,5.677558,0,0.0,0.0,0.0,4.0,8.88888888888889,0.6577777777777778,80.30000000000013,1.0,1.0,1,72.69322526662313,-0.312132034254623,0
scenario_1_kitchen_pm_spike_ep11_d075,scenario_1_kitchen_pm_spike_ep11,scenario_1_kitchen_pm_spike,75,B,train,5.104811341111327,5.4465327,0,0.0,0.0,0.0,5.656854249492381,12.57078722109418,0.9302382543609692,80.30000000000013,1.0,1.0,1,80.32928454558669,-0.36941978278680176,0
scenario_1_kitchen_pm_spike_ep11_d075,scenario_1_kitchen_pm_spike_ep11,scenario_1_kitchen_pm_spike,75,C,train,21.904104893885936,22.651436,0,450.0,0.0,0.0,0.0,0.0,0.0,80.30000000000013,0.0,1.0,1,322.39908122845304,0.9999999999959953,4
scenario_1_kitchen_pm_spike_ep11_d075,scenario_1_kitchen_pm_spike_ep11,scenario_1_kitchen_pm_spike,75,D,train,6.365936330522191,5.7173495,0,0.0,0.0,30.0,4.0,8.88888888888889,0.6577777777777778,80.30000000000013,1.0,1.0,1,79.74275193791402,-0.28390071126818794,0
scenario_1_kitchen_pm_spike_ep11_d078,scenario_1_kitchen_pm_spike_ep11,scenario_1_kitchen_pm_spike,78,A,train,5.464795929639556,5.491527,0,0.0,0.0,0.0,0.0,0.0,0.0,80.06000000000013,0.0,1.0,1,72.8813719143136,0.0,0
scenario_1_kitchen_pm_spike_ep11_d078,scenario_1_kitchen_pm_spike_ep11,scenario_1_kitchen_pm_spike,78,B,train,6.28671981130311,5.6156907,0,0.0,0.0,0.0,4.0,8.88888888888889,0.6577777777777778,80.06000000000013,1.0,1.0,1,80.04206125081669,-0.281505529857214,0
scenario_1_kitchen_pm_spike_ep11_d078,scenario_1_kitchen_pm_spike_ep11,scenario_1_kitchen_pm_spike,78,C,train,23.167331753672773,22.66985,0,540.0,0.0,0.0,4.0,8.88888888888889,0.6577777777777778,80.06000000000013,1.0,1.0,1,306.68831388703995,0.6878679657411,4
scenario_1_kitchen_pm_spike_ep11_d078,scenario_1_kitchen_pm_spike_ep11,scenario_1_kitchen_pm_spike,78,D,train,5.635888387376356,5.7787857,0,0.0,0.0,0.0,5.656854249492381,12.57078722109418,0.9302382543609692,80.06000000000013,1.0,1.0,1,79.47862863694729,-0.3717833153265234,0
scenario_2_bedroom_voc_rise_ep00_d012,scenario_2_bedroom_voc_rise_ep00,scenario_2_bedroom_voc_rise,12,A,val,3.8309988200302265,5.2869673,0,0.0,0.0,0.0,0.0,0.0,0.0,93.04000000000002,0.0,1.0,1,17.09156494653911,0.3255508149089646,2
scenario_2_bedroom_voc_rise_ep00_d012,scenario_2_bedroom_voc_rise_ep00,scenario_2_bedroom_voc_rise,12,B,val,3.966564314288088,7.222202,1,0.0,0.0,0.0,4.0,8.88888888888889,0.6577777777777778,93.04000000000002,1.0,1.0,1,34.804643600601594,0.6427360652985395,3
scenario_2_bedroom_voc_rise_ep00_d012,scenario_2_bedroom_voc_rise_ep00,scenario_2_bedroom_voc_rise,12,C,val,4.778741357137216,12.129716,1,0.0,0.0,0.0,4.0,8.88888888888889,0.6577777777777778,93.04000000000002,1.0,1.0,1,36.07494861414466,0.6878679657098486,4
scenario_2_bedroom_voc_rise_ep00_d012,scenario_2_bedroom_voc_rise_ep00,scenario_2_bedroom_voc_rise,12,D,val,2.6951471811936893,7.8281083,1,0.0,0.0,0.0,5.656854249492381,12.57078722109418,0.9302382543609692,93.04000000000002,1.0,1.0,1,7.928449088952448,-0.3999999998566819,0
scenario_2_bedroom_voc_rise_ep00_d015,scenario_2_bedroom_voc_rise_ep00,scenario_2_bedroom_voc_rise,15,A,val,3.6557257339999936,7.7887907,1,0.0,0.0,0.0,4.0,8.88888888888889,0.6577777777777778,92.80000000000004,1.0,1.0,1,17.12710383126813,-0.17319887917803387,0
scenario_2_bedroom_voc_rise_ep00_d015,scenario_2_bedroom_voc_rise_ep00,scenario_2_bedroom_voc_rise,15,B,val,4.891433196813519,5.8849573,0,0.0,0.0,0.0,0.0,0.0,0.0,92.80000000000004,0.0,1.0,1,41.272108371137904,0.528893596362546,3
scenario_2_bedroom_voc_rise_ep00_d015,scenario_2_bedroom_voc_rise_ep00,scenario_2_bedroom_voc_rise,15,C,val,4.574072460170666,14.671336,1,0.0,0.0,0.0,5.656854249492381,12.57078722109418,0.9302382543609692,92.80000000000004,1.0,1.0,1,70.4413908160127,0.6000000001271675,4
scenario_2_bedroom_voc_rise_ep00_d015,scenario_2_bedroom_voc_rise_ep00,scenario_2_bedroom_voc_rise,15,D,val,2.9287657736350017,6.760132,1,0.0,0.0,0.0,4.0,8.88888888888889,0.6577777777777778,92.80000000000004,1.0,1.0,1,8.524842409569715,-0.312132034254623,0
scenario_2_bedroom_voc_rise_ep00_d018,scenario_2_bedroom_voc_rise_ep00,scenario_2_bedroom_voc_rise,18,A,val,3.2795904045599387,6.489292,1,0.0,0.0,0.0,5.656854249492381,12.57078722109418,0.9302382543609692,92.56000000000004,1.0,1.0,1,17.766081272799738,-0.33661966098735235,0
scenario_2_bedroom_voc_rise_ep00_d018,scenario_2_bedroom_voc_rise_ep00,scenario_2_bedroom_voc_rise,18,B,val,4.7365013636497295,7.69194,0,0.0,0.0,0.0,4.0,8.88888888888889,0.6577777777777778,92.56000000000004,1.0,1.0,1,49.62738635727567,0.0012988667750501726,3
scenario_2_bedroom_voc_rise_ep00_d018,scenario_2_bedroom_voc_rise_ep00,scenario_2_bedroom_voc_rise,18,C,val,4.294713489957168,15.51299,1,0.0,0.0,0.0,4.0,8.88888888888889,0.6577777777777778,92.56000000000004,1.0,1.0,1,137.10964328413695,0.6878679657375288,4
scenario_2_bedroom_voc_rise_ep00_d018,scenario_2_bedroom_voc_rise_ep00,scenario_2_bedroom_voc_rise,18,D,val,3.267511547787785,4.2306995,0,0.0,0.0,0.0,0.0,0.0,0.0,92.56000000000004,0.0,1.0,1,9.690193357865724,0.0,0
scenario_2_bedroom_voc_rise_ep00_d021,scenario_2_bedroom_voc_rise_ep00,scenario_2_bedroom_voc_rise,21,A,val,3.5868946740298933,6.5845532,0,0.0,0.0,0.0,0.0,0.0,0.0,92.32000000000004,0.0,1.0,1,18.973839688044563,0.036641459451532646,3
scenario_2_bedroom_voc_rise_ep00_d021,scenario_2_bedroom_voc_rise_ep00,scenario_2_bedroom_voc_rise,21,B,val,6.3719664168173455,11.07016,1,0.0,0.0,0.0,4.0,8.88888888888889,0.6577777777777778,92.32000000000004,1.0,1.0,1,55.34183611329922,-0.09973221079747324,0
scenario_2_bedroom_voc_rise_ep00_d021,scenario_2_bedroom_voc_rise_ep00,scenario_2_bedroom_voc_rise,21,C,val,4.204588293410105,13.260926,1,0.0,0.0,0.0,4.0,8.88888888888889,0.6577777777777778,92.32000000000004,1.0,1.0,1,218.31240406845572,0.6878679657405443,4
scenario_2_bedroom_voc_rise_ep00_d021,scenario_2_bedroom_voc_rise_ep00,scenario_2_bedroom_voc_rise,21,D,val,2.115482904458831,3.0888948,0,0.0,0.0,0.0,5.656854249492381,12.57078722109418,0.9302382543609692,92.32000000000004,1.0,1.0,1,11.391973107249214,-0.3999999998566819,0
scenario_2_bedroom_voc_rise_ep00_d024,scenario_2_bedroom_voc_rise_ep00,scenario_2_bedroom_voc_rise,24,A,val,3.0802878262837448,6.7919655,1,0.0,0.0,0.0,4.0,8.88888888888889,0.6577777777777778,92.08000000000004,1.0,1.0,1,21.50943717778,-0.2904098526299327,0
scenario_2_bedroom_voc_rise_ep00_d024,scenario_2_bedroom_voc_rise_ep00,scenario_2_bedroom_voc_rise,24,B,val,8.291525832298621,11.241266,0,0.0,0.0,0.0,5.656854249492381,12.57078722109418,0.9302382543609692,92.08000000000004,1.0,1.0,1,64.4203506291401,-0.24732918281271468,0
scenario_2_bedroom_voc_rise_ep00_d024,scenario_2_bedroom_voc_rise_ep00,scenario_2_bedroom_voc_rise,24,C,val,4.678442979613723,12.781749,1,0.0,0.0,0.0,0.0,0.0,0.0,92.08000000000004,0.0,1.0,1,342.08394840615483,0.9999999999969484,4
scenario_2_bedroom_voc_rise_ep00_d024,scenario_2_bedroom_voc_rise_ep00,scenario_2_bedroom_voc_rise,24,D,val,2.5993636679942203,3.372307,0,0.0,0.0,0.0,4.0,8.88888888888889,0.6577777777777778,92.08000000000004,1.0,1.0,1,14.391236574258528,-0.312132034254623,0
scenario_2_bedroom_voc_rise_ep00_d027,scenario_2_bedroom_voc_rise_ep00,scenario_2_bedroom_voc_rise,27,A,val,3.299747754123439,5.1429477,0,0.0,0.0,0.0,5.656854249492381,12.57078722109418,0.9302382543609692,91.84000000000005,1.0,1.0,1,25.07357804508956,-0.38539988487328236,0
scenario_2_bedroom_voc_rise_ep00_d027,scenario_2_bedroom_voc_rise_ep00,scenario_2_bedroom_voc_rise,27,B,val,7.679339799317621,11.011428,1,0.0,0.0,0.0,4.0,8.88888888888889,0.6577777777777778,91.84000000000005,1.0,1.0,1,75.07160030948762,-0.18830327525013651,0
scenario_2_bedroom_voc_rise_ep00_d027,scenario_2_bedroom_voc_rise_ep00,scenario_2_bedroom_voc_rise,27,C,val,4.98022793167948,10.058295,1,0.0,0.0,0.0,4.0,8.88888888888889,0.6577777777777778,91.84000000000005,1.0,1.0,1,476.1278397896066,0.6878679657431924,4
scenario_2_bedroom_voc_rise_ep00_d027,scenario_2_bedroom_voc_rise_ep00,scenario_2_bedroom_voc_rise,27,D,val,2.616193897719416,3.157044,0,0.0,0.0,0.0,0.0,0.0,0.0,91.84000000000005,0.0,1.0,1,18.390561144670528,0.0,0
scenario_2_bedroom_voc_rise_ep00_d030,scenario_2_bedroom_voc_rise_ep00,scenario_2_bedroom_voc_rise,30,A,val,2.499504719153111,5.7539406,1,0.0,0.0,0.0,4.0,8.88888888888889,0.6577777777777778,91.60000000000004,1.0,1.0,1,29.56876264676725,-0.30110559640591905,0
scenario_2_bedroom_voc_rise_ep00_d030,scenario_2_bedroom_voc_rise_ep00,scenario_2_bedroom_voc_rise,30,B,val,9.775051917277414,11.890611,0,0.0,0.0,0.0,0.0,0.0,0.0,91.60000000000004,0.0,1.0,1,85.00387933046568,0.1084439495204505,3
scenario_2_bedroom_voc_rise_ep00_d030,scenario_2_bedroom_voc_rise_ep00,scenario_2_bedroom_voc_rise,30,C,val,9.756419739325944,37.104633,1,0.0,0.0,0.0,5.656854249492381,12.57078722109418,0.9302382543609692,91.60000000000004,1.0,1.0,1,592.3409364997032,0.600000000141561,4
scenario_2_bedroom_voc_rise_ep00_d030,scenario_2_bedroom_voc_rise_ep00,scenario_2_bedroom_voc_rise,30,D,val,2.807135054413971,3.7576663,0,0.0,0.0,0.0,4.0,8.88888888888889,0.6577777777777778,91.60000000000004,1.0,1.0,1,23.294204220268966,-0.312132034254623,0
scenario_2_bedroom_voc_rise_ep00_d033,scenario_2_bedroom_voc_rise_ep00,scenario_2_bedroom_voc_rise,33,A,val,3.3731742250785386,6.453729,1,0.0,0.0,0.0,4.0,8.88888888888889,0.6577777777777778,91.36000000000006,1.0,1.0,1,34.17303074577467,-0.3024527847619133,0
scenario_2_bedroom_voc_rise_ep00_d033,scenario_2_bedroom_voc_rise_ep00,scenario_2_bedroom_voc_rise,33,B,val,10.633315650394588,12.860549,0,0.0,0.0,0.0,5.656854249492381,12.57078722109418,0.9302382543609692,91.36000000000006,1.0,1.0,1,94.41510903526957,-0.2913425479184964,0
scenario_2_bedroom_voc_rise_ep00_d033,scenario_2_bedroom_voc_rise_ep00,scenario_2_bedroom_voc_rise,33,C,val,20.02291546774943,34.013058,1,60.0,0.0,0.0,0.0,0.0,0.0,91.36000000000006,0.0,1.0,1,636.9217037835272,0.999999999998357,4
scenario_2_bedroom_voc_rise_ep00_d033,scenario_2_bedroom_voc_rise_ep00,scenario_2_bedroom_voc_rise,33,D,val,2.5883547153671764,4.093429,0,0.0,0.0,0.0,4.0,8.88888888888889,0.6577777777777778,91.36000000000006,1.0,1.0,1,28.28185378643775,-0.312132034254623,0
scenario_2_bedroom_voc_rise_ep00_d036,scenario_2_bedroom_voc_rise_ep00,scenario_2_bedroom_voc_rise,36,A,val,3.5566988052292503,5.463024,0,0.0,0.0,0.0,0.0,0.0,0.0,91.12000000000006,0.0,1.0,1,39.887266045597926,0.008756078638965287,3
scenario_2_bedroom_voc_rise_ep00_d036,scenario_2_bedroom_voc_rise_ep00,scenario_2_bedroom_voc_rise,36,B,val,9.493669447071406,13.928123,1,0.0,0.0,0.0,4.0,8.88888888888889,0.6577777777777778,91.12000000000006,1.0,1.0,1,104.30618741003104,-0.20140093059764225,0
scenario_2_bedroom_voc_rise_ep00_d036,scenario_2_bedroom_voc_rise_ep00,scenario_2_bedroom_voc_rise,36,C,val,33.04167030469301,32.312008,0,150.0,90.0,0.0,4.0,8.88888888888889,0.6577777777777778,91.12000000000006,1.0,1.0,1,666.0686689111121,0.687867965743794,4
scenario_2_bedroom_voc_rise_ep00_d036,scenario_2_bedroom_voc_rise_ep00,scenario_2_bedroom_voc_rise,36,D,val,3.4375693951177277,3.1227305,0,0.0,0.0,0.0,5.656854249492381,12.57078722109418,0.9302382543609692,91.12000000000006,1.0,1.0,1,34.355939711481824,-0.3999999998566819,0
scenario_2_bedroom_voc_rise_ep00_d039,scenario_2_bedroom_voc_rise_ep00,scenario_2_bedroom_voc_rise,39,A,val,4.065069931271665,4.8320966,0,0.0,0.0,0.0,4.0,8.88888888888889,0.6577777777777778,90.88000000000008,1.0,1.0,1,44.77679393050312,-0.3033470572605993,0
scenario_2_bedroom_voc_rise_ep00_d039,scenario_2_bedroom_voc_rise_ep00,scenario_2_bedroom_voc_rise,39,B,val,11.191192465873296,14.39943,1,0.0,0.0,0.0,0.0,0.0,0.0,90.88000000000008,0.0,1.0,1,114.5376588930974,0.1267865123399204,3
scenario_2_bedroom_voc_rise_ep00_d039,scenario_2_bedroom_voc_rise_ep00,scenario_2_bedroom_voc_rise,39,C,val,36.66344215927129,31.314386,-1,240.0,180.0,0.0,5.656854249492381,12.57078722109418,0.9302382543609692,90.88000000000008,1.0,1.0,1,630.7693165362796,0.6000000001416267,4
scenario_2_bedroom_voc_rise_ep00_d039,scenario_2_bedroom_voc_rise_ep00,scenario_2_bedroom_voc_rise,39,D,val,3.7964154114773407,3.8137624,0,0.0,0.0,0.0,4.0,8.88888888888889,0.6577777777777778,90.88000000000008,1.0,1.0,1,39.58323782987145,-0.312132034254623,0
scenario_2_bedroom_voc_rise_ep00_d042,scenario_2_bedroom_voc_rise_ep00,scenario_2_bedroom_voc_rise,42,A,val,3.7438949474951966,5.1512556,0,0.0,0.0,0.0,5.656854249492381,12.57078722109418,0.9302382543609692,90.64000000000009,1.0,1.0,1,49.211487805876,-0.3911858647960663,0
scenario_2_bedroom_voc_rise_ep00_d042,scenario_2_bedroom_voc_rise_ep00,scenario_2_bedroom_voc_rise,42,B,val,12.07594356514217,15.356928,1,0.0,0.0,0.0,4.0,8.88888888888889,0.6577777777777778,90.64000000000009,1.0,1.0,1,123.15127141952485,-0.16967399599757899,0
scenario_2_bedroom_voc_rise_ep00_d042,scenario_2_bedroom_voc_rise_ep00,scenario_2_bedroom_voc_rise,42,C,val,34.991056090530584,31.691366,-1,330.0,270.0,0.0,4.0,8.88888888888889,0.6577777777777778,90.64000000000009,1.0,1.0,1,597.5946659496162,0.6878679657435696,4
scenario_2_bedroom_voc_rise_ep00_d042,scenario_2_bedroom_voc_rise_ep00,scenario_2_bedroom_voc_rise,42,D,val,3.865989551142585,3.798379,0,0.0,0.0,0.0,0.0,0.0,0.0,90.64000000000009,0.0,1.0,1,44.33498222996877,0.0,0
scenario_2_bedroom_voc_rise_ep00_d045,scenario_2_bedroom_voc_rise_ep00,scenario_2_bedroom_voc_rise,45,A,val,5.493201522781795,5.955504,0,0.0,0.0,0.0,0.0,0.0,0.0,90.40000000000008,0.0,1.0,1,53.22526706869894,0.008843555138111326,3
scenario_2_bedroom_voc_rise_ep00_d045,scenario_2_bedroom_voc_rise_ep00,scenario_2_bedroom_voc_rise,45,B,val,12.991398149435554,17.605406,1,0.0,0.0,0.0,4.0,8.88888888888889,0.6577777777777778,90.40000000000008,1.0,1.0,1,130.52873660721912,-0.1539867354934824,0
scenario_2_bedroom_voc_rise_ep00_d045,scenario_2_bedroom_voc_rise_ep00,scenario_2_bedroom_voc_rise,45,C,val,32.089101934194545,31.84525,0,420.0,360.0,0.0,4.0,8.88888888888889,0.6577777777777778,90.40000000000008,1.0,1.0,1,566.4130583418969,0.6878679657434457,4
scenario_2_bedroom_voc_rise_ep00_d045,scenario_2_bedroom_voc_rise_ep00,scenario_2_bedroom_voc_rise,45,D,val,4.231026793018959,4.462255,0,0.0,0.0,0.0,5.656854249492381,12.57078722109418,0.9302382543609692,90.40000000000008,1.0,1.0,1,48.64636880105832,-0.3999999998566819,0
scenario_2_bedroom_voc_rise_ep00_d048,scenario_2_bedroom_voc_rise_ep00,scenario_2_bedroom_voc_rise,48,A,val,4.700320895627601,5.6389766,0,0.0,0.0,0.0,4.0,8.88888888888889,0.6577777777777778,90.16000000000008,1.0,1.0,1,56.872898342587405,-0.3032587947090366,0
scenario_2_bedroom_voc_rise_ep00_d048,scenario_2_bedroom_voc_rise_ep00,scenario_2_bedroom_voc_rise,48,B,val,13.736463667847913,16.9779,1,0.0,0.0,0.0,5.656854249492381,12.57078722109418,0.9302382543609692,90.16000000000008,1.0,1.0,1,137.8853870973312,-0.22393590273426311,0
scenario_2_bedroom_voc_rise_ep00_d048,scenario_2_bedroom_voc_rise_ep00,scenario_2_bedroom_voc_rise,48,C,val,31.16043029339621,29.299698,0,510.0,450.0,0.0,0.0,0.0,0.0,90.16000000000008,0.0,1.0,1,537.1243110059431,0.9999999999979362,4
scenario_2_bedroom_voc_rise_ep00_d048,scenario_2_bedroom_voc_rise_ep00,scenario_2_bedroom_voc_rise,48,D,val,3.537044975930966,4.7285147,0,0.0,0.0,0.0,4.0,8.88888888888889,0.6577777777777778,90.16000000000008,1.0,1.0,1,52.57336169732184,-0.312132034254623,0
scenario_2_bedroom_voc_rise_ep00_d051,scenario_2_bedroom_voc_rise_ep00,scenario_2_bedroom_voc_rise,51,A,val,5.215391482754664,5.9519973,0,0.0,0.0,0.0,5.656854249492381,12.57078722109418,0.9302382543609692,89.92000000000009,1.0,1.0,1,60.13590137655319,-0.3910968092346625,0
scenario_2_bedroom_voc_rise_ep00_d051,scenario_2_bedroom_voc_rise_ep00,scenario_2_bedroom_voc_rise,51,B,val,14.7972235830762,21.232218,1,60.0,0.0,0.0,4.0,8.88888888888889,0.6577777777777778,89.92000000000009,1.0,1.0,1,142.568757281844,-0.12144499504077724,0
scenario_2_bedroom_voc_rise_ep00_d051,scenario_2_bedroom_voc_rise_ep00,scenario_2_bedroom_voc_rise,51,C,val,29.685179474137136,27.975662,0,600.0,540.0,0.0,4.0,8.88888888888889,0.6577777777777778,89.92000000000009,1.0,1.0,1,509.564940910818,0.6878679657431718,4
scenario_2_bedroom_voc_rise_ep00_d051,scenario_2_bedroom_voc_rise_ep00,scenario_2_bedroom_voc_rise,51,D,val,4.321337986266496,4.6529956,0,0.0,0.0,0.0,0.0,0.0,0.0,89.92000000000009,0.0,1.0,1,56.09860413960132,0.0,0
scenario_2_bedroom_voc_rise_ep00_d054,scenario_2_bedroom_voc_rise_ep00,scenario_2_bedroom_voc_rise,54,A,val,4.934121532206446,6.152543,0,0.0,0.0,0.0,4.0,8.88888888888889,0.6577777777777778,89.68000000000009,1.0,1.0,1,63.04137904046911,-0.30319862352819593,0
scenario_2_bedroom_voc_rise_ep00_d054,scenario_2_bedroom_voc_rise_ep00,scenario_2_bedroom_voc_rise,54,B,val,16.538066074747213,21.612534,1,150.0,0.0,0.0,0.0,0.0,0.0,89.68000000000009,0.0,1.0,1,145.25525854325474,0.2026622255414774,3
scenario_2_bedroom_voc_rise_ep00_d054,scenario_2_bedroom_voc_rise_ep00,scenario_2_bedroom_voc_rise,54,C,val,30.782952888190824,28.188345,0,690.0,630.0,0.0,5.656854249492381,12.57078722109418,0.9302382543609692,89.68000000000009,1.0,1.0,1,483.62635617651154,0.6000000001409619,4
scenario_2_bedroom_voc_rise_ep00_d054,scenario_2_bedroom_voc_rise_ep00,scenario_2_bedroom_voc_rise,54,D,val,4.623268758974787,4.960324,0,0.0,0.0,0.0,4.0,8.88888888888889,0.6577777777777778,89.68000000000009,1.0,1.0,1,59.25025300837865,-0.312132034254623,0
scenario_2_bedroom_voc_rise_ep00_d057,scenario_2_bedroom_voc_rise_ep00,scenario_2_bedroom_voc_rise,57,A,val,5.026247122114098,6.027308,0,0.0,0.0,0.0,4.0,8.88888888888889,0.6577777777777778,89.4400000000001,1.0,1.0,1,65.60804696700279,-0.30316813201660475,0
scenario_2_bedroom_voc_rise_ep00_d057,scenario_2_bedroom_voc_rise_ep00,scenario_2_bedroom_voc_rise,57,B,val,18.86333294461023,21.730803,0,240.0,0.0,0.0,5.656854249492381,12.57078722109418,0.9302382543609692,89.4400000000001,1.0,1.0,1,146.1504039328859,-0.1882364110586125,0
scenario_2_bedroom_voc_rise_ep00_d057,scenario_2_bedroom_voc_rise_ep00,scenario_2_bedroom_voc_rise,57,C,val,29.231570954187013,27.03992,0,780.0,720.0,0.0,0.0,0.0,0.0,89.4400000000001,0.0,1.0,1,459.2002881866799,0.9999999999974821,4
scenario_2_bedroom_voc_rise_ep00_d057,scenario_2_bedroom_voc_rise_ep00,scenario_2_bedroom_voc_rise,57,D,val,5.661936417752775,5.204833,0,0.0,0.0,0.0,4.0,8.88888888888889,0.6577777777777778,89.4400000000001,1.0,1.0,1,62.04801279679237,-0.312132034254623,0
scenario_2_bedroom_voc_rise_ep00_d060,scenario_2_bedroom_voc_rise_ep00,scenario_2_bedroom_voc_rise,60,A,val,5.713525518899268,6.023028,0,0.0,0.0,0.0,0.0,0.0,0.0,89.2000000000001,0.0,1.0,1,67.84218773806492,0.008994667556384898,3
scenario_2_bedroom_voc_rise_ep00_d060,scenario_2_bedroom_voc_rise_ep00,scenario_2_bedroom_voc_rise,60,B,val,20.427947432294367,21.317478,0,330.0,0.0,0.0,4.0,8.88888888888889,0.6577777777777778,89.2000000000001,1.0,1.0,1,144.79772457944887,-0.09608680469141093,0
scenario_2_bedroom_voc_rise_ep00_d060,scenario_2_bedroom_voc_rise_ep00,scenario_2_bedroom_voc_rise,60,C,val,29.39720903185541,27.099207,0,870.0,810.0,0.0,4.0,8.88888888888889,0.6577777777777778,89.2000000000001,1.0,1.0,1,436.17418660581416,0.6878679657426865,4
scenario_2_bedroom_voc_rise_ep00_d060,scenario_2_bedroom_voc_rise_ep00,scenario_2_bedroom_voc_rise,60,D,val,5.287937110162626,5.411522,0,0.0,0.0,30.0,5.656854249492381,12.57078722109418,0.9302382543609692,89.2000000000001,1.0,1.0,1,64.49909383963563,-0.3999999998566819,0
scenario_2_bedroom_voc_rise_ep00_d063,scenario_2_bedroom_voc_rise_ep00,scenario_2_bedroom_voc_rise,63,A,val,5.6241825629884605,6.180886,0,0.0,0.0,0.0,4.0,8.88888888888889,0.6577777777777778,88.96000000000011,1.0,1.0,1,69.76894302941037,-0.3031063251529956,0
scenario_2_bedroom_voc_rise_ep00_d063,scenario_2_bedroom_voc_rise_ep00,scenario_2_bedroom_voc_rise,63,B,val,21.33527202794984,20.755718,0,420.0,0.0,0.0,0.0,0.0,0.0,88.96000000000011,0.0,1.0,1,142.43419250513125,0.21793446159904753,3
scenario_2_bedroom_voc_rise_ep00_d063,scenario_2_bedroom_voc_rise_ep00,scenario_2_bedroom_voc_rise,63,C,val,28.32417699770204,26.026752,0,960.0,900.0,0.0,5.656854249492381,12.57078722109418,0.9302382543609692,88.96000000000011,1.0,1.0,1,414.4619882518033,0.6000000001404433,4
scenario_2_bedroom_voc_rise_ep00_d063,scenario_2_bedroom_voc_rise_ep00,scenario_2_bedroom_voc_rise,63,D,val,5.562686349621523,5.690869,0,0.0,0.0,0.0,4.0,8.88888888888889,0.6577777777777778,88.96000000000011,1.0,1.0,1,66.62950824879658,-0.312132034254623,0
scenario_2_bedroom_voc_rise_ep00_d066,scenario_2_bedroom_voc_rise_ep00,scenario_2_bedroom_voc_rise,66,A,val,5.362434194680752,6.075332,0,0.0,0.0,0.0,5.656854249492381,12.57078722109418,0.9302382543609692,88.72000000000011,1.0,1.0,1,71.40225752511378,-0.39094297054213367,0
scenario_2_bedroom_voc_rise_ep00_d066,scenario_2_bedroom_voc_rise_ep00,scenario_2_bedroom_voc_rise,66,B,val,21.02182999830956,17.83132,-1,510.0,0.0,0.0,4.0,8.88888888888889,0.6577777777777778,88.72000000000011,1.0,1.0,1,140.01644892825857,-0.0922913805136367,0
scenario_2_bedroom_voc_rise_ep00_d066,scenario_2_bedroom_voc_rise_ep00,scenario_2_bedroom_voc_rise,66,C,val,27.40795057362446,25.719221,0,1050.0,990.0,0.0,4.0,8.88888888888889,0.6577777777777778,88.72000000000011,1.0,1.0,1,393.9735713309956,0.687867965742305,4
scenario_2_bedroom_voc_rise_ep00_d066,scenario_2_bedroom_voc_rise_ep00,scenario_2_bedroom_voc_rise,66,D,val,5.545539904853889,5.81206,0,0.0,0.0,0.0,0.0,0.0,0.0,88.72000000000011,0.0,1.0,1,68.45401738253486,0.0,0
scenario_2_bedroom_voc_rise_ep00_d069,scenario_2_bedroom_voc_rise_ep00,scenario_2_bedroom_voc_rise,69,A,val,5.289149603755015,6.2619596,0,0.0,0.0,0.0,0.0,0.0,0.0,88.48000000000012,0.0,1.0,1,72.76551474128019,0.009088630656797944,3
scenario_2_bedroom_voc_rise_ep00_d069,scenario_2_bedroom_voc_rise_ep00,scenario_2_bedroom_voc_rise,69,B,val,21.62245835825255,16.643795,-1,600.0,0.0,0.0,4.0,8.88888888888889,0.6577777777777778,88.48000000000012,1.0,1.0,1,137.55453490180685,-0.09036807844614256,0
scenario_2_bedroom_voc_rise_ep00_d069,scenario_2_bedroom_voc_rise_ep00,scenario_2_bedroom_voc_rise,69,C,val,26.17992828978292,26.23763,0,1140.0,1080.0,0.0,4.0,8.88888888888889,0.6577777777777778,88.48000000000012,1.0,1.0,1,374.6349330185101,0.6878679657420944,4
scenario_2_bedroom_voc_rise_ep00_d069,scenario_2_bedroom_voc_rise_ep00,scenario_2_bedroom_voc_rise,69,D,val,6.854898097766451,5.8151374,0,0.0,0.0,0.0,5.656854249492381,12.57078722109418,0.9302382543609692,88.48000000000012,1.0,1.0,1,69.99677100274403,-0.3999999998566819,0
scenario_2_bedroom_voc_rise_ep00_d072,scenario_2_bedroom_voc_rise_ep00,scenario_2_bedroom_voc_rise,72,A,val,6.43833257534012,6.363304,0,0.0,0.0,0.0,4.0,8.88888888888889,0.6577777777777778,88.24000000000012,1.0,1.0,1,73.88048044810807,-0.3030115186435848,0
scenario_2_bedroom_voc_rise_ep00_d072,scenario_2_bedroom_voc_rise_ep00,scenario_2_bedroom_voc_rise,72,B,val,20.997293748382173,14.518178,-1,690.0,0.0,0.0,5.656854249492381,12.57078722109418,0.9302382543609692,88.24000000000012,1.0,1.0,1,135.05761806254395,-0.17629548095651149,0
scenario_2_bedroom_voc_rise_ep00_d072,scenario_2_bedroom_voc_rise_ep00,scenario_2_bedroom_voc_rise,72,C,val,25.87931725104749,24.82821,0,1230.0,1170.0,0.0,0.0,0.0,0.0,88.24000000000012,0.0,1.0,1,356.3767040547274,0.9999999999964925,4
scenario_2_bedroom_voc_rise_ep00_d072,scenario_2_bedroom_voc_rise_ep00,scenario_2_bedroom_voc_rise,72,D,val,5.449433677793674,5.780235,0,0.0,0.0,0.0,4.0,8.88888888888889,0.6577777777777778,88.24000000000012,1.0,1.0,1,71.28025382310989,-0.312132034254623,0
scenario_2_bedroom_voc_rise_ep00_d075,scenario_2_bedroom_voc_rise_ep00,scenario_2_bedroom_voc_rise,75,A,val,5.288117531913277,6.455162,0,0.0,0.0,0.0,5.656854249492381,12.57078722109418,0.9302382543609692,88.00000000000013,1.0,1.0,1,74.76740915564187,-0.39084731317555943,0
scenario_2_bedroom_voc_rise_ep00_d075,scenario_2_bedroom_voc_rise_ep00,scenario_2_bedroom_voc_rise,75,B,val,14.21285248856497,12.975441,0,0.0,0.0,0.0,4.0,8.88888888888889,0.6577777777777778,88.00000000000013,1.0,1.0,1,132.5340575813766,-0.08646953885062952,0
scenario_2_bedroom_voc_rise_ep00_d075,scenario_2_bedroom_voc_rise_ep00,scenario_2_bedroom_voc_rise,75,C,val,26.36072583276297,24.403814,0,1320.0,1260.0,0.0,4.0,8.88888888888889,0.6577777777777778,88.00000000000013,1.0,1.0,1,339.1338539346981,0.687867965741629,4
scenario_2_bedroom_voc_rise_ep00_d075,scenario_2_bedroom_voc_rise_ep00,scenario_2_bedroom_voc_rise,75,D,val,5.459771681877178,5.798383,0,0.0,0.0,0.0,0.0,0.0,0.0,88.00000000000013,0.0,1.0,1,72.3253949264572,0.0,0
scenario_2_bedroom_voc_rise_ep00_d078,scenario_2_bedroom_voc_rise_ep00,scenario_2_bedroom_voc_rise,78,A,val,5.444156192778068,6.4441905,0,0.0,0.0,0.0,4.0,8.88888888888889,0.6577777777777778,87.76000000000013,1.0,1.0,1,75.44514372749586,-0.3029468878623682,0
scenario_2_bedroom_voc_rise_ep00_d078,scenario_2_bedroom_voc_rise_ep00,scenario_2_bedroom_voc_rise,78,B,val,14.062707856415653,12.732502,0,0.0,0.0,0.0,0.0,0.0,0.0,87.76000000000013,0.0,1.0,1,129.99146456021708,0.2276380390073807,3
scenario_2_bedroom_voc_rise_ep00_d078,scenario_2_bedroom_voc_rise_ep00,scenario_2_bedroom_voc_rise,78,C,val,25.71648852435915,23.84291,0,1410.0,1350.0,0.0,5.656854249492381,12.57078722109418,0.9302382543609692,87.76000000000013,1.0,1.0,1,322.84541498741135,0.6000000001393133,4
scenario_2_bedroom_voc_rise_ep00_d078,scenario_2_bedroom_voc_rise_ep00,scenario_2_bedroom_voc_rise,78,D,val,5.631581498981259,5.751748,0,0.0,0.0,0.0,4.0,8.88888888888889,0.6577777777777778,87.76000000000013,1.0,1.0,1,73.15167012772008,-0.312132034254623,0
scenario_2_bedroom_voc_rise_ep01_d012,scenario_2_bedroom_voc_rise_ep01,scenario_2_bedroom_voc_rise,12,A,train,4.048651849923405,4.9925714,0,0.0,0.0,0.0,4.0,8.88888888888889,0.6577777777777778,92.34000000000002,1.0,1.0,1,16.73981485093327,-0.312132034254623,0
scenario_2_bedroom_voc_rise_ep01_d012,scenario_2_bedroom_voc_rise_ep01,scenario_2_bedroom_voc_rise,12,B,train,5.177662345493541,6.2981014,0,0.0,0.0,0.0,0.0,0.0,0.0,92.34000000000002,0.0,1.0,1,52.53612225256035,0.9999999999720642,4
scenario_2_bedroom_voc_rise_ep01_d012,scenario_2_bedroom_voc_rise_ep01,scenario_2_bedroom_voc_rise,12,C,train,3.4303149677686884,5.270227,0,0.0,0.0,0.0,5.656854249492381,12.57078722109418,0.9302382543609692,92.34000000000002,1.0,1.0,1,28.523195509236928,-0.07082133553895169,0
scenario_2_bedroom_voc_rise_ep01_d012,scenario_2_bedroom_voc_rise_ep01,scenario_2_bedroom_voc_rise,12,D,train,4.173336751639716,5.1563044,0,0.0,0.0,0.0,4.0,8.88888888888889,0.6577777777777778,92.34000000000002,1.0,1.0,1,45.52734534215074,0.49207187894299265,3
scenario_2_bedroom_voc_rise_ep01_d015,scenario_2_bedroom_voc_rise_ep01,scenario_2_bedroom_voc_rise,15,A,train,3.2819761026691827,4.3233423,0,0.0,0.0,0.0,4.0,8.88888888888889,0.6577777777777778,92.10000000000002,1.0,1.0,1,17.247897021175618,-0.312132034254623,0
scenario_2_bedroom_voc_rise_ep01_d015,scenario_2_bedroom_voc_rise_ep01,scenario_2_bedroom_voc_rise,15,B,train,5.464485924909958,7.061717,0,0.0,0.0,0.0,5.656854249492381,12.57078722109418,0.9302382543609692,92.10000000000002,1.0,1.0,1,58.82142280547009,0.4621485851417978,3
scenario_2_bedroom_voc_rise_ep01_d015,scenario_2_bedroom_voc_rise_ep01,scenario_2_bedroom_voc_rise,15,C,train,2.728839904254916,9.185978,1,0.0,0.0,0.0,0.0,0.0,0.0,92.10000000000002,0.0,1.0,1,65.46873332111068,0.9999999999792621,4
scenario_2_bedroom_voc_rise_ep01_d015,scenario_2_bedroom_voc_rise_ep01,scenario_2_bedroom_voc_rise,15,D,train,4.984779286981277,4.8089137,0,0.0,0.0,0.0,4.0,8.88888888888889,0.6577777777777778,92.10000000000002,1.0,1.0,1,44.19086097090201,0.24660908299978543,2
scenario_2_bedroom_voc_rise_ep01_d018,scenario_2_bedroom_voc_rise_ep01,scenario_2_bedroom_voc_rise,18,A,train,3.2992639889933777,3.8602607,0,0.0,0.0,0.0,0.0,0.0,0.0,91.86000000000004,0.0,1.0,1,18.352885839997384,0.0,0
scenario_2_bedroom_voc_rise_ep01_d018,scenario_2_bedroom_voc_rise_ep01,scenario_2_bedroom_voc_rise,18,B,train,6.999975445259714,10.629616,1,0.0,0.0,0.0,4.0,8.88888888888889,0.6577777777777778,91.86000000000004,1.0,1.0,1,66.09164147374588,0.0842070957025711,3
scenario_2_bedroom_voc_rise_ep01_d018,scenario_2_bedroom_voc_rise_ep01,scenario_2_bedroom_voc_rise,18,C,train,4.186739273097553,7.108612,0,0.0,0.0,0.0,4.0,8.88888888888889,0.6577777777777778,91.86000000000004,1.0,1.0,1,138.80214765905646,0.6878679657370748,4
scenario_2_bedroom_voc_rise_ep01_d018,scenario_2_bedroom_voc_rise_ep01,scenario_2_bedroom_voc_rise,18,D,train,4.094699136543016,4.8486753,0,0.0,0.0,30.0,5.656854249492381,12.57078722109418,0.9302382543609692,91.86000000000004,1.0,1.0,1,43.569507810425534,-0.1906452758061548,0
scenario_2_bedroom_voc_rise_ep01_d021,scenario_2_bedroom_voc_rise_ep01,scenario_2_bedroom_voc_rise,21,A,train,2.873790069735299,4.1003017,0,0.0,0.0,0.0,4.0,8.88888888888889,0.6577777777777778,91.62000000000003,1.0,1.0,1,20.10540671649608,-0.312132034254623,0
scenario_2_bedroom_voc_rise_ep01_d021,scenario_2_bedroom_voc_rise_ep01,scenario_2_bedroom_voc_rise,21,B,train,8.242440797853959,10.830855,0,0.0,0.0,0.0,0.0,0.0,0.0,91.62000000000003,0.0,1.0,1,73.93316010914543,0.2583006159043407,3
scenario_2_bedroom_voc_rise_ep01_d021,scenario_2_bedroom_voc_rise_ep01,scenario_2_bedroom_voc_rise,21,C,train,4.247377596704107,10.718929,1,0.0,0.0,0.0,5.656854249492381,12.57078722109418,0.9302382543609692,91.62000000000003,1.0,1.0,1,228.49729615870197,0.6000000001385196,4
scenario_2_bedroom_voc_rise_ep01_d021,scenario_2_bedroom_voc_rise_ep01,scenario_2_bedroom_voc_rise,21,D,train,5.2164318483653,5.257243,0,0.0,0.0,0.0,4.0,8.88888888888889,0.6577777777777778,91.62000000000003,1.0,1.0,1,43.70633197897303,-0.19887942482948973,0
scenario_2_bedroom_voc_rise_ep01_d024,scenario_2_bedroom_voc_rise_ep01,scenario_2_bedroom_voc_rise,24,A,train,3.0552363162172544,4.2386856,0,0.0,0.0,0.0,5.656854249492381,12.57078722109418,0.9302382543609692,91.38000000000004,1.0,1.0,1,22.732089595168414,-0.3999999998566819,0
scenario_2_bedroom_voc_rise_ep01_d024,scenario_2_bedroom_voc_rise_ep01,scenario_2_bedroom_voc_rise,24,B,train,9.038708786604593,11.1980295,0,0.0,0.0,0.0,4.0,8.88888888888889,0.6577777777777778,91.38000000000004,1.0,1.0,1,80.09983452922347,-0.12942531586019254,0
scenario_2_bedroom_voc_rise_ep01_d024,scenario_2_bedroom_voc_rise_ep01,scenario_2_bedroom_voc_rise,24,C,train,3.3172108949834898,16.433191,1,0.0,0.0,0.0,4.0,8.88888888888889,0.6577777777777778,91.38000000000004,1.0,1.0,1,336.7202419630844,0.6878679657421922,4
scenario_2_bedroom_voc_rise_ep01_d024,scenario_2_bedroom_voc_rise_ep01,scenario_2_bedroom_voc_rise,24,D,train,4.335983270123465,5.5834346,0,0.0,0.0,0.0,0.0,0.0,0.0,91.38000000000004,0.0,1.0,1,44.82087013764635,0.07034908921189179,3
scenario_2_bedroom_voc_rise_ep01_d027,scenario_2_bedroom_voc_rise_ep01,scenario_2_bedroom_voc_rise,27,A,train,4.113331655686752,4.236028,0,0.0,0.0,0.0,0.0,0.0,0.0,91.14000000000004,0.0,1.0,1,26.32977309445232,0.0,0
scenario_2_bedroom_voc_rise_ep01_d027,scenario_2_bedroom_voc_rise_ep01,scenario_2_bedroom_voc_rise,27,B,train,11.1967686997857,12.237849,0,0.0,0.0,0.0,4.0,8.88888888888889,0.6577777777777778,91.14000000000004,1.0,1.0,1,90.65729434952028,-0.16211118524055243,0
scenario_2_bedroom_voc_rise_ep01_d027,scenario_2_bedroom_voc_rise_ep01,scenario_2_bedroom_voc_rise,27,C,train,3.9192979715985183,21.814161,1,0.0,0.0,0.0,4.0,8.88888888888889,0.6577777777777778,91.14000000000004,1.0,1.0,1,455.1203157268608,0.6878679657430449,4
scenario_2_bedroom_voc_rise_ep01_d027,scenario_2_bedroom_voc_rise_ep01,scenario_2_bedroom_voc_rise,27,D,train,4.050417292544548,5.3358593,0,0.0,0.0,0.0,5.656854249492381,12.57078722109418,0.9302382543609692,91.14000000000004,1.0,1.0,1,47.003322458811226,-0.3517863680041864,0
scenario_2_bedroom_voc_rise_ep01_d030,scenario_2_bedroom_voc_rise_ep01,scenario_2_bedroom_voc_rise,30,A,train,3.688566431329356,4.7489076,0,0.0,0.0,0.0,4.0,8.88888888888889,0.6577777777777778,90.90000000000003,1.0,1.0,1,30.91706752907544,-0.312132034254623,0
scenario_2_bedroom_voc_rise_ep01_d030,scenario_2_bedroom_voc_rise_ep01,scenario_2_bedroom_voc_rise,30,B,train,9.949909056733985,13.025551,1,0.0,0.0,0.0,5.656854249492381,12.57078722109418,0.9302382543609692,90.90000000000003,1.0,1.0,1,100.061652076678,-0.26903876451053,0
scenario_2_bedroom_voc_rise_ep01_d030,scenario_2_bedroom_voc_rise_ep01,scenario_2_bedroom_voc_rise,30,C,train,10.030795742523493,35.838776,1,0.0,0.0,0.0,0.0,0.0,0.0,90.90000000000003,0.0,1.0,1,558.8945592250815,0.999999999998106,4
scenario_2_bedroom_voc_rise_ep01_d030,scenario_2_bedroom_voc_rise_ep01,scenario_2_bedroom_voc_rise,30,D,train,5.008358454751598,5.588583,0,0.0,0.0,0.0,4.0,8.88888888888889,0.6577777777777778,90.90000000000003,1.0,1.0,1,50.266086477746285,-0.27548460277704256,0
scenario_2_bedroom_voc_rise_ep01_d033,scenario_2_bedroom_voc_rise_ep01,scenario_2_bedroom_voc_rise,33,A,train,3.004984401098452,4.6016145,0,0.0,0.0,0.0,5.656854249492381,12.57078722109418,0.9302382543609692,90.66000000000004,1.0,1.0,1,36.89233964870846,-0.3999999998566819,0
scenario_2_bedroom_voc_rise_ep01_d033,scenario_2_bedroom_voc_rise_ep01,scenario_2_bedroom_voc_rise,33,B,train,11.348196396140944,13.147864,0,0.0,0.0,0.0,4.0,8.88888888888889,0.6577777777777778,90.66000000000004,1.0,1.0,1,109.55739819585187,-0.19422965675794074,0
scenario_2_bedroom_voc_rise_ep01_d033,scenario_2_bedroom_voc_rise_ep01,scenario_2_bedroom_voc_rise,33,C,train,20.859861926608865,31.339073,1,90.0,0.0,0.0,4.0,8.88888888888889,0.6577777777777778,90.66000000000004,1.0,1.0,1,653.2078041020889,0.6878679657437545,4
scenario_2_bedroom_voc_rise_ep01_d033,scenario_2_bedroom_voc_rise_ep01,scenario_2_bedroom_voc_rise,33,D,train,3.302117844140659,5.394625,0,0.0,0.0,0.0,0.0,0.0,0.0,90.66000000000004,0.0,1.0,1,55.00171453173584,0.0293832881494536,3
scenario_2_bedroom_voc_rise_ep01_d036,scenario_2_bedroom_voc_rise_ep01,scenario_2_bedroom_voc_rise,36,A,train,2.928557429732588,4.7786646,0,0.0,0.0,0.0,4.0,8.88888888888889,0.6577777777777778,90.42000000000006,1.0,1.0,1,41.59379263855453,-0.312132034254623,0
scenario_2_bedroom_voc_rise_ep01_d036,scenario_2_bedroom_voc_rise_ep01,scenario_2_bedroom_voc_rise,36,B,train,12.130913438691792,14.494939,0,0.0,0.0,0.0,0.0,0.0,0.0,90.42000000000006,0.0,1.0,1,118.70793206675376,0.13098888411553947,3
scenario_2_bedroom_voc_rise_ep01_d036,scenario_2_bedroom_voc_rise_ep01,scenario_2_bedroom_voc_rise,36,C,train,32.17971331237789,30.570501,0,180.0,90.0,0.0,5.656854249492381,12.57078722109418,0.9302382543609692,90.42000000000006,1.0,1.0,1,630.3012997583899,0.6000000001416196,4
scenario_2_bedroom_voc_rise_ep01_d036,scenario_2_bedroom_voc_rise_ep01,scenario_2_bedroom_voc_rise,36,D,train,4.4543150516472245,5.3639116,0,0.0,0.0,0.0,4.0,8.88888888888889,0.6577777777777778,90.42000000000006,1.0,1.0,1,58.54296821222374,-0.2833415476909953,0
scenario_2_bedroom_voc_rise_ep01_d039,scenario_2_bedroom_voc_rise_ep01,scenario_2_bedroom_voc_rise,39,A,train,4.3028095717269,5.0046945,0,0.0,0.0,0.0,4.0,8.88888888888889,0.6577777777777778,90.18000000000006,1.0,1.0,1,46.41520660835204,-0.312132034254623,0
scenario_2_bedroom_voc_rise_ep01_d039,scenario_2_bedroom_voc_rise_ep01,scenario_2_bedroom_voc_rise,39,B,train,13.195069692543935,16.271955,1,0.0,0.0,0.0,5.656854249492381,12.57078722109418,0.9302382543609692,90.18000000000006,1.0,1.0,1,127.2833593565574,-0.25320527088134115,0
scenario_2_bedroom_voc_rise_ep01_d039,scenario_2_bedroom_voc_rise_ep01,scenario_2_bedroom_voc_rise,39,C,train,34.09332192217796,29.804972,-1,270.0,180.0,0.0,0.0,0.0,0.0,90.18000000000006,0.0,1.0,1,597.3079621761844,0.9999999999981848,4
scenario_2_bedroom_voc_rise_ep01_d039,scenario_2_bedroom_voc_rise_ep01,scenario_2_bedroom_voc_rise,39,D,train,4.246855614721994,5.269801,0,0.0,0.0,0.0,4.0,8.88888888888889,0.6577777777777778,90.18000000000006,1.0,1.0,1,62.27853494414535,-0.28333636000507983,0
scenario_2_bedroom_voc_rise_ep01_d042,scenario_2_bedroom_voc_rise_ep01,scenario_2_bedroom_voc_rise,42,A,train,4.208696316713303,5.4102497,0,0.0,0.0,0.0,0.0,0.0,0.0,89.94000000000007,0.0,1.0,1,50.77223146877486,0.0,0
scenario_2_bedroom_voc_rise_ep01_d042,scenario_2_bedroom_voc_rise_ep01,scenario_2_bedroom_voc_rise,42,B,train,13.23877015499619,16.333853,1,0.0,0.0,0.0,4.0,8.88888888888889,0.6577777777777778,89.94000000000007,1.0,1.0,1,134.90252601008729,-0.1489328655098937,0
scenario_2_bedroom_voc_rise_ep01_d042,scenario_2_bedroom_voc_rise_ep01,scenario_2_bedroom_voc_rise,42,C,train,33.05288342573475,29.316679,-1,360.0,270.0,0.0,4.0,8.88888888888889,0.6577777777777778,89.94000000000007,1.0,1.0,1,566.2791129575098,0.6878679657434372,4
scenario_2_bedroom_voc_rise_ep01_d042,scenario_2_bedroom_voc_rise_ep01,scenario_2_bedroom_voc_rise,42,D,train,5.136313822748583,5.6027813,0,0.0,0.0,0.0,5.656854249492381,12.57078722109418,0.9302382543609692,89.94000000000007,1.0,1.0,1,65.61929848628529,-0.3711990904011093,0
scenario_2_bedroom_voc_rise_ep01_d045,scenario_2_bedroom_voc_rise_ep01,scenario_2_bedroom_voc_rise,45,A,train,5.203154322815826,5.4914937,0,0.0,0.0,0.0,4.0,8.88888888888889,0.6577777777777778,89.70000000000007,1.0,1.0,1,54.73052020505656,-0.312132034254623,0
scenario_2_bedroom_voc_rise_ep01_d045,scenario_2_bedroom_voc_rise_ep01,scenario_2_bedroom_voc_rise,45,B,train,13.681391026663684,17.391087,1,0.0,0.0,0.0,0.0,0.0,0.0,89.70000000000007,0.0,1.0,1,141.76055591998625,0.1804128101806316,3
scenario_2_bedroom_voc_rise_ep01_d045,scenario_2_bedroom_voc_rise_ep01,scenario_2_bedroom_voc_rise,45,C,train,31.308355968112743,28.79043,0,450.0,360.0,0.0,5.656854249492381,12.57078722109418,0.9302382543609692,89.70000000000007,1.0,1.0,1,537.1244013691141,0.6000000001412452,4
scenario_2_bedroom_voc_rise_ep01_d045,scenario_2_bedroom_voc_rise_ep01,scenario_2_bedroom_voc_rise,45,D,train,5.5715690311385,5.6285233,0,0.0,0.0,0.0,4.0,8.88888888888889,0.6577777777777778,89.70000000000007,1.0,1.0,1,68.62645126412554,-0.28332584163562025,0
scenario_2_bedroom_voc_rise_ep01_d048,scenario_2_bedroom_voc_rise_ep01,scenario_2_bedroom_voc_rise,48,A,train,4.207389020848676,5.4953012,0,0.0,0.0,0.0,5.656854249492381,12.57078722109418,0.9302382543609692,89.46000000000008,1.0,1.0,1,58.28158777379372,-0.3999999998566819,0
scenario_2_bedroom_voc_rise_ep01_d048,scenario_2_bedroom_voc_rise_ep01,scenario_2_bedroom_voc_rise,48,B,train,15.66012807367662,21.356499,1,90.0,0.0,0.0,4.0,8.88888888888889,0.6577777777777778,89.46000000000008,1.0,1.0,1,146.70483621520907,-0.11624872381879453,0
scenario_2_bedroom_voc_rise_ep01_d048,scenario_2_bedroom_voc_rise_ep01,scenario_2_bedroom_voc_rise,48,C,train,29.077219229927625,22.426437,-1,540.0,450.0,0.0,4.0,8.88888888888889,0.6577777777777778,89.46000000000008,1.0,1.0,1,509.6893582698258,0.6878679657431618,4
scenario_2_bedroom_voc_rise_ep01_d048,scenario_2_bedroom_voc_rise_ep01,scenario_2_bedroom_voc_rise,48,D,train,5.302017034726056,5.4919553,0,0.0,0.0,0.0,0.0,0.0,0.0,89.46000000000008,0.0,1.0,1,71.28733366904089,0.028811524181178633,3
scenario_2_bedroom_voc_rise_ep01_d051,scenario_2_bedroom_voc_rise_ep01,scenario_2_bedroom_voc_rise,51,A,train,5.069647910445122,5.4600153,0,0.0,0.0,0.0,0.0,0.0,0.0,89.22000000000008,0.0,1.0,1,61.48322378190619,0.0,0
scenario_2_bedroom_voc_rise_ep01_d051,scenario_2_bedroom_voc_rise_ep01,scenario_2_bedroom_voc_rise,51,B,train,17.518944422268525,21.75018,1,180.0,0.0,0.0,4.0,8.88888888888889,0.6577777777777778,89.22000000000008,1.0,1.0,1,150.6673470398864,-0.1010013476033379,0
scenario_2_bedroom_voc_rise_ep01_d051,scenario_2_bedroom_voc_rise_ep01,scenario_2_bedroom_voc_rise,51,C,train,29.847505572513228,22.81663,-1,630.0,540.0,0.0,4.0,8.88888888888889,0.6577777777777778,89.22000000000008,1.0,1.0,1,483.8951652779826,0.6878679657430097,4
scenario_2_bedroom_voc_rise_ep01_d051,scenario_2_bedroom_voc_rise_ep01,scenario_2_bedroom_voc_rise,51,D,train,5.322467126292231,5.6188035,0,0.0,0.0,0.0,5.656854249492381,12.57078722109418,0.9302382543609692,89.22000000000008,1.0,1.0,1,73.6558283966715,-0.3711830952691264,0
scenario_2_bedroom_voc_rise_ep01_d054,scenario_2_bedroom_voc_rise_ep01,scenario_2_bedroom_voc_rise,54,A,train,4.5365229641169496,5.5031543,0,0.0,0.0,0.0,4.0,8.88888888888889,0.6577777777777778,88.98000000000009,1.0,1.0,1,64.34335392948151,-0.312132034254623,0
scenario_2_bedroom_voc_rise_ep01_d054,scenario_2_bedroom_voc_rise_ep01,scenario_2_bedroom_voc_rise,54,B,train,19.483207094828373,21.838205,0,270.0,0.0,0.0,5.656854249492381,12.57078722109418,0.9302382543609692,88.98000000000009,1.0,1.0,1,153.37900604129118,-0.1747521339248122,0
scenario_2_bedroom_voc_rise_ep01_d054,scenario_2_bedroom_voc_rise_ep01,scenario_2_bedroom_voc_rise,54,C,train,28.65043015617644,21.386486,-1,720.0,630.0,0.0,0.0,0.0,0.0,88.98000000000009,0.0,1.0,1,459.6219140314222,0.9999999999974701,4
scenario_2_bedroom_voc_rise_ep01_d054,scenario_2_bedroom_voc_rise_ep01,scenario_2_bedroom_voc_rise,54,D,train,5.052861846667329,5.6381197,0,0.0,0.0,0.0,4.0,8.88888888888889,0.6577777777777778,88.98000000000009,1.0,1.0,1,75.73620472553353,-0.283309699966912,0
scenario_2_bedroom_voc_rise_ep01_d057,scenario_2_bedroom_voc_rise_ep01,scenario_2_bedroom_voc_rise,57,A,train,5.661381001592676,5.6680145,0,0.0,0.0,0.0,5.656854249492381,12.57078722109418,0.9302382543609692,88.7400000000001,1.0,1.0,1,66.86492529909788,-0.3999999998566819,0
scenario_2_bedroom_voc_rise_ep01_d057,scenario_2_bedroom_voc_rise_ep01,scenario_2_bedroom_voc_rise,57,B,train,20.71678500037617,21.626064,0,360.0,0.0,0.0,4.0,8.88888888888889,0.6577777777777778,88.7400000000001,1.0,1.0,1,153.90390891586185,-0.07682031019651661,0
scenario_2_bedroom_voc_rise_ep01_d057,scenario_2_bedroom_voc_rise_ep01,scenario_2_bedroom_voc_rise,57,C,train,21.91727965842725,18.629402,-1,0.0,0.0,30.0,4.0,8.88888888888889,0.6577777777777778,88.7400000000001,1.0,1.0,1,436.7529279684243,0.6878679657426735,4
scenario_2_bedroom_voc_rise_ep01_d057,scenario_2_bedroom_voc_rise_ep01,scenario_2_bedroom_voc_rise,57,D,train,5.102157531172855,5.584336,0,0.0,0.0,0.0,0.0,0.0,0.0,88.7400000000001,0.0,1.0,1,77.52798774304097,0.02882781373541023,3
scenario_2_bedroom_voc_rise_ep01_d060,scenario_2_bedroom_voc_rise_ep01,scenario_2_bedroom_voc_rise,60,A,train,5.548559947791999,5.936619,0,0.0,0.0,0.0,4.0,8.88888888888889,0.6577777777777778,88.5000000000001,1.0,1.0,1,69.0737077527292,-0.312132034254623,0
scenario_2_bedroom_voc_rise_ep01_d060,scenario_2_bedroom_voc_rise_ep01,scenario_2_bedroom_voc_rise,60,B,train,21.78613817831651,21.20649,0,450.0,0.0,0.0,0.0,0.0,0.0,88.5000000000001,0.0,1.0,1,152.8388988080394,0.2420061697370052,3
scenario_2_bedroom_voc_rise_ep01_d060,scenario_2_bedroom_voc_rise_ep01,scenario_2_bedroom_voc_rise,60,C,train,20.206304285549106,19.780304,0,60.0,0.0,0.0,5.656854249492381,12.57078722109418,0.9302382543609692,88.5000000000001,1.0,1.0,1,415.2020364069042,0.6000000001404292,4
scenario_2_bedroom_voc_rise_ep01_d060,scenario_2_bedroom_voc_rise_ep01,scenario_2_bedroom_voc_rise,60,D,train,5.27288252856662,5.9799004,0,0.0,0.0,0.0,4.0,8.88888888888889,0.6577777777777778,88.5000000000001,1.0,1.0,1,79.05374470937568,-0.28329869086599524,0
scenario_2_bedroom_voc_rise_ep01_d063,scenario_2_bedroom_voc_rise_ep01,scenario_2_bedroom_voc_rise,63,A,train,5.565215765427778,5.987656,0,0.0,0.0,0.0,4.0,8.88888888888889,0.6577777777777778,88.2600000000001,1.0,1.0,1,70.96141326145903,-0.312132034254623,0
scenario_2_bedroom_voc_rise_ep01_d063,scenario_2_bedroom_voc_rise_ep01,scenario_2_bedroom_voc_rise,63,B,train,22.10313195965187,21.102232,0,540.0,0.0,0.0,5.656854249492381,12.57078722109418,0.9302382543609692,88.2600000000001,1.0,1.0,1,150.02831740290344,-0.15588707406945984,0
scenario_2_bedroom_voc_rise_ep01_d063,scenario_2_bedroom_voc_rise_ep01,scenario_2_bedroom_voc_rise,63,C,train,21.33870538594142,18.952208,0,150.0,0.0,0.0,0.0,0.0,0.0,88.2600000000001,0.0,1.0,1,394.85620042286473,0.9999999999969126,4
scenario_2_bedroom_voc_rise_ep01_d063,scenario_2_bedroom_voc_rise_ep01,scenario_2_bedroom_voc_rise,63,D,train,5.932925433922078,5.957638,0,0.0,0.0,0.0,4.0,8.88888888888889,0.6577777777777778,88.2600000000001,1.0,1.0,1,80.3021903183751,-0.2832931105450158,0
scenario_2_bedroom_voc_rise_ep01_d066,scenario_2_bedroom_voc_rise_ep01,scenario_2_bedroom_voc_rise,66,A,train,5.416685495854994,5.907561,0,0.0,0.0,0.0,0.0,0.0,0.0,88.02000000000011,0.0,1.0,1,72.55803707238351,0.0,0
scenario_2_bedroom_voc_rise_ep01_d066,scenario_2_bedroom_voc_rise_ep01,scenario_2_bedroom_voc_rise,66,B,train,22.271724248076048,20.499846,0,630.0,0.0,0.0,4.0,8.88888888888889,0.6577777777777778,88.02000000000011,1.0,1.0,1,147.19045278041358,-0.06589304753002326,0
scenario_2_bedroom_voc_rise_ep01_d066,scenario_2_bedroom_voc_rise_ep01,scenario_2_bedroom_voc_rise,66,C,train,17.90318857739263,16.789642,0,0.0,0.0,30.0,4.0,8.88888888888889,0.6577777777777778,88.02000000000011,1.0,1.0,1,375.647392257453,0.6878679657420776,4
scenario_2_bedroom_voc_rise_ep01_d066,scenario_2_bedroom_voc_rise_ep01,scenario_2_bedroom_voc_rise,66,D,train,6.157200137456481,5.948503,0,0.0,0.0,0.0,5.656854249492381,12.57078722109418,0.9302382543609692,88.02000000000011,1.0,1.0,1,81.3005146979308,-0.37115544469181905,0
scenario_2_bedroom_voc_rise_ep01_d069,scenario_2_bedroom_voc_rise_ep01,scenario_2_bedroom_voc_rise,69,A,train,6.76413339130625,5.8962345,0,0.0,0.0,0.0,4.0,8.88888888888889,0.6577777777777778,87.78000000000011,1.0,1.0,1,73.88678905837196,-0.312132034254623,0
scenario_2_bedroom_voc_rise_ep01_d069,scenario_2_bedroom_voc_rise_ep01,scenario_2_bedroom_voc_rise,69,B,train,22.59493336765256,16.29632,-1,720.0,0.0,0.0,0.0,0.0,0.0,87.78000000000011,0.0,1.0,1,144.33368542989365,0.2483845303174922,3
scenario_2_bedroom_voc_rise_ep01_d069,scenario_2_bedroom_voc_rise_ep01,scenario_2_bedroom_voc_rise,69,C,train,18.943747170784004,17.303017,0,60.0,0.0,0.0,5.656854249492381,12.57078722109418,0.9302382543609692,87.78000000000011,1.0,1.0,1,357.5070945630106,0.6000000001397924,4
scenario_2_bedroom_voc_rise_ep01_d069,scenario_2_bedroom_voc_rise_ep01,scenario_2_bedroom_voc_rise,69,D,train,6.422648172400905,5.9578133,0,0.0,0.0,0.0,4.0,8.88888888888889,0.6577777777777778,87.78000000000011,1.0,1.0,1,82.0693024377365,-0.28328179602934245,0
scenario_2_bedroom_voc_rise_ep01_d072,scenario_2_bedroom_voc_rise_ep01,scenario_2_bedroom_voc_rise,72,A,train,6.941433879010236,6.196402,0,0.0,0.0,0.0,5.656854249492381,12.57078722109418,0.9302382543609692,87.54000000000012,1.0,1.0,1,74.96927397974514,-0.3999999998566819,0
scenario_2_bedroom_voc_rise_ep01_d072,scenario_2_bedroom_voc_rise_ep01,scenario_2_bedroom_voc_rise,72,B,train,21.98735485310184,13.356588,-1,810.0,0.0,0.0,4.0,8.88888888888889,0.6577777777777778,87.54000000000012,1.0,1.0,1,141.46562548501583,-0.06158229826739722,0
scenario_2_bedroom_voc_rise_ep01_d072,scenario_2_bedroom_voc_rise_ep01,scenario_2_bedroom_voc_rise,72,C,train,18.63195022913025,18.014317,0,150.0,0.0,0.0,4.0,8.88888888888889,0.6577777777777778,87.54000000000012,1.0,1.0,1,340.371076312558,0.6878679657416091,4
scenario_2_bedroom_voc_rise_ep01_d072,scenario_2_bedroom_voc_rise_ep01,scenario_2_bedroom_voc_rise,72,D,train,6.142464905366006,6.0442214,0,0.0,0.0,0.0,0.0,0.0,0.0,87.54000000000012,0.0,1.0,1,82.62770131920274,0.02885597336609308,3
scenario_2_bedroom_voc_rise_ep01_d075,scenario_2_bedroom_voc_rise_ep01,scenario_2_bedroom_voc_rise,75,A,train,5.8948889907556135,6.2977157,0,0.0,0.0,0.0,0.0,0.0,0.0,87.30000000000013,0.0,1.0,1,75.82559708243934,0.0,0
scenario_2_bedroom_voc_rise_ep01_d075,scenario_2_bedroom_voc_rise_ep01,scenario_2_bedroom_voc_rise,75,B,train,22.26372812691473,13.3967,-1,900.0,0.0,0.0,4.0,8.88888888888889,0.6577777777777778,87.30000000000013,1.0,1.0,1,138.59317126128212,-0.05939724943085681,0
scenario_2_bedroom_voc_rise_ep01_d075,scenario_2_bedroom_voc_rise_ep01,scenario_2_bedroom_voc_rise,75,C,train,19.151538626625214,16.341324,0,240.0,0.0,0.0,4.0,8.88888888888889,0.6577777777777778,87.30000000000013,1.0,1.0,1,324.17912001502,0.6878679657413506,4
scenario_2_bedroom_voc_rise_ep01_d075,scenario_2_bedroom_voc_rise_ep01,scenario_2_bedroom_voc_rise,75,D,train,5.252678607751409,5.9948025,0,0.0,0.0,0.0,5.656854249492381,12.57078722109418,0.9302382543609692,87.30000000000013,1.0,1.0,1,82.99351712148973,-0.3711382387897073,0
scenario_2_bedroom_voc_rise_ep01_d078,scenario_2_bedroom_voc_rise_ep01,scenario_2_bedroom_voc_rise,78,A,train,5.907843144891069,6.179414,0,0.0,0.0,0.0,4.0,8.88888888888889,0.6577777777777778,87.06000000000013,1.0,1.0,1,76.47446288493506,-0.312132034254623,0
scenario_2_bedroom_voc_rise_ep01_d078,scenario_2_bedroom_voc_rise_ep01,scenario_2_bedroom_voc_rise,78,B,train,13.368528171395122,12.99593,0,0.0,0.0,0.0,5.656854249492381,12.57078722109418,0.9302382543609692,87.06000000000013,1.0,1.0,1,135.7225636399337,-0.14506014025513259,0
scenario_2_bedroom_voc_rise_ep01_d078,scenario_2_bedroom_voc_rise_ep01,scenario_2_bedroom_voc_rise,78,C,train,19.38466675114149,17.523064,0,330.0,0.0,0.0,0.0,0.0,0.0,87.06000000000013,0.0,1.0,1,308.87476642061506,0.9999999999956971,4
scenario_2_bedroom_voc_rise_ep01_d078,scenario_2_bedroom_voc_rise_ep01,scenario_2_bedroom_voc_rise,78,D,train,6.11815029390596,5.9751134,0,0.0,0.0,0.0,4.0,8.88888888888889,0.6577777777777778,87.06000000000013,1.0,1.0,1,83.18330230843162,-0.2832644324425725,0
scenario_2_bedroom_voc_rise_ep02_d012,scenario_2_bedroom_voc_rise_ep02,scenario_2_bedroom_voc_rise,12,A,train,5.644716303402135,5.9327383,0,0.0,0.0,0.0,4.0,8.88888888888889,0.6577777777777778,91.64,1.0,1.0,1,38.52929036267733,0.024509456511130484,2
scenario_2_bedroom_voc_rise_ep02_d012,scenario_2_bedroom_voc_rise_ep02,scenario_2_bedroom_voc_rise,12,B,train,5.384559044024701,6.3796964,0,0.0,0.0,0.0,5.656854249492381,12.57078722109418,0.9302382543609692,91.64,1.0,1.0,1,64.74401605630987,0.6000000001180135,3
scenario_2_bedroom_voc_rise_ep02_d012,scenario_2_bedroom_voc_rise_ep02,scenario_2_bedroom_voc_rise,12,C,train,3.398956441739465,9.746685,1,0.0,0.0,0.0,0.0,0.0,0.0,91.64,0.0,1.0,1,49.73822013229346,0.6202812674583759,4
scenario_2_bedroom_voc_rise_ep02_d012,scenario_2_bedroom_voc_rise_ep02,scenario_2_bedroom_voc_rise,12,D,train,4.081744580895849,5.0175576,0,0.0,0.0,0.0,4.0,8.88888888888889,0.6577777777777778,91.64,1.0,1.0,1,25.225828938712823,-0.312132034254623,0
scenario_2_bedroom_voc_rise_ep02_d015,scenario_2_bedroom_voc_rise_ep02,scenario_2_bedroom_voc_rise,15,A,train,5.875095620789153,5.478926,0,0.0,0.0,0.0,5.656854249492381,12.57078722109418,0.9302382543609692,91.40000000000002,1.0,1.0,1,37.89519085945005,-0.17711756760636438,0
scenario_2_bedroom_voc_rise_ep02_d015,scenario_2_bedroom_voc_rise_ep02,scenario_2_bedroom_voc_rise,15,B,train,6.662719802687897,9.130375,0,0.0,0.0,0.0,4.0,8.88888888888889,0.6577777777777778,91.40000000000002,1.0,1.0,1,70.23297015047956,0.489779718062908,3
scenario_2_bedroom_voc_rise_ep02_d015,scenario_2_bedroom_voc_rise_ep02,scenario_2_bedroom_voc_rise,15,C,train,4.102710928006871,10.538647,1,0.0,0.0,0.0,4.0,8.88888888888889,0.6577777777777778,91.40000000000002,1.0,1.0,1,81.29585386141127,0.6878679657274714,4
scenario_2_bedroom_voc_rise_ep02_d015,scenario_2_bedroom_voc_rise_ep02,scenario_2_bedroom_voc_rise,15,D,train,4.724277858361679,4.5325837,0,0.0,0.0,0.0,0.0,0.0,0.0,91.40000000000002,0.0,1.0,1,25.447595112274485,0.0,0
scenario_2_bedroom_voc_rise_ep02_d018,scenario_2_bedroom_voc_rise_ep02,scenario_2_bedroom_voc_rise,18,A,train,5.592699099305234,5.613052,0,0.0,0.0,0.0,4.0,8.88888888888889,0.6577777777777778,91.16000000000004,1.0,1.0,1,37.86164835548777,-0.21624293321518934,0
scenario_2_bedroom_voc_rise_ep02_d018,scenario_2_bedroom_voc_rise_ep02,scenario_2_bedroom_voc_rise,18,B,train,6.514513749705787,9.922847,1,0.0,0.0,0.0,0.0,0.0,0.0,91.16000000000004,0.0,1.0,1,76.15661647216905,0.4111754570453842,3
scenario_2_bedroom_voc_rise_ep02_d018,scenario_2_bedroom_voc_rise_ep02,scenario_2_bedroom_voc_rise,18,C,train,5.192767391403291,9.835298,1,0.0,0.0,0.0,5.656854249492381,12.57078722109418,0.9302382543609692,91.16000000000004,1.0,1.0,1,147.67578204629103,0.6000000001350851,4
scenario_2_bedroom_voc_rise_ep02_d018,scenario_2_bedroom_voc_rise_ep02,scenario_2_bedroom_voc_rise,18,D,train,4.6673783460186105,5.234368,0,0.0,0.0,0.0,4.0,8.88888888888889,0.6577777777777778,91.16000000000004,1.0,1.0,1,26.214870760795293,-0.312132034254623,0
scenario_2_bedroom_voc_rise_ep02_d021,scenario_2_bedroom_voc_rise_ep02,scenario_2_bedroom_voc_rise,21,A,train,5.392012004227594,5.491836,0,0.0,0.0,0.0,4.0,8.88888888888889,0.6577777777777778,90.92000000000004,1.0,1.0,1,38.64810351787355,-0.261208144408244,0
scenario_2_bedroom_voc_rise_ep02_d021,scenario_2_bedroom_voc_rise_ep02,scenario_2_bedroom_voc_rise,21,B,train,6.745256970265152,10.484738,1,0.0,0.0,0.0,5.656854249492381,12.57078722109418,0.9302382543609692,90.92000000000004,1.0,1.0,1,83.37865018836646,-0.1400501600441596,0
scenario_2_bedroom_voc_rise_ep02_d021,scenario_2_bedroom_voc_rise_ep02,scenario_2_bedroom_voc_rise,21,C,train,3.2233261031313285,12.810598,1,0.0,0.0,0.0,0.0,0.0,0.0,90.92000000000004,0.0,1.0,1,241.74582055130224,0.9999999999953271,4
scenario_2_bedroom_voc_rise_ep02_d021,scenario_2_bedroom_voc_rise_ep02,scenario_2_bedroom_voc_rise,21,D,train,4.358072687291313,4.926282,0,0.0,0.0,0.0,4.0,8.88888888888889,0.6577777777777778,90.92000000000004,1.0,1.0,1,27.75063632882143,-0.312132034254623,0
scenario_2_bedroom_voc_rise_ep02_d024,scenario_2_bedroom_voc_rise_ep02,scenario_2_bedroom_voc_rise,24,A,train,5.398599151059691,5.5812087,0,0.0,0.0,0.0,0.0,0.0,0.0,90.68000000000004,0.0,1.0,1,40.63291000087361,0.030656135288535266,3
scenario_2_bedroom_voc_rise_ep02_d024,scenario_2_bedroom_voc_rise_ep02,scenario_2_bedroom_voc_rise,24,B,train,8.927501706119141,10.913753,0,0.0,0.0,0.0,4.0,8.88888888888889,0.6577777777777778,90.68000000000004,1.0,1.0,1,90.79907981137468,-0.130647363571938,0
scenario_2_bedroom_voc_rise_ep02_d024,scenario_2_bedroom_voc_rise_ep02,scenario_2_bedroom_voc_rise,24,C,train,3.95911394024084,17.515808,1,0.0,0.0,0.0,4.0,8.88888888888889,0.6577777777777778,90.68000000000004,1.0,1.0,1,363.0405286564219,0.6878679657423704,4
scenario_2_bedroom_voc_rise_ep02_d024,scenario_2_bedroom_voc_rise_ep02,scenario_2_bedroom_voc_rise,24,D,train,4.816959682108768,4.523658,0,0.0,0.0,0.0,5.656854249492381,12.57078722109418,0.9302382543609692,90.68000000000004,1.0,1.0,1,30.436557668740534,-0.3999999998566819,0
scenario_2_bedroom_voc_rise_ep02_d027,scenario_2_bedroom_voc_rise_ep02,scenario_2_bedroom_voc_rise,27,A,train,5.079397636317295,5.450964,0,0.0,0.0,0.0,4.0,8.88888888888889,0.6577777777777778,90.44000000000004,1.0,1.0,1,43.53818294157463,-0.29100897680771015,0
scenario_2_bedroom_voc_rise_ep02_d027,scenario_2_bedroom_voc_rise_ep02,scenario_2_bedroom_voc_rise,27,B,train,9.97269763503376,11.952148,0,0.0,0.0,0.0,0.0,0.0,0.0,90.44000000000004,0.0,1.0,1,100.50322520810936,0.14724818980751006,3
scenario_2_bedroom_voc_rise_ep02_d027,scenario_2_bedroom_voc_rise_ep02,scenario_2_bedroom_voc_rise,27,C,train,3.665598488698475,19.571344,1,0.0,0.0,0.0,5.656854249492381,12.57078722109418,0.9302382543609692,90.44000000000004,1.0,1.0,1,485.652814359534,0.6000000001411042,4
scenario_2_bedroom_voc_rise_ep02_d027,scenario_2_bedroom_voc_rise_ep02,scenario_2_bedroom_voc_rise,27,D,train,4.3675997398868045,5.553663,0,0.0,0.0,0.0,4.0,8.88888888888889,0.6577777777777778,90.44000000000004,1.0,1.0,1,33.997849165578145,-0.312132034254623,0
scenario_2_bedroom_voc_rise_ep02_d030,scenario_2_bedroom_voc_rise_ep02,scenario_2_bedroom_voc_rise,30,A,train,4.766066707690301,5.2449684,0,0.0,0.0,0.0,5.656854249492381,12.57078722109418,0.9302382543609692,90.20000000000005,1.0,1.0,1,47.14572249011735,-0.38374701665884825,0
scenario_2_bedroom_voc_rise_ep02_d030,scenario_2_bedroom_voc_rise_ep02,scenario_2_bedroom_voc_rise,30,B,train,10.017026333303782,12.028274,0,0.0,0.0,0.0,4.0,8.88888888888889,0.6577777777777778,90.20000000000005,1.0,1.0,1,108.005607817792,-0.18506816038710108,0
scenario_2_bedroom_voc_rise_ep02_d030,scenario_2_bedroom_voc_rise_ep02,scenario_2_bedroom_voc_rise,30,C,train,10.600644350862446,35.503384,1,0.0,0.0,0.0,4.0,8.88888888888889,0.6577777777777778,90.20000000000005,1.0,1.0,1,587.4421705385073,0.6878679657435562,4
scenario_2_bedroom_voc_rise_ep02_d030,scenario_2_bedroom_voc_rise_ep02,scenario_2_bedroom_voc_rise,30,D,train,3.887364134982015,5.6802993,0,0.0,0.0,0.0,0.0,0.0,0.0,90.20000000000005,0.0,1.0,1,38.21921095614448,0.0,0
scenario_2_bedroom_voc_rise_ep02_d033,scenario_2_bedroom_voc_rise_ep02,scenario_2_bedroom_voc_rise,33,A,train,4.440749968443866,5.4237037,0,0.0,0.0,0.0,0.0,0.0,0.0,89.96000000000005,0.0,1.0,1,51.5267158868603,0.013976168891496058,3
scenario_2_bedroom_voc_rise_ep02_d033,scenario_2_bedroom_voc_rise_ep02,scenario_2_bedroom_voc_rise,33,B,train,10.796139441932697,13.000387,0,0.0,0.0,0.0,4.0,8.88888888888889,0.6577777777777778,89.96000000000005,1.0,1.0,1,119.51681805623708,-0.18438412518299038,0
scenario_2_bedroom_voc_rise_ep02_d033,scenario_2_bedroom_voc_rise_ep02,scenario_2_bedroom_voc_rise,33,C,train,21.832021086366296,32.44235,1,90.0,0.0,0.0,4.0,8.88888888888889,0.6577777777777778,89.96000000000005,1.0,1.0,1,640.7755127519558,0.6878679657437037,4
scenario_2_bedroom_voc_rise_ep02_d033,scenario_2_bedroom_voc_rise_ep02,scenario_2_bedroom_voc_rise,33,D,train,3.574802028022453,4.843982,0,0.0,0.0,0.0,5.656854249492381,12.57078722109418,0.9302382543609692,89.96000000000005,1.0,1.0,1,43.17454381526545,-0.3999999998566819,0
scenario_2_bedroom_voc_rise_ep02_d036,scenario_2_bedroom_voc_rise_ep02,scenario_2_bedroom_voc_rise,36,A,train,4.548320090640392,5.272922,0,0.0,0.0,0.0,4.0,8.88888888888889,0.6577777777777778,89.72000000000006,1.0,1.0,1,56.59828709813473,-0.2994617926129334,0
scenario_2_bedroom_voc_rise_ep02_d036,scenario_2_bedroom_voc_rise_ep02,scenario_2_bedroom_voc_rise,36,B,train,12.703779793697644,13.768149,0,0.0,0.0,0.0,5.656854249492381,12.57078722109418,0.9302382543609692,89.72000000000006,1.0,1.0,1,126.55011677591052,-0.2739155606854705,0
scenario_2_bedroom_voc_rise_ep02_d036,scenario_2_bedroom_voc_rise_ep02,scenario_2_bedroom_voc_rise,36,C,train,33.461844376521164,31.44445,0,180.0,90.0,0.0,0.0,0.0,0.0,89.72000000000006,0.0,1.0,1,665.5654587292604,0.9999999999983787,4
scenario_2_bedroom_voc_rise_ep02_d036,scenario_2_bedroom_voc_rise_ep02,scenario_2_bedroom_voc_rise,36,D,train,4.985669872533608,5.04543,0,0.0,0.0,0.0,4.0,8.88888888888889,0.6577777777777778,89.72000000000006,1.0,1.0,1,48.78351077733919,-0.312132034254623,0
scenario_2_bedroom_voc_rise_ep02_d039,scenario_2_bedroom_voc_rise_ep02,scenario_2_bedroom_voc_rise,39,A,train,5.512548113514525,5.481152,0,0.0,0.0,0.0,5.656854249492381,12.57078722109418,0.9302382543609692,89.48000000000006,1.0,1.0,1,60.8841390867301,-0.38733152047177255,0
scenario_2_bedroom_voc_rise_ep02_d039,scenario_2_bedroom_voc_rise_ep02,scenario_2_bedroom_voc_rise,39,B,train,12.833430776461356,16.228891,1,0.0,0.0,0.0,4.0,8.88888888888889,0.6577777777777778,89.48000000000006,1.0,1.0,1,135.44776162932453,-0.17027668769870874,0
scenario_2_bedroom_voc_rise_ep02_d039,scenario_2_bedroom_voc_rise_ep02,scenario_2_bedroom_voc_rise,39,C,train,36.94454315712914,31.096176,-1,270.0,180.0,0.0,4.0,8.88888888888889,0.6577777777777778,89.48000000000006,1.0,1.0,1,630.748680580492,0.6878679657436445,4
scenario_2_bedroom_voc_rise_ep02_d039,scenario_2_bedroom_voc_rise_ep02,scenario_2_bedroom_voc_rise,39,D,train,6.647147385088889,6.062242,0,0.0,0.0,0.0,0.0,0.0,0.0,89.48000000000006,0.0,1.0,1,53.5721906222268,0.0,0
scenario_2_bedroom_voc_rise_ep02_d042,scenario_2_bedroom_voc_rise_ep02,scenario_2_bedroom_voc_rise,42,A,train,5.411449921675534,5.7086716,0,0.0,0.0,0.0,4.0,8.88888888888889,0.6577777777777778,89.24000000000007,1.0,1.0,1,64.73377745941161,-0.2994653331909901,0
scenario_2_bedroom_voc_rise_ep02_d042,scenario_2_bedroom_voc_rise_ep02,scenario_2_bedroom_voc_rise,42,B,train,12.88950935456806,17.230452,1,0.0,0.0,0.0,0.0,0.0,0.0,89.24000000000007,0.0,1.0,1,142.65267085461278,0.15693043201430318,3
scenario_2_bedroom_voc_rise_ep02_d042,scenario_2_bedroom_voc_rise_ep02,scenario_2_bedroom_voc_rise,42,C,train,34.305291501512755,30.445019,-1,360.0,270.0,0.0,5.656854249492381,12.57078722109418,0.9302382543609692,89.24000000000007,1.0,1.0,1,598.0065381057934,0.6000000001414668,4
scenario_2_bedroom_voc_rise_ep02_d042,scenario_2_bedroom_voc_rise_ep02,scenario_2_bedroom_voc_rise,42,D,train,5.044212938708134,6.0323257,0,0.0,0.0,0.0,4.0,8.88888888888889,0.6577777777777778,89.24000000000007,1.0,1.0,1,57.89231201732082,-0.312132034254623,0
scenario_2_bedroom_voc_rise_ep02_d045,scenario_2_bedroom_voc_rise_ep02,scenario_2_bedroom_voc_rise,45,A,train,6.346154549797285,6.2524333,0,0.0,0.0,0.0,4.0,8.88888888888889,0.6577777777777778,89.00000000000007,1.0,1.0,1,68.23423519355606,-0.2994671277231651,0
scenario_2_bedroom_voc_rise_ep02_d045,scenario_2_bedroom_voc_rise_ep02,scenario_2_bedroom_voc_rise,45,B,train,13.81884761338239,20.935604,1,30.0,0.0,0.0,5.656854249492381,12.57078722109418,0.9302382543609692,89.00000000000007,1.0,1.0,1,151.0622818566328,-0.2234592972543865,0
scenario_2_bedroom_voc_rise_ep02_d045,scenario_2_bedroom_voc_rise_ep02,scenario_2_bedroom_voc_rise,45,C,train,31.041741862541265,30.331696,0,450.0,360.0,0.0,0.0,0.0,0.0,89.00000000000007,0.0,1.0,1,567.2648373600391,0.9999999999980215,4
scenario_2_bedroom_voc_rise_ep02_d045,scenario_2_bedroom_voc_rise_ep02,scenario_2_bedroom_voc_rise,45,D,train,5.323966139639603,5.7938128,0,0.0,0.0,0.0,4.0,8.88888888888889,0.6577777777777778,89.00000000000007,1.0,1.0,1,61.83298806418952,-0.312132034254623,0
scenario_2_bedroom_voc_rise_ep02_d048,scenario_2_bedroom_voc_rise_ep02,scenario_2_bedroom_voc_rise,48,A,train,6.245131603049941,6.315114,0,0.0,0.0,0.0,0.0,0.0,0.0,88.76000000000008,0.0,1.0,1,71.33429931967976,0.012663095640654902,3
scenario_2_bedroom_voc_rise_ep02_d048,scenario_2_bedroom_voc_rise_ep02,scenario_2_bedroom_voc_rise,48,B,train,16.523714081745233,21.24352,1,120.0,0.0,0.0,4.0,8.88888888888889,0.6577777777777778,88.76000000000008,1.0,1.0,1,156.05677736389703,-0.12034276416447204,0
scenario_2_bedroom_voc_rise_ep02_d048,scenario_2_bedroom_voc_rise_ep02,scenario_2_bedroom_voc_rise,48,C,train,30.210196619358303,27.967056,0,540.0,450.0,0.0,4.0,8.88888888888889,0.6577777777777778,88.76000000000008,1.0,1.0,1,538.321491217956,0.6878679657432628,4
scenario_2_bedroom_voc_rise_ep02_d048,scenario_2_bedroom_voc_rise_ep02,scenario_2_bedroom_voc_rise,48,D,train,5.295347496459983,5.91982,0,0.0,0.0,0.0,5.656854249492381,12.57078722109418,0.9302382543609692,88.76000000000008,1.0,1.0,1,65.34495216991581,-0.3999999998566819,0
scenario_2_bedroom_voc_rise_ep02_d051,scenario_2_bedroom_voc_rise_ep02,scenario_2_bedroom_voc_rise,51,A,train,6.077768388758003,6.517065,0,0.0,0.0,0.0,4.0,8.88888888888889,0.6577777777777778,88.52000000000008,1.0,1.0,1,74.12292663537846,-0.2994707660124817,0
scenario_2_bedroom_voc_rise_ep02_d051,scenario_2_bedroom_voc_rise_ep02,scenario_2_bedroom_voc_rise,51,B,train,18.1319826149744,21.727339,1,210.0,0.0,0.0,0.0,0.0,0.0,88.52000000000008,0.0,1.0,1,161.2113442880052,0.20942443403198427,3
scenario_2_bedroom_voc_rise_ep02_d051,scenario_2_bedroom_voc_rise_ep02,scenario_2_bedroom_voc_rise,51,C,train,30.862156883235247,27.48235,-1,630.0,540.0,0.0,5.656854249492381,12.57078722109418,0.9302382543609692,88.52000000000008,1.0,1.0,1,511.12427030955655,0.6000000001410589,4
scenario_2_bedroom_voc_rise_ep02_d051,scenario_2_bedroom_voc_rise_ep02,scenario_2_bedroom_voc_rise,51,D,train,5.631857019319891,6.0509176,0,0.0,0.0,0.0,4.0,8.88888888888889,0.6577777777777778,88.52000000000008,1.0,1.0,1,68.51898235923659,-0.312132034254623,0
scenario_2_bedroom_voc_rise_ep02_d054,scenario_2_bedroom_voc_rise_ep02,scenario_2_bedroom_voc_rise,54,A,train,6.251334426467406,6.4678884,0,0.0,0.0,0.0,5.656854249492381,12.57078722109418,0.9302382543609692,88.28000000000009,1.0,1.0,1,76.56433860460288,-0.3873405756711972,0
scenario_2_bedroom_voc_rise_ep02_d054,scenario_2_bedroom_voc_rise_ep02,scenario_2_bedroom_voc_rise,54,B,train,19.64202264952251,21.22437,0,300.0,0.0,0.0,4.0,8.88888888888889,0.6577777777777778,88.28000000000009,1.0,1.0,1,163.98599946461445,-0.08840312517485088,0
scenario_2_bedroom_voc_rise_ep02_d054,scenario_2_bedroom_voc_rise_ep02,scenario_2_bedroom_voc_rise,54,C,train,29.155315532434862,23.747255,-1,720.0,630.0,0.0,4.0,8.88888888888889,0.6577777777777778,88.28000000000009,1.0,1.0,1,485.5052758282106,0.6878679657429626,4
scenario_2_bedroom_voc_rise_ep02_d054,scenario_2_bedroom_voc_rise_ep02,scenario_2_bedroom_voc_rise,54,D,train,6.961455160070719,6.013669,0,0.0,0.0,0.0,0.0,0.0,0.0,88.28000000000009,0.0,1.0,1,71.32100421933751,0.0,0
scenario_2_bedroom_voc_rise_ep02_d057,scenario_2_bedroom_voc_rise_ep02,scenario_2_bedroom_voc_rise,57,A,train,6.099567536445082,6.3401604,0,0.0,0.0,30.0,0.0,0.0,0.0,88.04000000000009,0.0,1.0,1,78.65511912547026,0.012657563318878557,3
scenario_2_bedroom_voc_rise_ep02_d057,scenario_2_bedroom_voc_rise_ep02,scenario_2_bedroom_voc_rise,57,B,train,20.931225681327494,21.178104,0,390.0,0.0,0.0,4.0,8.88888888888889,0.6577777777777778,88.04000000000009,1.0,1.0,1,163.0225475722118,-0.08180165320526367,0
scenario_2_bedroom_voc_rise_ep02_d057,scenario_2_bedroom_voc_rise_ep02,scenario_2_bedroom_voc_rise,57,C,train,29.304833327925238,23.90891,-1,810.0,720.0,0.0,4.0,8.88888888888889,0.6577777777777778,88.04000000000009,1.0,1.0,1,461.33745515352007,0.687867965742797,4
scenario_2_bedroom_voc_rise_ep02_d057,scenario_2_bedroom_voc_rise_ep02,scenario_2_bedroom_voc_rise,57,D,train,6.070693383709704,6.0264196,0,0.0,0.0,0.0,5.656854249492381,12.57078722109418,0.9302382543609692,88.04000000000009,1.0,1.0,1,73.74919619604952,-0.3999999998566819,0
scenario_2_bedroom_voc_rise_ep02_d060,scenario_2_bedroom_voc_rise_ep02,scenario_2_bedroom_voc_rise,60,A,train,6.288042639603369,6.297069,0,0.0,0.0,0.0,4.0,8.88888888888889,0.6577777777777778,87.8000000000001,1.0,1.0,1,80.47892649922505,-0.2994763487654899,0
scenario_2_bedroom_voc_rise_ep02_d060,scenario_2_bedroom_voc_rise_ep02,scenario_2_bedroom_voc_rise,60,B,train,22.2743124580829,19.967072,0,480.0,0.0,0.0,5.656854249492381,12.57078722109418,0.9302382543609692,87.8000000000001,1.0,1.0,1,161.9906143267067,-0.16260851551960348,0
scenario_2_bedroom_voc_rise_ep02_d060,scenario_2_bedroom_voc_rise_ep02,scenario_2_bedroom_voc_rise,60,C,train,28.67449530784108,23.435896,-1,900.0,810.0,0.0,0.0,0.0,0.0,87.8000000000001,0.0,1.0,1,438.58876905651255,0.999999999997243,4
scenario_2_bedroom_voc_rise_ep02_d060,scenario_2_bedroom_voc_rise_ep02,scenario_2_bedroom_voc_rise,60,D,train,5.788676039517957,6.2545056,0,0.0,0.0,0.0,4.0,8.88888888888889,0.6577777777777778,87.8000000000001,1.0,1.0,1,75.8887086072773,-0.312132034254623,0
scenario_2_bedroom_voc_rise_ep02_d063,scenario_2_bedroom_voc_rise_ep02,scenario_2_bedroom_voc_rise,63,A,train,5.389226235931479,6.431125,0,0.0,0.0,0.0,5.656854249492381,12.57078722109418,0.9302382543609692,87.5600000000001,1.0,1.0,1,81.99191636129308,-0.3873462093150163,0
scenario_2_bedroom_voc_rise_ep02_d063,scenario_2_bedroom_voc_rise_ep02,scenario_2_bedroom_voc_rise,63,B,train,22.366043800644235,18.623384,-1,570.0,0.0,0.0,4.0,8.88888888888889,0.6577777777777778,87.5600000000001,1.0,1.0,1,158.9587274362009,-0.0727117712295654,0
scenario_2_bedroom_voc_rise_ep02_d063,scenario_2_bedroom_voc_rise_ep02,scenario_2_bedroom_voc_rise,63,C,train,27.85236456993242,24.101593,-1,990.0,900.0,0.0,4.0,8.88888888888889,0.6577777777777778,87.5600000000001,1.0,1.0,1,417.1071048477427,0.6878679657424307,4
scenario_2_bedroom_voc_rise_ep02_d063,scenario_2_bedroom_voc_rise_ep02,scenario_2_bedroom_voc_rise,63,D,train,5.5225124638413,6.1063805,0,0.0,0.0,0.0,0.0,0.0,0.0,87.5600000000001,0.0,1.0,1,77.69709316571175,0.0,0
scenario_2_bedroom_voc_rise_ep02_d066,scenario_2_bedroom_voc_rise_ep02,scenario_2_bedroom_voc_rise,66,A,train,7.228903951419327,6.699103,0,0.0,0.0,0.0,4.0,8.88888888888889,0.6577777777777778,87.3200000000001,1.0,1.0,1,83.22779322751012,-0.2994801559341379,0
scenario_2_bedroom_voc_rise_ep02_d066,scenario_2_bedroom_voc_rise_ep02,scenario_2_bedroom_voc_rise,66,B,train,22.832432377484047,16.93702,-1,660.0,0.0,0.0,0.0,0.0,0.0,87.3200000000001,0.0,1.0,1,155.90319030880278,0.24146753538867058,3
scenario_2_bedroom_voc_rise_ep02_d066,scenario_2_bedroom_voc_rise_ep02,scenario_2_bedroom_voc_rise,66,C,train,19.5566267241325,21.791214,0,30.0,0.0,0.0,5.656854249492381,12.57078722109418,0.9302382543609692,87.3200000000001,1.0,1.0,1,396.8248508751676,0.6000000001401697,4
scenario_2_bedroom_voc_rise_ep02_d066,scenario_2_bedroom_voc_rise_ep02,scenario_2_bedroom_voc_rise,66,D,train,6.234641326596228,6.10253,0,0.0,0.0,0.0,4.0,8.88888888888889,0.6577777777777778,87.3200000000001,1.0,1.0,1,79.2093606930116,-0.312132034254623,0
scenario_2_bedroom_voc_rise_ep02_d069,scenario_2_bedroom_voc_rise_ep02,scenario_2_bedroom_voc_rise,69,A,train,5.762843764102925,6.5792613,0,0.0,0.0,0.0,4.0,8.88888888888889,0.6577777777777778,87.08000000000011,1.0,1.0,1,84.20915510011059,-0.2994820855864533,0
scenario_2_bedroom_voc_rise_ep02_d069,scenario_2_bedroom_voc_rise_ep02,scenario_2_bedroom_voc_rise,69,B,train,23.800594031567037,15.886805,-1,750.0,0.0,0.0,5.656854249492381,12.57078722109418,0.9302382543609692,87.08000000000011,1.0,1.0,1,152.8324622471805,-0.15646652989910037,0
scenario_2_bedroom_voc_rise_ep02_d069,scenario_2_bedroom_voc_rise_ep02,scenario_2_bedroom_voc_rise,69,C,train,20.880687862542494,22.531631,0,120.0,0.0,0.0,0.0,0.0,0.0,87.08000000000011,0.0,1.0,1,377.669794714393,0.9999999999966356,4
scenario_2_bedroom_voc_rise_ep02_d069,scenario_2_bedroom_voc_rise_ep02,scenario_2_bedroom_voc_rise,69,D,train,6.49176244820227,6.6053877,0,0.0,0.0,0.0,4.0,8.88888888888889,0.6577777777777778,87.08000000000011,1.0,1.0,1,80.44933149727171,-0.312132034254623,0
scenario_2_bedroom_voc_rise_ep02_d072,scenario_2_bedroom_voc_rise_ep02,scenario_2_bedroom_voc_rise,72,A,train,6.3633002241827805,6.6064434,0,0.0,0.0,0.0,0.0,0.0,0.0,86.84000000000012,0.0,1.0,1,84.95702619874146,0.012648001425886995,3
scenario_2_bedroom_voc_rise_ep02_d072,scenario_2_bedroom_voc_rise_ep02,scenario_2_bedroom_voc_rise,72,B,train,15.101473199790965,12.829589,0,0.0,0.0,30.0,4.0,8.88888888888889,0.6577777777777778,86.84000000000012,1.0,1.0,1,149.75421767408966,-0.06651379745832348,0
scenario_2_bedroom_voc_rise_ep02_d072,scenario_2_bedroom_voc_rise_ep02,scenario_2_bedroom_voc_rise,72,C,train,20.870044227685213,21.845882,0,210.0,0.0,0.0,4.0,8.88888888888889,0.6577777777777778,86.84000000000012,1.0,1.0,1,359.5742381495295,0.6878679657417817,4
scenario_2_bedroom_voc_rise_ep02_d072,scenario_2_bedroom_voc_rise_ep02,scenario_2_bedroom_voc_rise,72,D,train,6.096729715378743,6.627753,0,0.0,0.0,0.0,5.656854249492381,12.57078722109418,0.9302382543609692,86.84000000000012,1.0,1.0,1,81.43917350450943,-0.3999999998566819,0
scenario_2_bedroom_voc_rise_ep02_d075,scenario_2_bedroom_voc_rise_ep02,scenario_2_bedroom_voc_rise,75,A,train,7.49096028018128,6.5792284,0,0.0,0.0,0.0,4.0,8.88888888888889,0.6577777777777778,86.60000000000012,1.0,1.0,1,85.49096076144338,-0.2994859978212825,0
scenario_2_bedroom_voc_rise_ep02_d075,scenario_2_bedroom_voc_rise_ep02,scenario_2_bedroom_voc_rise,75,B,train,15.38520898197564,13.038426,0,60.0,0.0,0.0,0.0,0.0,0.0,86.60000000000012,0.0,1.0,1,146.6754059008165,0.24772200751808335,3
scenario_2_bedroom_voc_rise_ep02_d075,scenario_2_bedroom_voc_rise_ep02,scenario_2_bedroom_voc_rise,75,C,train,20.650180250486187,22.595018,0,300.0,0.0,0.0,5.656854249492381,12.57078722109418,0.9302382543609692,86.60000000000012,1.0,1.0,1,342.47471004892066,0.6000000001394762,4
scenario_2_bedroom_voc_rise_ep02_d075,scenario_2_bedroom_voc_rise_ep02,scenario_2_bedroom_voc_rise,75,D,train,5.746906226060679,6.6344113,0,0.0,0.0,0.0,4.0,8.88888888888889,0.6577777777777778,86.60000000000012,1.0,1.0,1,82.19951111299201,-0.312132034254623,0
scenario_2_bedroom_voc_rise_ep02_d078,scenario_2_bedroom_voc_rise_ep02,scenario_2_bedroom_voc_rise,78,A,train,6.681653005682535,6.5262156,0,0.0,0.0,0.0,5.656854249492381,12.57078722109418,0.9302382543609692,86.36000000000013,1.0,1.0,1,85.82914014447806,-0.3873559463279087,0
scenario_2_bedroom_voc_rise_ep02_d078,scenario_2_bedroom_voc_rise_ep02,scenario_2_bedroom_voc_rise,78,B,train,16.68364405270718,13.238343,-1,150.0,0.0,0.0,4.0,8.88888888888889,0.6577777777777778,86.36000000000013,1.0,1.0,1,143.6023066530422,-0.06228707895554844,0
scenario_2_bedroom_voc_rise_ep02_d078,scenario_2_bedroom_voc_rise_ep02,scenario_2_bedroom_voc_rise,78,C,train,21.2323257558816,22.281387,0,390.0,0.0,0.0,4.0,8.88888888888889,0.6577777777777778,86.36000000000013,1.0,1.0,1,326.311697642107,0.6878679657412713,4
scenario_2_bedroom_voc_rise_ep02_d078,scenario_2_bedroom_voc_rise_ep02,scenario_2_bedroom_voc_rise,78,D,train,7.455725177778941,6.7115827,0,0.0,0.0,0.0,0.0,0.0,0.0,86.36000000000013,0.0,1.0,1,82.74952702155497,0.0,0
scenario_2_bedroom_voc_rise_ep03_d012,scenario_2_bedroom_voc_rise_ep03,scenario_2_bedroom_voc_rise,12,A,test,4.743265334637872,5.5143337,0,0.0,0.0,0.0,5.656854249492381,12.57078722109418,0.9302382543609692,90.94000000000004,1.0,1.0,1,36.00716977971882,-0.1900321809080182,0
scenario_2_bedroom_voc_rise_ep03_d012,scenario_2_bedroom_voc_rise_ep03,scenario_2_bedroom_voc_rise,12,B,test,3.583844736474083,4.5883894,0,0.0,0.0,0.0,4.0,8.88888888888889,0.6577777777777778,90.94000000000004,1.0,1.0,1,39.20768996603943,0.020131972322816244,3
scenario_2_bedroom_voc_rise_ep03_d012,scenario_2_bedroom_voc_rise_ep03,scenario_2_bedroom_voc_rise,12,C,test,5.339502712477588,12.531851,1,0.0,0.0,0.0,4.0,8.88888888888889,0.6577777777777778,90.94000000000004,1.0,1.0,1,56.68249901279836,0.6878679657071657,4
scenario_2_bedroom_voc_rise_ep03_d012,scenario_2_bedroom_voc_rise_ep03,scenario_2_bedroom_voc_rise,12,D,test,3.92216146364178,4.7790027,0,0.0,0.0,0.0,0.0,0.0,0.0,90.94000000000004,0.0,1.0,1,30.51226224373943,0.0,0
scenario_2_bedroom_voc_rise_ep03_d015,scenario_2_bedroom_voc_rise_ep03,scenario_2_bedroom_voc_rise,15,A,test,4.3905588113943885,5.13956,0,0.0,0.0,0.0,0.0,0.0,0.0,90.70000000000005,0.0,1.0,1,35.40106179216559,0.09227364620017117,3
scenario_2_bedroom_voc_rise_ep03_d015,scenario_2_bedroom_voc_rise_ep03,scenario_2_bedroom_voc_rise,15,B,test,4.484934047418171,9.386007,1,0.0,0.0,0.0,4.0,8.88888888888889,0.6577777777777778,90.70000000000005,1.0,1.0,1,47.94141337171857,0.003806976039207627,2
scenario_2_bedroom_voc_rise_ep03_d015,scenario_2_bedroom_voc_rise_ep03,scenario_2_bedroom_voc_rise,15,C,test,4.989580978896925,12.264146,1,0.0,0.0,0.0,4.0,8.88888888888889,0.6577777777777778,90.70000000000005,1.0,1.0,1,86.29498388233412,0.6878679657275414,4
scenario_2_bedroom_voc_rise_ep03_d015,scenario_2_bedroom_voc_rise_ep03,scenario_2_bedroom_voc_rise,15,D,test,4.133442460157423,4.3827252,0,0.0,0.0,0.0,5.656854249492381,12.57078722109418,0.9302382543609692,90.70000000000005,1.0,1.0,1,30.227511700641912,-0.3999999998566819,0
scenario_2_bedroom_voc_rise_ep03_d018,scenario_2_bedroom_voc_rise_ep03,scenario_2_bedroom_voc_rise,18,A,test,4.876496866964295,5.155919,0,0.0,0.0,0.0,4.0,8.88888888888889,0.6577777777777778,90.46000000000004,1.0,1.0,1,35.320893114324804,-0.2712640222181101,0
scenario_2_bedroom_voc_rise_ep03_d018,scenario_2_bedroom_voc_rise_ep03,scenario_2_bedroom_voc_rise,18,B,test,6.15072747474865,8.188951,0,0.0,0.0,0.0,5.656854249492381,12.57078722109418,0.9302382543609692,90.46000000000004,1.0,1.0,1,53.96954552252271,-0.2026709622820066,0
scenario_2_bedroom_voc_rise_ep03_d018,scenario_2_bedroom_voc_rise_ep03,scenario_2_bedroom_voc_rise,18,C,test,5.78934268814816,9.786577,1,0.0,0.0,0.0,0.0,0.0,0.0,90.46000000000004,0.0,1.0,1,149.64021957557043,0.99999999999161,4
scenario_2_bedroom_voc_rise_ep03_d018,scenario_2_bedroom_voc_rise_ep03,scenario_2_bedroom_voc_rise,18,D,test,4.514418854956703,4.504868,0,0.0,0.0,0.0,4.0,8.88888888888889,0.6577777777777778,90.46000000000004,1.0,1.0,1,30.449818362887186,-0.312132034254623,0
scenario_2_bedroom_voc_rise_ep03_d021,scenario_2_bedroom_voc_rise_ep03,scenario_2_bedroom_voc_rise,21,A,test,4.845146808190022,5.028937,0,0.0,0.0,0.0,5.656854249492381,12.57078722109418,0.9302382543609692,90.22000000000004,1.0,1.0,1,36.333771375262586,-0.37958182478758373,0
scenario_2_bedroom_voc_rise_ep03_d021,scenario_2_bedroom_voc_rise_ep03,scenario_2_bedroom_voc_rise,21,B,test,6.72739018316812,9.953746,1,0.0,0.0,0.0,4.0,8.88888888888889,0.6577777777777778,90.22000000000004,1.0,1.0,1,62.96766672025842,-0.17314166941278303,0
scenario_2_bedroom_voc_rise_ep03_d021,scenario_2_bedroom_voc_rise_ep03,scenario_2_bedroom_voc_rise,21,C,test,5.2164238640928176,11.37061,1,0.0,0.0,0.0,4.0,8.88888888888889,0.6577777777777778,90.22000000000004,1.0,1.0,1,256.3691764475308,0.6878679657409251,4
scenario_2_bedroom_voc_rise_ep03_d021,scenario_2_bedroom_voc_rise_ep03,scenario_2_bedroom_voc_rise,21,D,test,4.284109309692078,5.793765,0,0.0,0.0,0.0,0.0,0.0,0.0,90.22000000000004,0.0,1.0,1,31.74740471569044,0.0,0
scenario_2_bedroom_voc_rise_ep03_d024,scenario_2_bedroom_voc_rise_ep03,scenario_2_bedroom_voc_rise,24,A,test,4.529116884032662,5.0250735,0,0.0,0.0,0.0,4.0,8.88888888888889,0.6577777777777778,89.98000000000005,1.0,1.0,1,37.73321411021152,-0.298139627527512,0
scenario_2_bedroom_voc_rise_ep03_d024,scenario_2_bedroom_voc_rise_ep03,scenario_2_bedroom_voc_rise,24,B,test,7.219092176618427,12.284036,1,0.0,0.0,0.0,0.0,0.0,0.0,89.98000000000005,0.0,1.0,1,71.32465617794333,0.12283540670572284,3
scenario_2_bedroom_voc_rise_ep03_d024,scenario_2_bedroom_voc_rise_ep03,scenario_2_bedroom_voc_rise,24,C,test,5.496988610207564,11.51191,1,0.0,0.0,0.0,5.656854249492381,12.57078722109418,0.9302382543609692,89.98000000000005,1.0,1.0,1,342.037734880216,0.600000000140078,4
scenario_2_bedroom_voc_rise_ep03_d024,scenario_2_bedroom_voc_rise_ep03,scenario_2_bedroom_voc_rise,24,D,test,4.4096319424646975,4.4449015,0,0.0,0.0,0.0,4.0,8.88888888888889,0.6577777777777778,89.98000000000005,1.0,1.0,1,33.41483699772607,-0.312132034254623,0
scenario_2_bedroom_voc_rise_ep03_d027,scenario_2_bedroom_voc_rise_ep03,scenario_2_bedroom_voc_rise,27,A,test,4.805495452600215,4.7841706,0,0.0,0.0,0.0,4.0,8.88888888888889,0.6577777777777778,89.74000000000005,1.0,1.0,1,40.63180265841561,-0.3027579625126135,0
scenario_2_bedroom_voc_rise_ep03_d027,scenario_2_bedroom_voc_rise_ep03,scenario_2_bedroom_voc_rise,27,B,test,8.635965599883637,13.033504,1,0.0,0.0,0.0,5.656854249492381,12.57078722109418,0.9302382543609692,89.74000000000005,1.0,1.0,1,80.70231330341198,-0.29824698279027295,0
scenario_2_bedroom_voc_rise_ep03_d027,scenario_2_bedroom_voc_rise_ep03,scenario_2_bedroom_voc_rise,27,C,test,5.272988304365359,7.9741297,0,0.0,0.0,0.0,0.0,0.0,0.0,89.74000000000005,0.0,1.0,1,470.32805718898703,0.9999999999976946,4
scenario_2_bedroom_voc_rise_ep03_d027,scenario_2_bedroom_voc_rise_ep03,scenario_2_bedroom_voc_rise,27,D,test,4.607100572436169,4.4662213,0,0.0,0.0,0.0,4.0,8.88888888888889,0.6577777777777778,89.74000000000005,1.0,1.0,1,36.56568304418852,-0.312132034254623,0
scenario_2_bedroom_voc_rise_ep03_d030,scenario_2_bedroom_voc_rise_ep03,scenario_2_bedroom_voc_rise,30,A,test,4.816988070562244,5.806341,0,0.0,0.0,0.0,0.0,0.0,0.0,89.50000000000006,0.0,1.0,1,44.79888838401325,0.006880471489790326,3
scenario_2_bedroom_voc_rise_ep03_d030,scenario_2_bedroom_voc_rise_ep03,scenario_2_bedroom_voc_rise,30,B,test,9.868909505732889,13.379103,1,0.0,0.0,0.0,4.0,8.88888888888889,0.6577777777777778,89.50000000000006,1.0,1.0,1,90.15741710948691,-0.22373804080927068,0
scenario_2_bedroom_voc_rise_ep03_d030,scenario_2_bedroom_voc_rise_ep03,scenario_2_bedroom_voc_rise,30,C,test,11.05949878739298,35.37063,1,0.0,0.0,0.0,4.0,8.88888888888889,0.6577777777777778,89.50000000000006,1.0,1.0,1,597.42426367126,0.6878679657435799,4
scenario_2_bedroom_voc_rise_ep03_d030,scenario_2_bedroom_voc_rise_ep03,scenario_2_bedroom_voc_rise,30,D,test,4.117881612895625,4.9613924,0,0.0,0.0,0.0,5.656854249492381,12.57078722109418,0.9302382543609692,89.50000000000006,1.0,1.0,1,40.97022221639759,-0.3999999998566819,0
scenario_2_bedroom_voc_rise_ep03_d033,scenario_2_bedroom_voc_rise_ep03,scenario_2_bedroom_voc_rise,33,A,test,4.941749805949539,5.818366,0,0.0,0.0,0.0,4.0,8.88888888888889,0.6577777777777778,89.26000000000006,1.0,1.0,1,49.773848214635336,-0.30640495530886913,0
scenario_2_bedroom_voc_rise_ep03_d033,scenario_2_bedroom_voc_rise_ep03,scenario_2_bedroom_voc_rise,33,B,test,9.997604681291635,12.381608,0,0.0,0.0,0.0,0.0,0.0,0.0,89.26000000000006,0.0,1.0,1,100.45515064568826,0.08623865828508084,3
scenario_2_bedroom_voc_rise_ep03_d033,scenario_2_bedroom_voc_rise_ep03,scenario_2_bedroom_voc_rise,33,C,test,23.17376232727837,32.983326,1,90.0,0.0,0.0,5.656854249492381,12.57078722109418,0.9302382543609692,89.26000000000006,1.0,1.0,1,675.6595534061369,0.6000000001417296,4
scenario_2_bedroom_voc_rise_ep03_d033,scenario_2_bedroom_voc_rise_ep03,scenario_2_bedroom_voc_rise,33,D,test,4.100031450889407,5.30309,0,0.0,0.0,0.0,4.0,8.88888888888889,0.6577777777777778,89.26000000000006,1.0,1.0,1,46.16870442689583,-0.312132034254623,0
scenario_2_bedroom_voc_rise_ep03_d036,scenario_2_bedroom_voc_rise_ep03,scenario_2_bedroom_voc_rise,36,A,test,4.234090377559985,5.4116845,0,0.0,0.0,0.0,5.656854249492381,12.57078722109418,0.9302382543609692,89.02000000000007,1.0,1.0,1,54.61837005175698,-0.3946163243531752,0
scenario_2_bedroom_voc_rise_ep03_d036,scenario_2_bedroom_voc_rise_ep03,scenario_2_bedroom_voc_rise,36,B,test,11.348479266114897,13.074099,0,0.0,0.0,0.0,4.0,8.88888888888889,0.6577777777777778,89.02000000000007,1.0,1.0,1,110.21695992144714,-0.21857502586215682,0
scenario_2_bedroom_voc_rise_ep03_d036,scenario_2_bedroom_voc_rise_ep03,scenario_2_bedroom_voc_rise,36,C,test,33.696395607016406,31.729296,0,180.0,90.0,0.0,4.0,8.88888888888889,0.6577777777777778,89.02000000000007,1.0,1.0,1,681.7837872072112,0.6878679657437912,4
scenario_2_bedroom_voc_rise_ep03_d036,scenario_2_bedroom_voc_rise_ep03,scenario_2_bedroom_voc_rise,36,D,test,5.358097138590717,5.47253,0,0.0,0.0,0.0,0.0,0.0,0.0,89.02000000000007,0.0,1.0,1,51.22363882743184,0.0,0
scenario_2_bedroom_voc_rise_ep03_d039,scenario_2_bedroom_voc_rise_ep03,scenario_2_bedroom_voc_rise,39,A,test,4.802106376738643,5.540581,0,0.0,0.0,0.0,0.0,0.0,0.0,88.78000000000007,0.0,1.0,1,59.001646810332886,0.005417150848303882,3
scenario_2_bedroom_voc_rise_ep03_d039,scenario_2_bedroom_voc_rise_ep03,scenario_2_bedroom_voc_rise,39,B,test,11.88134015022817,13.811703,0,0.0,0.0,0.0,4.0,8.88888888888889,0.6577777777777778,88.78000000000007,1.0,1.0,1,119.96752014500726,-0.203400249359466,0
scenario_2_bedroom_voc_rise_ep03_d039,scenario_2_bedroom_voc_rise_ep03,scenario_2_bedroom_voc_rise,39,C,test,37.22540825086711,31.289452,-1,270.0,180.0,0.0,4.0,8.88888888888889,0.6577777777777778,88.78000000000007,1.0,1.0,1,645.9040983509376,0.6878679657436824,4
scenario_2_bedroom_voc_rise_ep03_d039,scenario_2_bedroom_voc_rise_ep03,scenario_2_bedroom_voc_rise,39,D,test,5.180358525284126,5.4313197,0,0.0,0.0,0.0,5.656854249492381,12.57078722109418,0.9302382543609692,88.78000000000007,1.0,1.0,1,55.80499092997866,-0.3999999998566819,0
scenario_2_bedroom_voc_rise_ep03_d042,scenario_2_bedroom_voc_rise_ep03,scenario_2_bedroom_voc_rise,42,A,test,5.894972428183412,5.603447,0,0.0,0.0,0.0,4.0,8.88888888888889,0.6577777777777778,88.54000000000008,1.0,1.0,1,62.96662097281615,-0.30668110625806194,0
scenario_2_bedroom_voc_rise_ep03_d042,scenario_2_bedroom_voc_rise_ep03,scenario_2_bedroom_voc_rise,42,B,test,12.229445478452703,14.867243,0,0.0,0.0,0.0,5.656854249492381,12.57078722109418,0.9302382543609692,88.54000000000008,1.0,1.0,1,129.18517082422431,-0.27463888760687827,0
scenario_2_bedroom_voc_rise_ep03_d042,scenario_2_bedroom_voc_rise_ep03,scenario_2_bedroom_voc_rise,42,C,test,35.22259734368012,31.2308,-1,360.0,270.0,0.0,0.0,0.0,0.0,88.54000000000008,0.0,1.0,1,612.1910068258526,0.9999999999981892,4
scenario_2_bedroom_voc_rise_ep03_d042,scenario_2_bedroom_voc_rise_ep03,scenario_2_bedroom_voc_rise,42,D,test,4.847467103760036,5.543991,0,0.0,0.0,0.0,4.0,8.88888888888889,0.6577777777777778,88.54000000000008,1.0,1.0,1,59.95643005763577,-0.312132034254623,0
scenario_2_bedroom_voc_rise_ep03_d045,scenario_2_bedroom_voc_rise_ep03,scenario_2_bedroom_voc_rise,45,A,test,5.36252336774161,5.5906916,0,0.0,0.0,0.0,5.656854249492381,12.57078722109418,0.9302382543609692,88.30000000000008,1.0,1.0,1,66.50810787875275,-0.39451499021891423,0
scenario_2_bedroom_voc_rise_ep03_d045,scenario_2_bedroom_voc_rise_ep03,scenario_2_bedroom_voc_rise,45,B,test,14.034476554006764,17.056482,1,0.0,0.0,0.0,4.0,8.88888888888889,0.6577777777777778,88.30000000000008,1.0,1.0,1,136.29325378405588,-0.17161382565124383,0
scenario_2_bedroom_voc_rise_ep03_d045,scenario_2_bedroom_voc_rise_ep03,scenario_2_bedroom_voc_rise,45,C,test,33.14556750494526,31.257998,0,450.0,360.0,0.0,4.0,8.88888888888889,0.6577777777777778,88.30000000000008,1.0,1.0,1,580.4733715246134,0.687867965743442,4
scenario_2_bedroom_voc_rise_ep03_d045,scenario_2_bedroom_voc_rise_ep03,scenario_2_bedroom_voc_rise,45,D,test,4.919252334117168,5.346739,0,0.0,0.0,30.0,0.0,0.0,0.0,88.30000000000008,0.0,1.0,1,63.67345535777463,0.0,0
scenario_2_bedroom_voc_rise_ep03_d048,scenario_2_bedroom_voc_rise_ep03,scenario_2_bedroom_voc_rise,48,A,test,5.962865835982295,5.761729,0,0.0,0.0,0.0,4.0,8.88888888888889,0.6577777777777778,88.06000000000009,1.0,1.0,1,69.70716935648352,-0.3066126357698191,0
scenario_2_bedroom_voc_rise_ep03_d048,scenario_2_bedroom_voc_rise_ep03,scenario_2_bedroom_voc_rise,48,B,test,14.499329109049638,14.891055,0,0.0,0.0,0.0,0.0,0.0,0.0,88.06000000000009,0.0,1.0,1,143.40788555240033,0.1579072097074985,3
scenario_2_bedroom_voc_rise_ep03_d048,scenario_2_bedroom_voc_rise_ep03,scenario_2_bedroom_voc_rise,48,C,test,32.3420540017943,29.751184,0,540.0,450.0,0.0,5.656854249492381,12.57078722109418,0.9302382543609692,88.06000000000009,1.0,1.0,1,550.6769528738432,0.6000000001412505,4
scenario_2_bedroom_voc_rise_ep03_d048,scenario_2_bedroom_voc_rise_ep03,scenario_2_bedroom_voc_rise,48,D,test,6.153390311414231,6.0283017,0,0.0,0.0,0.0,4.0,8.88888888888889,0.6577777777777778,88.06000000000009,1.0,1.0,1,67.03777199433989,-0.312132034254623,0
scenario_2_bedroom_voc_rise_ep03_d051,scenario_2_bedroom_voc_rise_ep03,scenario_2_bedroom_voc_rise,51,A,test,6.615113029498632,5.761729,0,0.0,0.0,0.0,4.0,8.88888888888889,0.6577777777777778,87.82000000000009,1.0,1.0,1,72.53600548108739,-0.3065779369804851,0
scenario_2_bedroom_voc_rise_ep03_d051,scenario_2_bedroom_voc_rise_ep03,scenario_2_bedroom_voc_rise,51,B,test,15.4765130376286,21.24414,1,60.0,0.0,0.0,5.656854249492381,12.57078722109418,0.9302382543609692,87.82000000000009,1.0,1.0,1,147.96280786494458,-0.22779603523029793,0
scenario_2_bedroom_voc_rise_ep03_d051,scenario_2_bedroom_voc_rise_ep03,scenario_2_bedroom_voc_rise,51,C,test,31.801223682254413,28.995958,0,630.0,540.0,0.0,0.0,0.0,0.0,87.82000000000009,0.0,1.0,1,522.6286204822748,0.9999999999977905,4
scenario_2_bedroom_voc_rise_ep03_d051,scenario_2_bedroom_voc_rise_ep03,scenario_2_bedroom_voc_rise,51,D,test,6.552895634956157,5.857546,0,0.0,0.0,0.0,4.0,8.88888888888889,0.6577777777777778,87.82000000000009,1.0,1.0,1,70.0221853132523,-0.312132034254623,0
scenario_2_bedroom_voc_rise_ep03_d054,scenario_2_bedroom_voc_rise_ep03,scenario_2_bedroom_voc_rise,54,A,test,6.1007174202982055,5.853133,0,0.0,0.0,0.0,0.0,0.0,0.0,87.5800000000001,0.0,1.0,1,75.05305591828233,0.005589108766021577,3
scenario_2_bedroom_voc_rise_ep03_d054,scenario_2_bedroom_voc_rise_ep03,scenario_2_bedroom_voc_rise,54,B,test,16.76073244930865,21.551907,1,150.0,0.0,0.0,4.0,8.88888888888889,0.6577777777777778,87.5800000000001,1.0,1.0,1,151.81326793621977,-0.12531881086530455,0
scenario_2_bedroom_voc_rise_ep03_d054,scenario_2_bedroom_voc_rise_ep03,scenario_2_bedroom_voc_rise,54,C,test,30.64305379348411,27.5641,-1,720.0,630.0,0.0,4.0,8.88888888888889,0.6577777777777778,87.5800000000001,1.0,1.0,1,496.25081429912257,0.6878679657430161,4
scenario_2_bedroom_voc_rise_ep03_d054,scenario_2_bedroom_voc_rise_ep03,scenario_2_bedroom_voc_rise,54,D,test,6.263786473926258,5.8561664,0,0.0,0.0,0.0,5.656854249492381,12.57078722109418,0.9302382543609692,87.5800000000001,1.0,1.0,1,72.6857044498372,-0.3999999998566819,0
scenario_2_bedroom_voc_rise_ep03_d057,scenario_2_bedroom_voc_rise_ep03,scenario_2_bedroom_voc_rise,57,A,test,5.583939646269485,6.083036,0,0.0,0.0,0.0,4.0,8.88888888888889,0.6577777777777778,87.3400000000001,1.0,1.0,1,77.22927405441328,-0.30650759850993825,0
scenario_2_bedroom_voc_rise_ep03_d057,scenario_2_bedroom_voc_rise_ep03,scenario_2_bedroom_voc_rise,57,B,test,18.8268091567172,21.611464,0,240.0,0.0,0.0,0.0,0.0,0.0,87.3400000000001,0.0,1.0,1,152.63684971326347,0.1958615004295519,3
scenario_2_bedroom_voc_rise_ep03_d057,scenario_2_bedroom_voc_rise_ep03,scenario_2_bedroom_voc_rise,57,C,test,30.398886593424184,27.847454,0,810.0,720.0,0.0,5.656854249492381,12.57078722109418,0.9302382543609692,87.3400000000001,1.0,1.0,1,471.38721966252297,0.6000000001407955,4
scenario_2_bedroom_voc_rise_ep03_d057,scenario_2_bedroom_voc_rise_ep03,scenario_2_bedroom_voc_rise,57,D,test,6.746211977938965,5.9890056,0,0.0,0.0,0.0,4.0,8.88888888888889,0.6577777777777778,87.3400000000001,1.0,1.0,1,74.9998185870561,-0.312132034254623,0
scenario_2_bedroom_voc_rise_ep03_d060,scenario_2_bedroom_voc_rise_ep03,scenario_2_bedroom_voc_rise,60,A,test,6.860565613110683,6.135744,0,0.0,0.0,0.0,5.656854249492381,12.57078722109418,0.9302382543609692,87.10000000000011,1.0,1.0,1,79.10206693484429,-0.39433991883814934,0
scenario_2_bedroom_voc_rise_ep03_d060,scenario_2_bedroom_voc_rise_ep03,scenario_2_bedroom_voc_rise,60,B,test,20.774329600937214,20.669308,0,330.0,0.0,0.0,4.0,8.88888888888889,0.6577777777777778,87.10000000000011,1.0,1.0,1,151.8850144858527,-0.11026701975007272,0
scenario_2_bedroom_voc_rise_ep03_d060,scenario_2_bedroom_voc_rise_ep03,scenario_2_bedroom_voc_rise,60,C,test,29.44737179140947,27.125414,0,900.0,810.0,0.0,4.0,8.88888888888889,0.6577777777777778,87.10000000000011,1.0,1.0,1,447.9561466211908,0.6878679657426813,4
scenario_2_bedroom_voc_rise_ep03_d060,scenario_2_bedroom_voc_rise_ep03,scenario_2_bedroom_voc_rise,60,D,test,5.902951444726097,5.8850527,0,0.0,0.0,0.0,0.0,0.0,0.0,87.10000000000011,0.0,1.0,1,77.00243889498324,0.0,0
scenario_2_bedroom_voc_rise_ep03_d063,scenario_2_bedroom_voc_rise_ep03,scenario_2_bedroom_voc_rise,63,A,test,6.048949279316304,6.15918,0,0.0,0.0,0.0,0.0,0.0,0.0,86.86000000000011,0.0,1.0,1,80.66922320687968,0.005696047420335266,3
scenario_2_bedroom_voc_rise_ep03_d063,scenario_2_bedroom_voc_rise_ep03,scenario_2_bedroom_voc_rise,63,B,test,20.436348707475133,20.74134,0,420.0,0.0,0.0,4.0,8.88888888888889,0.6577777777777778,86.86000000000011,1.0,1.0,1,149.44964763754092,-0.10830835499926059,0
scenario_2_bedroom_voc_rise_ep03_d063,scenario_2_bedroom_voc_rise_ep03,scenario_2_bedroom_voc_rise,63,C,test,29.27485235060891,27.131456,0,990.0,900.0,0.0,4.0,8.88888888888889,0.6577777777777778,86.86000000000011,1.0,1.0,1,425.8439332557018,0.6878679657424964,4
scenario_2_bedroom_voc_rise_ep03_d063,scenario_2_bedroom_voc_rise_ep03,scenario_2_bedroom_voc_rise,63,D,test,5.296432302067236,5.8474774,0,0.0,0.0,0.0,5.656854249492381,12.57078722109418,0.9302382543609692,86.86000000000011,1.0,1.0,1,78.69182835529205,-0.3999999998566819,0
scenario_2_bedroom_voc_rise_ep03_d066,scenario_2_bedroom_voc_rise_ep03,scenario_2_bedroom_voc_rise,66,A,test,5.774758814146872,6.191707,0,0.0,0.0,0.0,4.0,8.88888888888889,0.6577777777777778,86.62000000000012,1.0,1.0,1,81.9552414071079,-0.3063996964471868,0
scenario_2_bedroom_voc_rise_ep03_d066,scenario_2_bedroom_voc_rise_ep03,scenario_2_bedroom_voc_rise,66,B,test,21.45915197789896,18.058243,-1,510.0,0.0,0.0,5.656854249492381,12.57078722109418,0.9302382543609692,86.62000000000012,1.0,1.0,1,146.95278958675726,-0.19420001220082778,0
scenario_2_bedroom_voc_rise_ep03_d066,scenario_2_bedroom_voc_rise_ep03,scenario_2_bedroom_voc_rise,66,C,test,28.21826159973967,25.436935,0,1080.0,990.0,0.0,0.0,0.0,0.0,86.62000000000012,0.0,1.0,1,404.9707830281136,0.9999999999969219,4
scenario_2_bedroom_voc_rise_ep03_d066,scenario_2_bedroom_voc_rise_ep03,scenario_2_bedroom_voc_rise,66,D,test,6.736475220679189,5.986891,0,0.0,0.0,0.0,4.0,8.88888888888889,0.6577777777777778,86.62000000000012,1.0,1.0,1,80.09293181781072,-0.312132034254623,0
scenario_2_bedroom_voc_rise_ep03_d069,scenario_2_bedroom_voc_rise_ep03,scenario_2_bedroom_voc_rise,69,A,test,6.908886837057028,6.1491656,0,0.0,0.0,0.0,5.656854249492381,12.57078722109418,0.9302382543609692,86.38000000000012,1.0,1.0,1,82.98303278052435,-0.3942310447947157,0
scenario_2_bedroom_voc_rise_ep03_d069,scenario_2_bedroom_voc_rise_ep03,scenario_2_bedroom_voc_rise,69,B,test,21.2272550498124,16.066515,-1,600.0,0.0,0.0,4.0,8.88888888888889,0.6577777777777778,86.38000000000012,1.0,1.0,1,144.4053280504054,-0.10433793759345458,0
scenario_2_bedroom_voc_rise_ep03_d069,scenario_2_bedroom_voc_rise_ep03,scenario_2_bedroom_voc_rise,69,C,test,28.58109674663555,25.580013,-1,1170.0,1080.0,0.0,4.0,8.88888888888889,0.6577777777777778,86.38000000000012,1.0,1.0,1,385.26200818457073,0.687867965742088,4
scenario_2_bedroom_voc_rise_ep03_d069,scenario_2_bedroom_voc_rise_ep03,scenario_2_bedroom_voc_rise,69,D,test,5.77456320236919,5.993645,0,0.0,0.0,0.0,0.0,0.0,0.0,86.38000000000012,0.0,1.0,1,81.22908048325166,0.0,0
scenario_2_bedroom_voc_rise_ep03_d072,scenario_2_bedroom_voc_rise_ep03,scenario_2_bedroom_voc_rise,72,A,test,6.85316886193916,6.1113434,0,0.0,0.0,0.0,4.0,8.88888888888889,0.6577777777777778,86.14000000000013,1.0,1.0,1,83.7739119148182,-0.30632613216360083,0
scenario_2_bedroom_voc_rise_ep03_d072,scenario_2_bedroom_voc_rise_ep03,scenario_2_bedroom_voc_rise,72,B,test,21.67879987532724,13.39126,-1,690.0,0.0,0.0,0.0,0.0,0.0,86.14000000000013,0.0,1.0,1,141.81721030092922,0.20980616458665446,3
scenario_2_bedroom_voc_rise_ep03_d072,scenario_2_bedroom_voc_rise_ep03,scenario_2_bedroom_voc_rise,72,C,test,26.9769355856821,25.07514,0,1260.0,1170.0,0.0,5.656854249492381,12.57078722109418,0.9302382543609692,86.14000000000013,1.0,1.0,1,366.647590470368,0.6000000001398036,4
scenario_2_bedroom_voc_rise_ep03_d072,scenario_2_bedroom_voc_rise_ep03,scenario_2_bedroom_voc_rise,72,D,test,7.12874935599456,6.4413204,0,0.0,0.0,0.0,4.0,8.88888888888889,0.6577777777777778,86.14000000000013,1.0,1.0,1,82.12198410184806,-0.312132034254623,0
scenario_2_bedroom_voc_rise_ep03_d075,scenario_2_bedroom_voc_rise_ep03,scenario_2_bedroom_voc_rise,75,A,test,6.221415138088535,6.224444,0,0.0,0.0,0.0,4.0,8.88888888888889,0.6577777777777778,85.90000000000013,1.0,1.0,1,84.34770213419142,-0.3062888524277362,0
scenario_2_bedroom_voc_rise_ep03_d075,scenario_2_bedroom_voc_rise_ep03,scenario_2_bedroom_voc_rise,75,B,test,13.16905626980344,12.944913,0,0.0,0.0,0.0,5.656854249492381,12.57078722109418,0.9302382543609692,85.90000000000013,1.0,1.0,1,139.19751287366034,-0.18816364873765806,0
scenario_2_bedroom_voc_rise_ep03_d075,scenario_2_bedroom_voc_rise_ep03,scenario_2_bedroom_voc_rise,75,C,test,27.25855834375169,24.418728,0,1350.0,1260.0,0.0,0.0,0.0,0.0,85.90000000000013,0.0,1.0,1,349.06188420791386,0.9999999999962444,4
scenario_2_bedroom_voc_rise_ep03_d075,scenario_2_bedroom_voc_rise_ep03,scenario_2_bedroom_voc_rise,75,D,test,6.108327451782661,6.38543,0,0.0,0.0,0.0,4.0,8.88888888888889,0.6577777777777778,85.90000000000013,1.0,1.0,1,82.79183783819371,-0.312132034254623,0
scenario_2_bedroom_voc_rise_ep03_d078,scenario_2_bedroom_voc_rise_ep03,scenario_2_bedroom_voc_rise,78,A,test,6.826290417406239,6.199806,0,0.0,0.0,0.0,0.0,0.0,0.0,85.66000000000014,0.0,1.0,1,84.72283408417684,0.005880797227223923,3
scenario_2_bedroom_voc_rise_ep03_d078,scenario_2_bedroom_voc_rise_ep03,scenario_2_bedroom_voc_rise,78,B,test,13.353434677851656,12.884721,0,0.0,0.0,0.0,4.0,8.88888888888889,0.6577777777777778,85.66000000000014,1.0,1.0,1,136.55450639749645,-0.09824721692706898,0
scenario_2_bedroom_voc_rise_ep03_d078,scenario_2_bedroom_voc_rise_ep03,scenario_2_bedroom_voc_rise,78,C,test,26.21624508517279,22.948946,-1,1440.0,1350.0,0.0,4.0,8.88888888888889,0.6577777777777778,85.66000000000014,1.0,1.0,1,332.4433383967148,0.687867965741364,4
scenario_2_bedroom_voc_rise_ep03_d078,scenario_2_bedroom_voc_rise_ep03,scenario_2_bedroom_voc_rise,78,D,test,6.886894670988691,6.3008842,0,0.0,0.0,0.0,5.656854249492381,12.57078722109418,0.9302382543609692,85.66000000000014,1.0,1.0,1,83.25742223936959,-0.3999999998566819,0
scenario_2_bedroom_voc_rise_ep04_d012,scenario_2_bedroom_voc_rise_ep04,scenario_2_bedroom_voc_rise,12,A,train,4.755680020518385,4.5913124,0,0.0,0.0,0.0,0.0,0.0,0.0,90.24000000000002,0.0,1.0,1,28.18516240748841,0.0,0
scenario_2_bedroom_voc_rise_ep04_d012,scenario_2_bedroom_voc_rise_ep04,scenario_2_bedroom_voc_rise,12,B,train,5.517195567034855,5.831034,0,0.0,0.0,0.0,4.0,8.88888888888889,0.6577777777777778,90.24000000000002,1.0,1.0,1,61.46812061061809,0.6878679657153317,4
scenario_2_bedroom_voc_rise_ep04_d012,scenario_2_bedroom_voc_rise_ep04,scenario_2_bedroom_voc_rise,12,C,train,2.664053628327336,3.087422,0,0.0,0.0,0.0,4.0,8.88888888888889,0.6577777777777778,90.24000000000002,1.0,1.0,1,33.87997391693534,-0.1410291090122288,0
scenario_2_bedroom_voc_rise_ep04_d012,scenario_2_bedroom_voc_rise_ep04,scenario_2_bedroom_voc_rise,12,D,train,4.753599260015524,5.1821384,0,0.0,0.0,0.0,5.656854249492381,12.57078722109418,0.9302382543609692,90.24000000000002,1.0,1.0,1,38.1123350482697,-0.1017340650832053,0
scenario_2_bedroom_voc_rise_ep04_d015,scenario_2_bedroom_voc_rise_ep04,scenario_2_bedroom_voc_rise,15,A,train,4.953173067829392,4.9106836,0,0.0,0.0,0.0,4.0,8.88888888888889,0.6577777777777778,90.00000000000003,1.0,1.0,1,28.079113235665545,-0.312132034254623,0
scenario_2_bedroom_voc_rise_ep04_d015,scenario_2_bedroom_voc_rise_ep04,scenario_2_bedroom_voc_rise,15,B,train,6.27896735400379,7.0494213,0,0.0,0.0,0.0,0.0,0.0,0.0,90.00000000000003,0.0,1.0,1,65.75572486104147,0.8624019483473385,4
scenario_2_bedroom_voc_rise_ep04_d015,scenario_2_bedroom_voc_rise_ep04,scenario_2_bedroom_voc_rise,15,C,train,3.0492022893898385,5.3177247,0,0.0,0.0,0.0,5.656854249492381,12.57078722109418,0.9302382543609692,90.00000000000003,1.0,1.0,1,71.76710779170173,0.6000000001204288,3
scenario_2_bedroom_voc_rise_ep04_d015,scenario_2_bedroom_voc_rise_ep04,scenario_2_bedroom_voc_rise,15,D,train,4.5789306496759625,4.9391036,0,0.0,0.0,0.0,4.0,8.88888888888889,0.6577777777777778,90.00000000000003,1.0,1.0,1,37.42381088834407,-0.09823579691466683,0
scenario_2_bedroom_voc_rise_ep04_d018,scenario_2_bedroom_voc_rise_ep04,scenario_2_bedroom_voc_rise,18,A,train,4.542136290202524,5.179587,0,0.0,0.0,0.0,5.656854249492381,12.57078722109418,0.9302382543609692,89.76000000000003,1.0,1.0,1,28.54872670578527,-0.3999999998566819,0
scenario_2_bedroom_voc_rise_ep04_d018,scenario_2_bedroom_voc_rise_ep04,scenario_2_bedroom_voc_rise,18,B,train,7.243023400719946,10.241132,0,0.0,0.0,0.0,4.0,8.88888888888889,0.6577777777777778,89.76000000000003,1.0,1.0,1,72.93055464427482,0.09424450407014942,3
scenario_2_bedroom_voc_rise_ep04_d018,scenario_2_bedroom_voc_rise_ep04,scenario_2_bedroom_voc_rise,18,C,train,3.522691866101069,7.547936,1,0.0,0.0,0.0,4.0,8.88888888888889,0.6577777777777778,89.76000000000003,1.0,1.0,1,137.76228544379887,0.6878679657362206,4
scenario_2_bedroom_voc_rise_ep04_d018,scenario_2_bedroom_voc_rise_ep04,scenario_2_bedroom_voc_rise,18,D,train,4.703887905973485,4.9001975,0,0.0,0.0,0.0,0.0,0.0,0.0,89.76000000000003,0.0,1.0,1,37.34529059621525,0.08054461361753651,2
scenario_2_bedroom_voc_rise_ep04_d021,scenario_2_bedroom_voc_rise_ep04,scenario_2_bedroom_voc_rise,21,A,train,4.544848430596784,5.0580063,0,0.0,0.0,0.0,0.0,0.0,0.0,89.52000000000004,0.0,1.0,1,29.726963259600552,0.0,0
scenario_2_bedroom_voc_rise_ep04_d021,scenario_2_bedroom_voc_rise_ep04,scenario_2_bedroom_voc_rise,21,B,train,8.401419479977227,10.7291565,0,0.0,0.0,0.0,4.0,8.88888888888889,0.6577777777777778,89.52000000000004,1.0,1.0,1,80.73903941818219,-0.05108031813181638,0
scenario_2_bedroom_voc_rise_ep04_d021,scenario_2_bedroom_voc_rise_ep04,scenario_2_bedroom_voc_rise,21,C,train,2.907089892186877,14.245087,1,0.0,0.0,0.0,4.0,8.88888888888889,0.6577777777777778,89.52000000000004,1.0,1.0,1,225.13681122368348,0.6878679657402597,4
scenario_2_bedroom_voc_rise_ep04_d021,scenario_2_bedroom_voc_rise_ep04,scenario_2_bedroom_voc_rise,21,D,train,4.348512979747294,4.846857,0,0.0,0.0,0.0,5.656854249492381,12.57078722109418,0.9302382543609692,89.52000000000004,1.0,1.0,1,38.00769991200025,-0.35762374943413744,0
scenario_2_bedroom_voc_rise_ep04_d024,scenario_2_bedroom_voc_rise_ep04,scenario_2_bedroom_voc_rise,24,A,train,4.846147709851903,5.5846167,0,0.0,0.0,0.0,4.0,8.88888888888889,0.6577777777777778,89.28000000000004,1.0,1.0,1,32.03421192776159,-0.312132034254623,0
scenario_2_bedroom_voc_rise_ep04_d024,scenario_2_bedroom_voc_rise_ep04,scenario_2_bedroom_voc_rise,24,B,train,8.062156040713006,10.688233,0,0.0,0.0,0.0,5.656854249492381,12.57078722109418,0.9302382543609692,89.28000000000004,1.0,1.0,1,89.06153410567617,-0.21627569461480584,0
scenario_2_bedroom_voc_rise_ep04_d024,scenario_2_bedroom_voc_rise_ep04,scenario_2_bedroom_voc_rise,24,C,train,2.6972886341805014,19.167255,1,0.0,0.0,0.0,0.0,0.0,0.0,89.28000000000004,0.0,1.0,1,342.4303900635475,0.9999999999967784,4
scenario_2_bedroom_voc_rise_ep04_d024,scenario_2_bedroom_voc_rise_ep04,scenario_2_bedroom_voc_rise,24,D,train,4.13282874860539,4.4029446,0,0.0,0.0,0.0,4.0,8.88888888888889,0.6577777777777778,89.28000000000004,1.0,1.0,1,39.82951432819823,-0.2870179930727068,0
scenario_2_bedroom_voc_rise_ep04_d027,scenario_2_bedroom_voc_rise_ep04,scenario_2_bedroom_voc_rise,27,A,train,4.910321330936487,5.061463,0,0.0,0.0,0.0,5.656854249492381,12.57078722109418,0.9302382543609692,89.04000000000005,1.0,1.0,1,35.52066624685608,-0.3999999998566819,0
scenario_2_bedroom_voc_rise_ep04_d027,scenario_2_bedroom_voc_rise_ep04,scenario_2_bedroom_voc_rise,27,B,train,8.865753305383608,11.870293,1,0.0,0.0,0.0,4.0,8.88888888888889,0.6577777777777778,89.04000000000005,1.0,1.0,1,95.79693915005578,-0.17692271047685726,0
scenario_2_bedroom_voc_rise_ep04_d027,scenario_2_bedroom_voc_rise_ep04,scenario_2_bedroom_voc_rise,27,C,train,3.0687821461609257,19.806889,1,0.0,0.0,0.0,4.0,8.88888888888889,0.6577777777777778,89.04000000000005,1.0,1.0,1,481.3203435097676,0.6878679657431339,4
scenario_2_bedroom_voc_rise_ep04_d027,scenario_2_bedroom_voc_rise_ep04,scenario_2_bedroom_voc_rise,27,D,train,4.089953987979671,4.425843,0,0.0,0.0,0.0,0.0,0.0,0.0,89.04000000000005,0.0,1.0,1,42.85912775491397,0.016461343249725036,3
scenario_2_bedroom_voc_rise_ep04_d030,scenario_2_bedroom_voc_rise_ep04,scenario_2_bedroom_voc_rise,30,A,train,4.253357218145474,5.343132,0,0.0,0.0,0.0,4.0,8.88888888888889,0.6577777777777778,88.80000000000005,1.0,1.0,1,39.58703689440063,-0.312132034254623,0
scenario_2_bedroom_voc_rise_ep04_d030,scenario_2_bedroom_voc_rise_ep04,scenario_2_bedroom_voc_rise,30,B,train,10.047858987463886,13.004375,0,0.0,0.0,0.0,0.0,0.0,0.0,88.80000000000005,0.0,1.0,1,106.42133114408011,0.12227853393349347,3
scenario_2_bedroom_voc_rise_ep04_d030,scenario_2_bedroom_voc_rise_ep04,scenario_2_bedroom_voc_rise,30,C,train,7.776244301390525,32.83924,1,0.0,0.0,0.0,5.656854249492381,12.57078722109418,0.9302382543609692,88.80000000000005,1.0,1.0,1,586.16125642101,0.6000000001414887,4
scenario_2_bedroom_voc_rise_ep04_d030,scenario_2_bedroom_voc_rise_ep04,scenario_2_bedroom_voc_rise,30,D,train,3.5388326532180328,4.712832,0,0.0,0.0,0.0,4.0,8.88888888888889,0.6577777777777778,88.80000000000005,1.0,1.0,1,46.49555833926365,-0.29949235752264347,0
scenario_2_bedroom_voc_rise_ep04_d033,scenario_2_bedroom_voc_rise_ep04,scenario_2_bedroom_voc_rise,33,A,train,4.501006472900716,5.1876225,0,0.0,0.0,0.0,4.0,8.88888888888889,0.6577777777777778,88.56000000000006,1.0,1.0,1,43.93355332910392,-0.312132034254623,0
scenario_2_bedroom_voc_rise_ep04_d033,scenario_2_bedroom_voc_rise_ep04,scenario_2_bedroom_voc_rise,33,B,train,12.429970858505362,13.73041,0,0.0,0.0,0.0,5.656854249492381,12.57078722109418,0.9302382543609692,88.56000000000006,1.0,1.0,1,114.876803646172,-0.2789697399681973,0
scenario_2_bedroom_voc_rise_ep04_d033,scenario_2_bedroom_voc_rise_ep04,scenario_2_bedroom_voc_rise,33,C,train,19.526741325774783,30.605988,1,60.0,0.0,0.0,0.0,0.0,0.0,88.56000000000006,0.0,1.0,1,630.0948189688959,0.999999999998294,4
scenario_2_bedroom_voc_rise_ep04_d033,scenario_2_bedroom_voc_rise_ep04,scenario_2_bedroom_voc_rise,33,D,train,3.904613199430647,4.7411766,0,0.0,0.0,0.0,4.0,8.88888888888889,0.6577777777777778,88.56000000000006,1.0,1.0,1,50.43744369992192,-0.30103629874281307,0
scenario_2_bedroom_voc_rise_ep04_d036,scenario_2_bedroom_voc_rise_ep04,scenario_2_bedroom_voc_rise,36,A,train,4.794618333931658,4.973406,0,0.0,0.0,0.0,0.0,0.0,0.0,88.32000000000006,0.0,1.0,1,48.81330999539637,0.0,0
scenario_2_bedroom_voc_rise_ep04_d036,scenario_2_bedroom_voc_rise_ep04,scenario_2_bedroom_voc_rise,36,B,train,11.98402645317761,14.639563,0,0.0,0.0,0.0,4.0,8.88888888888889,0.6577777777777778,88.32000000000006,1.0,1.0,1,123.51073414347049,-0.18478161509120297,0
scenario_2_bedroom_voc_rise_ep04_d036,scenario_2_bedroom_voc_rise_ep04,scenario_2_bedroom_voc_rise,36,C,train,31.21508027119109,29.833004,0,150.0,90.0,0.0,4.0,8.88888888888889,0.6577777777777778,88.32000000000006,1.0,1.0,1,635.3635910124749,0.6878679657436721,4
scenario_2_bedroom_voc_rise_ep04_d036,scenario_2_bedroom_voc_rise_ep04,scenario_2_bedroom_voc_rise,36,D,train,4.7717893838756416,4.9349346,0,0.0,0.0,0.0,5.656854249492381,12.57078722109418,0.9302382543609692,88.32000000000006,1.0,1.0,1,54.93638111101586,-0.38956087585695987,0
scenario_2_bedroom_voc_rise_ep04_d039,scenario_2_bedroom_voc_rise_ep04,scenario_2_bedroom_voc_rise,39,A,train,3.996881419205677,5.8067703,0,0.0,0.0,0.0,4.0,8.88888888888889,0.6577777777777778,88.08000000000007,1.0,1.0,1,53.28009021155549,-0.312132034254623,0
scenario_2_bedroom_voc_rise_ep04_d039,scenario_2_bedroom_voc_rise_ep04,scenario_2_bedroom_voc_rise,39,B,train,12.184701673548064,16.245197,1,0.0,0.0,0.0,0.0,0.0,0.0,88.08000000000007,0.0,1.0,1,132.45239046887923,0.14424213059726415,3
scenario_2_bedroom_voc_rise_ep04_d039,scenario_2_bedroom_voc_rise_ep04,scenario_2_bedroom_voc_rise,39,C,train,33.08613621392176,28.037792,-1,240.0,180.0,0.0,5.656854249492381,12.57078722109418,0.9302382543609692,88.08000000000007,1.0,1.0,1,602.1648018374192,0.6000000001414963,4
scenario_2_bedroom_voc_rise_ep04_d039,scenario_2_bedroom_voc_rise_ep04,scenario_2_bedroom_voc_rise,39,D,train,4.168862629062002,4.758052,0,0.0,0.0,0.0,4.0,8.88888888888889,0.6577777777777778,88.08000000000007,1.0,1.0,1,59.04474573145603,-0.3016295454845962,0
scenario_2_bedroom_voc_rise_ep04_d042,scenario_2_bedroom_voc_rise_ep04,scenario_2_bedroom_voc_rise,42,A,train,4.323576881503519,5.781374,0,0.0,0.0,0.0,5.656854249492381,12.57078722109418,0.9302382543609692,87.84000000000007,1.0,1.0,1,57.30541169081698,-0.3999999998566819,0
scenario_2_bedroom_voc_rise_ep04_d042,scenario_2_bedroom_voc_rise_ep04,scenario_2_bedroom_voc_rise,42,B,train,13.096540243715816,17.32042,1,0.0,0.0,0.0,4.0,8.88888888888889,0.6577777777777778,87.84000000000007,1.0,1.0,1,139.45132541344333,-0.15220239850786693,0
scenario_2_bedroom_voc_rise_ep04_d042,scenario_2_bedroom_voc_rise_ep04,scenario_2_bedroom_voc_rise,42,C,train,32.97904145179948,27.52139,-1,330.0,270.0,0.0,4.0,8.88888888888889,0.6577777777777778,87.84000000000007,1.0,1.0,1,570.9432583532209,0.6878679657434301,4
scenario_2_bedroom_voc_rise_ep04_d042,scenario_2_bedroom_voc_rise_ep04,scenario_2_bedroom_voc_rise,42,D,train,5.167342470563635,5.4646816,0,0.0,0.0,0.0,0.0,0.0,0.0,87.84000000000007,0.0,1.0,1,62.73273080720492,0.010566431487951784,3
scenario_2_bedroom_voc_rise_ep04_d045,scenario_2_bedroom_voc_rise_ep04,scenario_2_bedroom_voc_rise,45,A,train,5.560931214152564,5.68594,0,0.0,0.0,0.0,0.0,0.0,0.0,87.60000000000008,0.0,1.0,1,60.96292681293153,0.0,0
scenario_2_bedroom_voc_rise_ep04_d045,scenario_2_bedroom_voc_rise_ep04,scenario_2_bedroom_voc_rise,45,B,train,15.035821480675136,21.096365,1,60.0,0.0,0.0,4.0,8.88888888888889,0.6577777777777778,87.60000000000008,1.0,1.0,1,146.5874985596854,-0.13399036464450412,0
scenario_2_bedroom_voc_rise_ep04_d045,scenario_2_bedroom_voc_rise_ep04,scenario_2_bedroom_voc_rise,45,C,train,29.797490955494244,23.370436,-1,420.0,360.0,0.0,4.0,8.88888888888889,0.6577777777777778,87.60000000000008,1.0,1.0,1,541.6172955183208,0.6878679657432966,4
scenario_2_bedroom_voc_rise_ep04_d045,scenario_2_bedroom_voc_rise_ep04,scenario_2_bedroom_voc_rise,45,D,train,5.308456528799813,4.8987317,0,0.0,0.0,0.0,5.656854249492381,12.57078722109418,0.9302382543609692,87.60000000000008,1.0,1.0,1,66.07274294345325,-0.3893690424303008,0
scenario_2_bedroom_voc_rise_ep04_d048,scenario_2_bedroom_voc_rise_ep04,scenario_2_bedroom_voc_rise,48,A,train,4.733100122445225,5.6458898,0,0.0,0.0,0.0,4.0,8.88888888888889,0.6577777777777778,87.36000000000008,1.0,1.0,1,64.27493205622204,-0.312132034254623,0
scenario_2_bedroom_voc_rise_ep04_d048,scenario_2_bedroom_voc_rise_ep04,scenario_2_bedroom_voc_rise,48,B,train,15.964433938906865,21.582083,1,150.0,0.0,0.0,5.656854249492381,12.57078722109418,0.9302382543609692,87.36000000000008,1.0,1.0,1,153.33041591630283,-0.20200605843367636,0
scenario_2_bedroom_voc_rise_ep04_d048,scenario_2_bedroom_voc_rise_ep04,scenario_2_bedroom_voc_rise,48,C,train,29.108420183928253,22.681555,-1,510.0,450.0,0.0,0.0,0.0,0.0,87.36000000000008,0.0,1.0,1,514.0638661005198,0.9999999999977768,4
scenario_2_bedroom_voc_rise_ep04_d048,scenario_2_bedroom_voc_rise_ep04,scenario_2_bedroom_voc_rise,48,D,train,5.943621366681463,5.6284323,0,0.0,0.0,0.0,4.0,8.88888888888889,0.6577777777777778,87.36000000000008,1.0,1.0,1,69.08590683744455,-0.3014359623482875,0
scenario_2_bedroom_voc_rise_ep04_d051,scenario_2_bedroom_voc_rise_ep04,scenario_2_bedroom_voc_rise,51,A,train,5.685010882097937,5.9910793,0,0.0,0.0,0.0,5.656854249492381,12.57078722109418,0.9302382543609692,87.12000000000009,1.0,1.0,1,67.22127793950062,-0.3999999998566819,0
scenario_2_bedroom_voc_rise_ep04_d051,scenario_2_bedroom_voc_rise_ep04,scenario_2_bedroom_voc_rise,51,B,train,18.974618896980516,21.749838,0,240.0,0.0,0.0,4.0,8.88888888888889,0.6577777777777778,87.12000000000009,1.0,1.0,1,157.6736893127213,-0.09723247972447696,0
scenario_2_bedroom_voc_rise_ep04_d051,scenario_2_bedroom_voc_rise_ep04,scenario_2_bedroom_voc_rise,51,C,train,28.31028944418943,22.063345,-1,600.0,540.0,0.0,4.0,8.88888888888889,0.6577777777777778,87.12000000000009,1.0,1.0,1,488.1268101578894,0.6878679657430012,4
scenario_2_bedroom_voc_rise_ep04_d051,scenario_2_bedroom_voc_rise_ep04,scenario_2_bedroom_voc_rise,51,D,train,4.812122451993251,5.718877,0,0.0,0.0,0.0,0.0,0.0,0.0,87.12000000000009,0.0,1.0,1,71.75097080320347,0.010761780297394226,3
scenario_2_bedroom_voc_rise_ep04_d054,scenario_2_bedroom_voc_rise_ep04,scenario_2_bedroom_voc_rise,54,A,train,5.898248972741128,6.1795273,0,0.0,0.0,0.0,4.0,8.88888888888889,0.6577777777777778,86.8800000000001,1.0,1.0,1,69.82948419006334,-0.312132034254623,0
scenario_2_bedroom_voc_rise_ep04_d054,scenario_2_bedroom_voc_rise_ep04,scenario_2_bedroom_voc_rise,54,B,train,20.123434804599423,21.280884,0,330.0,0.0,0.0,0.0,0.0,0.0,86.8800000000001,0.0,1.0,1,159.98115116247118,0.22888285659875632,3
scenario_2_bedroom_voc_rise_ep04_d054,scenario_2_bedroom_voc_rise_ep04,scenario_2_bedroom_voc_rise,54,C,train,21.527778732015456,21.636137,0,0.0,0.0,0.0,5.656854249492381,12.57078722109418,0.9302382543609692,86.8800000000001,1.0,1.0,1,463.7063708728417,0.6000000001407794,4
scenario_2_bedroom_voc_rise_ep04_d054,scenario_2_bedroom_voc_rise_ep04,scenario_2_bedroom_voc_rise,54,D,train,4.662744334940195,5.880538,0,0.0,0.0,0.0,4.0,8.88888888888889,0.6577777777777778,86.8800000000001,1.0,1.0,1,74.0944177873971,-0.30130394623645546,0
scenario_2_bedroom_voc_rise_ep04_d057,scenario_2_bedroom_voc_rise_ep04,scenario_2_bedroom_voc_rise,57,A,train,5.287649777349149,6.2720513,0,0.0,0.0,0.0,4.0,8.88888888888889,0.6577777777777778,86.6400000000001,1.0,1.0,1,72.09853743254234,-0.312132034254623,0
scenario_2_bedroom_voc_rise_ep04_d057,scenario_2_bedroom_voc_rise_ep04,scenario_2_bedroom_voc_rise,57,B,train,21.981631717524596,21.199537,0,420.0,0.0,0.0,5.656854249492381,12.57078722109418,0.9302382543609692,86.6400000000001,1.0,1.0,1,159.46172849924574,-0.16297610245384925,0
scenario_2_bedroom_voc_rise_ep04_d057,scenario_2_bedroom_voc_rise_ep04,scenario_2_bedroom_voc_rise,57,C,train,22.094703501496284,23.125906,0,90.0,0.0,0.0,0.0,0.0,0.0,86.6400000000001,0.0,1.0,1,440.6824313931954,0.999999999997287,4
scenario_2_bedroom_voc_rise_ep04_d057,scenario_2_bedroom_voc_rise_ep04,scenario_2_bedroom_voc_rise,57,D,train,4.633278558428808,5.8704853,0,0.0,0.0,0.0,4.0,8.88888888888889,0.6577777777777778,86.6400000000001,1.0,1.0,1,76.11425915508516,-0.30123703371789146,0
scenario_2_bedroom_voc_rise_ep04_d060,scenario_2_bedroom_voc_rise_ep04,scenario_2_bedroom_voc_rise,60,A,train,6.784472558040311,6.254434,0,0.0,0.0,0.0,0.0,0.0,0.0,86.4000000000001,0.0,1.0,1,74.082071101873,0.0,0
scenario_2_bedroom_voc_rise_ep04_d060,scenario_2_bedroom_voc_rise_ep04,scenario_2_bedroom_voc_rise,60,B,train,21.94500293680141,21.035532,0,510.0,0.0,0.0,4.0,8.88888888888889,0.6577777777777778,86.4000000000001,1.0,1.0,1,158.12817310762648,-0.06846017907801541,0
scenario_2_bedroom_voc_rise_ep04_d060,scenario_2_bedroom_voc_rise_ep04,scenario_2_bedroom_voc_rise,60,C,train,22.572167974745515,21.517979,0,180.0,0.0,0.0,4.0,8.88888888888889,0.6577777777777778,86.4000000000001,1.0,1.0,1,418.9971699120954,0.6878679657424778,4
scenario_2_bedroom_voc_rise_ep04_d060,scenario_2_bedroom_voc_rise_ep04,scenario_2_bedroom_voc_rise,60,D,train,4.860357925448425,5.7968507,0,0.0,0.0,0.0,5.656854249492381,12.57078722109418,0.9302382543609692,86.4000000000001,1.0,1.0,1,77.86321093362403,-0.3890374764856174,0
scenario_2_bedroom_voc_rise_ep04_d063,scenario_2_bedroom_voc_rise_ep04,scenario_2_bedroom_voc_rise,63,A,train,5.733703454212879,6.2681775,0,0.0,0.0,0.0,4.0,8.88888888888889,0.6577777777777778,86.16000000000011,1.0,1.0,1,75.7571461285595,-0.312132034254623,0
scenario_2_bedroom_voc_rise_ep04_d063,scenario_2_bedroom_voc_rise_ep04,scenario_2_bedroom_voc_rise,63,B,train,21.9997688451319,21.066782,0,600.0,0.0,0.0,0.0,0.0,0.0,86.16000000000011,0.0,1.0,1,155.1050236176959,0.24583700749436846,3
scenario_2_bedroom_voc_rise_ep04_d063,scenario_2_bedroom_voc_rise_ep04,scenario_2_bedroom_voc_rise,63,C,train,21.74435273636077,21.630735,0,270.0,0.0,0.0,5.656854249492381,12.57078722109418,0.9302382543609692,86.16000000000011,1.0,1.0,1,398.52334922232376,0.60000000014022,4
scenario_2_bedroom_voc_rise_ep04_d063,scenario_2_bedroom_voc_rise_ep04,scenario_2_bedroom_voc_rise,63,D,train,6.088407313366845,5.8654704,0,0.0,0.0,0.0,4.0,8.88888888888889,0.6577777777777778,86.16000000000011,1.0,1.0,1,79.31747104882129,-0.30110137216508426,0
scenario_2_bedroom_voc_rise_ep04_d066,scenario_2_bedroom_voc_rise_ep04,scenario_2_bedroom_voc_rise,66,A,train,5.63479313959832,6.212094,0,0.0,0.0,0.0,5.656854249492381,12.57078722109418,0.9302382543609692,85.92000000000012,1.0,1.0,1,77.15223889106142,-0.3999999998566819,0
scenario_2_bedroom_voc_rise_ep04_d066,scenario_2_bedroom_voc_rise_ep04,scenario_2_bedroom_voc_rise,66,B,train,22.25360679519304,20.05832,0,690.0,0.0,0.0,4.0,8.88888888888889,0.6577777777777778,85.92000000000012,1.0,1.0,1,152.06467845577097,-0.06411012576793015,0
scenario_2_bedroom_voc_rise_ep04_d066,scenario_2_bedroom_voc_rise_ep04,scenario_2_bedroom_voc_rise,66,C,train,22.614066158978773,21.470684,0,360.0,0.0,0.0,4.0,8.88888888888889,0.6577777777777778,85.92000000000012,1.0,1.0,1,379.1918450756127,0.6878679657420662,4
scenario_2_bedroom_voc_rise_ep04_d066,scenario_2_bedroom_voc_rise_ep04,scenario_2_bedroom_voc_rise,66,D,train,5.503311338500903,5.946224,0,0.0,0.0,0.0,0.0,0.0,0.0,85.92000000000012,0.0,1.0,1,80.50470403486429,0.011099422311335427,3
scenario_2_bedroom_voc_rise_ep04_d069,scenario_2_bedroom_voc_rise_ep04,scenario_2_bedroom_voc_rise,69,A,train,6.77016872182999,6.4164643,0,0.0,0.0,0.0,0.0,0.0,0.0,85.68000000000012,0.0,1.0,1,78.28989793213032,0.0,0
scenario_2_bedroom_voc_rise_ep04_d069,scenario_2_bedroom_voc_rise_ep04,scenario_2_bedroom_voc_rise,69,B,train,21.96344072007038,18.776426,-1,780.0,0.0,0.0,4.0,8.88888888888889,0.6577777777777778,85.68000000000012,1.0,1.0,1,149.0149778788982,-0.06190529591740271,0
scenario_2_bedroom_voc_rise_ep04_d069,scenario_2_bedroom_voc_rise_ep04,scenario_2_bedroom_voc_rise,69,C,train,22.952561653421,16.268793,-1,450.0,0.0,0.0,4.0,8.88888888888889,0.6577777777777778,85.68000000000012,1.0,1.0,1,360.9338728186366,0.6878679657418391,4
scenario_2_bedroom_voc_rise_ep04_d069,scenario_2_bedroom_voc_rise_ep04,scenario_2_bedroom_voc_rise,69,D,train,6.554597245362054,6.242156,0,0.0,0.0,0.0,5.656854249492381,12.57078722109418,0.9302382543609692,85.68000000000012,1.0,1.0,1,81.44669470246777,-0.38883119014972145,0
scenario_2_bedroom_voc_rise_ep04_d072,scenario_2_bedroom_voc_rise_ep04,scenario_2_bedroom_voc_rise,72,A,train,6.823412844831185,6.440775,0,0.0,0.0,0.0,4.0,8.88888888888889,0.6577777777777778,85.44000000000013,1.0,1.0,1,79.19110870153122,-0.312132034254623,0
scenario_2_bedroom_voc_rise_ep04_d072,scenario_2_bedroom_voc_rise_ep04,scenario_2_bedroom_voc_rise,72,B,train,22.75093105701101,13.262544,-1,870.0,0.0,0.0,5.656854249492381,12.57078722109418,0.9302382543609692,85.44000000000013,1.0,1.0,1,145.9630229069803,-0.1475483209821516,0
scenario_2_bedroom_voc_rise_ep04_d072,scenario_2_bedroom_voc_rise_ep04,scenario_2_bedroom_voc_rise,72,C,train,22.49859610629372,16.609953,-1,540.0,0.0,0.0,0.0,0.0,0.0,85.44000000000013,0.0,1.0,1,343.6849496729062,0.9999999999962192,4
scenario_2_bedroom_voc_rise_ep04_d072,scenario_2_bedroom_voc_rise_ep04,scenario_2_bedroom_voc_rise,72,D,train,5.810128798448993,6.633889,0,0.0,0.0,0.0,4.0,8.88888888888889,0.6577777777777778,85.44000000000013,1.0,1.0,1,82.16371001591438,-0.30089320425595534,0
scenario_2_bedroom_voc_rise_ep04_d075,scenario_2_bedroom_voc_rise_ep04,scenario_2_bedroom_voc_rise,75,A,train,7.127380354331299,6.5317287,0,0.0,0.0,0.0,5.656854249492381,12.57078722109418,0.9302382543609692,85.20000000000013,1.0,1.0,1,79.87539641499734,-0.3999999998566819,0
scenario_2_bedroom_voc_rise_ep04_d075,scenario_2_bedroom_voc_rise_ep04,scenario_2_bedroom_voc_rise,75,B,train,22.580842540047307,13.655972,-1,960.0,0.0,0.0,4.0,8.88888888888889,0.6577777777777778,85.20000000000013,1.0,1.0,1,142.91523199504718,-0.05743512066745085,0
scenario_2_bedroom_voc_rise_ep04_d075,scenario_2_bedroom_voc_rise_ep04,scenario_2_bedroom_voc_rise,75,C,train,22.33651069147477,17.67136,-1,630.0,0.0,0.0,4.0,8.88888888888889,0.6577777777777778,85.20000000000013,1.0,1.0,1,327.384620975032,0.6878679657413368,4
scenario_2_bedroom_voc_rise_ep04_d075,scenario_2_bedroom_voc_rise_ep04,scenario_2_bedroom_voc_rise,75,D,train,6.49286858914261,6.440264,0,0.0,0.0,0.0,0.0,0.0,0.0,85.20000000000013,0.0,1.0,1,82.67459925790672,0.011309488960962382,3
scenario_2_bedroom_voc_rise_ep04_d078,scenario_2_bedroom_voc_rise_ep04,scenario_2_bedroom_voc_rise,78,A,train,6.448997335615219,6.409997,0,0.0,0.0,0.0,4.0,8.88888888888889,0.6577777777777778,84.96000000000014,1.0,1.0,1,80.36092228196367,-0.312132034254623,0
scenario_2_bedroom_voc_rise_ep04_d078,scenario_2_bedroom_voc_rise_ep04,scenario_2_bedroom_voc_rise,78,B,train,22.27084979833394,13.102942,-1,1050.0,0.0,0.0,0.0,0.0,0.0,84.96000000000014,0.0,1.0,1,139.87739366615506,0.2569626276388476,3
scenario_2_bedroom_voc_rise_ep04_d078,scenario_2_bedroom_voc_rise_ep04,scenario_2_bedroom_voc_rise,78,C,train,13.635842542647158,17.972424,1,0.0,0.0,0.0,5.656854249492381,12.57078722109418,0.9302382543609692,84.96000000000014,1.0,1.0,1,311.976203970252,0.6000000001390008,4
scenario_2_bedroom_voc_rise_ep04_d078,scenario_2_bedroom_voc_rise_ep04,scenario_2_bedroom_voc_rise,78,D,train,6.476570557938811,6.5827694,0,0.0,0.0,0.0,4.0,8.88888888888889,0.6577777777777778,84.96000000000014,1.0,1.0,1,82.9968877244155,-0.30075124183355995,0
scenario_2_bedroom_voc_rise_ep05_d012,scenario_2_bedroom_voc_rise_ep05,scenario_2_bedroom_voc_rise,12,A,train,3.883299233970656,4.826681,0,0.0,0.0,0.0,4.0,8.88888888888889,0.6577777777777778,89.54000000000002,1.0,1.0,1,25.186263074300825,0.23009368012947548,2
scenario_2_bedroom_voc_rise_ep05_d012,scenario_2_bedroom_voc_rise_ep05,scenario_2_bedroom_voc_rise,12,B,train,4.600407782734561,6.6578393,0,0.0,0.0,0.0,0.0,0.0,0.0,89.54000000000002,0.0,1.0,1,34.75641323410156,0.9999999999521665,4
scenario_2_bedroom_voc_rise_ep05_d012,scenario_2_bedroom_voc_rise_ep05,scenario_2_bedroom_voc_rise,12,C,train,2.995072297736739,7.514394,1,0.0,0.0,0.0,5.656854249492381,12.57078722109418,0.9302382543609692,89.54000000000002,1.0,1.0,1,32.298647648243275,0.48243633950779263,3
scenario_2_bedroom_voc_rise_ep05_d012,scenario_2_bedroom_voc_rise_ep05,scenario_2_bedroom_voc_rise,12,D,train,2.7514112385420004,3.9714823,0,0.0,0.0,0.0,4.0,8.88888888888889,0.6577777777777778,89.54000000000002,1.0,1.0,1,13.850585927818884,-0.312132034254623,0
scenario_2_bedroom_voc_rise_ep05_d015,scenario_2_bedroom_voc_rise_ep05,scenario_2_bedroom_voc_rise,15,A,train,3.537451589787953,4.9597683,0,0.0,0.0,0.0,4.0,8.88888888888889,0.6577777777777778,89.30000000000003,1.0,1.0,1,24.85483974762224,-0.11428905158612065,0
scenario_2_bedroom_voc_rise_ep05_d015,scenario_2_bedroom_voc_rise_ep05,scenario_2_bedroom_voc_rise,15,B,train,4.204670589149896,7.128009,0,0.0,0.0,0.0,5.656854249492381,12.57078722109418,0.9302382543609692,89.30000000000003,1.0,1.0,1,42.61616646548197,0.12767609750627376,3
scenario_2_bedroom_voc_rise_ep05_d015,scenario_2_bedroom_voc_rise_ep05,scenario_2_bedroom_voc_rise,15,C,train,3.3051979430766654,7.2736597,1,0.0,0.0,0.0,0.0,0.0,0.0,89.30000000000003,0.0,1.0,1,68.05054153977574,0.9999999999814297,4
scenario_2_bedroom_voc_rise_ep05_d015,scenario_2_bedroom_voc_rise_ep05,scenario_2_bedroom_voc_rise,15,D,train,2.8368043549295265,3.9182045,0,0.0,0.0,0.0,4.0,8.88888888888889,0.6577777777777778,89.30000000000003,1.0,1.0,1,14.201107003818322,-0.312132034254623,0
scenario_2_bedroom_voc_rise_ep05_d018,scenario_2_bedroom_voc_rise_ep05,scenario_2_bedroom_voc_rise,18,A,train,3.6337618893215216,4.729625,0,0.0,0.0,0.0,0.0,0.0,0.0,89.06000000000003,0.0,1.0,1,25.041181777692827,0.08755000533405055,3
scenario_2_bedroom_voc_rise_ep05_d018,scenario_2_bedroom_voc_rise_ep05,scenario_2_bedroom_voc_rise,18,B,train,6.418922050244381,11.305855,1,0.0,0.0,0.0,4.0,8.88888888888889,0.6577777777777778,89.06000000000003,1.0,1.0,1,50.783880904629655,0.0005022704590261495,2
scenario_2_bedroom_voc_rise_ep05_d018,scenario_2_bedroom_voc_rise_ep05,scenario_2_bedroom_voc_rise,18,C,train,3.8421905523807807,6.4865823,0,0.0,0.0,0.0,4.0,8.88888888888889,0.6577777777777778,89.06000000000003,1.0,1.0,1,129.3973085514316,0.6878679657366333,4
scenario_2_bedroom_voc_rise_ep05_d018,scenario_2_bedroom_voc_rise_ep05,scenario_2_bedroom_voc_rise,18,D,train,3.9330029334836687,3.7061522,0,0.0,0.0,0.0,5.656854249492381,12.57078722109418,0.9302382543609692,89.06000000000003,1.0,1.0,1,15.028162424107222,-0.3999999998566819,0
scenario_2_bedroom_voc_rise_ep05_d021,scenario_2_bedroom_voc_rise_ep05,scenario_2_bedroom_voc_rise,21,A,train,4.5816496931695765,4.986968,0,0.0,0.0,0.0,4.0,8.88888888888889,0.6577777777777778,88.82000000000004,1.0,1.0,1,26.29728284812495,-0.2698532662757709,0
scenario_2_bedroom_voc_rise_ep05_d021,scenario_2_bedroom_voc_rise_ep05,scenario_2_bedroom_voc_rise,21,B,train,7.778499806765916,11.15389,1,0.0,0.0,0.0,0.0,0.0,0.0,88.82000000000004,0.0,1.0,1,58.20314364552564,0.1856148552066302,3
scenario_2_bedroom_voc_rise_ep05_d021,scenario_2_bedroom_voc_rise_ep05,scenario_2_bedroom_voc_rise,21,C,train,3.305855424075331,14.272499,1,0.0,0.0,0.0,5.656854249492381,12.57078722109418,0.9302382543609692,88.82000000000004,1.0,1.0,1,239.4810030293513,0.6000000001388258,4
scenario_2_bedroom_voc_rise_ep05_d021,scenario_2_bedroom_voc_rise_ep05,scenario_2_bedroom_voc_rise,21,D,train,3.5694462027640594,3.3666663,0,0.0,0.0,0.0,4.0,8.88888888888889,0.6577777777777778,88.82000000000004,1.0,1.0,1,16.88625097256363,-0.312132034254623,0
scenario_2_bedroom_voc_rise_ep05_d024,scenario_2_bedroom_voc_rise_ep05,scenario_2_bedroom_voc_rise,24,A,train,3.764054490733052,5.0487504,0,0.0,0.0,0.0,5.656854249492381,12.57078722109418,0.9302382543609692,88.58000000000004,1.0,1.0,1,28.139072400184432,-0.37223447814153177,0
scenario_2_bedroom_voc_rise_ep05_d024,scenario_2_bedroom_voc_rise_ep05,scenario_2_bedroom_voc_rise,24,B,train,8.512757925713462,11.007468,0,0.0,0.0,0.0,4.0,8.88888888888889,0.6577777777777778,88.58000000000004,1.0,1.0,1,67.18943525087639,-0.1617885087727242,0
scenario_2_bedroom_voc_rise_ep05_d024,scenario_2_bedroom_voc_rise_ep05,scenario_2_bedroom_voc_rise,24,C,train,3.66233447145033,22.872486,1,0.0,0.0,0.0,4.0,8.88888888888889,0.6577777777777778,88.58000000000004,1.0,1.0,1,337.8692685706079,0.6878679657422381,4
scenario_2_bedroom_voc_rise_ep05_d024,scenario_2_bedroom_voc_rise_ep05,scenario_2_bedroom_voc_rise,24,D,train,3.221683265864578,3.893316,0,0.0,0.0,0.0,0.0,0.0,0.0,88.58000000000004,0.0,1.0,1,19.29365426318668,0.0,0
scenario_2_bedroom_voc_rise_ep05_d027,scenario_2_bedroom_voc_rise_ep05,scenario_2_bedroom_voc_rise,27,A,train,4.270750855846868,4.9165225,0,0.0,0.0,0.0,0.0,0.0,0.0,88.34000000000005,0.0,1.0,1,31.336112054869545,0.01867031443899634,3
scenario_2_bedroom_voc_rise_ep05_d027,scenario_2_bedroom_voc_rise_ep05,scenario_2_bedroom_voc_rise,27,B,train,8.873795047494498,12.131484,1,0.0,0.0,0.0,4.0,8.88888888888889,0.6577777777777778,88.34000000000005,1.0,1.0,1,76.53965547946359,-0.1919501172016254,0
scenario_2_bedroom_voc_rise_ep05_d027,scenario_2_bedroom_voc_rise_ep05,scenario_2_bedroom_voc_rise,27,C,train,3.629599128850422,27.580564,1,0.0,0.0,0.0,4.0,8.88888888888889,0.6577777777777778,88.34000000000005,1.0,1.0,1,468.32634679361365,0.6878679657431314,4
scenario_2_bedroom_voc_rise_ep05_d027,scenario_2_bedroom_voc_rise_ep05,scenario_2_bedroom_voc_rise,27,D,train,3.0769131750107723,3.804934,0,0.0,0.0,0.0,5.656854249492381,12.57078722109418,0.9302382543609692,88.34000000000005,1.0,1.0,1,23.022142540437017,-0.3999999998566819,0
scenario_2_bedroom_voc_rise_ep05_d030,scenario_2_bedroom_voc_rise_ep05,scenario_2_bedroom_voc_rise,30,A,train,4.103239869791878,4.5954356,0,0.0,0.0,0.0,4.0,8.88888888888889,0.6577777777777778,88.10000000000005,1.0,1.0,1,35.830583019532014,-0.2982980709256447,0
scenario_2_bedroom_voc_rise_ep05_d030,scenario_2_bedroom_voc_rise_ep05,scenario_2_bedroom_voc_rise,30,B,train,9.58701581004809,12.112605,0,0.0,0.0,0.0,5.656854249492381,12.57078722109418,0.9302382543609692,88.10000000000005,1.0,1.0,1,86.26994072252864,-0.2968748199039785,0
scenario_2_bedroom_voc_rise_ep05_d030,scenario_2_bedroom_voc_rise_ep05,scenario_2_bedroom_voc_rise,30,C,train,10.685681280320049,37.280132,1,0.0,0.0,0.0,0.0,0.0,0.0,88.10000000000005,0.0,1.0,1,592.9019653898595,0.9999999999982297,4
scenario_2_bedroom_voc_rise_ep05_d030,scenario_2_bedroom_voc_rise_ep05,scenario_2_bedroom_voc_rise,30,D,train,3.1162256274308167,4.168381,0,0.0,0.0,0.0,4.0,8.88888888888889,0.6577777777777778,88.10000000000005,1.0,1.0,1,28.01597088650533,-0.312132034254623,0
scenario_2_bedroom_voc_rise_ep05_d033,scenario_2_bedroom_voc_rise_ep05,scenario_2_bedroom_voc_rise,33,A,train,4.004177685558228,4.7758284,0,0.0,0.0,0.0,5.656854249492381,12.57078722109418,0.9302382543609692,87.86000000000006,1.0,1.0,1,41.44245189426442,-0.38861717302255017,0
scenario_2_bedroom_voc_rise_ep05_d033,scenario_2_bedroom_voc_rise_ep05,scenario_2_bedroom_voc_rise,33,B,train,9.72158265243185,12.510923,0,0.0,0.0,0.0,4.0,8.88888888888889,0.6577777777777778,87.86000000000006,1.0,1.0,1,96.57502273369164,-0.2153127947364363,0
scenario_2_bedroom_voc_rise_ep05_d033,scenario_2_bedroom_voc_rise_ep05,scenario_2_bedroom_voc_rise,33,C,train,23.553695663885645,33.886417,1,90.0,0.0,0.0,4.0,8.88888888888889,0.6577777777777778,87.86000000000006,1.0,1.0,1,679.4023640703097,0.6878679657438274,4
scenario_2_bedroom_voc_rise_ep05_d033,scenario_2_bedroom_voc_rise_ep05,scenario_2_bedroom_voc_rise,33,D,train,3.588379768484038,4.255792,0,0.0,0.0,0.0,0.0,0.0,0.0,87.86000000000006,0.0,1.0,1,34.097053286454866,0.0,0
scenario_2_bedroom_voc_rise_ep05_d036,scenario_2_bedroom_voc_rise_ep05,scenario_2_bedroom_voc_rise,36,A,train,5.237869352335757,5.461969,0,0.0,0.0,0.0,4.0,8.88888888888889,0.6577777777777778,87.62000000000006,1.0,1.0,1,46.61318304498332,-0.3013791399765856,0
scenario_2_bedroom_voc_rise_ep05_d036,scenario_2_bedroom_voc_rise_ep05,scenario_2_bedroom_voc_rise,36,B,train,11.899474633775345,14.359225,0,0.0,0.0,0.0,0.0,0.0,0.0,87.62000000000006,0.0,1.0,1,107.1808692622012,0.10507947822936409,3
scenario_2_bedroom_voc_rise_ep05_d036,scenario_2_bedroom_voc_rise_ep05,scenario_2_bedroom_voc_rise,36,C,train,33.5263240793432,30.488352,-1,180.0,90.0,0.0,5.656854249492381,12.57078722109418,0.9302382543609692,87.62000000000006,1.0,1.0,1,681.8149022282187,0.6000000001417609,4
scenario_2_bedroom_voc_rise_ep05_d036,scenario_2_bedroom_voc_rise_ep05,scenario_2_bedroom_voc_rise,36,D,train,3.5508696775535724,4.365137,0,0.0,0.0,0.0,4.0,8.88888888888889,0.6577777777777778,87.62000000000006,1.0,1.0,1,39.70868275167095,-0.312132034254623,0
scenario_2_bedroom_voc_rise_ep05_d039,scenario_2_bedroom_voc_rise_ep05,scenario_2_bedroom_voc_rise,39,A,train,4.42159969261749,5.242298,0,0.0,0.0,0.0,4.0,8.88888888888889,0.6577777777777778,87.38000000000007,1.0,1.0,1,51.30537940759064,-0.30133060966504843,0
scenario_2_bedroom_voc_rise_ep05_d039,scenario_2_bedroom_voc_rise_ep05,scenario_2_bedroom_voc_rise,39,B,train,11.971597203769967,14.417062,0,0.0,0.0,0.0,5.656854249492381,12.57078722109418,0.9302382543609692,87.38000000000007,1.0,1.0,1,115.70732349502327,-0.2820165560085779,0
scenario_2_bedroom_voc_rise_ep05_d039,scenario_2_bedroom_voc_rise_ep05,scenario_2_bedroom_voc_rise,39,C,train,37.56030005906478,29.739523,-1,270.0,180.0,0.0,0.0,0.0,0.0,87.38000000000007,0.0,1.0,1,645.680366794044,0.9999999999983358,4
scenario_2_bedroom_voc_rise_ep05_d039,scenario_2_bedroom_voc_rise_ep05,scenario_2_bedroom_voc_rise,39,D,train,4.594880543740786,4.8414383,0,0.0,0.0,0.0,4.0,8.88888888888889,0.6577777777777778,87.38000000000007,1.0,1.0,1,44.81517939741457,-0.312132034254623,0
scenario_2_bedroom_voc_rise_ep05_d042,scenario_2_bedroom_voc_rise_ep05,scenario_2_bedroom_voc_rise,42,A,train,5.0403007623983695,5.623016,0,0.0,0.0,0.0,0.0,0.0,0.0,87.14000000000007,0.0,1.0,1,55.59725674847414,0.010850398840327543,3
scenario_2_bedroom_voc_rise_ep05_d042,scenario_2_bedroom_voc_rise_ep05,scenario_2_bedroom_voc_rise,42,B,train,13.296182129388386,14.739496,0,0.0,0.0,0.0,4.0,8.88888888888889,0.6577777777777778,87.14000000000007,1.0,1.0,1,125.49788296464703,-0.17696366410687248,0
scenario_2_bedroom_voc_rise_ep05_d042,scenario_2_bedroom_voc_rise_ep05,scenario_2_bedroom_voc_rise,42,C,train,34.07900396270699,29.753036,-1,360.0,270.0,0.0,4.0,8.88888888888889,0.6577777777777778,87.14000000000007,1.0,1.0,1,611.769271263048,0.6878679657435985,4
scenario_2_bedroom_voc_rise_ep05_d042,scenario_2_bedroom_voc_rise_ep05,scenario_2_bedroom_voc_rise,42,D,train,3.906253857521012,4.8998756,0,0.0,0.0,0.0,5.656854249492381,12.57078722109418,0.9302382543609692,87.14000000000007,1.0,1.0,1,49.496371529244016,-0.3999999998566819,0
scenario_2_bedroom_voc_rise_ep05_d045,scenario_2_bedroom_voc_rise_ep05,scenario_2_bedroom_voc_rise,45,A,train,5.257831824440233,5.8586316,0,0.0,0.0,0.0,4.0,8.88888888888889,0.6577777777777778,86.90000000000008,1.0,1.0,1,59.46456683721499,-0.3012322131502546,0
scenario_2_bedroom_voc_rise_ep05_d045,scenario_2_bedroom_voc_rise_ep05,scenario_2_bedroom_voc_rise,45,B,train,14.78117708033022,17.412401,0,0.0,0.0,0.0,0.0,0.0,0.0,86.90000000000008,0.0,1.0,1,133.41762093239436,0.15145242975289552,3
scenario_2_bedroom_voc_rise_ep05_d045,scenario_2_bedroom_voc_rise_ep05,scenario_2_bedroom_voc_rise,45,C,train,32.817420597288354,30.135698,0,450.0,360.0,0.0,5.656854249492381,12.57078722109418,0.9302382543609692,86.90000000000008,1.0,1.0,1,579.8887677013531,0.6000000001414176,4
scenario_2_bedroom_voc_rise_ep05_d045,scenario_2_bedroom_voc_rise_ep05,scenario_2_bedroom_voc_rise,45,D,train,4.68041068765166,5.4003806,0,0.0,0.0,0.0,4.0,8.88888888888889,0.6577777777777778,86.90000000000008,1.0,1.0,1,53.72952522176661,-0.312132034254623,0
scenario_2_bedroom_voc_rise_ep05_d048,scenario_2_bedroom_voc_rise_ep05,scenario_2_bedroom_voc_rise,48,A,train,5.497072130246437,5.3733606,0,0.0,0.0,0.0,5.656854249492381,12.57078722109418,0.9302382543609692,86.66000000000008,1.0,1.0,1,62.92950001002168,-0.3890503043633041,0
scenario_2_bedroom_voc_rise_ep05_d048,scenario_2_bedroom_voc_rise_ep05,scenario_2_bedroom_voc_rise,48,B,train,14.601088368079337,17.104584,0,0.0,0.0,0.0,4.0,8.88888888888889,0.6577777777777778,86.66000000000008,1.0,1.0,1,139.52097240719309,-0.14562402690351825,0
scenario_2_bedroom_voc_rise_ep05_d048,scenario_2_bedroom_voc_rise_ep05,scenario_2_bedroom_voc_rise,48,C,train,31.363270597543657,27.75382,-1,540.0,450.0,0.0,4.0,8.88888888888889,0.6577777777777778,86.66000000000008,1.0,1.0,1,549.9032797599627,0.687867965743346,4
scenario_2_bedroom_voc_rise_ep05_d048,scenario_2_bedroom_voc_rise_ep05,scenario_2_bedroom_voc_rise,48,D,train,4.490944771887192,5.377201,0,0.0,0.0,0.0,0.0,0.0,0.0,86.66000000000008,0.0,1.0,1,57.53825289424231,0.0,0
scenario_2_bedroom_voc_rise_ep05_d051,scenario_2_bedroom_voc_rise_ep05,scenario_2_bedroom_voc_rise,51,A,train,6.411646236287161,5.7754655,0,0.0,0.0,0.0,0.0,0.0,0.0,86.42000000000009,0.0,1.0,1,66.05554887606309,0.011000026157031577,3
scenario_2_bedroom_voc_rise_ep05_d051,scenario_2_bedroom_voc_rise_ep05,scenario_2_bedroom_voc_rise,51,B,train,16.35226532928325,21.170568,1,60.0,0.0,0.0,4.0,8.88888888888889,0.6577777777777778,86.42000000000009,1.0,1.0,1,145.2093218890093,-0.1293354378278424,0
scenario_2_bedroom_voc_rise_ep05_d051,scenario_2_bedroom_voc_rise_ep05,scenario_2_bedroom_voc_rise,51,C,train,30.03159943040144,28.222782,0,630.0,540.0,0.0,4.0,8.88888888888889,0.6577777777777778,86.42000000000009,1.0,1.0,1,521.7286703841751,0.6878679657432066,4
scenario_2_bedroom_voc_rise_ep05_d051,scenario_2_bedroom_voc_rise_ep05,scenario_2_bedroom_voc_rise,51,D,train,4.396143995511786,5.1564455,0,0.0,0.0,0.0,5.656854249492381,12.57078722109418,0.9302382543609692,86.42000000000009,1.0,1.0,1,60.98738265945576,-0.3999999998566819,0
scenario_2_bedroom_voc_rise_ep05_d054,scenario_2_bedroom_voc_rise_ep05,scenario_2_bedroom_voc_rise,54,A,train,5.807700400105979,6.103071,0,0.0,0.0,0.0,4.0,8.88888888888889,0.6577777777777778,86.18000000000009,1.0,1.0,1,68.80967038899598,-0.30108121697128637,0
scenario_2_bedroom_voc_rise_ep05_d054,scenario_2_bedroom_voc_rise_ep05,scenario_2_bedroom_voc_rise,54,B,train,17.738950663173846,21.683084,1,150.0,0.0,0.0,5.656854249492381,12.57078722109418,0.9302382543609692,86.18000000000009,1.0,1.0,1,148.10277511474033,-0.20503788197661965,0
scenario_2_bedroom_voc_rise_ep05_d054,scenario_2_bedroom_voc_rise_ep05,scenario_2_bedroom_voc_rise,54,C,train,29.73703717041801,28.29115,0,720.0,630.0,0.0,0.0,0.0,0.0,86.18000000000009,0.0,1.0,1,495.1937526013096,0.9999999999976806,4
scenario_2_bedroom_voc_rise_ep05_d054,scenario_2_bedroom_voc_rise_ep05,scenario_2_bedroom_voc_rise,54,D,train,5.120664712418791,5.3223057,0,0.0,0.0,0.0,4.0,8.88888888888889,0.6577777777777778,86.18000000000009,1.0,1.0,1,64.04512569103804,-0.312132034254623,0
scenario_2_bedroom_voc_rise_ep05_d057,scenario_2_bedroom_voc_rise_ep05,scenario_2_bedroom_voc_rise,57,A,train,5.425112428100929,6.305293,0,0.0,0.0,0.0,5.656854249492381,12.57078722109418,0.9302382543609692,85.9400000000001,1.0,1.0,1,71.21073411003249,-0.38889792675769674,0
scenario_2_bedroom_voc_rise_ep05_d057,scenario_2_bedroom_voc_rise_ep05,scenario_2_bedroom_voc_rise,57,B,train,19.292429804657026,21.426105,0,240.0,0.0,0.0,4.0,8.88888888888889,0.6577777777777778,85.9400000000001,1.0,1.0,1,148.23609414306816,-0.11011634059287595,0
scenario_2_bedroom_voc_rise_ep05_d057,scenario_2_bedroom_voc_rise_ep05,scenario_2_bedroom_voc_rise,57,C,train,29.32975504410217,26.881424,0,810.0,720.0,0.0,4.0,8.88888888888889,0.6577777777777778,85.9400000000001,1.0,1.0,1,470.1881283407481,0.6878679657428984,4
scenario_2_bedroom_voc_rise_ep05_d057,scenario_2_bedroom_voc_rise_ep05,scenario_2_bedroom_voc_rise,57,D,train,5.133147620717323,5.5655336,0,0.0,0.0,0.0,0.0,0.0,0.0,85.9400000000001,0.0,1.0,1,66.73152945694551,0.0,0
scenario_2_bedroom_voc_rise_ep05_d060,scenario_2_bedroom_voc_rise_ep05,scenario_2_bedroom_voc_rise,60,A,train,5.520382674151389,6.354466,0,0.0,0.0,0.0,4.0,8.88888888888889,0.6577777777777778,85.7000000000001,1.0,1.0,1,73.31598290740726,-0.30097823638489807,0
scenario_2_bedroom_voc_rise_ep05_d060,scenario_2_bedroom_voc_rise_ep05,scenario_2_bedroom_voc_rise,60,B,train,20.03024131114411,21.387451,0,330.0,0.0,0.0,0.0,0.0,0.0,85.7000000000001,0.0,1.0,1,147.6347075862982,0.20800209847312176,3
scenario_2_bedroom_voc_rise_ep05_d060,scenario_2_bedroom_voc_rise_ep05,scenario_2_bedroom_voc_rise,60,C,train,28.4041445007432,26.326534,0,900.0,810.0,0.0,5.656854249492381,12.57078722109418,0.9302382543609692,85.7000000000001,1.0,1.0,1,446.6480788433264,0.6000000001406696,4
scenario_2_bedroom_voc_rise_ep05_d060,scenario_2_bedroom_voc_rise_ep05,scenario_2_bedroom_voc_rise,60,D,train,5.442187612907293,5.756699,0,0.0,0.0,0.0,4.0,8.88888888888889,0.6577777777777778,85.7000000000001,1.0,1.0,1,69.10494308403486,-0.312132034254623,0
scenario_2_bedroom_voc_rise_ep05_d063,scenario_2_bedroom_voc_rise_ep05,scenario_2_bedroom_voc_rise,63,A,train,5.708119515783575,6.497357,0,0.0,0.0,0.0,4.0,8.88888888888889,0.6577777777777778,85.46000000000011,1.0,1.0,1,75.1016644304641,-0.3009260383538745,0
scenario_2_bedroom_voc_rise_ep05_d063,scenario_2_bedroom_voc_rise_ep05,scenario_2_bedroom_voc_rise,63,B,train,20.949263113206086,20.861917,0,420.0,0.0,0.0,5.656854249492381,12.57078722109418,0.9302382543609692,85.46000000000011,1.0,1.0,1,145.31295359928072,-0.1900606902684588,0
scenario_2_bedroom_voc_rise_ep05_d063,scenario_2_bedroom_voc_rise_ep05,scenario_2_bedroom_voc_rise,63,C,train,28.367088763065517,26.298536,0,990.0,900.0,0.0,0.0,0.0,0.0,85.46000000000011,0.0,1.0,1,424.43666248309023,0.9999999999971695,4
scenario_2_bedroom_voc_rise_ep05_d063,scenario_2_bedroom_voc_rise_ep05,scenario_2_bedroom_voc_rise,63,D,train,5.543744205556838,5.799855,0,0.0,0.0,0.0,4.0,8.88888888888889,0.6577777777777778,85.46000000000011,1.0,1.0,1,71.14265321078847,-0.312132034254623,0
scenario_2_bedroom_voc_rise_ep05_d066,scenario_2_bedroom_voc_rise_ep05,scenario_2_bedroom_voc_rise,66,A,train,6.329766213785192,6.139154,0,0.0,0.0,0.0,0.0,0.0,0.0,85.22000000000011,0.0,1.0,1,76.59655164273954,0.011258671537003169,3
scenario_2_bedroom_voc_rise_ep05_d066,scenario_2_bedroom_voc_rise_ep05,scenario_2_bedroom_voc_rise,66,B,train,21.28334039494853,18.434975,0,510.0,0.0,0.0,4.0,8.88888888888889,0.6577777777777778,85.22000000000011,1.0,1.0,1,142.9271394783741,-0.10023778831995003,0
scenario_2_bedroom_voc_rise_ep05_d066,scenario_2_bedroom_voc_rise_ep05,scenario_2_bedroom_voc_rise,66,C,train,27.940920339318357,26.329205,0,1080.0,990.0,0.0,4.0,8.88888888888889,0.6577777777777778,85.22000000000011,1.0,1.0,1,403.4767359322205,0.6878679657423522,4
scenario_2_bedroom_voc_rise_ep05_d066,scenario_2_bedroom_voc_rise_ep05,scenario_2_bedroom_voc_rise,66,D,train,5.908089920304417,5.8752804,0,0.0,0.0,0.0,5.656854249492381,12.57078722109418,0.9302382543609692,85.22000000000011,1.0,1.0,1,72.87440863026677,-0.3999999998566819,0
scenario_2_bedroom_voc_rise_ep05_d069,scenario_2_bedroom_voc_rise_ep05,scenario_2_bedroom_voc_rise,69,A,train,5.769053065362982,6.1969523,0,0.0,0.0,0.0,4.0,8.88888888888889,0.6577777777777778,84.98000000000012,1.0,1.0,1,77.82405895820011,-0.3008202050909946,0
scenario_2_bedroom_voc_rise_ep05_d069,scenario_2_bedroom_voc_rise_ep05,scenario_2_bedroom_voc_rise,69,B,train,21.23299025334871,15.740931,-1,600.0,0.0,0.0,0.0,0.0,0.0,84.98000000000012,0.0,1.0,1,140.48818149048066,0.21386707025650803,3
scenario_2_bedroom_voc_rise_ep05_d069,scenario_2_bedroom_voc_rise_ep05,scenario_2_bedroom_voc_rise,69,C,train,27.34827338834513,25.068142,0,1170.0,1080.0,0.0,5.656854249492381,12.57078722109418,0.9302382543609692,84.98000000000012,1.0,1.0,1,383.6926030108085,0.6000000001400858,4
scenario_2_bedroom_voc_rise_ep05_d069,scenario_2_bedroom_voc_rise_ep05,scenario_2_bedroom_voc_rise,69,D,train,5.519292619840737,5.919175,0,0.0,0.0,0.0,4.0,8.88888888888889,0.6577777777777778,84.98000000000012,1.0,1.0,1,74.32454028393977,-0.312132034254623,0
scenario_2_bedroom_voc_rise_ep05_d072,scenario_2_bedroom_voc_rise_ep05,scenario_2_bedroom_voc_rise,72,A,train,6.1966703270706445,6.0830874,0,0.0,0.0,0.0,5.656854249492381,12.57078722109418,0.9302382543609692,84.74000000000012,1.0,1.0,1,78.80597448992603,-0.38863452665039655,0
scenario_2_bedroom_voc_rise_ep05_d072,scenario_2_bedroom_voc_rise_ep05,scenario_2_bedroom_voc_rise,72,B,train,21.97504212464657,13.550279,-1,690.0,0.0,0.0,4.0,8.88888888888889,0.6577777777777778,84.74000000000012,1.0,1.0,1,138.00605737827323,-0.09627408745233976,0
scenario_2_bedroom_voc_rise_ep05_d072,scenario_2_bedroom_voc_rise_ep05,scenario_2_bedroom_voc_rise,72,C,train,26.916139608735516,24.077488,0,1260.0,1170.0,0.0,4.0,8.88888888888889,0.6577777777777778,84.74000000000012,1.0,1.0,1,365.0133096698686,0.6878679657419228,4
scenario_2_bedroom_voc_rise_ep05_d072,scenario_2_bedroom_voc_rise_ep05,scenario_2_bedroom_voc_rise,72,D,train,5.4912219361784365,5.892684,0,0.0,0.0,0.0,0.0,0.0,0.0,84.74000000000012,0.0,1.0,1,75.51569713132426,0.0,0
scenario_2_bedroom_voc_rise_ep05_d075,scenario_2_bedroom_voc_rise_ep05,scenario_2_bedroom_voc_rise,75,A,train,7.002502252315587,6.079243,0,0.0,0.0,0.0,0.0,0.0,0.0,84.50000000000013,0.0,1.0,1,79.56256731469011,0.01141960813155875,3
scenario_2_bedroom_voc_rise_ep05_d075,scenario_2_bedroom_voc_rise_ep05,scenario_2_bedroom_voc_rise,75,B,train,22.29772140851585,13.457412,-1,780.0,0.0,0.0,4.0,8.88888888888889,0.6577777777777778,84.50000000000013,1.0,1.0,1,135.48987585094346,-0.09426499291546528,0
scenario_2_bedroom_voc_rise_ep05_d075,scenario_2_bedroom_voc_rise_ep05,scenario_2_bedroom_voc_rise,75,C,train,26.49074000686339,23.629679,0,1350.0,1260.0,0.0,4.0,8.88888888888889,0.6577777777777778,84.50000000000013,1.0,1.0,1,347.3723420824542,0.6878679657416857,4
scenario_2_bedroom_voc_rise_ep05_d075,scenario_2_bedroom_voc_rise_ep05,scenario_2_bedroom_voc_rise,75,D,train,6.323802774262146,5.9126806,0,0.0,0.0,0.0,5.656854249492381,12.57078722109418,0.9302382543609692,84.50000000000013,1.0,1.0,1,76.46895681339333,-0.3999999998566819,0
scenario_2_bedroom_voc_rise_ep05_d078,scenario_2_bedroom_voc_rise_ep05,scenario_2_bedroom_voc_rise,78,A,train,6.103606039908914,6.0955234,0,0.0,0.0,0.0,4.0,8.88888888888889,0.6577777777777778,84.26000000000013,1.0,1.0,1,80.11268780674436,-0.3006577958072795,0
scenario_2_bedroom_voc_rise_ep05_d078,scenario_2_bedroom_voc_rise_ep05,scenario_2_bedroom_voc_rise,78,B,train,13.635687782337516,12.822665,0,0.0,0.0,0.0,5.656854249492381,12.57078722109418,0.9302382543609692,84.26000000000013,1.0,1.0,1,132.94794121392215,-0.18010547868951965,0
scenario_2_bedroom_voc_rise_ep05_d078,scenario_2_bedroom_voc_rise_ep05,scenario_2_bedroom_voc_rise,78,C,train,25.633951687834017,22.964453,0,1440.0,1350.0,0.0,0.0,0.0,0.0,84.26000000000013,0.0,1.0,1,330.7073440915241,0.9999999999960553,4
scenario_2_bedroom_voc_rise_ep05_d078,scenario_2_bedroom_voc_rise_ep05,scenario_2_bedroom_voc_rise,78,D,train,5.354021384909166,5.8886623,0,0.0,0.0,0.0,4.0,8.88888888888889,0.6577777777777778,84.26000000000013,1.0,1.0,1,77.20392917678532,-0.312132034254623,0
scenario_2_bedroom_voc_rise_ep06_d012,scenario_2_bedroom_voc_rise_ep06,scenario_2_bedroom_voc_rise,12,A,train,4.829093696924129,5.4778376,0,0.0,0.0,0.0,4.0,8.88888888888889,0.6577777777777778,88.84000000000002,1.0,1.0,1,23.22446532374181,-0.312132034254623,0
scenario_2_bedroom_voc_rise_ep06_d012,scenario_2_bedroom_voc_rise_ep06,scenario_2_bedroom_voc_rise,12,B,train,5.3867675572868485,6.6537,0,0.0,0.0,0.0,5.656854249492381,12.57078722109418,0.9302382543609692,88.84000000000002,1.0,1.0,1,72.07177979352679,0.6000000001228464,4
scenario_2_bedroom_voc_rise_ep06_d012,scenario_2_bedroom_voc_rise_ep06,scenario_2_bedroom_voc_rise,12,C,train,5.045380570857201,6.6823688,0,0.0,0.0,0.0,0.0,0.0,0.0,88.84000000000002,0.0,1.0,1,49.69180907634495,0.5418382574221754,3
scenario_2_bedroom_voc_rise_ep06_d012,scenario_2_bedroom_voc_rise_ep06,scenario_2_bedroom_voc_rise,12,D,train,5.300003231391062,5.714118,0,0.0,0.0,0.0,4.0,8.88888888888889,0.6577777777777778,88.84000000000002,1.0,1.0,1,45.35122056400655,0.14084589257692273,2
scenario_2_bedroom_voc_rise_ep06_d015,scenario_2_bedroom_voc_rise_ep06,scenario_2_bedroom_voc_rise,15,A,train,4.590163713507945,5.4152966,0,0.0,0.0,0.0,5.656854249492381,12.57078722109418,0.9302382543609692,88.60000000000002,1.0,1.0,1,23.717124803439333,-0.3999999998566819,0
scenario_2_bedroom_voc_rise_ep06_d015,scenario_2_bedroom_voc_rise_ep06,scenario_2_bedroom_voc_rise,15,B,train,6.209576258007716,7.7228537,0,0.0,0.0,0.0,4.0,8.88888888888889,0.6577777777777778,88.60000000000002,1.0,1.0,1,76.9439484601661,0.5795095637559468,3
scenario_2_bedroom_voc_rise_ep06_d015,scenario_2_bedroom_voc_rise_ep06,scenario_2_bedroom_voc_rise,15,C,train,5.947283603621431,8.669264,0,0.0,0.0,0.0,4.0,8.88888888888889,0.6577777777777778,88.60000000000002,1.0,1.0,1,83.41243710671768,0.6878679657286253,4
scenario_2_bedroom_voc_rise_ep06_d015,scenario_2_bedroom_voc_rise_ep06,scenario_2_bedroom_voc_rise,15,D,train,4.708050811497122,5.7537255,0,0.0,0.0,0.0,0.0,0.0,0.0,88.60000000000002,0.0,1.0,1,44.37016414246989,0.34597422380099285,2
scenario_2_bedroom_voc_rise_ep06_d018,scenario_2_bedroom_voc_rise_ep06,scenario_2_bedroom_voc_rise,18,A,train,3.859699785100807,5.1405797,0,0.0,0.0,0.0,4.0,8.88888888888889,0.6577777777777778,88.36000000000003,1.0,1.0,1,24.81585357364054,-0.312132034254623,0
scenario_2_bedroom_voc_rise_ep06_d018,scenario_2_bedroom_voc_rise_ep06,scenario_2_bedroom_voc_rise,18,B,train,6.930263448630683,10.579091,1,0.0,0.0,0.0,0.0,0.0,0.0,88.36000000000003,0.0,1.0,1,83.19037194850375,0.44891496085320926,3
scenario_2_bedroom_voc_rise_ep06_d018,scenario_2_bedroom_voc_rise_ep06,scenario_2_bedroom_voc_rise,18,C,train,6.605362708221316,9.256614,0,0.0,0.0,0.0,5.656854249492381,12.57078722109418,0.9302382543609692,88.36000000000003,1.0,1.0,1,154.85054491800452,0.600000000135628,4
scenario_2_bedroom_voc_rise_ep06_d018,scenario_2_bedroom_voc_rise_ep06,scenario_2_bedroom_voc_rise,18,D,train,5.257543169511372,6.079499,0,0.0,0.0,0.0,4.0,8.88888888888889,0.6577777777777778,88.36000000000003,1.0,1.0,1,44.09275405464575,-0.16388774435349981,0
scenario_2_bedroom_voc_rise_ep06_d021,scenario_2_bedroom_voc_rise_ep06,scenario_2_bedroom_voc_rise,21,A,train,3.9070618673562367,5.315291,0,0.0,0.0,0.0,4.0,8.88888888888889,0.6577777777777778,88.12000000000003,1.0,1.0,1,26.549088997280705,-0.312132034254623,0
scenario_2_bedroom_voc_rise_ep06_d021,scenario_2_bedroom_voc_rise_ep06,scenario_2_bedroom_voc_rise,21,B,train,9.059685078192404,10.9538145,0,0.0,0.0,0.0,5.656854249492381,12.57078722109418,0.9302382543609692,88.12000000000003,1.0,1.0,1,91.25741029892492,-0.09955694296746369,0
scenario_2_bedroom_voc_rise_ep06_d021,scenario_2_bedroom_voc_rise_ep06,scenario_2_bedroom_voc_rise,21,C,train,5.09425371788783,14.118827,1,0.0,0.0,0.0,0.0,0.0,0.0,88.12000000000003,0.0,1.0,1,241.9254134540098,0.999999999995357,4
scenario_2_bedroom_voc_rise_ep06_d021,scenario_2_bedroom_voc_rise_ep06,scenario_2_bedroom_voc_rise,21,D,train,5.326825116371842,5.987008,0,0.0,0.0,0.0,4.0,8.88888888888889,0.6577777777777778,88.12000000000003,1.0,1.0,1,44.540997929520245,-0.2285949557129622,0
scenario_2_bedroom_voc_rise_ep06_d024,scenario_2_bedroom_voc_rise_ep06,scenario_2_bedroom_voc_rise,24,A,train,4.39023636291546,5.8371916,0,0.0,0.0,0.0,0.0,0.0,0.0,87.88000000000004,0.0,1.0,1,29.659841479823623,0.0,0
scenario_2_bedroom_voc_rise_ep06_d024,scenario_2_bedroom_voc_rise_ep06,scenario_2_bedroom_voc_rise,24,B,train,9.77353599689848,11.508332,0,0.0,0.0,0.0,4.0,8.88888888888889,0.6577777777777778,87.88000000000004,1.0,1.0,1,98.5498420140243,-0.11437764351648019,0
scenario_2_bedroom_voc_rise_ep06_d024,scenario_2_bedroom_voc_rise_ep06,scenario_2_bedroom_voc_rise,24,C,train,5.240270104567094,22.444412,1,0.0,0.0,0.0,4.0,8.88888888888889,0.6577777777777778,87.88000000000004,1.0,1.0,1,378.02126231534817,0.6878679657425064,4
scenario_2_bedroom_voc_rise_ep06_d024,scenario_2_bedroom_voc_rise_ep06,scenario_2_bedroom_voc_rise,24,D,train,5.367985084942244,5.8908434,0,0.0,0.0,0.0,5.656854249492381,12.57078722109418,0.9302382543609692,87.88000000000004,1.0,1.0,1,46.451898445194274,-0.35179702455290773,0
scenario_2_bedroom_voc_rise_ep06_d027,scenario_2_bedroom_voc_rise_ep06,scenario_2_bedroom_voc_rise,27,A,train,3.2777709886384163,5.0198216,0,0.0,0.0,0.0,4.0,8.88888888888889,0.6577777777777778,87.64000000000004,1.0,1.0,1,33.336528772191286,-0.312132034254623,0
scenario_2_bedroom_voc_rise_ep06_d027,scenario_2_bedroom_voc_rise_ep06,scenario_2_bedroom_voc_rise,27,B,train,10.323114708848689,12.391576,0,0.0,0.0,0.0,0.0,0.0,0.0,87.64000000000004,0.0,1.0,1,107.72525802798214,0.1601850999744542,3
scenario_2_bedroom_voc_rise_ep06_d027,scenario_2_bedroom_voc_rise_ep06,scenario_2_bedroom_voc_rise,27,C,train,5.585189568426943,24.552896,1,0.0,0.0,0.0,5.656854249492381,12.57078722109418,0.9302382543609692,87.64000000000004,1.0,1.0,1,497.7288428356962,0.600000000141165,4
scenario_2_bedroom_voc_rise_ep06_d027,scenario_2_bedroom_voc_rise_ep06,scenario_2_bedroom_voc_rise,27,D,train,5.186105516631631,6.0223613,0,0.0,0.0,0.0,4.0,8.88888888888889,0.6577777777777778,87.64000000000004,1.0,1.0,1,49.00826002481972,-0.27838528440972443,0
scenario_2_bedroom_voc_rise_ep06_d030,scenario_2_bedroom_voc_rise_ep06,scenario_2_bedroom_voc_rise,30,A,train,4.152129872459423,5.1792355,0,0.0,0.0,0.0,5.656854249492381,12.57078722109418,0.9302382543609692,87.40000000000005,1.0,1.0,1,37.92443083558646,-0.3999999998566819,0
scenario_2_bedroom_voc_rise_ep06_d030,scenario_2_bedroom_voc_rise_ep06,scenario_2_bedroom_voc_rise,30,B,train,10.151151390261994,12.689701,0,0.0,0.0,0.0,4.0,8.88888888888889,0.6577777777777778,87.40000000000005,1.0,1.0,1,116.06064179654504,-0.1741369478099808,0
scenario_2_bedroom_voc_rise_ep06_d030,scenario_2_bedroom_voc_rise_ep06,scenario_2_bedroom_voc_rise,30,C,train,11.371302697033649,35.358395,1,0.0,0.0,0.0,4.0,8.88888888888889,0.6577777777777778,87.40000000000005,1.0,1.0,1,604.1490187825314,0.687867965743611,4
scenario_2_bedroom_voc_rise_ep06_d030,scenario_2_bedroom_voc_rise_ep06,scenario_2_bedroom_voc_rise,30,D,train,5.341384528636952,6.0608745,0,0.0,0.0,0.0,0.0,0.0,0.0,87.40000000000005,0.0,1.0,1,52.55011789549599,0.02583018712224153,3
scenario_2_bedroom_voc_rise_ep06_d033,scenario_2_bedroom_voc_rise_ep06,scenario_2_bedroom_voc_rise,33,A,train,4.192413901508648,5.0901895,0,0.0,0.0,0.0,0.0,0.0,0.0,87.16000000000005,0.0,1.0,1,42.962555027452936,0.0,0
scenario_2_bedroom_voc_rise_ep06_d033,scenario_2_bedroom_voc_rise_ep06,scenario_2_bedroom_voc_rise,33,B,train,11.396104554473204,13.186085,0,0.0,0.0,0.0,4.0,8.88888888888889,0.6577777777777778,87.16000000000005,1.0,1.0,1,124.42787767605093,-0.1795624470581131,0
scenario_2_bedroom_voc_rise_ep06_d033,scenario_2_bedroom_voc_rise_ep06,scenario_2_bedroom_voc_rise,33,C,train,21.123082842287094,31.278389,1,30.0,0.0,0.0,4.0,8.88888888888889,0.6577777777777778,87.16000000000005,1.0,1.0,1,657.4724465586692,0.6878679657437498,4
scenario_2_bedroom_voc_rise_ep06_d033,scenario_2_bedroom_voc_rise_ep06,scenario_2_bedroom_voc_rise,33,D,train,4.2075093306132985,6.120162,0,0.0,0.0,0.0,5.656854249492381,12.57078722109418,0.9302382543609692,87.16000000000005,1.0,1.0,1,56.61157915212175,-0.3777887640202068,0
scenario_2_bedroom_voc_rise_ep06_d036,scenario_2_bedroom_voc_rise_ep06,scenario_2_bedroom_voc_rise,36,A,train,4.876725176135506,5.636737,0,0.0,0.0,0.0,4.0,8.88888888888889,0.6577777777777778,86.92000000000006,1.0,1.0,1,48.175140229682256,-0.312132034254623,0
scenario_2_bedroom_voc_rise_ep06_d036,scenario_2_bedroom_voc_rise_ep06,scenario_2_bedroom_voc_rise,36,B,train,12.47155257793089,14.6097355,0,0.0,0.0,30.0,5.656854249492381,12.57078722109418,0.9302382543609692,86.92000000000006,1.0,1.0,1,133.54796539765812,-0.2600090610288396,0
scenario_2_bedroom_voc_rise_ep06_d036,scenario_2_bedroom_voc_rise_ep06,scenario_2_bedroom_voc_rise,36,C,train,32.80870689965166,30.71656,0,120.0,90.0,0.0,0.0,0.0,0.0,86.92000000000006,0.0,1.0,1,658.0205050988002,0.9999999999983603,4
scenario_2_bedroom_voc_rise_ep06_d036,scenario_2_bedroom_voc_rise_ep06,scenario_2_bedroom_voc_rise,36,D,train,5.399886488599038,5.9763904,0,0.0,0.0,0.0,4.0,8.88888888888889,0.6577777777777778,86.92000000000006,1.0,1.0,1,60.912304337719206,-0.29124614277826544,0
scenario_2_bedroom_voc_rise_ep06_d039,scenario_2_bedroom_voc_rise_ep06,scenario_2_bedroom_voc_rise,39,A,train,5.148560026223145,5.6160235,0,0.0,0.0,0.0,5.656854249492381,12.57078722109418,0.9302382543609692,86.68000000000006,1.0,1.0,1,53.04596768771876,-0.3999999998566819,0
scenario_2_bedroom_voc_rise_ep06_d039,scenario_2_bedroom_voc_rise_ep06,scenario_2_bedroom_voc_rise,39,B,train,12.09549841388906,16.119293,1,0.0,0.0,0.0,4.0,8.88888888888889,0.6577777777777778,86.68000000000006,1.0,1.0,1,142.17328227282246,-0.1559577086900776,0
scenario_2_bedroom_voc_rise_ep06_d039,scenario_2_bedroom_voc_rise_ep06,scenario_2_bedroom_voc_rise,39,C,train,36.18181363086271,28.844374,-1,210.0,180.0,0.0,4.0,8.88888888888889,0.6577777777777778,86.68000000000006,1.0,1.0,1,623.7371761354993,0.6878679657436247,4
scenario_2_bedroom_voc_rise_ep06_d039,scenario_2_bedroom_voc_rise_ep06,scenario_2_bedroom_voc_rise,39,D,train,5.6767610704727725,5.940065,0,0.0,0.0,0.0,0.0,0.0,0.0,86.68000000000006,0.0,1.0,1,64.93179720637022,0.02082707660936083,3
scenario_2_bedroom_voc_rise_ep06_d042,scenario_2_bedroom_voc_rise_ep06,scenario_2_bedroom_voc_rise,42,A,train,4.744117784136749,5.8462768,0,0.0,0.0,0.0,4.0,8.88888888888889,0.6577777777777778,86.44000000000007,1.0,1.0,1,57.42976405696777,-0.312132034254623,0
scenario_2_bedroom_voc_rise_ep06_d042,scenario_2_bedroom_voc_rise_ep06,scenario_2_bedroom_voc_rise,42,B,train,13.605102417348608,17.307968,1,0.0,0.0,0.0,0.0,0.0,0.0,86.44000000000007,0.0,1.0,1,148.53864664151865,0.17059961123068892,3
scenario_2_bedroom_voc_rise_ep06_d042,scenario_2_bedroom_voc_rise_ep06,scenario_2_bedroom_voc_rise,42,C,train,33.779942084639984,28.566776,-1,300.0,270.0,0.0,5.656854249492381,12.57078722109418,0.9302382543609692,86.44000000000007,1.0,1.0,1,591.4807031366627,0.6000000001414457,4
scenario_2_bedroom_voc_rise_ep06_d042,scenario_2_bedroom_voc_rise_ep06,scenario_2_bedroom_voc_rise,42,D,train,5.785254505387353,6.2923393,0,0.0,0.0,0.0,4.0,8.88888888888889,0.6577777777777778,86.44000000000007,1.0,1.0,1,68.52078806933673,-0.29136430743167085,0
scenario_2_bedroom_voc_rise_ep06_d045,scenario_2_bedroom_voc_rise_ep06,scenario_2_bedroom_voc_rise,45,A,train,4.570033876720111,6.1563077,0,0.0,0.0,0.0,4.0,8.88888888888889,0.6577777777777778,86.20000000000007,1.0,1.0,1,61.39907864794509,-0.312132034254623,0
scenario_2_bedroom_voc_rise_ep06_d045,scenario_2_bedroom_voc_rise_ep06,scenario_2_bedroom_voc_rise,45,B,train,13.918227695592291,20.911474,1,30.0,0.0,0.0,5.656854249492381,12.57078722109418,0.9302382543609692,86.20000000000007,1.0,1.0,1,155.01728658770526,-0.2126748480013957,0
scenario_2_bedroom_voc_rise_ep06_d045,scenario_2_bedroom_voc_rise_ep06,scenario_2_bedroom_voc_rise,45,C,train,27.817447476224128,28.793556,0,0.0,360.0,30.0,0.0,0.0,0.0,86.20000000000007,0.0,1.0,1,561.162228509932,0.999999999997999,4
scenario_2_bedroom_voc_rise_ep06_d045,scenario_2_bedroom_voc_rise_ep06,scenario_2_bedroom_voc_rise,45,D,train,6.360022396047296,6.390368,0,0.0,0.0,0.0,4.0,8.88888888888889,0.6577777777777778,86.20000000000007,1.0,1.0,1,71.74809262623717,-0.29142419698985206,0
scenario_2_bedroom_voc_rise_ep06_d048,scenario_2_bedroom_voc_rise_ep06,scenario_2_bedroom_voc_rise,48,A,train,4.695067157700321,5.8330126,0,0.0,0.0,0.0,0.0,0.0,0.0,85.96000000000008,0.0,1.0,1,64.98036204781693,0.0,0
scenario_2_bedroom_voc_rise_ep06_d048,scenario_2_bedroom_voc_rise_ep06,scenario_2_bedroom_voc_rise,48,B,train,16.906575662959238,21.27646,1,120.0,0.0,0.0,4.0,8.88888888888889,0.6577777777777778,85.96000000000008,1.0,1.0,1,160.4674544556501,-0.10795878267696085,0
scenario_2_bedroom_voc_rise_ep06_d048,scenario_2_bedroom_voc_rise_ep06,scenario_2_bedroom_voc_rise,48,C,train,26.253112299794445,26.91824,0,60.0,450.0,0.0,4.0,8.88888888888889,0.6577777777777778,85.96000000000008,1.0,1.0,1,532.6571594235409,0.6878679657432388,4
scenario_2_bedroom_voc_rise_ep06_d048,scenario_2_bedroom_voc_rise_ep06,scenario_2_bedroom_voc_rise,48,D,train,6.640783781278395,6.5231314,0,0.0,0.0,0.0,5.656854249492381,12.57078722109418,0.9302382543609692,85.96000000000008,1.0,1.0,1,74.63667337508764,-0.3793525968180138,0
scenario_2_bedroom_voc_rise_ep06_d051,scenario_2_bedroom_voc_rise_ep06,scenario_2_bedroom_voc_rise,51,A,train,5.789352205921444,6.19414,0,0.0,0.0,0.0,4.0,8.88888888888889,0.6577777777777778,85.72000000000008,1.0,1.0,1,68.16597549209223,-0.312132034254623,0
scenario_2_bedroom_voc_rise_ep06_d051,scenario_2_bedroom_voc_rise_ep06,scenario_2_bedroom_voc_rise,51,B,train,17.801402435830777,21.496479,1,210.0,0.0,0.0,0.0,0.0,0.0,85.72000000000008,0.0,1.0,1,163.4870204458307,0.21780173232917516,3
scenario_2_bedroom_voc_rise_ep06_d051,scenario_2_bedroom_voc_rise_ep06,scenario_2_bedroom_voc_rise,51,C,train,25.953604626434227,26.2403,0,150.0,540.0,0.0,5.656854249492381,12.57078722109418,0.9302382543609692,85.72000000000008,1.0,1.0,1,505.8165117580618,0.6000000001410333,4
scenario_2_bedroom_voc_rise_ep06_d051,scenario_2_bedroom_voc_rise_ep06,scenario_2_bedroom_voc_rise,51,D,train,6.665827603940048,6.506566,0,0.0,0.0,0.0,4.0,8.88888888888889,0.6577777777777778,85.72000000000008,1.0,1.0,1,77.17563289667942,-0.29154561505030324,0
scenario_2_bedroom_voc_rise_ep06_d054,scenario_2_bedroom_voc_rise_ep06,scenario_2_bedroom_voc_rise,54,A,train,6.498070056859414,6.31353,0,0.0,0.0,0.0,5.656854249492381,12.57078722109418,0.9302382543609692,85.48000000000009,1.0,1.0,1,71.01367712571437,-0.3999999998566819,0
scenario_2_bedroom_voc_rise_ep06_d054,scenario_2_bedroom_voc_rise_ep06,scenario_2_bedroom_voc_rise,54,B,train,20.03680802748084,21.210047,0,300.0,0.0,0.0,4.0,8.88888888888889,0.6577777777777778,85.48000000000009,1.0,1.0,1,165.90225985303368,-0.08044335892630372,0
scenario_2_bedroom_voc_rise_ep06_d054,scenario_2_bedroom_voc_rise_ep06,scenario_2_bedroom_voc_rise,54,C,train,26.32494216199708,26.376154,0,240.0,630.0,0.0,4.0,8.88888888888889,0.6577777777777778,85.48000000000009,1.0,1.0,1,480.5657736734795,0.6878679657429353,4
scenario_2_bedroom_voc_rise_ep06_d054,scenario_2_bedroom_voc_rise_ep06,scenario_2_bedroom_voc_rise,54,D,train,5.821257563060192,6.5258093,0,0.0,0.0,0.0,0.0,0.0,0.0,85.48000000000009,0.0,1.0,1,79.41968507927459,0.020524880776820346,3
scenario_2_bedroom_voc_rise_ep06_d057,scenario_2_bedroom_voc_rise_ep06,scenario_2_bedroom_voc_rise,57,A,train,5.741351437127058,6.263404,0,0.0,0.0,0.0,0.0,0.0,0.0,85.2400000000001,0.0,1.0,1,73.49972832889966,0.0,0
scenario_2_bedroom_voc_rise_ep06_d057,scenario_2_bedroom_voc_rise_ep06,scenario_2_bedroom_voc_rise,57,B,train,21.040702069337183,19.80098,0,390.0,0.0,0.0,4.0,8.88888888888889,0.6577777777777778,85.2400000000001,1.0,1.0,1,165.8366290521726,-0.07120562753793663,0
scenario_2_bedroom_voc_rise_ep06_d057,scenario_2_bedroom_voc_rise_ep06,scenario_2_bedroom_voc_rise,57,C,train,26.35236082329583,24.98551,0,330.0,720.0,0.0,4.0,8.88888888888889,0.6577777777777778,85.2400000000001,1.0,1.0,1,456.7574292234892,0.6878679657427679,4
scenario_2_bedroom_voc_rise_ep06_d057,scenario_2_bedroom_voc_rise_ep06,scenario_2_bedroom_voc_rise,57,D,train,6.557284994918317,6.567606,0,0.0,0.0,0.0,5.656854249492381,12.57078722109418,0.9302382543609692,85.2400000000001,1.0,1.0,1,81.34224739051751,-0.3795372171303555,0
scenario_2_bedroom_voc_rise_ep06_d060,scenario_2_bedroom_voc_rise_ep06,scenario_2_bedroom_voc_rise,60,A,train,7.504780541429938,6.286748,0,0.0,0.0,0.0,4.0,8.88888888888889,0.6577777777777778,85.0000000000001,1.0,1.0,1,75.65191260697861,-0.312132034254623,0
scenario_2_bedroom_voc_rise_ep06_d060,scenario_2_bedroom_voc_rise_ep06,scenario_2_bedroom_voc_rise,60,B,train,22.93158738653424,17.24764,-1,480.0,0.0,0.0,5.656854249492381,12.57078722109418,0.9302382543609692,85.0000000000001,1.0,1.0,1,163.76890805251855,-0.15431026847915513,0
scenario_2_bedroom_voc_rise_ep06_d060,scenario_2_bedroom_voc_rise_ep06,scenario_2_bedroom_voc_rise,60,C,train,27.48556703230032,25.671392,0,420.0,810.0,0.0,0.0,0.0,0.0,85.0000000000001,0.0,1.0,1,434.3034319490455,0.9999999999972118,4
scenario_2_bedroom_voc_rise_ep06_d060,scenario_2_bedroom_voc_rise_ep06,scenario_2_bedroom_voc_rise,60,D,train,7.210654933638715,6.6207542,0,0.0,0.0,0.0,4.0,8.88888888888889,0.6577777777777778,85.0000000000001,1.0,1.0,1,82.96844663172396,-0.2917319142770278,0
scenario_2_bedroom_voc_rise_ep06_d063,scenario_2_bedroom_voc_rise_ep06,scenario_2_bedroom_voc_rise,63,A,train,6.535567344581832,6.236116,0,0.0,0.0,0.0,5.656854249492381,12.57078722109418,0.9302382543609692,84.7600000000001,1.0,1.0,1,77.48902659981923,-0.3999999998566819,0
scenario_2_bedroom_voc_rise_ep06_d063,scenario_2_bedroom_voc_rise_ep06,scenario_2_bedroom_voc_rise,63,B,train,23.06316766464546,17.464825,-1,570.0,0.0,0.0,4.0,8.88888888888889,0.6577777777777778,84.7600000000001,1.0,1.0,1,160.6174027938407,-0.06444983891401823,0
scenario_2_bedroom_voc_rise_ep06_d063,scenario_2_bedroom_voc_rise_ep06,scenario_2_bedroom_voc_rise,63,C,train,26.134392439193483,25.698393,0,510.0,900.0,0.0,4.0,8.88888888888889,0.6577777777777778,84.7600000000001,1.0,1.0,1,413.114185604318,0.6878679657423975,4
scenario_2_bedroom_voc_rise_ep06_d063,scenario_2_bedroom_voc_rise_ep06,scenario_2_bedroom_voc_rise,63,D,train,7.013839689017498,6.534931,0,0.0,0.0,0.0,0.0,0.0,0.0,84.7600000000001,0.0,1.0,1,84.31459767035108,0.020336887409623614,3
scenario_2_bedroom_voc_rise_ep06_d066,scenario_2_bedroom_voc_rise_ep06,scenario_2_bedroom_voc_rise,66,A,train,6.224539598925286,6.2874036,0,0.0,0.0,0.0,4.0,8.88888888888889,0.6577777777777778,84.52000000000011,1.0,1.0,1,79.02783911252595,-0.312132034254623,0
scenario_2_bedroom_voc_rise_ep06_d066,scenario_2_bedroom_voc_rise_ep06,scenario_2_bedroom_voc_rise,66,B,train,22.250619491638147,17.605,-1,660.0,0.0,0.0,0.0,0.0,0.0,84.52000000000011,0.0,1.0,1,157.45064407222162,0.24969277717804006,3
scenario_2_bedroom_voc_rise_ep06_d066,scenario_2_bedroom_voc_rise_ep06,scenario_2_bedroom_voc_rise,66,C,train,25.879080974045102,24.74818,0,600.0,990.0,0.0,5.656854249492381,12.57078722109418,0.9302382543609692,84.52000000000011,1.0,1.0,1,393.1050256685778,0.6000000001401343,4
scenario_2_bedroom_voc_rise_ep06_d066,scenario_2_bedroom_voc_rise_ep06,scenario_2_bedroom_voc_rise,66,D,train,7.649243983010022,6.478508,0,0.0,0.0,0.0,4.0,8.88888888888889,0.6577777777777778,84.52000000000011,1.0,1.0,1,85.39515099630398,-0.29185895439939,0
scenario_2_bedroom_voc_rise_ep06_d069,scenario_2_bedroom_voc_rise_ep06,scenario_2_bedroom_voc_rise,69,A,train,5.919912532076856,6.3313804,0,0.0,0.0,0.0,4.0,8.88888888888889,0.6577777777777778,84.28000000000011,1.0,1.0,1,80.29232760239756,-0.312132034254623,0
scenario_2_bedroom_voc_rise_ep06_d069,scenario_2_bedroom_voc_rise_ep06,scenario_2_bedroom_voc_rise,69,B,train,15.93552862469304,14.072541,0,0.0,0.0,0.0,5.656854249492381,12.57078722109418,0.9302382543609692,84.28000000000011,1.0,1.0,1,154.27651012036586,-0.1482783586802942,0
scenario_2_bedroom_voc_rise_ep06_d069,scenario_2_bedroom_voc_rise_ep06,scenario_2_bedroom_voc_rise,69,C,train,25.58834556437743,25.89172,0,690.0,1080.0,0.0,0.0,0.0,0.0,84.28000000000011,0.0,1.0,1,374.2050089752081,0.9999999999965976,4
scenario_2_bedroom_voc_rise_ep06_d069,scenario_2_bedroom_voc_rise_ep06,scenario_2_bedroom_voc_rise,69,D,train,7.419053988905134,6.4643874,0,0.0,0.0,0.0,4.0,8.88888888888889,0.6577777777777778,84.28000000000011,1.0,1.0,1,86.23191848475471,-0.29192334215398197,0
scenario_2_bedroom_voc_rise_ep06_d072,scenario_2_bedroom_voc_rise_ep06,scenario_2_bedroom_voc_rise,72,A,train,5.6970762893514415,6.5753913,0,0.0,0.0,0.0,0.0,0.0,0.0,84.04000000000012,0.0,1.0,1,81.30480596048665,0.0,0
scenario_2_bedroom_voc_rise_ep06_d072,scenario_2_bedroom_voc_rise_ep06,scenario_2_bedroom_voc_rise,72,B,train,16.36997930538492,13.301574,-1,90.0,0.0,0.0,4.0,8.88888888888889,0.6577777777777778,84.04000000000012,1.0,1.0,1,151.10213378258027,-0.0583630811511828,0
scenario_2_bedroom_voc_rise_ep06_d072,scenario_2_bedroom_voc_rise_ep06,scenario_2_bedroom_voc_rise,72,C,train,26.16362747672961,24.132746,0,780.0,1170.0,0.0,4.0,8.88888888888889,0.6577777777777778,84.04000000000012,1.0,1.0,1,356.34762332746914,0.6878679657417412,4
scenario_2_bedroom_voc_rise_ep06_d072,scenario_2_bedroom_voc_rise_ep06,scenario_2_bedroom_voc_rise,72,D,train,7.303987715685337,6.580327,0,0.0,0.0,0.0,5.656854249492381,12.57078722109418,0.9302382543609692,84.04000000000012,1.0,1.0,1,86.84519115490662,-0.37985628097160573,0
scenario_2_bedroom_voc_rise_ep06_d075,scenario_2_bedroom_voc_rise_ep06,scenario_2_bedroom_voc_rise,75,A,train,5.836458091600612,6.508652,0,0.0,0.0,0.0,4.0,8.88888888888889,0.6577777777777778,83.80000000000013,1.0,1.0,1,82.0860341539692,-0.312132034254623,0
scenario_2_bedroom_voc_rise_ep06_d075,scenario_2_bedroom_voc_rise_ep06,scenario_2_bedroom_voc_rise,75,B,train,17.84565096277328,13.604939,-1,180.0,0.0,0.0,0.0,0.0,0.0,83.80000000000013,0.0,1.0,1,147.93395963500507,0.25583488022140727,3
scenario_2_bedroom_voc_rise_ep06_d075,scenario_2_bedroom_voc_rise_ep06,scenario_2_bedroom_voc_rise,75,C,train,25.67261408138624,23.848612,0,870.0,1260.0,0.0,5.656854249492381,12.57078722109418,0.9302382543609692,83.80000000000013,1.0,1.0,1,339.4705058248893,0.600000000139433,4
scenario_2_bedroom_voc_rise_ep06_d075,scenario_2_bedroom_voc_rise_ep06,scenario_2_bedroom_voc_rise,75,D,train,7.346111180354501,6.647842,0,0.0,0.0,0.0,4.0,8.88888888888889,0.6577777777777778,83.80000000000013,1.0,1.0,1,87.25383944513396,-0.29205387935430716,0
scenario_2_bedroom_voc_rise_ep06_d078,scenario_2_bedroom_voc_rise_ep06,scenario_2_bedroom_voc_rise,78,A,train,6.761829408284184,6.3746443,0,0.0,0.0,0.0,5.656854249492381,12.57078722109418,0.9302382543609692,83.56000000000013,1.0,1.0,1,82.65532078765477,-0.3999999998566819,0
scenario_2_bedroom_voc_rise_ep06_d078,scenario_2_bedroom_voc_rise_ep06,scenario_2_bedroom_voc_rise,78,B,train,18.029423336416908,13.646443,-1,270.0,0.0,0.0,4.0,8.88888888888889,0.6577777777777778,83.56000000000013,1.0,1.0,1,144.7777970391992,-0.05421244295438196,0
scenario_2_bedroom_voc_rise_ep06_d078,scenario_2_bedroom_voc_rise_ep06,scenario_2_bedroom_voc_rise,78,C,train,25.286129893391998,24.202341,0,960.0,1350.0,0.0,4.0,8.88888888888889,0.6577777777777778,83.56000000000013,1.0,1.0,1,323.51517923466395,0.6878679657412252,4
scenario_2_bedroom_voc_rise_ep06_d078,scenario_2_bedroom_voc_rise_ep06,scenario_2_bedroom_voc_rise,78,D,train,7.195187787188326,6.7335105,0,0.0,0.0,0.0,0.0,0.0,0.0,83.56000000000013,0.0,1.0,1,87.47540702010929,0.020011994790302322,3
scenario_2_bedroom_voc_rise_ep07_d012,scenario_2_bedroom_voc_rise_ep07,scenario_2_bedroom_voc_rise,12,A,test,5.033814121347905,6.3146586,0,0.0,0.0,0.0,5.656854249492381,12.57078722109418,0.9302382543609692,88.14000000000001,1.0,1.0,1,43.41087042040692,0.2035496967261511,3
scenario_2_bedroom_voc_rise_ep07_d012,scenario_2_bedroom_voc_rise_ep07,scenario_2_bedroom_voc_rise,12,B,test,5.3545023949908765,6.68917,0,0.0,0.0,0.0,4.0,8.88888888888889,0.6577777777777778,88.14000000000001,1.0,1.0,1,59.5748794271982,0.6878679657208504,4
scenario_2_bedroom_voc_rise_ep07_d012,scenario_2_bedroom_voc_rise_ep07,scenario_2_bedroom_voc_rise,12,C,test,3.88469141747795,6.3160367,0,0.0,0.0,0.0,4.0,8.88888888888889,0.6577777777777778,88.14000000000001,1.0,1.0,1,35.40773573379357,0.09512692942482173,2
scenario_2_bedroom_voc_rise_ep07_d012,scenario_2_bedroom_voc_rise_ep07,scenario_2_bedroom_voc_rise,12,D,test,2.936013332740801,4.4472604,0,0.0,0.0,0.0,0.0,0.0,0.0,88.14000000000001,0.0,1.0,1,18.803037740937327,0.0,0
scenario_2_bedroom_voc_rise_ep07_d015,scenario_2_bedroom_voc_rise_ep07,scenario_2_bedroom_voc_rise,15,A,test,4.5563925244486,6.012685,0,0.0,0.0,0.0,0.0,0.0,0.0,87.90000000000002,0.0,1.0,1,42.30782191181925,0.4721365815440774,2
scenario_2_bedroom_voc_rise_ep07_d015,scenario_2_bedroom_voc_rise_ep07,scenario_2_bedroom_voc_rise,15,B,test,6.192115216495991,7.900136,0,0.0,0.0,0.0,4.0,8.88888888888889,0.6577777777777778,87.90000000000002,1.0,1.0,1,66.17219921955422,0.6489420698403202,3
scenario_2_bedroom_voc_rise_ep07_d015,scenario_2_bedroom_voc_rise_ep07,scenario_2_bedroom_voc_rise,15,C,test,4.7241109096163445,10.086411,1,0.0,0.0,0.0,4.0,8.88888888888889,0.6577777777777778,87.90000000000002,1.0,1.0,1,68.07211940073506,0.687867965724889,4
scenario_2_bedroom_voc_rise_ep07_d015,scenario_2_bedroom_voc_rise_ep07,scenario_2_bedroom_voc_rise,15,D,test,3.3216706871645263,4.3409953,0,0.0,0.0,0.0,5.656854249492381,12.57078722109418,0.9302382543609692,87.90000000000002,1.0,1.0,1,19.263475746752988,-0.3999999998566819,0
scenario_2_bedroom_voc_rise_ep07_d018,scenario_2_bedroom_voc_rise_ep07,scenario_2_bedroom_voc_rise,18,A,test,4.935631659314653,5.7037525,0,0.0,0.0,0.0,4.0,8.88888888888889,0.6577777777777778,87.66000000000003,1.0,1.0,1,41.90626634452747,-0.1331784365379932,0
scenario_2_bedroom_voc_rise_ep07_d018,scenario_2_bedroom_voc_rise_ep07,scenario_2_bedroom_voc_rise,18,B,test,7.501300607307288,8.117733,0,0.0,0.0,0.0,5.656854249492381,12.57078722109418,0.9302382543609692,87.66000000000003,1.0,1.0,1,73.30193102241685,0.03930028892550899,3
scenario_2_bedroom_voc_rise_ep07_d018,scenario_2_bedroom_voc_rise_ep07,scenario_2_bedroom_voc_rise,18,C,test,4.710236945582143,15.236171,1,0.0,0.0,0.0,0.0,0.0,0.0,87.66000000000003,0.0,1.0,1,140.9176938580215,0.9999999999917075,4
scenario_2_bedroom_voc_rise_ep07_d018,scenario_2_bedroom_voc_rise_ep07,scenario_2_bedroom_voc_rise,18,D,test,2.982945611397643,4.9478784,0,0.0,0.0,0.0,4.0,8.88888888888889,0.6577777777777778,87.66000000000003,1.0,1.0,1,20.325937730332043,-0.312132034254623,0
scenario_2_bedroom_voc_rise_ep07_d021,scenario_2_bedroom_voc_rise_ep07,scenario_2_bedroom_voc_rise,21,A,test,4.861317382939294,5.2600527,0,0.0,0.0,0.0,5.656854249492381,12.57078722109418,0.9302382543609692,87.42000000000003,1.0,1.0,1,42.07252106111605,-0.2980693119775246,0
scenario_2_bedroom_voc_rise_ep07_d021,scenario_2_bedroom_voc_rise_ep07,scenario_2_bedroom_voc_rise,21,B,test,7.703378040692541,10.495421,0,0.0,0.0,0.0,4.0,8.88888888888889,0.6577777777777778,87.42000000000003,1.0,1.0,1,79.35956971173744,-0.022136081662346235,0
scenario_2_bedroom_voc_rise_ep07_d021,scenario_2_bedroom_voc_rise_ep07,scenario_2_bedroom_voc_rise,21,C,test,3.888231280543054,18.161549,1,0.0,0.0,0.0,4.0,8.88888888888889,0.6577777777777778,87.42000000000003,1.0,1.0,1,220.12961301572545,0.6878679657403334,4
scenario_2_bedroom_voc_rise_ep07_d021,scenario_2_bedroom_voc_rise_ep07,scenario_2_bedroom_voc_rise,21,D,test,3.1521102040934714,5.2072535,0,0.0,0.0,0.0,0.0,0.0,0.0,87.42000000000003,0.0,1.0,1,21.863076623095367,0.0,0
scenario_2_bedroom_voc_rise_ep07_d024,scenario_2_bedroom_voc_rise_ep07,scenario_2_bedroom_voc_rise,24,A,test,4.223361942561862,5.4566646,0,0.0,0.0,0.0,4.0,8.88888888888889,0.6577777777777778,87.18000000000004,1.0,1.0,1,43.77483787830738,-0.2541646646760719,0
scenario_2_bedroom_voc_rise_ep07_d024,scenario_2_bedroom_voc_rise_ep07,scenario_2_bedroom_voc_rise,24,B,test,8.764199710444746,9.917315,0,0.0,0.0,0.0,0.0,0.0,0.0,87.18000000000004,0.0,1.0,1,87.45582866829227,0.19175707571575315,3
scenario_2_bedroom_voc_rise_ep07_d024,scenario_2_bedroom_voc_rise_ep07,scenario_2_bedroom_voc_rise,24,C,test,4.901848478422622,16.087715,1,0.0,0.0,0.0,5.656854249492381,12.57078722109418,0.9302382543609692,87.18000000000004,1.0,1.0,1,351.3389983898219,0.6000000001402553,4
scenario_2_bedroom_voc_rise_ep07_d024,scenario_2_bedroom_voc_rise_ep07,scenario_2_bedroom_voc_rise,24,D,test,4.141992343890995,5.0268493,0,0.0,0.0,0.0,4.0,8.88888888888889,0.6577777777777778,87.18000000000004,1.0,1.0,1,24.84907587623161,-0.312132034254623,0
scenario_2_bedroom_voc_rise_ep07_d027,scenario_2_bedroom_voc_rise_ep07,scenario_2_bedroom_voc_rise,27,A,test,5.448036685616025,5.403593,0,0.0,0.0,0.0,4.0,8.88888888888889,0.6577777777777778,86.94000000000004,1.0,1.0,1,46.73408338640888,-0.2744673740103982,0
scenario_2_bedroom_voc_rise_ep07_d027,scenario_2_bedroom_voc_rise_ep07,scenario_2_bedroom_voc_rise,27,B,test,9.51878506009244,10.787631,0,0.0,0.0,0.0,5.656854249492381,12.57078722109418,0.9302382543609692,86.94000000000004,1.0,1.0,1,95.72487946740466,-0.2582250922982682,0
scenario_2_bedroom_voc_rise_ep07_d027,scenario_2_bedroom_voc_rise_ep07,scenario_2_bedroom_voc_rise,27,C,test,3.933983175366439,14.103983,1,0.0,0.0,0.0,0.0,0.0,0.0,86.94000000000004,0.0,1.0,1,499.5768688725356,0.9999999999978749,4
scenario_2_bedroom_voc_rise_ep07_d027,scenario_2_bedroom_voc_rise_ep07,scenario_2_bedroom_voc_rise,27,D,test,3.4078159668905936,6.2414255,0,0.0,0.0,0.0,4.0,8.88888888888889,0.6577777777777778,86.94000000000004,1.0,1.0,1,29.010355539367996,-0.312132034254623,0
scenario_2_bedroom_voc_rise_ep07_d030,scenario_2_bedroom_voc_rise_ep07,scenario_2_bedroom_voc_rise,30,A,test,4.839651741368431,5.487976,0,0.0,0.0,0.0,0.0,0.0,0.0,86.70000000000005,0.0,1.0,1,49.20204862463129,0.03127767075920636,3
scenario_2_bedroom_voc_rise_ep07_d030,scenario_2_bedroom_voc_rise_ep07,scenario_2_bedroom_voc_rise,30,B,test,9.198822534015669,11.857829,0,0.0,0.0,0.0,4.0,8.88888888888889,0.6577777777777778,86.70000000000005,1.0,1.0,1,103.5017975320202,-0.17853148833602686,0
scenario_2_bedroom_voc_rise_ep07_d030,scenario_2_bedroom_voc_rise_ep07,scenario_2_bedroom_voc_rise,30,C,test,9.621743416025996,35.37501,1,0.0,0.0,0.0,4.0,8.88888888888889,0.6577777777777778,86.70000000000005,1.0,1.0,1,563.2745779267623,0.6878679657434926,4
scenario_2_bedroom_voc_rise_ep07_d030,scenario_2_bedroom_voc_rise_ep07,scenario_2_bedroom_voc_rise,30,D,test,3.947121509543927,6.119842,0,0.0,0.0,0.0,5.656854249492381,12.57078722109418,0.9302382543609692,86.70000000000005,1.0,1.0,1,32.603906068655306,-0.3999999998566819,0
scenario_2_bedroom_voc_rise_ep07_d033,scenario_2_bedroom_voc_rise_ep07,scenario_2_bedroom_voc_rise,33,A,test,4.892816417274668,5.620611,0,0.0,0.0,0.0,4.0,8.88888888888889,0.6577777777777778,86.46000000000005,1.0,1.0,1,53.99548584544869,-0.28668086067411036,0
scenario_2_bedroom_voc_rise_ep07_d033,scenario_2_bedroom_voc_rise_ep07,scenario_2_bedroom_voc_rise,33,B,test,10.703087088124487,12.635077,0,0.0,0.0,0.0,0.0,0.0,0.0,86.46000000000005,0.0,1.0,1,114.52201941552084,0.12455421139359163,3
scenario_2_bedroom_voc_rise_ep07_d033,scenario_2_bedroom_voc_rise_ep07,scenario_2_bedroom_voc_rise,33,C,test,22.13243599281864,32.88489,1,90.0,0.0,0.0,5.656854249492381,12.57078722109418,0.9302382543609692,86.46000000000005,1.0,1.0,1,649.1948214007289,0.6000000001416809,4
scenario_2_bedroom_voc_rise_ep07_d033,scenario_2_bedroom_voc_rise_ep07,scenario_2_bedroom_voc_rise,33,D,test,3.628692215390595,4.9270086,0,0.0,0.0,0.0,4.0,8.88888888888889,0.6577777777777778,86.46000000000005,1.0,1.0,1,38.45134768265939,-0.312132034254623,0
scenario_2_bedroom_voc_rise_ep07_d036,scenario_2_bedroom_voc_rise_ep07,scenario_2_bedroom_voc_rise,36,A,test,5.410615209567486,5.657746,0,0.0,0.0,30.0,5.656854249492381,12.57078722109418,0.9302382543609692,86.22000000000006,1.0,1.0,1,58.973259360931934,-0.37694603570513163,0
scenario_2_bedroom_voc_rise_ep07_d036,scenario_2_bedroom_voc_rise_ep07,scenario_2_bedroom_voc_rise,36,B,test,11.543558626798555,13.439571,0,0.0,0.0,0.0,4.0,8.88888888888889,0.6577777777777778,86.22000000000006,1.0,1.0,1,123.862603494028,-0.1863137313583873,0
scenario_2_bedroom_voc_rise_ep07_d036,scenario_2_bedroom_voc_rise_ep07,scenario_2_bedroom_voc_rise,36,C,test,33.75225969377848,31.055637,0,180.0,90.0,0.0,4.0,8.88888888888889,0.6577777777777778,86.22000000000006,1.0,1.0,1,675.8544488271534,0.6878679657437934,4
scenario_2_bedroom_voc_rise_ep07_d036,scenario_2_bedroom_voc_rise_ep07,scenario_2_bedroom_voc_rise,36,D,test,2.630462205211696,5.540178,0,0.0,0.0,0.0,0.0,0.0,0.0,86.22000000000006,0.0,1.0,1,44.41610235748294,0.0,0
scenario_2_bedroom_voc_rise_ep07_d039,scenario_2_bedroom_voc_rise_ep07,scenario_2_bedroom_voc_rise,39,A,test,4.920722750556407,5.894001,0,0.0,0.0,0.0,0.0,0.0,0.0,85.98000000000006,0.0,1.0,1,63.13741949823566,0.023070913432734538,3
scenario_2_bedroom_voc_rise_ep07_d039,scenario_2_bedroom_voc_rise_ep07,scenario_2_bedroom_voc_rise,39,B,test,12.463924971445184,14.376629,0,0.0,0.0,0.0,4.0,8.88888888888889,0.6577777777777778,85.98000000000006,1.0,1.0,1,132.8611033440077,-0.17106822802913715,0
scenario_2_bedroom_voc_rise_ep07_d039,scenario_2_bedroom_voc_rise_ep07,scenario_2_bedroom_voc_rise,39,C,test,36.41499375806719,31.223055,-1,270.0,180.0,0.0,4.0,8.88888888888889,0.6577777777777778,85.98000000000006,1.0,1.0,1,640.418755341723,0.6878679657436847,4
scenario_2_bedroom_voc_rise_ep07_d039,scenario_2_bedroom_voc_rise_ep07,scenario_2_bedroom_voc_rise,39,D,test,2.8534882246078697,4.7854037,0,0.0,0.0,0.0,5.656854249492381,12.57078722109418,0.9302382543609692,85.98000000000006,1.0,1.0,1,49.5044875805263,-0.3999999998566819,0
scenario_2_bedroom_voc_rise_ep07_d042,scenario_2_bedroom_voc_rise_ep07,scenario_2_bedroom_voc_rise,42,A,test,5.624300727727303,5.920659,0,0.0,0.0,0.0,4.0,8.88888888888889,0.6577777777777778,85.74000000000007,1.0,1.0,1,66.87559357168175,-0.28904401834238336,0
scenario_2_bedroom_voc_rise_ep07_d042,scenario_2_bedroom_voc_rise_ep07,scenario_2_bedroom_voc_rise,42,B,test,13.654355473987668,14.483438,0,0.0,0.0,0.0,5.656854249492381,12.57078722109418,0.9302382543609692,85.74000000000007,1.0,1.0,1,140.0626371411588,-0.24456439049755965,0
scenario_2_bedroom_voc_rise_ep07_d042,scenario_2_bedroom_voc_rise_ep07,scenario_2_bedroom_voc_rise,42,C,test,35.14575948124366,31.129879,-1,360.0,270.0,0.0,0.0,0.0,0.0,85.74000000000007,0.0,1.0,1,607.0992431353448,0.9999999999981917,4
scenario_2_bedroom_voc_rise_ep07_d042,scenario_2_bedroom_voc_rise_ep07,scenario_2_bedroom_voc_rise,42,D,test,4.005574382873837,5.582693,0,0.0,0.0,0.0,4.0,8.88888888888889,0.6577777777777778,85.74000000000007,1.0,1.0,1,54.10812585659983,-0.312132034254623,0
scenario_2_bedroom_voc_rise_ep07_d045,scenario_2_bedroom_voc_rise_ep07,scenario_2_bedroom_voc_rise,45,A,test,4.294256505499106,5.939667,0,0.0,0.0,0.0,5.656854249492381,12.57078722109418,0.9302382543609692,85.50000000000007,1.0,1.0,1,70.25948995527915,-0.37689472689431647,0
scenario_2_bedroom_voc_rise_ep07_d045,scenario_2_bedroom_voc_rise_ep07,scenario_2_bedroom_voc_rise,45,B,test,14.06120593728598,16.767082,0,0.0,0.0,0.0,4.0,8.88888888888889,0.6577777777777778,85.50000000000007,1.0,1.0,1,147.91433990411565,-0.13896964580151883,0
scenario_2_bedroom_voc_rise_ep07_d045,scenario_2_bedroom_voc_rise_ep07,scenario_2_bedroom_voc_rise,45,C,test,32.18227944624638,30.419735,0,450.0,360.0,0.0,4.0,8.88888888888889,0.6577777777777778,85.50000000000007,1.0,1.0,1,575.8044166032194,0.6878679657434447,4
scenario_2_bedroom_voc_rise_ep07_d045,scenario_2_bedroom_voc_rise_ep07,scenario_2_bedroom_voc_rise,45,D,test,5.022845804796758,5.0187597,0,0.0,0.0,0.0,0.0,0.0,0.0,85.50000000000007,0.0,1.0,1,58.30246613103986,0.0,0
scenario_2_bedroom_voc_rise_ep07_d048,scenario_2_bedroom_voc_rise_ep07,scenario_2_bedroom_voc_rise,48,A,test,5.788753909748,5.997384,0,0.0,0.0,0.0,4.0,8.88888888888889,0.6577777777777778,85.26000000000008,1.0,1.0,1,73.29154051553905,-0.28900934828712777,0
scenario_2_bedroom_voc_rise_ep07_d048,scenario_2_bedroom_voc_rise_ep07,scenario_2_bedroom_voc_rise,48,B,test,14.540119904790645,15.257644,0,0.0,0.0,0.0,0.0,0.0,0.0,85.26000000000008,0.0,1.0,1,154.7845413293262,0.1913956424918226,3
scenario_2_bedroom_voc_rise_ep07_d048,scenario_2_bedroom_voc_rise_ep07,scenario_2_bedroom_voc_rise,48,C,test,31.256868277515863,27.912024,-1,540.0,450.0,0.0,5.656854249492381,12.57078722109418,0.9302382543609692,85.26000000000008,1.0,1.0,1,546.3839814612936,0.6000000001412533,4
scenario_2_bedroom_voc_rise_ep07_d048,scenario_2_bedroom_voc_rise_ep07,scenario_2_bedroom_voc_rise,48,D,test,4.28607025373285,5.0915294,0,0.0,0.0,0.0,4.0,8.88888888888889,0.6577777777777778,85.26000000000008,1.0,1.0,1,62.09344246528212,-0.312132034254623,0
scenario_2_bedroom_voc_rise_ep07_d051,scenario_2_bedroom_voc_rise_ep07,scenario_2_bedroom_voc_rise,51,A,test,6.21639830061583,6.102158,0,0.0,0.0,0.0,4.0,8.88888888888889,0.6577777777777778,85.02000000000008,1.0,1.0,1,75.95353642440182,-0.28899177793046404,0
scenario_2_bedroom_voc_rise_ep07_d051,scenario_2_bedroom_voc_rise_ep07,scenario_2_bedroom_voc_rise,51,B,test,16.810068983060184,21.166325,1,60.0,0.0,0.0,5.656854249492381,12.57078722109418,0.9302382543609692,85.02000000000008,1.0,1.0,1,158.6235670087883,-0.19445003051895093,0
scenario_2_bedroom_voc_rise_ep07_d051,scenario_2_bedroom_voc_rise_ep07,scenario_2_bedroom_voc_rise,51,C,test,31.302492243103323,27.362087,-1,630.0,540.0,0.0,0.0,0.0,0.0,85.02000000000008,0.0,1.0,1,518.6768078553848,0.9999999999977935,4
scenario_2_bedroom_voc_rise_ep07_d051,scenario_2_bedroom_voc_rise_ep07,scenario_2_bedroom_voc_rise,51,D,test,4.9214797015632445,5.221857,0,0.0,0.0,0.0,4.0,8.88888888888889,0.6577777777777778,85.02000000000008,1.0,1.0,1,65.46612505554322,-0.312132034254623,0
scenario_2_bedroom_voc_rise_ep07_d054,scenario_2_bedroom_voc_rise_ep07,scenario_2_bedroom_voc_rise,54,A,test,6.674491376130126,6.1259937,0,0.0,0.0,0.0,0.0,0.0,0.0,84.78000000000009,0.0,1.0,1,78.29420523826025,0.023157985441179585,3
scenario_2_bedroom_voc_rise_ep07_d054,scenario_2_bedroom_voc_rise_ep07,scenario_2_bedroom_voc_rise,54,B,test,18.00249505681058,21.44376,1,150.0,0.0,0.0,4.0,8.88888888888889,0.6577777777777778,84.78000000000009,1.0,1.0,1,160.9377310071925,-0.0941177790673835,0
scenario_2_bedroom_voc_rise_ep07_d054,scenario_2_bedroom_voc_rise_ep07,scenario_2_bedroom_voc_rise,54,C,test,29.88531281615508,26.044426,-1,720.0,630.0,0.0,4.0,8.88888888888889,0.6577777777777778,84.78000000000009,1.0,1.0,1,492.5978779267553,0.6878679657430192,4
scenario_2_bedroom_voc_rise_ep07_d054,scenario_2_bedroom_voc_rise_ep07,scenario_2_bedroom_voc_rise,54,D,test,5.061125144772391,5.687486,0,0.0,0.0,0.0,5.656854249492381,12.57078722109418,0.9302382543609692,84.78000000000009,1.0,1.0,1,68.47231154677752,-0.3999999998566819,0
scenario_2_bedroom_voc_rise_ep07_d057,scenario_2_bedroom_voc_rise_ep07,scenario_2_bedroom_voc_rise,57,A,test,5.980280854905796,6.1480703,0,0.0,0.0,0.0,4.0,8.88888888888889,0.6577777777777778,84.54000000000009,1.0,1.0,1,80.3025918728963,-0.28895615951489156,0
scenario_2_bedroom_voc_rise_ep07_d057,scenario_2_bedroom_voc_rise_ep07,scenario_2_bedroom_voc_rise,57,B,test,19.538800182851777,21.468166,0,240.0,0.0,0.0,0.0,0.0,0.0,84.54000000000009,0.0,1.0,1,160.72969270214662,0.22581041921916173,3
scenario_2_bedroom_voc_rise_ep07_d057,scenario_2_bedroom_voc_rise_ep07,scenario_2_bedroom_voc_rise,57,C,test,29.370499749880995,25.837957,-1,810.0,720.0,0.0,5.656854249492381,12.57078722109418,0.9302382543609692,84.54000000000009,1.0,1.0,1,468.0110776909414,0.6000000001407988,4
scenario_2_bedroom_voc_rise_ep07_d057,scenario_2_bedroom_voc_rise_ep07,scenario_2_bedroom_voc_rise,57,D,test,5.33120970075338,5.608213,0,0.0,0.0,0.0,4.0,8.88888888888889,0.6577777777777778,84.54000000000009,1.0,1.0,1,71.10392133383789,-0.312132034254623,0
scenario_2_bedroom_voc_rise_ep07_d060,scenario_2_bedroom_voc_rise_ep07,scenario_2_bedroom_voc_rise,60,A,test,6.939085198317262,6.1796145,0,0.0,0.0,0.0,5.656854249492381,12.57078722109418,0.9302382543609692,84.3000000000001,1.0,1.0,1,82.04590489283078,-0.3768060742031909,0
scenario_2_bedroom_voc_rise_ep07_d060,scenario_2_bedroom_voc_rise_ep07,scenario_2_bedroom_voc_rise,60,B,test,21.12993323070618,18.532204,0,330.0,0.0,0.0,4.0,8.88888888888889,0.6577777777777778,84.3000000000001,1.0,1.0,1,160.1389375572203,-0.0786916359091864,0
scenario_2_bedroom_voc_rise_ep07_d060,scenario_2_bedroom_voc_rise_ep07,scenario_2_bedroom_voc_rise,60,C,test,28.93735825020348,25.760805,-1,900.0,810.0,0.0,4.0,8.88888888888889,0.6577777777777778,84.3000000000001,1.0,1.0,1,444.8664920532833,0.6878679657426848,4
scenario_2_bedroom_voc_rise_ep07_d060,scenario_2_bedroom_voc_rise_ep07,scenario_2_bedroom_voc_rise,60,D,test,6.199684429713047,5.904347,0,0.0,0.0,0.0,0.0,0.0,0.0,84.3000000000001,0.0,1.0,1,73.43085432631119,0.0,0
scenario_2_bedroom_voc_rise_ep07_d063,scenario_2_bedroom_voc_rise_ep07,scenario_2_bedroom_voc_rise,63,A,test,6.679172309372207,6.1850367,0,0.0,0.0,0.0,0.0,0.0,0.0,84.0600000000001,0.0,1.0,1,83.47710322137004,0.02321213962870309,3
scenario_2_bedroom_voc_rise_ep07_d063,scenario_2_bedroom_voc_rise_ep07,scenario_2_bedroom_voc_rise,63,B,test,21.86428561934139,18.433838,-1,420.0,0.0,0.0,4.0,8.88888888888889,0.6577777777777778,84.0600000000001,1.0,1.0,1,157.2147978153473,-0.07678545605397649,0
scenario_2_bedroom_voc_rise_ep07_d063,scenario_2_bedroom_voc_rise_ep07,scenario_2_bedroom_voc_rise,63,C,test,27.94177403651109,25.682447,0,990.0,900.0,0.0,4.0,8.88888888888889,0.6577777777777778,84.0600000000001,1.0,1.0,1,423.00747563906725,0.6878679657425002,4
scenario_2_bedroom_voc_rise_ep07_d063,scenario_2_bedroom_voc_rise_ep07,scenario_2_bedroom_voc_rise,63,D,test,6.4483210573183625,6.206801,0,0.0,0.0,0.0,5.656854249492381,12.57078722109418,0.9302382543609692,84.0600000000001,1.0,1.0,1,75.4085893377387,-0.3999999998566819,0
scenario_2_bedroom_voc_rise_ep07_d066,scenario_2_bedroom_voc_rise_ep07,scenario_2_bedroom_voc_rise,66,A,test,5.799786502980213,6.001311,0,0.0,0.0,0.0,4.0,8.88888888888889,0.6577777777777778,83.8200000000001,1.0,1.0,1,84.63484902635241,-0.28890151613030945,0
scenario_2_bedroom_voc_rise_ep07_d066,scenario_2_bedroom_voc_rise_ep07,scenario_2_bedroom_voc_rise,66,B,test,22.08088135466665,17.381342,-1,510.0,0.0,0.0,5.656854249492381,12.57078722109418,0.9302382543609692,83.8200000000001,1.0,1.0,1,154.2601669791186,-0.1627300239524026,0
scenario_2_bedroom_voc_rise_ep07_d066,scenario_2_bedroom_voc_rise_ep07,scenario_2_bedroom_voc_rise,66,C,test,28.331168746306552,26.023315,0,1080.0,990.0,0.0,0.0,0.0,0.0,83.8200000000001,0.0,1.0,1,402.3701229208134,0.9999999999969259,4
scenario_2_bedroom_voc_rise_ep07_d066,scenario_2_bedroom_voc_rise_ep07,scenario_2_bedroom_voc_rise,66,D,test,6.4903663384142645,6.210202,0,0.0,0.0,0.0,4.0,8.88888888888889,0.6577777777777778,83.8200000000001,1.0,1.0,1,77.0781479050313,-0.312132034254623,0
scenario_2_bedroom_voc_rise_ep07_d069,scenario_2_bedroom_voc_rise_ep07,scenario_2_bedroom_voc_rise,69,A,test,6.401641483217505,6.1566143,0,0.0,0.0,0.0,5.656854249492381,12.57078722109418,0.9302382543609692,83.58000000000011,1.0,1.0,1,85.5415809282133,-0.37675093724462605,0
scenario_2_bedroom_voc_rise_ep07_d069,scenario_2_bedroom_voc_rise_ep07,scenario_2_bedroom_voc_rise,69,B,test,21.63715051134607,15.604589,-1,600.0,0.0,0.0,4.0,8.88888888888889,0.6577777777777778,83.58000000000011,1.0,1.0,1,151.28392633027445,-0.0729212887738527,0
scenario_2_bedroom_voc_rise_ep07_d069,scenario_2_bedroom_voc_rise_ep07,scenario_2_bedroom_voc_rise,69,C,test,27.538267263136703,25.8252,0,1170.0,1080.0,0.0,4.0,8.88888888888889,0.6577777777777778,83.58000000000011,1.0,1.0,1,382.8808896627429,0.6878679657420921,4
scenario_2_bedroom_voc_rise_ep07_d069,scenario_2_bedroom_voc_rise_ep07,scenario_2_bedroom_voc_rise,69,D,test,6.308492007503297,6.1719804,0,0.0,0.0,0.0,0.0,0.0,0.0,83.58000000000011,0.0,1.0,1,78.46417773236453,0.0,0
scenario_2_bedroom_voc_rise_ep07_d072,scenario_2_bedroom_voc_rise_ep07,scenario_2_bedroom_voc_rise,72,A,test,6.011807383239751,6.2467403,0,0.0,0.0,0.0,4.0,8.88888888888889,0.6577777777777778,83.34000000000012,1.0,1.0,1,86.21817077723608,-0.28886425967804374,0
scenario_2_bedroom_voc_rise_ep07_d072,scenario_2_bedroom_voc_rise_ep07,scenario_2_bedroom_voc_rise,72,B,test,21.227389168944583,13.339849,-1,690.0,0.0,0.0,0.0,0.0,0.0,83.34000000000012,0.0,1.0,1,148.29414712834568,0.24116904230509048,3
scenario_2_bedroom_voc_rise_ep07_d072,scenario_2_bedroom_voc_rise_ep07,scenario_2_bedroom_voc_rise,72,C,test,26.39942716835097,25.54744,0,1260.0,1170.0,0.0,5.656854249492381,12.57078722109418,0.9302382543609692,83.34000000000012,1.0,1.0,1,364.4708269392713,0.600000000139808,4
scenario_2_bedroom_voc_rise_ep07_d072,scenario_2_bedroom_voc_rise_ep07,scenario_2_bedroom_voc_rise,72,D,test,5.7125363693836615,6.297796,0,0.0,0.0,0.0,4.0,8.88888888888889,0.6577777777777778,83.34000000000012,1.0,1.0,1,79.58961905096407,-0.312132034254623,0
scenario_2_bedroom_voc_rise_ep07_d075,scenario_2_bedroom_voc_rise_ep07,scenario_2_bedroom_voc_rise,75,A,test,5.59704962746572,5.938865,0,0.0,0.0,0.0,4.0,8.88888888888889,0.6577777777777778,83.10000000000012,1.0,1.0,1,86.68402714153922,-0.28884537873909466,0
scenario_2_bedroom_voc_rise_ep07_d075,scenario_2_bedroom_voc_rise_ep07,scenario_2_bedroom_voc_rise,75,B,test,14.131861725436174,12.866128,0,0.0,0.0,0.0,5.656854249492381,12.57078722109418,0.9302382543609692,83.10000000000012,1.0,1.0,1,145.2981518426468,-0.15685497674261073,0
scenario_2_bedroom_voc_rise_ep07_d075,scenario_2_bedroom_voc_rise_ep07,scenario_2_bedroom_voc_rise,75,C,test,26.296958325241025,25.147238,0,1350.0,1260.0,0.0,0.0,0.0,0.0,83.10000000000012,0.0,1.0,1,347.0752890068359,0.9999999999962491,4
scenario_2_bedroom_voc_rise_ep07_d075,scenario_2_bedroom_voc_rise_ep07,scenario_2_bedroom_voc_rise,75,D,test,5.383093093448285,6.210382,0,0.0,0.0,0.0,4.0,8.88888888888889,0.6577777777777778,83.10000000000012,1.0,1.0,1,80.47581707808945,-0.312132034254623,0
scenario_2_bedroom_voc_rise_ep07_d078,scenario_2_bedroom_voc_rise_ep07,scenario_2_bedroom_voc_rise,78,A,test,6.776168760896343,6.4078984,0,0.0,0.0,0.0,0.0,0.0,0.0,82.86000000000013,0.0,1.0,1,86.95719210790844,0.023305706939687535,3
scenario_2_bedroom_voc_rise_ep07_d078,scenario_2_bedroom_voc_rise_ep07,scenario_2_bedroom_voc_rise,78,B,test,13.48967303411519,12.883179,0,0.0,0.0,0.0,4.0,8.88888888888889,0.6577777777777778,82.86000000000013,1.0,1.0,1,142.30257105763667,-0.06699318823676403,0
scenario_2_bedroom_voc_rise_ep07_d078,scenario_2_bedroom_voc_rise_ep07,scenario_2_bedroom_voc_rise,78,C,test,25.485743298433512,24.893394,0,1440.0,1350.0,0.0,4.0,8.88888888888889,0.6577777777777778,82.86000000000013,1.0,1.0,1,330.6336598884484,0.6878679657413689,4
scenario_2_bedroom_voc_rise_ep07_d078,scenario_2_bedroom_voc_rise_ep07,scenario_2_bedroom_voc_rise,78,D,test,6.913729633559554,6.160853,0,0.0,0.0,0.0,5.656854249492381,12.57078722109418,0.9302382543609692,82.86000000000013,1.0,1.0,1,81.14262721634918,-0.3999999998566819,0
scenario_2_bedroom_voc_rise_ep08_d012,scenario_2_bedroom_voc_rise_ep08,scenario_2_bedroom_voc_rise,12,A,train,5.106015393280839,6.2902164,0,0.0,0.0,0.0,0.0,0.0,0.0,87.44000000000003,0.0,1.0,1,41.8458887144231,0.0,0
scenario_2_bedroom_voc_rise_ep08_d012,scenario_2_bedroom_voc_rise_ep08,scenario_2_bedroom_voc_rise,12,B,train,3.6957642562695856,5.2105727,0,0.0,0.0,0.0,4.0,8.88888888888889,0.6577777777777778,87.44000000000003,1.0,1.0,1,54.5023336002763,0.6878679656663659,4
scenario_2_bedroom_voc_rise_ep08_d012,scenario_2_bedroom_voc_rise_ep08,scenario_2_bedroom_voc_rise,12,C,train,4.274277583089881,9.138782,1,0.0,0.0,0.0,4.0,8.88888888888889,0.6577777777777778,87.44000000000003,1.0,1.0,1,49.30892092109718,0.2775305663723714,3
scenario_2_bedroom_voc_rise_ep08_d012,scenario_2_bedroom_voc_rise_ep08,scenario_2_bedroom_voc_rise,12,D,train,5.238395442664717,5.870374,0,0.0,0.0,0.0,5.656854249492381,12.57078722109418,0.9302382543609692,87.44000000000003,1.0,1.0,1,46.9665496774594,0.0045892042060918375,2
scenario_2_bedroom_voc_rise_ep08_d015,scenario_2_bedroom_voc_rise_ep08,scenario_2_bedroom_voc_rise,15,A,train,5.406731747237304,6.0941553,0,0.0,0.0,0.0,4.0,8.88888888888889,0.6577777777777778,87.20000000000003,1.0,1.0,1,41.232522646250914,-0.312132034254623,0
scenario_2_bedroom_voc_rise_ep08_d015,scenario_2_bedroom_voc_rise_ep08,scenario_2_bedroom_voc_rise,15,B,train,5.593369799873024,5.78444,0,0.0,0.0,0.0,0.0,0.0,0.0,87.20000000000003,0.0,1.0,1,62.38008354372676,0.453384158211365,3
scenario_2_bedroom_voc_rise_ep08_d015,scenario_2_bedroom_voc_rise_ep08,scenario_2_bedroom_voc_rise,15,C,train,4.807105948622355,4.415003,0,0.0,0.0,0.0,5.656854249492381,12.57078722109418,0.9302382543609692,87.20000000000003,1.0,1.0,1,87.87632462744762,0.6000000001218793,4
scenario_2_bedroom_voc_rise_ep08_d015,scenario_2_bedroom_voc_rise_ep08,scenario_2_bedroom_voc_rise,15,D,train,5.98370255096312,5.8216558,0,0.0,0.0,0.0,4.0,8.88888888888889,0.6577777777777778,87.20000000000003,1.0,1.0,1,46.02893380921,-0.2093014124114505,0
scenario_2_bedroom_voc_rise_ep08_d018,scenario_2_bedroom_voc_rise_ep08,scenario_2_bedroom_voc_rise,18,A,train,5.658059720641971,5.863156,0,0.0,0.0,0.0,5.656854249492381,12.57078722109418,0.9302382543609692,86.96000000000004,1.0,1.0,1,41.09257977779248,-0.3999999998566819,0
scenario_2_bedroom_voc_rise_ep08_d018,scenario_2_bedroom_voc_rise_ep08,scenario_2_bedroom_voc_rise,18,B,train,6.139136942325296,7.796617,0,0.0,0.0,0.0,4.0,8.88888888888889,0.6577777777777778,86.96000000000004,1.0,1.0,1,68.63925331555401,-0.05757964764039522,0
scenario_2_bedroom_voc_rise_ep08_d018,scenario_2_bedroom_voc_rise_ep08,scenario_2_bedroom_voc_rise,18,C,train,5.0586773289268905,8.602652,1,0.0,0.0,0.0,4.0,8.88888888888889,0.6577777777777778,86.96000000000004,1.0,1.0,1,149.30870732584708,0.6878679657361362,4
scenario_2_bedroom_voc_rise_ep08_d018,scenario_2_bedroom_voc_rise_ep08,scenario_2_bedroom_voc_rise,18,D,train,5.413015888651858,5.9049363,0,0.0,0.0,0.0,0.0,0.0,0.0,86.96000000000004,0.0,1.0,1,45.58530815768938,0.04151625530917598,3
scenario_2_bedroom_voc_rise_ep08_d021,scenario_2_bedroom_voc_rise_ep08,scenario_2_bedroom_voc_rise,21,A,train,5.607126646305771,5.590716,0,0.0,0.0,0.0,0.0,0.0,0.0,86.72000000000004,0.0,1.0,1,41.82779303311645,0.0,0
scenario_2_bedroom_voc_rise_ep08_d021,scenario_2_bedroom_voc_rise_ep08,scenario_2_bedroom_voc_rise,21,B,train,6.636865663476329,10.29051,1,0.0,0.0,0.0,4.0,8.88888888888889,0.6577777777777778,86.72000000000004,1.0,1.0,1,75.27839174795065,-0.14552367361651877,0
scenario_2_bedroom_voc_rise_ep08_d021,scenario_2_bedroom_voc_rise_ep08,scenario_2_bedroom_voc_rise,21,C,train,4.337785756246555,13.954735,1,0.0,0.0,0.0,4.0,8.88888888888889,0.6577777777777778,86.72000000000004,1.0,1.0,1,242.601623269204,0.6878679657403963,4
scenario_2_bedroom_voc_rise_ep08_d021,scenario_2_bedroom_voc_rise_ep08,scenario_2_bedroom_voc_rise,21,D,train,4.994752266994209,6.00826,0,0.0,0.0,0.0,5.656854249492381,12.57078722109418,0.9302382543609692,86.72000000000004,1.0,1.0,1,46.036099118935,-0.3790395685053992,0
scenario_2_bedroom_voc_rise_ep08_d024,scenario_2_bedroom_voc_rise_ep08,scenario_2_bedroom_voc_rise,24,A,train,4.9309936008930935,4.8230786,0,0.0,0.0,0.0,4.0,8.88888888888889,0.6577777777777778,86.48000000000005,1.0,1.0,1,43.839412075876,-0.312132034254623,0
scenario_2_bedroom_voc_rise_ep08_d024,scenario_2_bedroom_voc_rise_ep08,scenario_2_bedroom_voc_rise,24,B,train,7.28270170403789,10.526274,1,0.0,0.0,0.0,5.656854249492381,12.57078722109418,0.9302382543609692,86.48000000000005,1.0,1.0,1,84.2836669246019,-0.2766915202157887,0
scenario_2_bedroom_voc_rise_ep08_d024,scenario_2_bedroom_voc_rise_ep08,scenario_2_bedroom_voc_rise,24,C,train,3.997476452830394,21.399614,1,0.0,0.0,0.0,0.0,0.0,0.0,86.48000000000005,0.0,1.0,1,371.8318986135977,0.9999999999969512,4
scenario_2_bedroom_voc_rise_ep08_d024,scenario_2_bedroom_voc_rise_ep08,scenario_2_bedroom_voc_rise,24,D,train,5.537955138704128,5.8408775,0,0.0,0.0,0.0,4.0,8.88888888888889,0.6577777777777778,86.48000000000005,1.0,1.0,1,47.781332937423485,-0.3001137075449284,0
scenario_2_bedroom_voc_rise_ep08_d027,scenario_2_bedroom_voc_rise_ep08,scenario_2_bedroom_voc_rise,27,A,train,5.553384773726046,5.033051,0,0.0,0.0,0.0,5.656854249492381,12.57078722109418,0.9302382543609692,86.24000000000005,1.0,1.0,1,46.31157941184984,-0.3999999998566819,0
scenario_2_bedroom_voc_rise_ep08_d027,scenario_2_bedroom_voc_rise_ep08,scenario_2_bedroom_voc_rise,27,B,train,8.746231380339523,10.78619,0,0.0,0.0,0.0,4.0,8.88888888888889,0.6577777777777778,86.24000000000005,1.0,1.0,1,92.984469328841,-0.20496338532726,0
scenario_2_bedroom_voc_rise_ep08_d027,scenario_2_bedroom_voc_rise_ep08,scenario_2_bedroom_voc_rise,27,C,train,4.29971416537554,23.566,1,0.0,0.0,0.0,4.0,8.88888888888889,0.6577777777777778,86.24000000000005,1.0,1.0,1,481.82038151047504,0.6878679657430808,4
scenario_2_bedroom_voc_rise_ep08_d027,scenario_2_bedroom_voc_rise_ep08,scenario_2_bedroom_voc_rise,27,D,train,4.528476077135023,5.1251945,0,0.0,0.0,0.0,0.0,0.0,0.0,86.24000000000005,0.0,1.0,1,50.0040065157591,0.008478421299656294,3
scenario_2_bedroom_voc_rise_ep08_d030,scenario_2_bedroom_voc_rise_ep08,scenario_2_bedroom_voc_rise,30,A,train,3.7032686617233126,5.487441,0,0.0,0.0,0.0,4.0,8.88888888888889,0.6577777777777778,86.00000000000006,1.0,1.0,1,49.72843189197647,-0.312132034254623,0
scenario_2_bedroom_voc_rise_ep08_d030,scenario_2_bedroom_voc_rise_ep08,scenario_2_bedroom_voc_rise,30,B,train,9.007454888709995,11.390502,0,0.0,0.0,0.0,0.0,0.0,0.0,86.00000000000006,0.0,1.0,1,101.0546330413531,0.09685233056260702,3
scenario_2_bedroom_voc_rise_ep08_d030,scenario_2_bedroom_voc_rise_ep08,scenario_2_bedroom_voc_rise,30,C,train,11.005576544303237,35.8333,1,0.0,0.0,0.0,5.656854249492381,12.57078722109418,0.9302382543609692,86.00000000000006,1.0,1.0,1,579.6712928549518,0.6000000001414313,4
scenario_2_bedroom_voc_rise_ep08_d030,scenario_2_bedroom_voc_rise_ep08,scenario_2_bedroom_voc_rise,30,D,train,4.983319234228674,5.533446,0,0.0,0.0,0.0,4.0,8.88888888888889,0.6577777777777778,86.00000000000006,1.0,1.0,1,53.187183962302015,-0.30560538331713516,0
scenario_2_bedroom_voc_rise_ep08_d033,scenario_2_bedroom_voc_rise_ep08,scenario_2_bedroom_voc_rise,33,A,train,5.98211574420883,5.614307,0,0.0,0.0,0.0,4.0,8.88888888888889,0.6577777777777778,85.76000000000006,1.0,1.0,1,53.43900216182078,-0.312132034254623,0
scenario_2_bedroom_voc_rise_ep08_d033,scenario_2_bedroom_voc_rise_ep08,scenario_2_bedroom_voc_rise,33,B,train,10.436818891642464,12.625016,0,0.0,0.0,0.0,5.656854249492381,12.57078722109418,0.9302382543609692,85.76000000000006,1.0,1.0,1,110.54385680340351,-0.298506390195163,0
scenario_2_bedroom_voc_rise_ep08_d033,scenario_2_bedroom_voc_rise_ep08,scenario_2_bedroom_voc_rise,33,C,train,20.61504408719789,32.793884,1,90.0,0.0,0.0,0.0,0.0,0.0,85.76000000000006,0.0,1.0,1,616.0838310522888,0.9999999999982226,4
scenario_2_bedroom_voc_rise_ep08_d033,scenario_2_bedroom_voc_rise_ep08,scenario_2_bedroom_voc_rise,33,D,train,4.845666036890751,5.6898766,0,0.0,0.0,0.0,4.0,8.88888888888889,0.6577777777777778,85.76000000000006,1.0,1.0,1,56.678893401098776,-0.3063737102233487,0
scenario_2_bedroom_voc_rise_ep08_d036,scenario_2_bedroom_voc_rise_ep08,scenario_2_bedroom_voc_rise,36,A,train,5.354301406160151,5.979215,0,0.0,0.0,0.0,0.0,0.0,0.0,85.52000000000007,0.0,1.0,1,58.52039018068854,0.0,0
scenario_2_bedroom_voc_rise_ep08_d036,scenario_2_bedroom_voc_rise_ep08,scenario_2_bedroom_voc_rise,36,B,train,12.163831937340127,13.074075,0,0.0,0.0,0.0,4.0,8.88888888888889,0.6577777777777778,85.52000000000007,1.0,1.0,1,120.78115280869793,-0.20712398424535777,0
scenario_2_bedroom_voc_rise_ep08_d036,scenario_2_bedroom_voc_rise_ep08,scenario_2_bedroom_voc_rise,36,C,train,31.985552218757864,32.21526,0,180.0,90.0,0.0,4.0,8.88888888888889,0.6577777777777778,85.52000000000007,1.0,1.0,1,651.4345774492922,0.6878679657436905,4
scenario_2_bedroom_voc_rise_ep08_d036,scenario_2_bedroom_voc_rise_ep08,scenario_2_bedroom_voc_rise,36,D,train,5.374011035190808,5.49883,0,0.0,0.0,0.0,5.656854249492381,12.57078722109418,0.9302382543609692,85.52000000000007,1.0,1.0,1,61.55529414723696,-0.39488137724364525,0
scenario_2_bedroom_voc_rise_ep08_d039,scenario_2_bedroom_voc_rise_ep08,scenario_2_bedroom_voc_rise,39,A,train,4.823853473833947,5.9290676,0,0.0,0.0,0.0,4.0,8.88888888888889,0.6577777777777778,85.28000000000007,1.0,1.0,1,62.620249458325816,-0.312132034254623,0
scenario_2_bedroom_voc_rise_ep08_d039,scenario_2_bedroom_voc_rise_ep08,scenario_2_bedroom_voc_rise,39,B,train,11.746728926950285,14.304887,0,0.0,0.0,0.0,0.0,0.0,0.0,85.28000000000007,0.0,1.0,1,129.0396232288881,0.11970790989435696,3
scenario_2_bedroom_voc_rise_ep08_d039,scenario_2_bedroom_voc_rise_ep08,scenario_2_bedroom_voc_rise,39,C,train,36.45705159932798,31.058321,-1,270.0,180.0,0.0,5.656854249492381,12.57078722109418,0.9302382543609692,85.28000000000007,1.0,1.0,1,617.4655711171713,0.6000000001415159,4
scenario_2_bedroom_voc_rise_ep08_d039,scenario_2_bedroom_voc_rise_ep08,scenario_2_bedroom_voc_rise,39,D,train,5.337057190593975,5.426947,0,0.0,0.0,0.0,4.0,8.88888888888889,0.6577777777777778,85.28000000000007,1.0,1.0,1,65.46315887662922,-0.30700824694431694,0
scenario_2_bedroom_voc_rise_ep08_d042,scenario_2_bedroom_voc_rise_ep08,scenario_2_bedroom_voc_rise,42,A,train,5.209080453825424,5.9470086,0,0.0,0.0,0.0,5.656854249492381,12.57078722109418,0.9302382543609692,85.04000000000008,1.0,1.0,1,66.30745871425916,-0.3999999998566819,0
scenario_2_bedroom_voc_rise_ep08_d042,scenario_2_bedroom_voc_rise_ep08,scenario_2_bedroom_voc_rise,42,B,train,11.862577227211816,15.062164,1,0.0,0.0,0.0,4.0,8.88888888888889,0.6577777777777778,85.04000000000008,1.0,1.0,1,136.77301247831474,-0.17641798109179418,0
scenario_2_bedroom_voc_rise_ep08_d042,scenario_2_bedroom_voc_rise_ep08,scenario_2_bedroom_voc_rise,42,C,train,34.86402424965684,30.757107,-1,360.0,270.0,0.0,4.0,8.88888888888889,0.6577777777777778,85.04000000000008,1.0,1.0,1,585.5282182576777,0.6878679657434511,4
scenario_2_bedroom_voc_rise_ep08_d042,scenario_2_bedroom_voc_rise_ep08,scenario_2_bedroom_voc_rise,42,D,train,5.56379446763184,5.806346,0,0.0,0.0,0.0,0.0,0.0,0.0,85.04000000000008,0.0,1.0,1,68.97054147766835,0.0051289990133404325,3
scenario_2_bedroom_voc_rise_ep08_d045,scenario_2_bedroom_voc_rise_ep08,scenario_2_bedroom_voc_rise,45,A,train,6.572203508309638,6.2346196,0,0.0,0.0,0.0,0.0,0.0,0.0,84.80000000000008,0.0,1.0,1,69.61048479875217,0.0,0
scenario_2_bedroom_voc_rise_ep08_d045,scenario_2_bedroom_voc_rise_ep08,scenario_2_bedroom_voc_rise,45,B,train,13.651672341342966,17.136726,1,0.0,0.0,0.0,4.0,8.88888888888889,0.6577777777777778,84.80000000000008,1.0,1.0,1,143.39857176618693,-0.16026830885639515,0
scenario_2_bedroom_voc_rise_ep08_d045,scenario_2_bedroom_voc_rise_ep08,scenario_2_bedroom_voc_rise,45,C,train,32.445723691527284,31.227976,0,450.0,360.0,0.0,4.0,8.88888888888889,0.6577777777777778,84.80000000000008,1.0,1.0,1,555.4940410844322,0.6878679657433189,4
scenario_2_bedroom_voc_rise_ep08_d045,scenario_2_bedroom_voc_rise_ep08,scenario_2_bedroom_voc_rise,45,D,train,5.246709254445762,5.9982686,0,0.0,0.0,0.0,5.656854249492381,12.57078722109418,0.9302382543609692,84.80000000000008,1.0,1.0,1,72.10513640714862,-0.39486574170754507,0
scenario_2_bedroom_voc_rise_ep08_d048,scenario_2_bedroom_voc_rise_ep08,scenario_2_bedroom_voc_rise,48,A,train,6.056167484282214,6.1525273,0,0.0,0.0,0.0,4.0,8.88888888888889,0.6577777777777778,84.56000000000009,1.0,1.0,1,72.57473326486888,-0.312132034254623,0
scenario_2_bedroom_voc_rise_ep08_d048,scenario_2_bedroom_voc_rise_ep08,scenario_2_bedroom_voc_rise,48,B,train,14.33926954545927,14.941034,0,0.0,0.0,0.0,5.656854249492381,12.57078722109418,0.9302382543609692,84.56000000000009,1.0,1.0,1,149.6975134283814,-0.23038264432520975,0
scenario_2_bedroom_voc_rise_ep08_d048,scenario_2_bedroom_voc_rise_ep08,scenario_2_bedroom_voc_rise,48,C,train,30.447401572543065,28.550776,0,540.0,450.0,0.0,0.0,0.0,0.0,84.56000000000009,0.0,1.0,1,527.261577790239,0.9999999999978008,4
scenario_2_bedroom_voc_rise_ep08_d048,scenario_2_bedroom_voc_rise_ep08,scenario_2_bedroom_voc_rise,48,D,train,6.572683532793901,5.9942284,0,0.0,0.0,0.0,4.0,8.88888888888889,0.6577777777777778,84.56000000000009,1.0,1.0,1,74.91162592451064,-0.3069924691060514,0
scenario_2_bedroom_voc_rise_ep08_d051,scenario_2_bedroom_voc_rise_ep08,scenario_2_bedroom_voc_rise,51,A,train,5.945092670100547,6.1334167,0,0.0,0.0,0.0,5.656854249492381,12.57078722109418,0.9302382543609692,84.32000000000009,1.0,1.0,1,75.2245740486162,-0.3999999998566819,0
scenario_2_bedroom_voc_rise_ep08_d051,scenario_2_bedroom_voc_rise_ep08,scenario_2_bedroom_voc_rise,51,B,train,15.545432870778573,20.779018,1,60.0,0.0,0.0,4.0,8.88888888888889,0.6577777777777778,84.32000000000009,1.0,1.0,1,155.1756134538507,-0.12422999063683474,0
scenario_2_bedroom_voc_rise_ep08_d051,scenario_2_bedroom_voc_rise_ep08,scenario_2_bedroom_voc_rise,51,C,train,30.72211418813235,28.19445,0,630.0,540.0,0.0,4.0,8.88888888888889,0.6577777777777778,84.32000000000009,1.0,1.0,1,500.7177611672996,0.6878679657430268,4
scenario_2_bedroom_voc_rise_ep08_d051,scenario_2_bedroom_voc_rise_ep08,scenario_2_bedroom_voc_rise,51,D,train,5.8146811032312415,5.989776,0,0.0,0.0,0.0,0.0,0.0,0.0,84.32000000000009,0.0,1.0,1,77.41370264683337,0.005144920446402836,3
scenario_2_bedroom_voc_rise_ep08_d054,scenario_2_bedroom_voc_rise_ep08,scenario_2_bedroom_voc_rise,54,A,train,6.7495669167239205,6.3065357,0,0.0,0.0,0.0,4.0,8.88888888888889,0.6577777777777778,84.0800000000001,1.0,1.0,1,77.52497818822098,-0.312132034254623,0
scenario_2_bedroom_voc_rise_ep08_d054,scenario_2_bedroom_voc_rise_ep08,scenario_2_bedroom_voc_rise,54,B,train,17.46563836486311,21.271605,1,150.0,0.0,0.0,0.0,0.0,0.0,84.0800000000001,0.0,1.0,1,157.49711354390092,0.20084722019581674,3
scenario_2_bedroom_voc_rise_ep08_d054,scenario_2_bedroom_voc_rise_ep08,scenario_2_bedroom_voc_rise,54,C,train,29.440478204045142,27.10275,0,720.0,630.0,0.0,5.656854249492381,12.57078722109418,0.9302382543609692,84.0800000000001,1.0,1.0,1,475.69894981456446,0.6000000001408068,4
scenario_2_bedroom_voc_rise_ep08_d054,scenario_2_bedroom_voc_rise_ep08,scenario_2_bedroom_voc_rise,54,D,train,5.119759780813845,6.023874,0,0.0,0.0,0.0,4.0,8.88888888888889,0.6577777777777778,84.0800000000001,1.0,1.0,1,79.57570334212119,-0.3069817097732943,0
scenario_2_bedroom_voc_rise_ep08_d057,scenario_2_bedroom_voc_rise_ep08,scenario_2_bedroom_voc_rise,57,A,train,5.482773392235191,6.256608,0,0.0,0.0,0.0,4.0,8.88888888888889,0.6577777777777778,83.8400000000001,1.0,1.0,1,79.49962977987548,-0.312132034254623,0
scenario_2_bedroom_voc_rise_ep08_d057,scenario_2_bedroom_voc_rise_ep08,scenario_2_bedroom_voc_rise,57,B,train,20.117841856456103,21.111618,0,240.0,0.0,0.0,5.656854249492381,12.57078722109418,0.9302382543609692,83.8400000000001,1.0,1.0,1,157.12421386856022,-0.1916727274241356,0
scenario_2_bedroom_voc_rise_ep08_d057,scenario_2_bedroom_voc_rise_ep08,scenario_2_bedroom_voc_rise,57,C,train,28.61108141004992,27.205778,0,810.0,720.0,0.0,0.0,0.0,0.0,83.8400000000001,0.0,1.0,1,452.1084734616852,0.9999999999973163,4
scenario_2_bedroom_voc_rise_ep08_d057,scenario_2_bedroom_voc_rise_ep08,scenario_2_bedroom_voc_rise,57,D,train,5.911584930838662,5.907289,0,0.0,0.0,0.0,4.0,8.88888888888889,0.6577777777777778,83.8400000000001,1.0,1.0,1,81.42071814547717,-0.3069762565585975,0
scenario_2_bedroom_voc_rise_ep08_d060,scenario_2_bedroom_voc_rise_ep08,scenario_2_bedroom_voc_rise,60,A,train,5.793128334971463,6.22767,0,0.0,0.0,0.0,0.0,0.0,0.0,83.60000000000011,0.0,1.0,1,81.21753812006045,0.0,0
scenario_2_bedroom_voc_rise_ep08_d060,scenario_2_bedroom_voc_rise_ep08,scenario_2_bedroom_voc_rise,60,B,train,20.12064834139576,20.643414,0,330.0,0.0,0.0,4.0,8.88888888888889,0.6577777777777778,83.60000000000011,1.0,1.0,1,156.65648531460283,-0.09577942672777726,0
scenario_2_bedroom_voc_rise_ep08_d060,scenario_2_bedroom_voc_rise_ep08,scenario_2_bedroom_voc_rise,60,C,train,28.857964026284677,24.940813,-1,900.0,810.0,0.0,4.0,8.88888888888889,0.6577777777777778,83.60000000000011,1.0,1.0,1,429.9027148631478,0.6878679657425091,4
scenario_2_bedroom_voc_rise_ep08_d060,scenario_2_bedroom_voc_rise_ep08,scenario_2_bedroom_voc_rise,60,D,train,6.016646287126655,6.013565,0,0.0,0.0,0.0,5.656854249492381,12.57078722109418,0.9302382543609692,83.60000000000011,1.0,1.0,1,83.01720013638692,-0.39483871931951897,0
scenario_2_bedroom_voc_rise_ep08_d063,scenario_2_bedroom_voc_rise_ep08,scenario_2_bedroom_voc_rise,63,A,train,6.389714328152266,6.207985,0,0.0,0.0,0.0,4.0,8.88888888888889,0.6577777777777778,83.36000000000011,1.0,1.0,1,82.62850515258219,-0.312132034254623,0
scenario_2_bedroom_voc_rise_ep08_d063,scenario_2_bedroom_voc_rise_ep08,scenario_2_bedroom_voc_rise,63,B,train,21.550241990738595,17.864973,-1,420.0,0.0,0.0,0.0,0.0,0.0,83.36000000000011,0.0,1.0,1,153.8751414628798,0.21834865341959137,3
scenario_2_bedroom_voc_rise_ep08_d063,scenario_2_bedroom_voc_rise_ep08,scenario_2_bedroom_voc_rise,63,C,train,28.125213009353267,26.146961,0,990.0,900.0,0.0,5.656854249492381,12.57078722109418,0.9302382543609692,83.36000000000011,1.0,1.0,1,408.9260810445096,0.6000000001402536,4
scenario_2_bedroom_voc_rise_ep08_d063,scenario_2_bedroom_voc_rise_ep08,scenario_2_bedroom_voc_rise,63,D,train,6.1498983046077775,6.2475452,0,0.0,0.0,0.0,4.0,8.88888888888889,0.6577777777777778,83.36000000000011,1.0,1.0,1,84.31443038413954,-0.30696520079916834,0
scenario_2_bedroom_voc_rise_ep08_d066,scenario_2_bedroom_voc_rise_ep08,scenario_2_bedroom_voc_rise,66,A,train,6.415251990527583,6.134977,0,0.0,0.0,0.0,5.656854249492381,12.57078722109418,0.9302382543609692,83.12000000000012,1.0,1.0,1,83.76987144076702,-0.3999999998566819,0
scenario_2_bedroom_voc_rise_ep08_d066,scenario_2_bedroom_voc_rise_ep08,scenario_2_bedroom_voc_rise,66,B,train,21.65805294610449,15.998608,-1,510.0,0.0,0.0,4.0,8.88888888888889,0.6577777777777778,83.12000000000012,1.0,1.0,1,151.05710183168094,-0.09176917078478455,0
scenario_2_bedroom_voc_rise_ep08_d066,scenario_2_bedroom_voc_rise_ep08,scenario_2_bedroom_voc_rise,66,C,train,26.799694517952787,26.998833,0,1080.0,990.0,0.0,4.0,8.88888888888889,0.6577777777777778,83.12000000000012,1.0,1.0,1,389.11728493498,0.6878679657421021,4
scenario_2_bedroom_voc_rise_ep08_d066,scenario_2_bedroom_voc_rise_ep08,scenario_2_bedroom_voc_rise,66,D,train,7.314491468069755,6.2365775,0,0.0,0.0,0.0,0.0,0.0,0.0,83.12000000000012,0.0,1.0,1,85.3492616713886,0.005172436905696419,3
scenario_2_bedroom_voc_rise_ep08_d069,scenario_2_bedroom_voc_rise_ep08,scenario_2_bedroom_voc_rise,69,A,train,6.45009732789501,6.2462487,0,0.0,0.0,0.0,0.0,0.0,0.0,82.88000000000012,0.0,1.0,1,84.66374559650808,0.0,0
scenario_2_bedroom_voc_rise_ep08_d069,scenario_2_bedroom_voc_rise_ep08,scenario_2_bedroom_voc_rise,69,B,train,21.12670716260495,14.022011,-1,600.0,0.0,0.0,4.0,8.88888888888889,0.6577777777777778,82.88000000000012,1.0,1.0,1,148.21154051046892,-0.08973663161979809,0
scenario_2_bedroom_voc_rise_ep08_d069,scenario_2_bedroom_voc_rise_ep08,scenario_2_bedroom_voc_rise,69,C,train,26.13236097629219,25.470324,0,1170.0,1080.0,0.0,4.0,8.88888888888889,0.6577777777777778,82.88000000000012,1.0,1.0,1,370.406140272195,0.6878679657418774,4
scenario_2_bedroom_voc_rise_ep08_d069,scenario_2_bedroom_voc_rise_ep08,scenario_2_bedroom_voc_rise,69,D,train,6.088502408627615,6.2437325,0,0.0,0.0,0.0,5.656854249492381,12.57078722109418,0.9302382543609692,82.88000000000012,1.0,1.0,1,86.14334581779212,-0.3948219085099002,0
scenario_2_bedroom_voc_rise_ep08_d072,scenario_2_bedroom_voc_rise_ep08,scenario_2_bedroom_voc_rise,72,A,train,7.093058420654937,6.3080306,0,0.0,0.0,0.0,4.0,8.88888888888889,0.6577777777777778,82.64000000000013,1.0,1.0,1,85.33069320088998,-0.312132034254623,0
scenario_2_bedroom_voc_rise_ep08_d072,scenario_2_bedroom_voc_rise_ep08,scenario_2_bedroom_voc_rise,72,B,train,14.627648056974218,12.779806,0,0.0,0.0,30.0,5.656854249492381,12.57078722109418,0.9302382543609692,82.64000000000013,1.0,1.0,1,145.34680659015908,-0.17555356249303067,0
scenario_2_bedroom_voc_rise_ep08_d072,scenario_2_bedroom_voc_rise_ep08,scenario_2_bedroom_voc_rise,72,C,train,27.100946362607413,25.095865,0,1260.0,1170.0,0.0,0.0,0.0,0.0,82.64000000000013,0.0,1.0,1,352.72684389944493,0.9999999999962603,4
scenario_2_bedroom_voc_rise_ep08_d072,scenario_2_bedroom_voc_rise_ep08,scenario_2_bedroom_voc_rise,72,D,train,6.081740967143964,6.363293,0,0.0,0.0,0.0,4.0,8.88888888888889,0.6577777777777778,82.64000000000013,1.0,1.0,1,86.71682062934747,-0.30694823701284846,0
scenario_2_bedroom_voc_rise_ep08_d075,scenario_2_bedroom_voc_rise_ep08,scenario_2_bedroom_voc_rise,75,A,train,6.582793730384627,6.2176843,0,0.0,0.0,0.0,5.656854249492381,12.57078722109418,0.9302382543609692,82.40000000000013,1.0,1.0,1,85.78983869296485,-0.3999999998566819,0
scenario_2_bedroom_voc_rise_ep08_d075,scenario_2_bedroom_voc_rise_ep08,scenario_2_bedroom_voc_rise,75,B,train,15.288153565927656,13.045632,0,60.0,0.0,0.0,4.0,8.88888888888889,0.6577777777777778,82.40000000000013,1.0,1.0,1,142.47048621083945,-0.08561589864395885,0
scenario_2_bedroom_voc_rise_ep08_d075,scenario_2_bedroom_voc_rise_ep08,scenario_2_bedroom_voc_rise,75,C,train,25.68396821982766,25.056982,0,1350.0,1260.0,0.0,4.0,8.88888888888889,0.6577777777777778,82.40000000000013,1.0,1.0,1,336.01769714041234,0.6878679657413806,4
scenario_2_bedroom_voc_rise_ep08_d075,scenario_2_bedroom_voc_rise_ep08,scenario_2_bedroom_voc_rise,75,D,train,6.220540471419955,6.299763,0,0.0,0.0,0.0,0.0,0.0,0.0,82.40000000000013,0.0,1.0,1,87.0884099414061,0.005189555057910482,3
scenario_2_bedroom_voc_rise_ep08_d078,scenario_2_bedroom_voc_rise_ep08,scenario_2_bedroom_voc_rise,78,A,train,6.596764292564849,6.7255397,0,0.0,0.0,0.0,4.0,8.88888888888889,0.6577777777777778,82.16000000000014,1.0,1.0,1,86.05896067608523,-0.312132034254623,0
scenario_2_bedroom_voc_rise_ep08_d078,scenario_2_bedroom_voc_rise_ep08,scenario_2_bedroom_voc_rise,78,B,train,12.900371583169203,12.503482,0,0.0,0.0,0.0,0.0,0.0,0.0,82.16000000000014,0.0,1.0,1,139.5894602364624,0.22860466684896796,3
scenario_2_bedroom_voc_rise_ep08_d078,scenario_2_bedroom_voc_rise_ep08,scenario_2_bedroom_voc_rise,78,C,train,25.24150031129624,24.993685,0,1440.0,1350.0,0.0,5.656854249492381,12.57078722109418,0.9302382543609692,82.16000000000014,1.0,1.0,1,320.2208450242928,0.6000000001390478,4
scenario_2_bedroom_voc_rise_ep08_d078,scenario_2_bedroom_voc_rise_ep08,scenario_2_bedroom_voc_rise,78,D,train,6.939068431860124,6.3904386,0,0.0,0.0,0.0,4.0,8.88888888888889,0.6577777777777778,82.16000000000014,1.0,1.0,1,87.27551719681014,-0.30693666898795713,0
scenario_2_bedroom_voc_rise_ep09_d012,scenario_2_bedroom_voc_rise_ep09,scenario_2_bedroom_voc_rise,12,A,train,3.851693550722347,4.9135866,0,0.0,0.0,0.0,4.0,8.88888888888889,0.6577777777777778,86.74000000000002,1.0,1.0,1,13.516209106900362,-0.312132034254623,0
scenario_2_bedroom_voc_rise_ep09_d012,scenario_2_bedroom_voc_rise_ep09,scenario_2_bedroom_voc_rise,12,B,train,4.478128193422185,5.9057674,0,0.0,0.0,0.0,0.0,0.0,0.0,86.74000000000002,0.0,1.0,1,62.30326666874868,0.9999999999795028,4
scenario_2_bedroom_voc_rise_ep09_d012,scenario_2_bedroom_voc_rise_ep09,scenario_2_bedroom_voc_rise,12,C,train,4.00055836152163,6.5318756,0,0.0,0.0,0.0,5.656854249492381,12.57078722109418,0.9302382543609692,86.74000000000002,1.0,1.0,1,24.080505202736447,-0.1834610933602821,0
scenario_2_bedroom_voc_rise_ep09_d012,scenario_2_bedroom_voc_rise_ep09,scenario_2_bedroom_voc_rise,12,D,train,4.654867700728889,5.08117,0,0.0,0.0,0.0,4.0,8.88888888888889,0.6577777777777778,86.74000000000002,1.0,1.0,1,19.215610840530417,-0.19531003230691407,0
scenario_2_bedroom_voc_rise_ep09_d015,scenario_2_bedroom_voc_rise_ep09,scenario_2_bedroom_voc_rise,15,A,train,3.496629505396392,3.9084494,0,0.0,0.0,30.0,4.0,8.88888888888889,0.6577777777777778,86.50000000000003,1.0,1.0,1,14.008629185646896,-0.312132034254623,0
scenario_2_bedroom_voc_rise_ep09_d015,scenario_2_bedroom_voc_rise_ep09,scenario_2_bedroom_voc_rise,15,B,train,5.751394512711448,8.510904,0,0.0,0.0,0.0,5.656854249492381,12.57078722109418,0.9302382543609692,86.50000000000003,1.0,1.0,1,67.82218212347368,0.6000000001247356,3
scenario_2_bedroom_voc_rise_ep09_d015,scenario_2_bedroom_voc_rise_ep09,scenario_2_bedroom_voc_rise,15,C,train,3.2988484485066265,5.8446636,0,0.0,0.0,0.0,0.0,0.0,0.0,86.50000000000003,0.0,1.0,1,59.48221634085667,0.8450210898897984,4
scenario_2_bedroom_voc_rise_ep09_d015,scenario_2_bedroom_voc_rise_ep09,scenario_2_bedroom_voc_rise,15,D,train,3.791988266046196,5.1664658,0,0.0,0.0,0.0,4.0,8.88888888888889,0.6577777777777778,86.50000000000003,1.0,1.0,1,19.3678322190255,-0.21254368260888157,0
scenario_2_bedroom_voc_rise_ep09_d018,scenario_2_bedroom_voc_rise_ep09,scenario_2_bedroom_voc_rise,18,A,train,4.032997579804822,4.3209763,0,0.0,0.0,0.0,0.0,0.0,0.0,86.26000000000003,0.0,1.0,1,15.068584083677706,0.0,0
scenario_2_bedroom_voc_rise_ep09_d018,scenario_2_bedroom_voc_rise_ep09,scenario_2_bedroom_voc_rise,18,B,train,7.008563749438042,9.812221,0,0.0,0.0,0.0,4.0,8.88888888888889,0.6577777777777778,86.26000000000003,1.0,1.0,1,72.58663172925822,0.17870856308659913,3
scenario_2_bedroom_voc_rise_ep09_d018,scenario_2_bedroom_voc_rise_ep09,scenario_2_bedroom_voc_rise,18,C,train,3.570854126811529,4.4422107,0,0.0,0.0,0.0,4.0,8.88888888888889,0.6577777777777778,86.26000000000003,1.0,1.0,1,132.25132723217143,0.6878679657368433,4
scenario_2_bedroom_voc_rise_ep09_d018,scenario_2_bedroom_voc_rise_ep09,scenario_2_bedroom_voc_rise,18,D,train,4.104646574636539,5.1447515,0,0.0,0.0,0.0,5.656854249492381,12.57078722109418,0.9302382543609692,86.26000000000003,1.0,1.0,1,20.10799832845805,-0.35699525266151333,0
scenario_2_bedroom_voc_rise_ep09_d021,scenario_2_bedroom_voc_rise_ep09,scenario_2_bedroom_voc_rise,21,A,train,3.9268441526582425,4.5427556,0,0.0,0.0,0.0,4.0,8.88888888888889,0.6577777777777778,86.02000000000004,1.0,1.0,1,16.75448858564755,-0.312132034254623,0
scenario_2_bedroom_voc_rise_ep09_d021,scenario_2_bedroom_voc_rise_ep09,scenario_2_bedroom_voc_rise,21,B,train,7.496732798541269,9.83583,0,0.0,0.0,0.0,0.0,0.0,0.0,86.02000000000004,0.0,1.0,1,78.67607697276628,0.3034019065534633,3
scenario_2_bedroom_voc_rise_ep09_d021,scenario_2_bedroom_voc_rise_ep09,scenario_2_bedroom_voc_rise,21,C,train,4.554215567346331,15.583214,1,0.0,0.0,0.0,5.656854249492381,12.57078722109418,0.9302382543609692,86.02000000000004,1.0,1.0,1,220.84545521872624,0.6000000001384185,4
scenario_2_bedroom_voc_rise_ep09_d021,scenario_2_bedroom_voc_rise_ep09,scenario_2_bedroom_voc_rise,21,D,train,2.965454705299788,5.0224853,0,0.0,0.0,0.0,4.0,8.88888888888889,0.6577777777777778,86.02000000000004,1.0,1.0,1,21.493293287553115,-0.28891295317494975,0
scenario_2_bedroom_voc_rise_ep09_d024,scenario_2_bedroom_voc_rise_ep09,scenario_2_bedroom_voc_rise,24,A,train,3.907423629364665,4.7260513,0,0.0,0.0,0.0,5.656854249492381,12.57078722109418,0.9302382543609692,85.78000000000004,1.0,1.0,1,19.410314214237587,-0.3999999998566819,0
scenario_2_bedroom_voc_rise_ep09_d024,scenario_2_bedroom_voc_rise_ep09,scenario_2_bedroom_voc_rise,24,B,train,8.343954105066292,10.768029,0,0.0,0.0,0.0,4.0,8.88888888888889,0.6577777777777778,85.78000000000004,1.0,1.0,1,86.55540241720996,-0.09593920540318415,0
scenario_2_bedroom_voc_rise_ep09_d024,scenario_2_bedroom_voc_rise_ep09,scenario_2_bedroom_voc_rise,24,C,train,3.756481827902964,27.62689,1,0.0,0.0,0.0,4.0,8.88888888888889,0.6577777777777778,85.78000000000004,1.0,1.0,1,329.98994148252336,0.6878679657421573,4
scenario_2_bedroom_voc_rise_ep09_d024,scenario_2_bedroom_voc_rise_ep09,scenario_2_bedroom_voc_rise,24,D,train,3.5460767575761194,4.861998,0,0.0,0.0,0.0,0.0,0.0,0.0,85.78000000000004,0.0,1.0,1,23.866532528119706,0.01434807026160279,3
scenario_2_bedroom_voc_rise_ep09_d027,scenario_2_bedroom_voc_rise_ep09,scenario_2_bedroom_voc_rise,27,A,train,3.9049449260206224,4.901001,0,0.0,0.0,0.0,0.0,0.0,0.0,85.54000000000005,0.0,1.0,1,23.381331782305324,0.0,0
scenario_2_bedroom_voc_rise_ep09_d027,scenario_2_bedroom_voc_rise_ep09,scenario_2_bedroom_voc_rise,27,B,train,9.54504236550331,11.597345,0,0.0,0.0,0.0,4.0,8.88888888888889,0.6577777777777778,85.54000000000005,1.0,1.0,1,94.9051150715793,-0.1506341183253593,0
scenario_2_bedroom_voc_rise_ep09_d027,scenario_2_bedroom_voc_rise_ep09,scenario_2_bedroom_voc_rise,27,C,train,4.472235704169305,30.343807,1,0.0,0.0,0.0,4.0,8.88888888888889,0.6577777777777778,85.54000000000005,1.0,1.0,1,466.2587700301152,0.687867965743119,4
scenario_2_bedroom_voc_rise_ep09_d027,scenario_2_bedroom_voc_rise_ep09,scenario_2_bedroom_voc_rise,27,D,train,3.567394867373879,4.664098,0,0.0,0.0,0.0,5.656854249492381,12.57078722109418,0.9302382543609692,85.54000000000005,1.0,1.0,1,27.571900806269696,-0.39053785827517706,0
scenario_2_bedroom_voc_rise_ep09_d030,scenario_2_bedroom_voc_rise_ep09,scenario_2_bedroom_voc_rise,30,A,train,3.914337317336132,4.7561884,0,0.0,0.0,0.0,4.0,8.88888888888889,0.6577777777777778,85.30000000000005,1.0,1.0,1,27.95091838542953,-0.312132034254623,0
scenario_2_bedroom_voc_rise_ep09_d030,scenario_2_bedroom_voc_rise_ep09,scenario_2_bedroom_voc_rise,30,B,train,10.033891519709073,11.731914,0,0.0,0.0,0.0,5.656854249492381,12.57078722109418,0.9302382543609692,85.30000000000005,1.0,1.0,1,102.85461824821914,-0.26138556603805063,0
scenario_2_bedroom_voc_rise_ep09_d030,scenario_2_bedroom_voc_rise_ep09,scenario_2_bedroom_voc_rise,30,C,train,10.357086347381246,36.5465,1,0.0,0.0,0.0,0.0,0.0,0.0,85.30000000000005,0.0,1.0,1,568.325378671853,0.9999999999981495,4
scenario_2_bedroom_voc_rise_ep09_d030,scenario_2_bedroom_voc_rise_ep09,scenario_2_bedroom_voc_rise,30,D,train,4.09101410050353,4.7891955,0,0.0,0.0,0.0,4.0,8.88888888888889,0.6577777777777778,85.30000000000005,1.0,1.0,1,31.891754931825066,-0.30483924594575396,0
scenario_2_bedroom_voc_rise_ep09_d033,scenario_2_bedroom_voc_rise_ep09,scenario_2_bedroom_voc_rise,33,A,train,4.175634600074017,4.904307,0,0.0,0.0,0.0,5.656854249492381,12.57078722109418,0.9302382543609692,85.06000000000006,1.0,1.0,1,33.956945883181334,-0.3999999998566819,0
scenario_2_bedroom_voc_rise_ep09_d033,scenario_2_bedroom_voc_rise_ep09,scenario_2_bedroom_voc_rise,33,B,train,9.575307732040605,12.60812,1,0.0,0.0,0.0,4.0,8.88888888888889,0.6577777777777778,85.06000000000006,1.0,1.0,1,112.5698913498752,-0.18484292236386807,0
scenario_2_bedroom_voc_rise_ep09_d033,scenario_2_bedroom_voc_rise_ep09,scenario_2_bedroom_voc_rise,33,C,train,23.2450661127864,32.11498,1,90.0,0.0,0.0,4.0,8.88888888888889,0.6577777777777778,85.06000000000006,1.0,1.0,1,651.5505821247134,0.6878679657437579,4
scenario_2_bedroom_voc_rise_ep09_d033,scenario_2_bedroom_voc_rise_ep09,scenario_2_bedroom_voc_rise,33,D,train,4.439165782497858,4.9072485,0,0.0,0.0,0.0,0.0,0.0,0.0,85.06000000000006,0.0,1.0,1,37.663008247167454,0.006000810478770432,3
scenario_2_bedroom_voc_rise_ep09_d036,scenario_2_bedroom_voc_rise_ep09,scenario_2_bedroom_voc_rise,36,A,train,4.614730811228713,5.0543113,0,0.0,0.0,0.0,4.0,8.88888888888889,0.6577777777777778,84.82000000000006,1.0,1.0,1,39.50474768183881,-0.312132034254623,0
scenario_2_bedroom_voc_rise_ep09_d036,scenario_2_bedroom_voc_rise_ep09,scenario_2_bedroom_voc_rise,36,B,train,10.217987053782226,13.753997,1,0.0,0.0,0.0,0.0,0.0,0.0,84.82000000000006,0.0,1.0,1,120.92844887703497,0.13171207691595466,3
scenario_2_bedroom_voc_rise_ep09_d036,scenario_2_bedroom_voc_rise_ep09,scenario_2_bedroom_voc_rise,36,C,train,33.61508178319268,31.705187,0,180.0,90.0,0.0,5.656854249492381,12.57078722109418,0.9302382543609692,84.82000000000006,1.0,1.0,1,657.6993969623359,0.6000000001417006,4
scenario_2_bedroom_voc_rise_ep09_d036,scenario_2_bedroom_voc_rise_ep09,scenario_2_bedroom_voc_rise,36,D,train,3.790004965362445,5.0885186,0,0.0,0.0,0.0,4.0,8.88888888888889,0.6577777777777778,84.82000000000006,1.0,1.0,1,42.99009365225038,-0.3064940916188166,0
scenario_2_bedroom_voc_rise_ep09_d039,scenario_2_bedroom_voc_rise_ep09,scenario_2_bedroom_voc_rise,39,A,train,4.567048528110181,5.510806,0,0.0,0.0,0.0,4.0,8.88888888888889,0.6577777777777778,84.58000000000007,1.0,1.0,1,44.55413856023961,-0.312132034254623,0
scenario_2_bedroom_voc_rise_ep09_d039,scenario_2_bedroom_voc_rise_ep09,scenario_2_bedroom_voc_rise,39,B,train,11.509590607927066,14.738623,1,0.0,0.0,0.0,5.656854249492381,12.57078722109418,0.9302382543609692,84.58000000000007,1.0,1.0,1,129.34585258214452,-0.2534217449246282,0
scenario_2_bedroom_voc_rise_ep09_d039,scenario_2_bedroom_voc_rise_ep09,scenario_2_bedroom_voc_rise,39,C,train,36.82766232578491,30.514174,-1,270.0,180.0,0.0,0.0,0.0,0.0,84.58000000000007,0.0,1.0,1,623.0281697940236,0.9999999999982714,4
scenario_2_bedroom_voc_rise_ep09_d039,scenario_2_bedroom_voc_rise_ep09,scenario_2_bedroom_voc_rise,39,D,train,4.743103596034355,4.7153263,0,0.0,0.0,0.0,4.0,8.88888888888889,0.6577777777777778,84.58000000000007,1.0,1.0,1,47.83197990240319,-0.30646567558478466,0
scenario_2_bedroom_voc_rise_ep09_d042,scenario_2_bedroom_voc_rise_ep09,scenario_2_bedroom_voc_rise,42,A,train,5.054288255422762,5.6016407,0,0.0,0.0,0.0,0.0,0.0,0.0,84.34000000000007,0.0,1.0,1,49.12685205186153,0.0,0
scenario_2_bedroom_voc_rise_ep09_d042,scenario_2_bedroom_voc_rise_ep09,scenario_2_bedroom_voc_rise,42,B,train,13.112151830696387,16.87399,1,0.0,0.0,0.0,4.0,8.88888888888889,0.6577777777777778,84.34000000000007,1.0,1.0,1,136.3883173918589,-0.15092641677651703,0
scenario_2_bedroom_voc_rise_ep09_d042,scenario_2_bedroom_voc_rise_ep09,scenario_2_bedroom_voc_rise,42,C,train,33.89523355982866,29.799528,-1,360.0,270.0,0.0,4.0,8.88888888888889,0.6577777777777778,84.34000000000007,1.0,1.0,1,590.4322153819421,0.6878679657435296,4
scenario_2_bedroom_voc_rise_ep09_d042,scenario_2_bedroom_voc_rise_ep09,scenario_2_bedroom_voc_rise,42,D,train,4.848182398224879,5.375264,0,0.0,0.0,0.0,5.656854249492381,12.57078722109418,0.9302382543609692,84.34000000000007,1.0,1.0,1,52.20960567796806,-0.39430496368128565,0
scenario_2_bedroom_voc_rise_ep09_d045,scenario_2_bedroom_voc_rise_ep09,scenario_2_bedroom_voc_rise,45,A,train,4.575463614363957,5.909238,0,0.0,0.0,0.0,4.0,8.88888888888889,0.6577777777777778,84.10000000000008,1.0,1.0,1,53.290347070914095,-0.312132034254623,0
scenario_2_bedroom_voc_rise_ep09_d045,scenario_2_bedroom_voc_rise_ep09,scenario_2_bedroom_voc_rise,45,B,train,12.42589332963218,17.266611,1,0.0,0.0,0.0,0.0,0.0,0.0,84.10000000000008,0.0,1.0,1,143.62624277153327,0.17834450248132883,3
scenario_2_bedroom_voc_rise_ep09_d045,scenario_2_bedroom_voc_rise_ep09,scenario_2_bedroom_voc_rise,45,C,train,31.83335646580904,30.162848,0,450.0,360.0,0.0,5.656854249492381,12.57078722109418,0.9302382543609692,84.10000000000008,1.0,1.0,1,559.8150475443601,0.600000000141344,4
scenario_2_bedroom_voc_rise_ep09_d045,scenario_2_bedroom_voc_rise_ep09,scenario_2_bedroom_voc_rise,45,D,train,4.251377454587679,5.596201,0,0.0,0.0,0.0,4.0,8.88888888888889,0.6577777777777778,84.10000000000008,1.0,1.0,1,56.18968310027162,-0.3064080566743751,0
scenario_2_bedroom_voc_rise_ep09_d048,scenario_2_bedroom_voc_rise_ep09,scenario_2_bedroom_voc_rise,48,A,train,4.813338143471276,5.5678406,0,0.0,0.0,0.0,5.656854249492381,12.57078722109418,0.9302382543609692,83.86000000000008,1.0,1.0,1,57.05224632105137,-0.3999999998566819,0
scenario_2_bedroom_voc_rise_ep09_d048,scenario_2_bedroom_voc_rise_ep09,scenario_2_bedroom_voc_rise,48,B,train,15.049166735728534,20.951235,1,60.0,0.0,0.0,4.0,8.88888888888889,0.6577777777777778,83.86000000000008,1.0,1.0,1,149.27051331623397,-0.1175699563478188,0
scenario_2_bedroom_voc_rise_ep09_d048,scenario_2_bedroom_voc_rise_ep09,scenario_2_bedroom_voc_rise,48,C,train,30.591735916121717,29.133831,0,540.0,450.0,0.0,4.0,8.88888888888889,0.6577777777777778,83.86000000000008,1.0,1.0,1,531.030875595153,0.6878679657432673,4
scenario_2_bedroom_voc_rise_ep09_d048,scenario_2_bedroom_voc_rise_ep09,scenario_2_bedroom_voc_rise,48,D,train,5.722160818196613,5.420662,0,0.0,0.0,0.0,0.0,0.0,0.0,83.86000000000008,0.0,1.0,1,59.779133220145695,0.005753185335095803,3
scenario_2_bedroom_voc_rise_ep09_d051,scenario_2_bedroom_voc_rise_ep09,scenario_2_bedroom_voc_rise,51,A,train,5.222673282727581,5.718155,0,0.0,0.0,0.0,0.0,0.0,0.0,83.62000000000009,0.0,1.0,1,60.45222126878821,0.0,0
scenario_2_bedroom_voc_rise_ep09_d051,scenario_2_bedroom_voc_rise_ep09,scenario_2_bedroom_voc_rise,51,B,train,16.157565133845004,21.295723,1,150.0,0.0,0.0,4.0,8.88888888888889,0.6577777777777778,83.62000000000009,1.0,1.0,1,154.4153767827322,-0.10027598576671076,0
scenario_2_bedroom_voc_rise_ep09_d051,scenario_2_bedroom_voc_rise_ep09,scenario_2_bedroom_voc_rise,51,C,train,29.2794582603654,27.513842,0,630.0,540.0,0.0,4.0,8.88888888888889,0.6577777777777778,83.62000000000009,1.0,1.0,1,503.9758128036003,0.6878679657431224,4
scenario_2_bedroom_voc_rise_ep09_d051,scenario_2_bedroom_voc_rise_ep09,scenario_2_bedroom_voc_rise,51,D,train,5.493325200876271,5.6238165,0,0.0,0.0,0.0,5.656854249492381,12.57078722109418,0.9302382543609692,83.62000000000009,1.0,1.0,1,63.01696824944224,-0.3942173379428636,0
scenario_2_bedroom_voc_rise_ep09_d054,scenario_2_bedroom_voc_rise_ep09,scenario_2_bedroom_voc_rise,54,A,train,5.842824516400687,5.9798985,0,0.0,0.0,0.0,4.0,8.88888888888889,0.6577777777777778,83.3800000000001,1.0,1.0,1,63.46072613730371,-0.312132034254623,0
scenario_2_bedroom_voc_rise_ep09_d054,scenario_2_bedroom_voc_rise_ep09,scenario_2_bedroom_voc_rise,54,B,train,18.90878871436016,21.305296,0,240.0,0.0,0.0,5.656854249492381,12.57078722109418,0.9302382543609692,83.3800000000001,1.0,1.0,1,156.29041158593122,-0.17632762044881112,0
scenario_2_bedroom_voc_rise_ep09_d054,scenario_2_bedroom_voc_rise_ep09,scenario_2_bedroom_voc_rise,54,C,train,30.03289788409516,27.873325,0,720.0,630.0,0.0,0.0,0.0,0.0,83.3800000000001,0.0,1.0,1,478.4859773290352,0.9999999999975905,4
scenario_2_bedroom_voc_rise_ep09_d054,scenario_2_bedroom_voc_rise_ep09,scenario_2_bedroom_voc_rise,54,D,train,5.941862005190979,5.722452,0,0.0,0.0,0.0,4.0,8.88888888888889,0.6577777777777778,83.3800000000001,1.0,1.0,1,65.87302298026316,-0.30631962444093863,0
scenario_2_bedroom_voc_rise_ep09_d057,scenario_2_bedroom_voc_rise_ep09,scenario_2_bedroom_voc_rise,57,A,train,4.7665830761831405,6.153992,0,0.0,0.0,0.0,5.656854249492381,12.57078722109418,0.9302382543609692,83.1400000000001,1.0,1.0,1,66.10807468843495,-0.3999999998566819,0
scenario_2_bedroom_voc_rise_ep09_d057,scenario_2_bedroom_voc_rise_ep09,scenario_2_bedroom_voc_rise,57,B,train,20.39325627091261,21.107208,0,330.0,0.0,0.0,4.0,8.88888888888889,0.6577777777777778,83.1400000000001,1.0,1.0,1,155.86857837662387,-0.0810037290379843,0
scenario_2_bedroom_voc_rise_ep09_d057,scenario_2_bedroom_voc_rise_ep09,scenario_2_bedroom_voc_rise,57,C,train,29.21937129491066,26.625927,0,810.0,720.0,0.0,4.0,8.88888888888889,0.6577777777777778,83.1400000000001,1.0,1.0,1,454.46597660713087,0.6878679657428021,4
scenario_2_bedroom_voc_rise_ep09_d057,scenario_2_bedroom_voc_rise_ep09,scenario_2_bedroom_voc_rise,57,D,train,5.602886243608079,6.050397,0,0.0,0.0,0.0,0.0,0.0,0.0,83.1400000000001,0.0,1.0,1,68.37702914947158,0.0058424315555855475,3
scenario_2_bedroom_voc_rise_ep09_d060,scenario_2_bedroom_voc_rise_ep09,scenario_2_bedroom_voc_rise,60,A,train,5.0955415880377375,6.1056604,0,0.0,0.0,0.0,4.0,8.88888888888889,0.6577777777777778,82.9000000000001,1.0,1.0,1,68.45374392466329,-0.312132034254623,0
scenario_2_bedroom_voc_rise_ep09_d060,scenario_2_bedroom_voc_rise_ep09,scenario_2_bedroom_voc_rise,60,B,train,21.53109934405949,20.628433,0,420.0,0.0,0.0,0.0,0.0,0.0,82.9000000000001,0.0,1.0,1,155.07493427269424,0.23836064307734176,3
scenario_2_bedroom_voc_rise_ep09_d060,scenario_2_bedroom_voc_rise_ep09,scenario_2_bedroom_voc_rise,60,C,train,29.080594148837,26.251673,0,900.0,810.0,0.0,5.656854249492381,12.57078722109418,0.9302382543609692,82.9000000000001,1.0,1.0,1,431.8576567077241,0.6000000001405665,4
scenario_2_bedroom_voc_rise_ep09_d060,scenario_2_bedroom_voc_rise_ep09,scenario_2_bedroom_voc_rise,60,D,train,5.29159603199943,5.980887,0,0.0,0.0,0.0,4.0,8.88888888888889,0.6577777777777778,82.9000000000001,1.0,1.0,1,70.58791687065127,-0.3062593045703498,0
scenario_2_bedroom_voc_rise_ep09_d063,scenario_2_bedroom_voc_rise_ep09,scenario_2_bedroom_voc_rise,63,A,train,7.647240937399906,6.2375345,0,0.0,0.0,0.0,4.0,8.88888888888889,0.6577777777777778,82.66000000000011,1.0,1.0,1,70.4624969917545,-0.312132034254623,0
scenario_2_bedroom_voc_rise_ep09_d063,scenario_2_bedroom_voc_rise_ep09,scenario_2_bedroom_voc_rise,63,B,train,21.372041302015997,19.264837,0,510.0,0.0,0.0,5.656854249492381,12.57078722109418,0.9302382543609692,82.66000000000011,1.0,1.0,1,152.18841489409897,-0.15966726481178367,0
scenario_2_bedroom_voc_rise_ep09_d063,scenario_2_bedroom_voc_rise_ep09,scenario_2_bedroom_voc_rise,63,C,train,27.66131540865464,25.429243,0,990.0,900.0,0.0,0.0,0.0,0.0,82.66000000000011,0.0,1.0,1,410.5157065007977,0.9999999999970594,4
scenario_2_bedroom_voc_rise_ep09_d063,scenario_2_bedroom_voc_rise_ep09,scenario_2_bedroom_voc_rise,63,D,train,6.069442976605456,5.9789605,0,0.0,0.0,0.0,4.0,8.88888888888889,0.6577777777777778,82.66000000000011,1.0,1.0,1,72.46993540513063,-0.3062287274860485,0
scenario_2_bedroom_voc_rise_ep09_d066,scenario_2_bedroom_voc_rise_ep09,scenario_2_bedroom_voc_rise,66,A,train,5.948410039105399,6.24909,0,0.0,0.0,0.0,0.0,0.0,0.0,82.42000000000012,0.0,1.0,1,72.16961616817093,0.0,0
scenario_2_bedroom_voc_rise_ep09_d066,scenario_2_bedroom_voc_rise_ep09,scenario_2_bedroom_voc_rise,66,B,train,20.962036984652123,17.722221,-1,600.0,0.0,0.0,4.0,8.88888888888889,0.6577777777777778,82.42000000000012,1.0,1.0,1,149.27746607560812,-0.06980904854281003,0
scenario_2_bedroom_voc_rise_ep09_d066,scenario_2_bedroom_voc_rise_ep09,scenario_2_bedroom_voc_rise,66,C,train,27.800364154100095,25.141241,0,1080.0,990.0,0.0,4.0,8.88888888888889,0.6577777777777778,82.42000000000012,1.0,1.0,1,390.372405229613,0.6878679657422344,4
scenario_2_bedroom_voc_rise_ep09_d066,scenario_2_bedroom_voc_rise_ep09,scenario_2_bedroom_voc_rise,66,D,train,6.204417920689783,6.162738,0,0.0,0.0,0.0,5.656854249492381,12.57078722109418,0.9302382543609692,82.42000000000012,1.0,1.0,1,74.05788414973495,-0.3940658344550283,0
scenario_2_bedroom_voc_rise_ep09_d069,scenario_2_bedroom_voc_rise_ep09,scenario_2_bedroom_voc_rise,69,A,train,5.934860334354641,6.2859545,0,0.0,0.0,0.0,4.0,8.88888888888889,0.6577777777777778,82.18000000000012,1.0,1.0,1,73.59908198767016,-0.312132034254623,0
scenario_2_bedroom_voc_rise_ep09_d069,scenario_2_bedroom_voc_rise_ep09,scenario_2_bedroom_voc_rise,69,B,train,21.38344821055243,13.276842,-1,690.0,0.0,0.0,0.0,0.0,0.0,82.18000000000012,0.0,1.0,1,146.3503359794272,0.24433156391000296,3
scenario_2_bedroom_voc_rise_ep09_d069,scenario_2_bedroom_voc_rise_ep09,scenario_2_bedroom_voc_rise,69,C,train,26.89671216273134,24.976292,0,1170.0,1080.0,0.0,5.656854249492381,12.57078722109418,0.9302382543609692,82.18000000000012,1.0,1.0,1,371.3553473972015,0.6000000001399598,4
scenario_2_bedroom_voc_rise_ep09_d069,scenario_2_bedroom_voc_rise_ep09,scenario_2_bedroom_voc_rise,69,D,train,6.935614324844341,6.2516403,0,0.0,0.0,0.0,4.0,8.88888888888889,0.6577777777777778,82.18000000000012,1.0,1.0,1,75.37528987968972,-0.30616672605339806,0
scenario_2_bedroom_voc_rise_ep09_d072,scenario_2_bedroom_voc_rise_ep09,scenario_2_bedroom_voc_rise,72,A,train,6.701626813979771,6.2851157,0,0.0,0.0,0.0,5.656854249492381,12.57078722109418,0.9302382543609692,81.94000000000013,1.0,1.0,1,74.7732172407957,-0.3999999998566819,0
scenario_2_bedroom_voc_rise_ep09_d072,scenario_2_bedroom_voc_rise_ep09,scenario_2_bedroom_voc_rise,72,B,train,21.72466473209101,13.093952,-1,780.0,0.0,0.0,4.0,8.88888888888889,0.6577777777777778,81.94000000000013,1.0,1.0,1,143.4145101122133,-0.06577339418348496,0
scenario_2_bedroom_voc_rise_ep09_d072,scenario_2_bedroom_voc_rise_ep09,scenario_2_bedroom_voc_rise,72,C,train,27.045158903608176,24.447346,0,1260.0,1170.0,0.0,4.0,8.88888888888889,0.6577777777777778,81.94000000000013,1.0,1.0,1,353.39666170919554,0.687867965741788,4
scenario_2_bedroom_voc_rise_ep09_d072,scenario_2_bedroom_voc_rise_ep09,scenario_2_bedroom_voc_rise,72,D,train,6.345605340490435,6.2323246,0,0.0,0.0,0.0,0.0,0.0,0.0,81.94000000000013,0.0,1.0,1,76.44404898495168,0.005996737809834509,3
scenario_2_bedroom_voc_rise_ep09_d075,scenario_2_bedroom_voc_rise_ep09,scenario_2_bedroom_voc_rise,75,A,train,5.894574794743619,5.9907293,0,0.0,0.0,0.0,0.0,0.0,0.0,81.70000000000013,0.0,1.0,1,75.7127960628834,0.0,0
scenario_2_bedroom_voc_rise_ep09_d075,scenario_2_bedroom_voc_rise_ep09,scenario_2_bedroom_voc_rise,75,B,train,14.166739335812542,12.890631,0,30.0,0.0,0.0,4.0,8.88888888888889,0.6577777777777778,81.70000000000013,1.0,1.0,1,140.47676934765445,-0.06372764801231068,0
scenario_2_bedroom_voc_rise_ep09_d075,scenario_2_bedroom_voc_rise_ep09,scenario_2_bedroom_voc_rise,75,C,train,26.694702923821,23.847189,0,1350.0,1260.0,0.0,4.0,8.88888888888889,0.6577777777777778,81.70000000000013,1.0,1.0,1,336.43272240648264,0.6878679657415415,4
scenario_2_bedroom_voc_rise_ep09_d075,scenario_2_bedroom_voc_rise_ep09,scenario_2_bedroom_voc_rise,75,D,train,5.7880708013377244,6.194867,0,0.0,0.0,0.0,5.656854249492381,12.57078722109418,0.9302382543609692,81.70000000000013,1.0,1.0,1,77.28453490052698,-0.3939715429616528,0
scenario_2_bedroom_voc_rise_ep09_d078,scenario_2_bedroom_voc_rise_ep09,scenario_2_bedroom_voc_rise,78,A,train,6.076393381868379,6.2170525,0,0.0,0.0,0.0,4.0,8.88888888888889,0.6577777777777778,81.46000000000014,1.0,1.0,1,76.43714598256724,-0.312132034254623,0
scenario_2_bedroom_voc_rise_ep09_d078,scenario_2_bedroom_voc_rise_ep09,scenario_2_bedroom_voc_rise,78,B,train,15.926445398319505,15.477996,0,120.0,0.0,0.0,5.656854249492381,12.57078722109418,0.9302382543609692,81.46000000000014,1.0,1.0,1,137.54324383167796,-0.1495310237547251,0
scenario_2_bedroom_voc_rise_ep09_d078,scenario_2_bedroom_voc_rise_ep09,scenario_2_bedroom_voc_rise,78,C,train,26.77732671442079,24.009502,0,1440.0,1350.0,0.0,0.0,0.0,0.0,81.46000000000014,0.0,1.0,1,320.40387910797506,0.9999999999959012,4
scenario_2_bedroom_voc_rise_ep09_d078,scenario_2_bedroom_voc_rise_ep09,scenario_2_bedroom_voc_rise,78,D,train,5.839801654625278,6.1883683,0,0.0,0.0,0.0,4.0,8.88888888888889,0.6577777777777778,81.46000000000014,1.0,1.0,1,77.91569859826427,-0.3060715661049309,0
scenario_2_bedroom_voc_rise_ep10_d012,scenario_2_bedroom_voc_rise_ep10,scenario_2_bedroom_voc_rise,12,A,test,4.527314625485304,5.9848957,0,0.0,0.0,0.0,4.0,8.88888888888889,0.6577777777777778,86.04000000000002,1.0,1.0,1,44.56438436555322,0.4454477481430076,3
scenario_2_bedroom_voc_rise_ep10_d012,scenario_2_bedroom_voc_rise_ep10,scenario_2_bedroom_voc_rise,12,B,test,4.961434425873787,5.5772405,0,0.0,0.0,0.0,5.656854249492381,12.57078722109418,0.9302382543609692,86.04000000000002,1.0,1.0,1,52.80537948629842,0.600000000113902,4
scenario_2_bedroom_voc_rise_ep10_d012,scenario_2_bedroom_voc_rise_ep10,scenario_2_bedroom_voc_rise,12,C,test,4.2805495372506055,14.389042,1,0.0,0.0,0.0,0.0,0.0,0.0,86.04000000000002,0.0,1.0,1,33.607241889755585,0.43526035081901854,2
scenario_2_bedroom_voc_rise_ep10_d012,scenario_2_bedroom_voc_rise_ep10,scenario_2_bedroom_voc_rise,12,D,test,3.098928155569618,7.306573,1,0.0,0.0,0.0,4.0,8.88888888888889,0.6577777777777778,86.04000000000002,1.0,1.0,1,18.810710217334645,-0.312132034254623,0
scenario_2_bedroom_voc_rise_ep10_d015,scenario_2_bedroom_voc_rise_ep10,scenario_2_bedroom_voc_rise,15,A,test,4.224006098807211,5.664893,0,0.0,0.0,0.0,5.656854249492381,12.57078722109418,0.9302382543609692,85.80000000000003,1.0,1.0,1,43.33671323766805,0.095570895135106,2
scenario_2_bedroom_voc_rise_ep10_d015,scenario_2_bedroom_voc_rise_ep10,scenario_2_bedroom_voc_rise,15,B,test,4.785501876737864,5.9379945,0,0.0,0.0,0.0,4.0,8.88888888888889,0.6577777777777778,85.80000000000003,1.0,1.0,1,58.92698155385415,0.5030156048752387,3
scenario_2_bedroom_voc_rise_ep10_d015,scenario_2_bedroom_voc_rise_ep10,scenario_2_bedroom_voc_rise,15,C,test,5.053937506124661,8.744262,1,0.0,0.0,0.0,4.0,8.88888888888889,0.6577777777777778,85.80000000000003,1.0,1.0,1,67.9448401977898,0.6878679657248786,4
scenario_2_bedroom_voc_rise_ep10_d015,scenario_2_bedroom_voc_rise_ep10,scenario_2_bedroom_voc_rise,15,D,test,2.872369865428285,4.567433,0,0.0,0.0,0.0,0.0,0.0,0.0,85.80000000000003,0.0,1.0,1,19.16072620377929,0.0,0
scenario_2_bedroom_voc_rise_ep10_d018,scenario_2_bedroom_voc_rise_ep10,scenario_2_bedroom_voc_rise,18,A,test,4.9022510553101535,5.550063,0,0.0,0.0,0.0,4.0,8.88888888888889,0.6577777777777778,85.56000000000003,1.0,1.0,1,42.75182656260256,-0.11317762283241711,0
scenario_2_bedroom_voc_rise_ep10_d018,scenario_2_bedroom_voc_rise_ep10,scenario_2_bedroom_voc_rise,18,B,test,6.80037141530902,6.765564,0,0.0,0.0,0.0,0.0,0.0,0.0,85.56000000000003,0.0,1.0,1,65.70570612216011,0.40017495539515113,3
scenario_2_bedroom_voc_rise_ep10_d018,scenario_2_bedroom_voc_rise_ep10,scenario_2_bedroom_voc_rise,18,C,test,4.561176590129508,12.121349,1,0.0,0.0,0.0,5.656854249492381,12.57078722109418,0.9302382543609692,85.56000000000003,1.0,1.0,1,134.1296928514471,0.6000000001345519,4
scenario_2_bedroom_voc_rise_ep10_d018,scenario_2_bedroom_voc_rise_ep10,scenario_2_bedroom_voc_rise,18,D,test,2.5182452871888947,4.071649,0,0.0,0.0,0.0,4.0,8.88888888888889,0.6577777777777778,85.56000000000003,1.0,1.0,1,20.056452087111666,-0.312132034254623,0
scenario_2_bedroom_voc_rise_ep10_d021,scenario_2_bedroom_voc_rise_ep10,scenario_2_bedroom_voc_rise,21,A,test,5.2364841933829815,5.578934,0,0.0,0.0,0.0,4.0,8.88888888888889,0.6577777777777778,85.32000000000004,1.0,1.0,1,43.18092735096889,-0.21411489959286378,0
scenario_2_bedroom_voc_rise_ep10_d021,scenario_2_bedroom_voc_rise_ep10,scenario_2_bedroom_voc_rise,21,B,test,7.974260917592526,10.143748,0,0.0,0.0,0.0,5.656854249492381,12.57078722109418,0.9302382543609692,85.32000000000004,1.0,1.0,1,72.74651720996542,-0.1659668914415064,0
scenario_2_bedroom_voc_rise_ep10_d021,scenario_2_bedroom_voc_rise_ep10,scenario_2_bedroom_voc_rise,21,C,test,4.895882570653262,9.045421,1,0.0,0.0,0.0,0.0,0.0,0.0,85.32000000000004,0.0,1.0,1,239.2436008766739,0.9999999999953996,4
scenario_2_bedroom_voc_rise_ep10_d021,scenario_2_bedroom_voc_rise_ep10,scenario_2_bedroom_voc_rise,21,D,test,3.456951857806027,4.6234922,0,0.0,0.0,0.0,4.0,8.88888888888889,0.6577777777777778,85.32000000000004,1.0,1.0,1,21.875088613106527,-0.312132034254623,0
scenario_2_bedroom_voc_rise_ep10_d024,scenario_2_bedroom_voc_rise_ep10,scenario_2_bedroom_voc_rise,24,A,test,4.242307061217164,5.7809205,0,0.0,0.0,0.0,0.0,0.0,0.0,85.08000000000004,0.0,1.0,1,44.452352143269536,0.0620333977227348,3
scenario_2_bedroom_voc_rise_ep10_d024,scenario_2_bedroom_voc_rise_ep10,scenario_2_bedroom_voc_rise,24,B,test,8.802621549909626,10.568526,0,0.0,0.0,0.0,4.0,8.88888888888889,0.6577777777777778,85.08000000000004,1.0,1.0,1,80.15245464824648,-0.139378414345929,0
scenario_2_bedroom_voc_rise_ep10_d024,scenario_2_bedroom_voc_rise_ep10,scenario_2_bedroom_voc_rise,24,C,test,5.15925850828364,9.360932,1,0.0,0.0,0.0,4.0,8.88888888888889,0.6577777777777778,85.08000000000004,1.0,1.0,1,346.8858479069638,0.6878679657422756,4
scenario_2_bedroom_voc_rise_ep10_d024,scenario_2_bedroom_voc_rise_ep10,scenario_2_bedroom_voc_rise,24,D,test,4.236608682521346,6.14278,0,0.0,0.0,0.0,5.656854249492381,12.57078722109418,0.9302382543609692,85.08000000000004,1.0,1.0,1,24.450598048935035,-0.3999999998566819,0
scenario_2_bedroom_voc_rise_ep10_d027,scenario_2_bedroom_voc_rise_ep10,scenario_2_bedroom_voc_rise,27,A,test,4.834609916371496,5.7455516,0,0.0,0.0,0.0,4.0,8.88888888888889,0.6577777777777778,84.84000000000005,1.0,1.0,1,46.88762344093129,-0.2704006890052636,0
scenario_2_bedroom_voc_rise_ep10_d027,scenario_2_bedroom_voc_rise_ep10,scenario_2_bedroom_voc_rise,27,B,test,8.699524516509403,11.291759,0,0.0,0.0,0.0,0.0,0.0,0.0,84.84000000000005,0.0,1.0,1,89.57309390428486,0.13659431974067018,3
scenario_2_bedroom_voc_rise_ep10_d027,scenario_2_bedroom_voc_rise_ep10,scenario_2_bedroom_voc_rise,27,C,test,4.226698607733083,10.934248,1,0.0,0.0,0.0,5.656854249492381,12.57078722109418,0.9302382543609692,84.84000000000005,1.0,1.0,1,478.0795460805477,0.6000000001410959,4
scenario_2_bedroom_voc_rise_ep10_d027,scenario_2_bedroom_voc_rise_ep10,scenario_2_bedroom_voc_rise,27,D,test,3.454682844207948,4.236818,0,0.0,0.0,0.0,4.0,8.88888888888889,0.6577777777777778,84.84000000000005,1.0,1.0,1,28.10977977126322,-0.312132034254623,0
scenario_2_bedroom_voc_rise_ep10_d030,scenario_2_bedroom_voc_rise_ep10,scenario_2_bedroom_voc_rise,30,A,test,4.448065130629894,5.611318,0,0.0,0.0,0.0,5.656854249492381,12.57078722109418,0.9302382543609692,84.60000000000005,1.0,1.0,1,50.24438694192236,-0.36798342896615266,0
scenario_2_bedroom_voc_rise_ep10_d030,scenario_2_bedroom_voc_rise_ep10,scenario_2_bedroom_voc_rise,30,B,test,10.045495871297645,12.05418,0,0.0,0.0,0.0,4.0,8.88888888888889,0.6577777777777778,84.60000000000005,1.0,1.0,1,98.4162542795134,-0.1926298313658641,0
scenario_2_bedroom_voc_rise_ep10_d030,scenario_2_bedroom_voc_rise_ep10,scenario_2_bedroom_voc_rise,30,C,test,10.664827856188296,36.511112,1,0.0,0.0,0.0,4.0,8.88888888888889,0.6577777777777778,84.60000000000005,1.0,1.0,1,583.2412718807425,0.6878679657435609,4
scenario_2_bedroom_voc_rise_ep10_d030,scenario_2_bedroom_voc_rise_ep10,scenario_2_bedroom_voc_rise,30,D,test,3.256544076755524,4.662996,0,0.0,0.0,0.0,0.0,0.0,0.0,84.60000000000005,0.0,1.0,1,32.61522921263531,0.0,0
scenario_2_bedroom_voc_rise_ep10_d033,scenario_2_bedroom_voc_rise_ep10,scenario_2_bedroom_voc_rise,33,A,test,5.171418706596983,5.908633,0,0.0,0.0,0.0,0.0,0.0,0.0,84.36000000000006,0.0,1.0,1,54.24380584862456,0.02752620087453312,3
scenario_2_bedroom_voc_rise_ep10_d033,scenario_2_bedroom_voc_rise_ep10,scenario_2_bedroom_voc_rise,33,B,test,9.822644047823974,12.580347,0,0.0,0.0,0.0,4.0,8.88888888888889,0.6577777777777778,84.36000000000006,1.0,1.0,1,108.00422709133431,-0.19519640878104305,0
scenario_2_bedroom_voc_rise_ep10_d033,scenario_2_bedroom_voc_rise_ep10,scenario_2_bedroom_voc_rise,33,C,test,21.622866679557983,33.435776,1,90.0,0.0,0.0,4.0,8.88888888888889,0.6577777777777778,84.36000000000006,1.0,1.0,1,638.9763586286515,0.6878679657437139,4
scenario_2_bedroom_voc_rise_ep10_d033,scenario_2_bedroom_voc_rise_ep10,scenario_2_bedroom_voc_rise,33,D,test,4.142098153273435,4.7952447,0,0.0,0.0,0.0,5.656854249492381,12.57078722109418,0.9302382543609692,84.36000000000006,1.0,1.0,1,37.69275252440798,-0.3999999998566819,0
scenario_2_bedroom_voc_rise_ep10_d036,scenario_2_bedroom_voc_rise_ep10,scenario_2_bedroom_voc_rise,36,A,test,4.858503710590998,5.761175,0,0.0,0.0,0.0,4.0,8.88888888888889,0.6577777777777778,84.12000000000006,1.0,1.0,1,59.31062634292812,-0.28744540651108236,0
scenario_2_bedroom_voc_rise_ep10_d036,scenario_2_bedroom_voc_rise_ep10,scenario_2_bedroom_voc_rise,36,B,test,10.32225389670868,14.0736265,1,0.0,0.0,0.0,5.656854249492381,12.57078722109418,0.9302382543609692,84.12000000000006,1.0,1.0,1,118.50638222688622,-0.2812708267361489,0
scenario_2_bedroom_voc_rise_ep10_d036,scenario_2_bedroom_voc_rise_ep10,scenario_2_bedroom_voc_rise,36,C,test,33.37415540629955,31.867949,0,180.0,90.0,0.0,0.0,0.0,0.0,84.12000000000006,0.0,1.0,1,673.2286361428212,0.9999999999984114,4
scenario_2_bedroom_voc_rise_ep10_d036,scenario_2_bedroom_voc_rise_ep10,scenario_2_bedroom_voc_rise,36,D,test,3.8472312281780456,4.747697,0,0.0,0.0,0.0,4.0,8.88888888888889,0.6577777777777778,84.12000000000006,1.0,1.0,1,43.77145113614665,-0.312132034254623,0
scenario_2_bedroom_voc_rise_ep10_d039,scenario_2_bedroom_voc_rise_ep10,scenario_2_bedroom_voc_rise,39,A,test,4.715781077493773,5.8145714,0,0.0,0.0,0.0,5.656854249492381,12.57078722109418,0.9302382543609692,83.88000000000007,1.0,1.0,1,63.40936199788439,-0.375233806769668,0
scenario_2_bedroom_voc_rise_ep10_d039,scenario_2_bedroom_voc_rise_ep10,scenario_2_bedroom_voc_rise,39,B,test,12.524357828341348,14.434721,0,0.0,0.0,0.0,4.0,8.88888888888889,0.6577777777777778,83.88000000000007,1.0,1.0,1,127.78876151911504,-0.1780790649260565,0
scenario_2_bedroom_voc_rise_ep10_d039,scenario_2_bedroom_voc_rise_ep10,scenario_2_bedroom_voc_rise,39,C,test,37.127801906490205,31.745987,-1,270.0,180.0,0.0,4.0,8.88888888888889,0.6577777777777778,83.88000000000007,1.0,1.0,1,637.9067443983058,0.6878679657436795,4
scenario_2_bedroom_voc_rise_ep10_d039,scenario_2_bedroom_voc_rise_ep10,scenario_2_bedroom_voc_rise,39,D,test,3.374065812152654,4.7459884,0,0.0,0.0,0.0,0.0,0.0,0.0,83.88000000000007,0.0,1.0,1,48.81992406035488,0.0,0
scenario_2_bedroom_voc_rise_ep10_d042,scenario_2_bedroom_voc_rise_ep10,scenario_2_bedroom_voc_rise,42,A,test,5.5379160676134624,6.1483207,0,0.0,0.0,0.0,4.0,8.88888888888889,0.6577777777777778,83.64000000000007,1.0,1.0,1,67.07695949530398,-0.28728556393642457,0
scenario_2_bedroom_voc_rise_ep10_d042,scenario_2_bedroom_voc_rise_ep10,scenario_2_bedroom_voc_rise,42,B,test,12.8486515082324,14.983381,0,0.0,0.0,0.0,0.0,0.0,0.0,83.64000000000007,0.0,1.0,1,135.40469528180438,0.14878441236881418,3
scenario_2_bedroom_voc_rise_ep10_d042,scenario_2_bedroom_voc_rise_ep10,scenario_2_bedroom_voc_rise,42,C,test,35.26065769021048,30.987947,-1,360.0,270.0,0.0,5.656854249492381,12.57078722109418,0.9302382543609692,83.64000000000007,1.0,1.0,1,604.6849883589432,0.6000000001415043,4
scenario_2_bedroom_voc_rise_ep10_d042,scenario_2_bedroom_voc_rise_ep10,scenario_2_bedroom_voc_rise,42,D,test,3.461906163038136,5.030027,0,0.0,0.0,0.0,4.0,8.88888888888889,0.6577777777777778,83.64000000000007,1.0,1.0,1,53.37895038655461,-0.312132034254623,0
scenario_2_bedroom_voc_rise_ep10_d045,scenario_2_bedroom_voc_rise_ep10,scenario_2_bedroom_voc_rise,45,A,test,5.027547094536617,6.6159277,0,0.0,0.0,0.0,4.0,8.88888888888889,0.6577777777777778,83.40000000000008,1.0,1.0,1,70.3798626112391,-0.28720456857229815,0
scenario_2_bedroom_voc_rise_ep10_d045,scenario_2_bedroom_voc_rise_ep10,scenario_2_bedroom_voc_rise,45,B,test,13.438535078951755,15.187536,0,0.0,0.0,0.0,5.656854249492381,12.57078722109418,0.9302382543609692,83.40000000000008,1.0,1.0,1,142.91945061489105,-0.23447796066259544,0
scenario_2_bedroom_voc_rise_ep10_d045,scenario_2_bedroom_voc_rise_ep10,scenario_2_bedroom_voc_rise,45,C,test,33.34680261722823,30.56406,0,450.0,360.0,0.0,0.0,0.0,0.0,83.40000000000008,0.0,1.0,1,573.4672730725201,0.9999999999980619,4
scenario_2_bedroom_voc_rise_ep10_d045,scenario_2_bedroom_voc_rise_ep10,scenario_2_bedroom_voc_rise,45,D,test,4.332464952004725,5.564241,0,0.0,0.0,0.0,4.0,8.88888888888889,0.6577777777777778,83.40000000000008,1.0,1.0,1,57.51856899651966,-0.312132034254623,0
scenario_2_bedroom_voc_rise_ep10_d048,scenario_2_bedroom_voc_rise_ep10,scenario_2_bedroom_voc_rise,48,A,test,6.307598124912893,6.181102,0,0.0,0.0,0.0,0.0,0.0,0.0,83.16000000000008,0.0,1.0,1,73.3197668805833,0.025009185477146527,3
scenario_2_bedroom_voc_rise_ep10_d048,scenario_2_bedroom_voc_rise_ep10,scenario_2_bedroom_voc_rise,48,B,test,13.22774184368425,16.894644,1,0.0,0.0,0.0,4.0,8.88888888888889,0.6577777777777778,83.16000000000008,1.0,1.0,1,148.97818429361405,-0.1304345330338996,0
scenario_2_bedroom_voc_rise_ep10_d048,scenario_2_bedroom_voc_rise_ep10,scenario_2_bedroom_voc_rise,48,C,test,31.026679935182955,28.603539,0,540.0,450.0,0.0,4.0,8.88888888888889,0.6577777777777778,83.16000000000008,1.0,1.0,1,544.1031923633357,0.687867965743306,4
scenario_2_bedroom_voc_rise_ep10_d048,scenario_2_bedroom_voc_rise_ep10,scenario_2_bedroom_voc_rise,48,D,test,5.441622828165535,5.4918284,0,0.0,0.0,0.0,5.656854249492381,12.57078722109418,0.9302382543609692,83.16000000000008,1.0,1.0,1,61.24384797743801,-0.3999999998566819,0
scenario_2_bedroom_voc_rise_ep10_d051,scenario_2_bedroom_voc_rise_ep10,scenario_2_bedroom_voc_rise,51,A,test,6.447641942874714,6.204253,0,0.0,0.0,0.0,4.0,8.88888888888889,0.6577777777777778,82.92000000000009,1.0,1.0,1,75.93403906924914,-0.2870403982012574,0
scenario_2_bedroom_voc_rise_ep10_d051,scenario_2_bedroom_voc_rise_ep10,scenario_2_bedroom_voc_rise,51,B,test,16.5837641492847,21.271755,1,60.0,0.0,0.0,0.0,0.0,0.0,82.92000000000009,0.0,1.0,1,153.77914542702433,0.19735630788371464,3
scenario_2_bedroom_voc_rise_ep10_d051,scenario_2_bedroom_voc_rise_ep10,scenario_2_bedroom_voc_rise,51,C,test,31.058230266746744,28.002167,-1,630.0,540.0,0.0,5.656854249492381,12.57078722109418,0.9302382543609692,82.92000000000009,1.0,1.0,1,516.4877781149339,0.6000000001411053,4
scenario_2_bedroom_voc_rise_ep10_d051,scenario_2_bedroom_voc_rise_ep10,scenario_2_bedroom_voc_rise,51,D,test,5.88985355036573,5.5323753,0,0.0,0.0,0.0,4.0,8.88888888888889,0.6577777777777778,82.92000000000009,1.0,1.0,1,64.5953179228236,-0.312132034254623,0
scenario_2_bedroom_voc_rise_ep10_d054,scenario_2_bedroom_voc_rise_ep10,scenario_2_bedroom_voc_rise,54,A,test,5.733562450272,6.297002,0,0.0,0.0,0.0,5.656854249492381,12.57078722109418,0.9302382543609692,82.68000000000009,1.0,1.0,1,78.23036478343988,-0.3748251760416691,0
scenario_2_bedroom_voc_rise_ep10_d054,scenario_2_bedroom_voc_rise_ep10,scenario_2_bedroom_voc_rise,54,B,test,18.000362520480767,21.617458,1,150.0,0.0,0.0,4.0,8.88888888888889,0.6577777777777778,82.68000000000009,1.0,1.0,1,156.90756638252697,-0.10092034604523942,0
scenario_2_bedroom_voc_rise_ep10_d054,scenario_2_bedroom_voc_rise_ep10,scenario_2_bedroom_voc_rise,54,C,test,30.01706759749198,26.87852,-1,720.0,630.0,0.0,4.0,8.88888888888889,0.6577777777777778,82.68000000000009,1.0,1.0,1,490.4955207247938,0.6878679657430125,4
scenario_2_bedroom_voc_rise_ep10_d054,scenario_2_bedroom_voc_rise_ep10,scenario_2_bedroom_voc_rise,54,D,test,5.197564152199267,5.719337,0,0.0,0.0,0.0,0.0,0.0,0.0,82.68000000000009,0.0,1.0,1,67.58363250828984,0.0,0
scenario_2_bedroom_voc_rise_ep10_d057,scenario_2_bedroom_voc_rise_ep10,scenario_2_bedroom_voc_rise,57,A,test,6.362637250412802,6.417493,0,0.0,0.0,0.0,0.0,0.0,0.0,82.4400000000001,0.0,1.0,1,80.20965070463558,0.02525875521987117,3
scenario_2_bedroom_voc_rise_ep10_d057,scenario_2_bedroom_voc_rise_ep10,scenario_2_bedroom_voc_rise,57,B,test,15.013410319734508,14.745882,0,0.0,0.0,30.0,4.0,8.88888888888889,0.6577777777777778,82.4400000000001,1.0,1.0,1,157.532651616483,-0.09150967325408893,0
scenario_2_bedroom_voc_rise_ep10_d057,scenario_2_bedroom_voc_rise_ep10,scenario_2_bedroom_voc_rise,57,C,test,29.34673898585825,26.262993,-1,810.0,720.0,0.0,4.0,8.88888888888889,0.6577777777777778,82.4400000000001,1.0,1.0,1,466.0026844561346,0.6878679657428505,4
scenario_2_bedroom_voc_rise_ep10_d057,scenario_2_bedroom_voc_rise_ep10,scenario_2_bedroom_voc_rise,57,D,test,5.520853463268584,5.638252,0,0.0,0.0,0.0,5.656854249492381,12.57078722109418,0.9302382543609692,82.4400000000001,1.0,1.0,1,70.21248288469383,-0.3999999998566819,0
scenario_2_bedroom_voc_rise_ep10_d060,scenario_2_bedroom_voc_rise_ep10,scenario_2_bedroom_voc_rise,60,A,test,5.120494815873663,5.7943015,0,0.0,0.0,0.0,4.0,8.88888888888889,0.6577777777777778,82.2000000000001,1.0,1.0,1,81.8815906892205,-0.2867885974747564,0
scenario_2_bedroom_voc_rise_ep10_d060,scenario_2_bedroom_voc_rise_ep10,scenario_2_bedroom_voc_rise,60,B,test,18.17284007978572,20.730839,0,60.0,0.0,0.0,5.656854249492381,12.57078722109418,0.9302382543609692,82.2000000000001,1.0,1.0,1,155.8160772453325,-0.1750538094029565,0
scenario_2_bedroom_voc_rise_ep10_d060,scenario_2_bedroom_voc_rise_ep10,scenario_2_bedroom_voc_rise,60,C,test,29.97807453462041,25.454004,-1,900.0,810.0,0.0,0.0,0.0,0.0,82.2000000000001,0.0,1.0,1,442.9023243398667,0.9999999999973003,4
scenario_2_bedroom_voc_rise_ep10_d060,scenario_2_bedroom_voc_rise_ep10,scenario_2_bedroom_voc_rise,60,D,test,5.317511854183963,5.714672,0,0.0,0.0,0.0,4.0,8.88888888888889,0.6577777777777778,82.2000000000001,1.0,1.0,1,72.49417517816823,-0.312132034254623,0
scenario_2_bedroom_voc_rise_ep10_d063,scenario_2_bedroom_voc_rise_ep10,scenario_2_bedroom_voc_rise,63,A,test,7.143982525667743,6.497232,0,0.0,0.0,0.0,5.656854249492381,12.57078722109418,0.9302382543609692,81.96000000000011,1.0,1.0,1,83.27143492906953,-0.3745711247951826,0
scenario_2_bedroom_voc_rise_ep10_d063,scenario_2_bedroom_voc_rise_ep10,scenario_2_bedroom_voc_rise,63,B,test,19.780096495362763,18.697744,0,150.0,0.0,0.0,4.0,8.88888888888889,0.6577777777777778,81.96000000000011,1.0,1.0,1,153.09961000105568,-0.08526844714226794,0
scenario_2_bedroom_voc_rise_ep10_d063,scenario_2_bedroom_voc_rise_ep10,scenario_2_bedroom_voc_rise,63,C,test,28.98390365059448,25.80288,-1,990.0,900.0,0.0,4.0,8.88888888888889,0.6577777777777778,81.96000000000011,1.0,1.0,1,421.1105414030599,0.6878679657424923,4
scenario_2_bedroom_voc_rise_ep10_d063,scenario_2_bedroom_voc_rise_ep10,scenario_2_bedroom_voc_rise,63,D,test,5.339694195182156,5.599291,0,0.0,0.0,0.0,0.0,0.0,0.0,81.96000000000011,0.0,1.0,1,74.45641034070695,0.0,0
scenario_2_bedroom_voc_rise_ep10_d066,scenario_2_bedroom_voc_rise_ep10,scenario_2_bedroom_voc_rise,66,A,test,6.2178444202088015,6.461628,0,0.0,0.0,0.0,4.0,8.88888888888889,0.6577777777777778,81.72000000000011,1.0,1.0,1,84.39169226735794,-0.2866169575683922,0
scenario_2_bedroom_voc_rise_ep10_d066,scenario_2_bedroom_voc_rise_ep10,scenario_2_bedroom_voc_rise,66,B,test,19.046888563332832,16.922695,0,240.0,0.0,0.0,0.0,0.0,0.0,81.72000000000011,0.0,1.0,1,150.34152912343825,0.22879811463415736,3
scenario_2_bedroom_voc_rise_ep10_d066,scenario_2_bedroom_voc_rise_ep10,scenario_2_bedroom_voc_rise,66,C,test,28.2676214818208,25.90275,0,1080.0,990.0,0.0,5.656854249492381,12.57078722109418,0.9302382543609692,81.72000000000011,1.0,1.0,1,400.5377040537055,0.6000000001402359,4
scenario_2_bedroom_voc_rise_ep10_d066,scenario_2_bedroom_voc_rise_ep10,scenario_2_bedroom_voc_rise,66,D,test,5.5010269180001945,5.708718,0,0.0,0.0,0.0,4.0,8.88888888888889,0.6577777777777778,81.72000000000011,1.0,1.0,1,76.1139964900135,-0.312132034254623,0
scenario_2_bedroom_voc_rise_ep10_d069,scenario_2_bedroom_voc_rise_ep10,scenario_2_bedroom_voc_rise,69,A,test,5.993723569503668,6.5047193,0,0.0,0.0,0.0,4.0,8.88888888888889,0.6577777777777778,81.48000000000012,1.0,1.0,1,85.26453509516841,-0.28652998592370404,0
scenario_2_bedroom_voc_rise_ep10_d069,scenario_2_bedroom_voc_rise_ep10,scenario_2_bedroom_voc_rise,69,B,test,20.68702287051326,14.379272,-1,330.0,0.0,0.0,5.656854249492381,12.57078722109418,0.9302382543609692,81.48000000000012,1.0,1.0,1,147.55135627591767,-0.16925007699625155,0
scenario_2_bedroom_voc_rise_ep10_d069,scenario_2_bedroom_voc_rise_ep10,scenario_2_bedroom_voc_rise,69,C,test,19.678962385441764,23.500828,1,0.0,0.0,30.0,0.0,0.0,0.0,81.48000000000012,0.0,1.0,1,381.1104029282492,0.9999999999967064,4
scenario_2_bedroom_voc_rise_ep10_d069,scenario_2_bedroom_voc_rise_ep10,scenario_2_bedroom_voc_rise,69,D,test,5.7468556125035,6.0441813,0,0.0,0.0,0.0,4.0,8.88888888888889,0.6577777777777778,81.48000000000012,1.0,1.0,1,77.49126320577602,-0.312132034254623,0
scenario_2_bedroom_voc_rise_ep10_d072,scenario_2_bedroom_voc_rise_ep10,scenario_2_bedroom_voc_rise,72,A,test,6.377964781897251,6.568225,0,0.0,0.0,0.0,0.0,0.0,0.0,81.24000000000012,0.0,1.0,1,85.91058567575465,0.0256897967282334,3
scenario_2_bedroom_voc_rise_ep10_d072,scenario_2_bedroom_voc_rise_ep10,scenario_2_bedroom_voc_rise,72,B,test,19.47306378001796,13.467696,-1,420.0,0.0,0.0,4.0,8.88888888888889,0.6577777777777778,81.24000000000012,1.0,1.0,1,144.73776463407376,-0.0794128713697744,0
scenario_2_bedroom_voc_rise_ep10_d072,scenario_2_bedroom_voc_rise_ep10,scenario_2_bedroom_voc_rise,72,C,test,19.475054745642,23.233973,1,60.0,0.0,0.0,4.0,8.88888888888889,0.6577777777777778,81.24000000000012,1.0,1.0,1,362.7598160657016,0.6878679657418577,4
scenario_2_bedroom_voc_rise_ep10_d072,scenario_2_bedroom_voc_rise_ep10,scenario_2_bedroom_voc_rise,72,D,test,6.2037829108978135,6.061449,0,0.0,0.0,0.0,5.656854249492381,12.57078722109418,0.9302382543609692,81.24000000000012,1.0,1.0,1,78.61085666826989,-0.3999999998566819,0
scenario_2_bedroom_voc_rise_ep10_d075,scenario_2_bedroom_voc_rise_ep10,scenario_2_bedroom_voc_rise,75,A,test,6.955141951714906,6.534785,0,0.0,0.0,0.0,4.0,8.88888888888889,0.6577777777777778,81.00000000000013,1.0,1.0,1,86.34901863210848,-0.2863537055875731,0
scenario_2_bedroom_voc_rise_ep10_d075,scenario_2_bedroom_voc_rise_ep10,scenario_2_bedroom_voc_rise,75,B,test,14.96313119930589,12.949321,0,0.0,0.0,0.0,0.0,0.0,0.0,81.00000000000013,0.0,1.0,1,141.90864248279215,0.23470598706287638,3
scenario_2_bedroom_voc_rise_ep10_d075,scenario_2_bedroom_voc_rise_ep10,scenario_2_bedroom_voc_rise,75,C,test,20.02159393777075,22.681105,0,150.0,0.0,0.0,5.656854249492381,12.57078722109418,0.9302382543609692,81.00000000000013,1.0,1.0,1,345.4214172883287,0.6000000001395578,4
scenario_2_bedroom_voc_rise_ep10_d075,scenario_2_bedroom_voc_rise_ep10,scenario_2_bedroom_voc_rise,75,D,test,5.906713118739518,6.2598505,0,0.0,0.0,0.0,4.0,8.88888888888889,0.6577777777777778,81.00000000000013,1.0,1.0,1,79.49385041150299,-0.312132034254623,0
scenario_2_bedroom_voc_rise_ep10_d078,scenario_2_bedroom_voc_rise_ep10,scenario_2_bedroom_voc_rise,78,A,test,6.75350583413393,6.4370236,0,0.0,0.0,0.0,5.656854249492381,12.57078722109418,0.9302382543609692,80.76000000000013,1.0,1.0,1,86.59765680654505,-0.3741323488637721,0
scenario_2_bedroom_voc_rise_ep10_d078,scenario_2_bedroom_voc_rise_ep10,scenario_2_bedroom_voc_rise,78,B,test,13.44086779897368,12.725799,0,0.0,0.0,0.0,4.0,8.88888888888889,0.6577777777777778,80.76000000000013,1.0,1.0,1,139.07115233947025,-0.07542148523341291,0
scenario_2_bedroom_voc_rise_ep10_d078,scenario_2_bedroom_voc_rise_ep10,scenario_2_bedroom_voc_rise,78,C,test,20.60232069296099,22.679464,0,240.0,0.0,0.0,4.0,8.88888888888889,0.6577777777777778,80.76000000000013,1.0,1.0,1,329.03470326105537,0.687867965741359,4
scenario_2_bedroom_voc_rise_ep10_d078,scenario_2_bedroom_voc_rise_ep10,scenario_2_bedroom_voc_rise,78,D,test,7.620245812542207,6.405523,0,0.0,0.0,0.0,0.0,0.0,0.0,80.76000000000013,0.0,1.0,1,80.15984893387235,0.0,0
scenario_2_bedroom_voc_rise_ep11_d012,scenario_2_bedroom_voc_rise_ep11,scenario_2_bedroom_voc_rise,12,A,train,3.758250700316727,4.0299864,0,0.0,0.0,0.0,5.656854249492381,12.57078722109418,0.9302382543609692,85.34000000000002,1.0,1.0,1,17.715139669957466,-0.3999999998566819,0
scenario_2_bedroom_voc_rise_ep11_d012,scenario_2_bedroom_voc_rise_ep11,scenario_2_bedroom_voc_rise,12,B,train,3.9744930974052433,5.958254,0,0.0,0.0,0.0,4.0,8.88888888888889,0.6577777777777778,85.34000000000002,1.0,1.0,1,44.68389674281707,0.6878679657082971,4
scenario_2_bedroom_voc_rise_ep11_d012,scenario_2_bedroom_voc_rise_ep11,scenario_2_bedroom_voc_rise,12,C,train,3.617261160684983,7.1700096,1,0.0,0.0,0.0,4.0,8.88888888888889,0.6577777777777778,85.34000000000002,1.0,1.0,1,36.18020098204829,0.37255140375182194,2
scenario_2_bedroom_voc_rise_ep11_d012,scenario_2_bedroom_voc_rise_ep11,scenario_2_bedroom_voc_rise,12,D,train,4.606165930662633,5.159504,0,0.0,0.0,0.0,0.0,0.0,0.0,85.34000000000002,0.0,1.0,1,32.99510697239049,0.5665803307355108,3
scenario_2_bedroom_voc_rise_ep11_d015,scenario_2_bedroom_voc_rise_ep11,scenario_2_bedroom_voc_rise,15,A,train,2.4598007844224643,3.672594,0,0.0,0.0,0.0,0.0,0.0,0.0,85.10000000000002,0.0,1.0,1,18.03200395435374,0.0,0
scenario_2_bedroom_voc_rise_ep11_d015,scenario_2_bedroom_voc_rise_ep11,scenario_2_bedroom_voc_rise,15,B,train,5.319752650617035,8.243306,0,0.0,0.0,0.0,4.0,8.88888888888889,0.6577777777777778,85.10000000000002,1.0,1.0,1,51.62764919099863,0.33383118901218956,3
scenario_2_bedroom_voc_rise_ep11_d015,scenario_2_bedroom_voc_rise_ep11,scenario_2_bedroom_voc_rise,15,C,train,3.1850542841610325,7.888047,1,0.0,0.0,0.0,4.0,8.88888888888889,0.6577777777777778,85.10000000000002,1.0,1.0,1,70.04060758057346,0.6878679657261495,4
scenario_2_bedroom_voc_rise_ep11_d015,scenario_2_bedroom_voc_rise_ep11,scenario_2_bedroom_voc_rise,15,D,train,3.9199916080802986,4.6347775,0,0.0,0.0,0.0,5.656854249492381,12.57078722109418,0.9302382543609692,85.10000000000002,1.0,1.0,1,32.31534753628523,-0.1253657550246206,0
scenario_2_bedroom_voc_rise_ep11_d018,scenario_2_bedroom_voc_rise_ep11,scenario_2_bedroom_voc_rise,18,A,train,3.478606063021997,3.535153,0,0.0,0.0,0.0,4.0,8.88888888888889,0.6577777777777778,84.86000000000003,1.0,1.0,1,18.95894490306432,-0.312132034254623,0
scenario_2_bedroom_voc_rise_ep11_d018,scenario_2_bedroom_voc_rise_ep11,scenario_2_bedroom_voc_rise,18,B,train,5.529554586368779,10.140466,1,0.0,0.0,0.0,5.656854249492381,12.57078722109418,0.9302382543609692,84.86000000000003,1.0,1.0,1,58.61033644143379,-0.08113114656329538,0
scenario_2_bedroom_voc_rise_ep11_d018,scenario_2_bedroom_voc_rise_ep11,scenario_2_bedroom_voc_rise,18,C,train,3.855224928406062,10.430784,1,0.0,0.0,0.0,0.0,0.0,0.0,84.86000000000003,0.0,1.0,1,143.30910055018217,0.9999999999919582,4
scenario_2_bedroom_voc_rise_ep11_d018,scenario_2_bedroom_voc_rise_ep11,scenario_2_bedroom_voc_rise,18,D,train,4.133678371719188,4.647515,0,0.0,0.0,0.0,4.0,8.88888888888889,0.6577777777777778,84.86000000000003,1.0,1.0,1,32.31052149101788,-0.20476122705004315,0
scenario_2_bedroom_voc_rise_ep11_d021,scenario_2_bedroom_voc_rise_ep11,scenario_2_bedroom_voc_rise,21,A,train,3.2952713290293847,3.6387584,0,0.0,0.0,0.0,5.656854249492381,12.57078722109418,0.9302382543609692,84.62000000000003,1.0,1.0,1,20.41743476773536,-0.3999999998566819,0
scenario_2_bedroom_voc_rise_ep11_d021,scenario_2_bedroom_voc_rise_ep11,scenario_2_bedroom_voc_rise,21,B,train,7.024152077604076,9.983254,0,0.0,0.0,0.0,4.0,8.88888888888889,0.6577777777777778,84.62000000000003,1.0,1.0,1,67.49211952211681,-0.07889613554452848,0
scenario_2_bedroom_voc_rise_ep11_d021,scenario_2_bedroom_voc_rise_ep11,scenario_2_bedroom_voc_rise,21,C,train,3.0662593510962464,12.851515,1,0.0,0.0,0.0,4.0,8.88888888888889,0.6577777777777778,84.62000000000003,1.0,1.0,1,222.2503644946497,0.6878679657404224,4
scenario_2_bedroom_voc_rise_ep11_d021,scenario_2_bedroom_voc_rise_ep11,scenario_2_bedroom_voc_rise,21,D,train,3.4294558369109005,4.8843813,0,0.0,0.0,0.0,0.0,0.0,0.0,84.62000000000003,0.0,1.0,1,32.89788851603623,0.06183556749201155,3
scenario_2_bedroom_voc_rise_ep11_d024,scenario_2_bedroom_voc_rise_ep11,scenario_2_bedroom_voc_rise,24,A,train,2.838474866963764,4.2303576,0,0.0,0.0,0.0,4.0,8.88888888888889,0.6577777777777778,84.38000000000004,1.0,1.0,1,23.344700783341978,-0.312132034254623,0
scenario_2_bedroom_voc_rise_ep11_d024,scenario_2_bedroom_voc_rise_ep11,scenario_2_bedroom_voc_rise,24,B,train,7.235471791093929,10.041911,0,0.0,0.0,0.0,0.0,0.0,0.0,84.38000000000004,0.0,1.0,1,74.11142890331462,0.1520633055693384,3
scenario_2_bedroom_voc_rise_ep11_d024,scenario_2_bedroom_voc_rise_ep11,scenario_2_bedroom_voc_rise,24,C,train,2.77982603267891,17.054464,1,0.0,0.0,0.0,5.656854249492381,12.57078722109418,0.9302382543609692,84.38000000000004,1.0,1.0,1,357.1972888863395,0.600000000140323,4
scenario_2_bedroom_voc_rise_ep11_d024,scenario_2_bedroom_voc_rise_ep11,scenario_2_bedroom_voc_rise,24,D,train,2.9663621810077494,5.1503196,0,0.0,0.0,0.0,4.0,8.88888888888889,0.6577777777777778,84.38000000000004,1.0,1.0,1,35.01073644542976,-0.2771883612750572,0
scenario_2_bedroom_voc_rise_ep11_d027,scenario_2_bedroom_voc_rise_ep11,scenario_2_bedroom_voc_rise,27,A,train,2.7060460722918944,3.797557,0,0.0,0.0,0.0,4.0,8.88888888888889,0.6577777777777778,84.14000000000004,1.0,1.0,1,26.72186188734554,-0.312132034254623,0
scenario_2_bedroom_voc_rise_ep11_d027,scenario_2_bedroom_voc_rise_ep11,scenario_2_bedroom_voc_rise,27,B,train,8.342325643024141,11.110615,0,0.0,0.0,0.0,5.656854249492381,12.57078722109418,0.9302382543609692,84.14000000000004,1.0,1.0,1,82.57169825832375,-0.2743014595765769,0
scenario_2_bedroom_voc_rise_ep11_d027,scenario_2_bedroom_voc_rise_ep11,scenario_2_bedroom_voc_rise,27,C,train,3.8232024664961934,20.104786,1,0.0,0.0,0.0,0.0,0.0,0.0,84.14000000000004,0.0,1.0,1,471.0375734811119,0.9999999999977494,4
scenario_2_bedroom_voc_rise_ep11_d027,scenario_2_bedroom_voc_rise_ep11,scenario_2_bedroom_voc_rise,27,D,train,3.8833461735793406,5.647912,0,0.0,0.0,0.0,4.0,8.88888888888889,0.6577777777777778,84.14000000000004,1.0,1.0,1,37.626500297252505,-0.28758948911083926,0
scenario_2_bedroom_voc_rise_ep11_d030,scenario_2_bedroom_voc_rise_ep11,scenario_2_bedroom_voc_rise,30,A,train,4.058746615034909,3.915503,0,0.0,0.0,0.0,0.0,0.0,0.0,83.90000000000005,0.0,1.0,1,31.496698777586744,0.0,0
scenario_2_bedroom_voc_rise_ep11_d030,scenario_2_bedroom_voc_rise_ep11,scenario_2_bedroom_voc_rise,30,B,train,9.223642569084648,12.042123,0,0.0,0.0,0.0,4.0,8.88888888888889,0.6577777777777778,83.90000000000005,1.0,1.0,1,91.8235883251018,-0.20466600001303242,0
scenario_2_bedroom_voc_rise_ep11_d030,scenario_2_bedroom_voc_rise_ep11,scenario_2_bedroom_voc_rise,30,C,train,10.161017451487412,35.981766,1,0.0,0.0,0.0,4.0,8.88888888888889,0.6577777777777778,83.90000000000005,1.0,1.0,1,592.8544335553383,0.6878679657435957,4
scenario_2_bedroom_voc_rise_ep11_d030,scenario_2_bedroom_voc_rise_ep11,scenario_2_bedroom_voc_rise,30,D,train,4.539903434527556,5.680283,0,0.0,0.0,0.0,5.656854249492381,12.57078722109418,0.9302382543609692,83.90000000000005,1.0,1.0,1,41.68951578578594,-0.38184256409565775,0
scenario_2_bedroom_voc_rise_ep11_d033,scenario_2_bedroom_voc_rise_ep11,scenario_2_bedroom_voc_rise,33,A,train,2.102201598121471,4.7477417,0,0.0,0.0,0.0,4.0,8.88888888888889,0.6577777777777778,83.66000000000005,1.0,1.0,1,37.15919975588599,-0.312132034254623,0
scenario_2_bedroom_voc_rise_ep11_d033,scenario_2_bedroom_voc_rise_ep11,scenario_2_bedroom_voc_rise,33,B,train,10.41679839716427,12.6382885,0,0.0,0.0,0.0,0.0,0.0,0.0,83.66000000000005,0.0,1.0,1,103.26878882107644,0.10527682144054805,3
scenario_2_bedroom_voc_rise_ep11_d033,scenario_2_bedroom_voc_rise_ep11,scenario_2_bedroom_voc_rise,33,C,train,23.013459685318303,32.933537,1,90.0,0.0,0.0,5.656854249492381,12.57078722109418,0.9302382543609692,83.66000000000005,1.0,1.0,1,665.1187844059468,0.6000000001417258,4
scenario_2_bedroom_voc_rise_ep11_d033,scenario_2_bedroom_voc_rise_ep11,scenario_2_bedroom_voc_rise,33,D,train,3.5986892757031472,5.4288034,0,0.0,0.0,0.0,4.0,8.88888888888889,0.6577777777777778,83.66000000000005,1.0,1.0,1,46.686549689757385,-0.2969601184709576,0
scenario_2_bedroom_voc_rise_ep11_d036,scenario_2_bedroom_voc_rise_ep11,scenario_2_bedroom_voc_rise,36,A,train,2.9173574432439517,4.2099824,0,0.0,0.0,0.0,5.656854249492381,12.57078722109418,0.9302382543609692,83.42000000000006,1.0,1.0,1,41.87380698149241,-0.3999999998566819,0
scenario_2_bedroom_voc_rise_ep11_d036,scenario_2_bedroom_voc_rise_ep11,scenario_2_bedroom_voc_rise,36,B,train,11.292942380676072,13.551634,0,0.0,0.0,0.0,4.0,8.88888888888889,0.6577777777777778,83.42000000000006,1.0,1.0,1,112.86998595618002,-0.1941156315101496,0
scenario_2_bedroom_voc_rise_ep11_d036,scenario_2_bedroom_voc_rise_ep11,scenario_2_bedroom_voc_rise,36,C,train,32.32084139688665,31.008883,0,180.0,90.0,0.0,4.0,8.88888888888889,0.6577777777777778,83.42000000000006,1.0,1.0,1,643.4527174003179,0.6878679657437148,4
scenario_2_bedroom_voc_rise_ep11_d036,scenario_2_bedroom_voc_rise_ep11,scenario_2_bedroom_voc_rise,36,D,train,3.863441714084422,5.096242,0,0.0,0.0,0.0,0.0,0.0,0.0,83.42000000000006,0.0,1.0,1,50.77903163153405,0.014803086504191003,3
scenario_2_bedroom_voc_rise_ep11_d039,scenario_2_bedroom_voc_rise_ep11,scenario_2_bedroom_voc_rise,39,A,train,3.5248095860056514,4.51975,0,0.0,0.0,0.0,0.0,0.0,0.0,83.18000000000006,0.0,1.0,1,46.68289367005991,0.0,0
scenario_2_bedroom_voc_rise_ep11_d039,scenario_2_bedroom_voc_rise_ep11,scenario_2_bedroom_voc_rise,39,B,train,11.71778831961479,14.637658,0,0.0,0.0,0.0,4.0,8.88888888888889,0.6577777777777778,83.18000000000006,1.0,1.0,1,122.57252416505366,-0.17732940279540804,0
scenario_2_bedroom_voc_rise_ep11_d039,scenario_2_bedroom_voc_rise_ep11,scenario_2_bedroom_voc_rise,39,C,train,34.53417947567418,29.29079,-1,270.0,180.0,0.0,4.0,8.88888888888889,0.6577777777777778,83.18000000000006,1.0,1.0,1,609.6513585536229,0.6878679657436008,4
scenario_2_bedroom_voc_rise_ep11_d039,scenario_2_bedroom_voc_rise_ep11,scenario_2_bedroom_voc_rise,39,D,train,4.324133063747828,5.252725,0,0.0,0.0,0.0,5.656854249492381,12.57078722109418,0.9302382543609692,83.18000000000006,1.0,1.0,1,55.006517738242565,-0.3852147594971008,0
scenario_2_bedroom_voc_rise_ep11_d042,scenario_2_bedroom_voc_rise_ep11,scenario_2_bedroom_voc_rise,42,A,train,3.6311052782477127,4.626858,0,0.0,0.0,0.0,4.0,8.88888888888889,0.6577777777777778,82.94000000000007,1.0,1.0,1,51.0527538521585,-0.312132034254623,0
scenario_2_bedroom_voc_rise_ep11_d042,scenario_2_bedroom_voc_rise_ep11,scenario_2_bedroom_voc_rise,42,B,train,12.924669378355503,16.944603,1,0.0,0.0,0.0,5.656854249492381,12.57078722109418,0.9302382543609692,82.94000000000007,1.0,1.0,1,131.25572360282513,-0.24776490600089504,0
scenario_2_bedroom_voc_rise_ep11_d042,scenario_2_bedroom_voc_rise_ep11,scenario_2_bedroom_voc_rise,42,C,train,33.73052953910039,30.254108,-1,360.0,270.0,0.0,0.0,0.0,0.0,82.94000000000007,0.0,1.0,1,577.8890287158974,0.9999999999981019,4
scenario_2_bedroom_voc_rise_ep11_d042,scenario_2_bedroom_voc_rise_ep11,scenario_2_bedroom_voc_rise,42,D,train,4.876630063319049,5.549409,0,0.0,0.0,0.0,4.0,8.88888888888889,0.6577777777777778,82.94000000000007,1.0,1.0,1,58.83266773831156,-0.2973648015158552,0
scenario_2_bedroom_voc_rise_ep11_d045,scenario_2_bedroom_voc_rise_ep11,scenario_2_bedroom_voc_rise,45,A,train,3.989781297464429,4.991093,0,0.0,0.0,0.0,5.656854249492381,12.57078722109418,0.9302382543609692,82.70000000000007,1.0,1.0,1,54.99577295560766,-0.3999999998566819,0
scenario_2_bedroom_voc_rise_ep11_d045,scenario_2_bedroom_voc_rise_ep11,scenario_2_bedroom_voc_rise,45,B,train,13.433912284110225,17.27399,1,0.0,0.0,0.0,4.0,8.88888888888889,0.6577777777777778,82.70000000000007,1.0,1.0,1,138.20618922724907,-0.14335619186432821,0
scenario_2_bedroom_voc_rise_ep11_d045,scenario_2_bedroom_voc_rise_ep11,scenario_2_bedroom_voc_rise,45,C,train,31.19533730196089,28.633366,0,450.0,360.0,0.0,4.0,8.88888888888889,0.6577777777777778,82.70000000000007,1.0,1.0,1,548.0190344188698,0.6878679657433487,4
scenario_2_bedroom_voc_rise_ep11_d045,scenario_2_bedroom_voc_rise_ep11,scenario_2_bedroom_voc_rise,45,D,train,4.801849630194304,5.4464517,0,0.0,0.0,0.0,0.0,0.0,0.0,82.70000000000007,0.0,1.0,1,62.26740370113043,0.014749062192169753,3
scenario_2_bedroom_voc_rise_ep11_d048,scenario_2_bedroom_voc_rise_ep11,scenario_2_bedroom_voc_rise,48,A,train,4.62137320992465,5.124287,0,0.0,0.0,0.0,4.0,8.88888888888889,0.6577777777777778,82.46000000000008,1.0,1.0,1,58.55316232470523,-0.312132034254623,0
scenario_2_bedroom_voc_rise_ep11_d048,scenario_2_bedroom_voc_rise_ep11,scenario_2_bedroom_voc_rise,48,B,train,14.68492344977561,20.830927,1,90.0,0.0,0.0,0.0,0.0,0.0,82.46000000000008,0.0,1.0,1,144.15760944236104,0.1855397799406415,3
scenario_2_bedroom_voc_rise_ep11_d048,scenario_2_bedroom_voc_rise_ep11,scenario_2_bedroom_voc_rise,48,C,train,30.16420254937993,26.437428,-1,540.0,450.0,0.0,5.656854249492381,12.57078722109418,0.9302382543609692,82.46000000000008,1.0,1.0,1,519.9337198787625,0.6000000001411508,4
scenario_2_bedroom_voc_rise_ep11_d048,scenario_2_bedroom_voc_rise_ep11,scenario_2_bedroom_voc_rise,48,D,train,4.6335375889266,5.4984612,0,0.0,0.0,0.0,4.0,8.88888888888889,0.6577777777777778,82.46000000000008,1.0,1.0,1,65.34963347991265,-0.2974013069972301,0
scenario_2_bedroom_voc_rise_ep11_d051,scenario_2_bedroom_voc_rise_ep11,scenario_2_bedroom_voc_rise,51,A,train,5.85814856499843,5.219638,0,0.0,0.0,0.0,4.0,8.88888888888889,0.6577777777777778,82.22000000000008,1.0,1.0,1,61.71737061551971,-0.312132034254623,0
scenario_2_bedroom_voc_rise_ep11_d051,scenario_2_bedroom_voc_rise_ep11,scenario_2_bedroom_voc_rise,51,B,train,16.0660011357769,21.425611,1,180.0,0.0,0.0,5.656854249492381,12.57078722109418,0.9302382543609692,82.22000000000008,1.0,1.0,1,147.1522977047373,-0.20212809073381627,0
scenario_2_bedroom_voc_rise_ep11_d051,scenario_2_bedroom_voc_rise_ep11,scenario_2_bedroom_voc_rise,51,C,train,28.629618305367003,25.885126,0,630.0,540.0,0.0,0.0,0.0,0.0,82.22000000000008,0.0,1.0,1,493.4862228378438,0.999999999997684,4
scenario_2_bedroom_voc_rise_ep11_d051,scenario_2_bedroom_voc_rise_ep11,scenario_2_bedroom_voc_rise,51,D,train,5.824852433337003,5.7886863,0,0.0,0.0,0.0,4.0,8.88888888888889,0.6577777777777778,82.22000000000008,1.0,1.0,1,68.06965174743118,-0.2974198077954854,0
scenario_2_bedroom_voc_rise_ep11_d054,scenario_2_bedroom_voc_rise_ep11,scenario_2_bedroom_voc_rise,54,A,train,4.23415143561677,5.2944684,0,0.0,0.0,0.0,0.0,0.0,0.0,81.98000000000009,0.0,1.0,1,64.55075202455555,0.0,0
scenario_2_bedroom_voc_rise_ep11_d054,scenario_2_bedroom_voc_rise_ep11,scenario_2_bedroom_voc_rise,54,B,train,18.196275636761342,21.499556,1,270.0,0.0,0.0,4.0,8.88888888888889,0.6577777777777778,81.98000000000009,1.0,1.0,1,149.43642804729348,-0.10204901942021621,0
scenario_2_bedroom_voc_rise_ep11_d054,scenario_2_bedroom_voc_rise_ep11,scenario_2_bedroom_voc_rise,54,C,train,27.890147849333932,25.871416,0,720.0,630.0,0.0,4.0,8.88888888888889,0.6577777777777778,81.98000000000009,1.0,1.0,1,468.608529324815,0.6878679657429021,4
scenario_2_bedroom_voc_rise_ep11_d054,scenario_2_bedroom_voc_rise_ep11,scenario_2_bedroom_voc_rise,54,D,train,5.61826845244674,5.891409,0,0.0,0.0,0.0,5.656854249492381,12.57078722109418,0.9302382543609692,81.98000000000009,1.0,1.0,1,70.48779853556789,-0.3853064415476043,0
scenario_2_bedroom_voc_rise_ep11_d057,scenario_2_bedroom_voc_rise_ep11,scenario_2_bedroom_voc_rise,57,A,train,5.197823464208614,5.330552,0,0.0,0.0,0.0,4.0,8.88888888888889,0.6577777777777778,81.7400000000001,1.0,1.0,1,67.06714774322063,-0.312132034254623,0
scenario_2_bedroom_voc_rise_ep11_d057,scenario_2_bedroom_voc_rise_ep11,scenario_2_bedroom_voc_rise,57,B,train,19.434269922610305,20.999304,0,360.0,0.0,0.0,0.0,0.0,0.0,81.7400000000001,0.0,1.0,1,150.73493691256294,0.2212699912038665,3
scenario_2_bedroom_voc_rise_ep11_d057,scenario_2_bedroom_voc_rise_ep11,scenario_2_bedroom_voc_rise,57,C,train,28.28343333209932,24.507711,-1,810.0,720.0,0.0,5.656854249492381,12.57078722109418,0.9302382543609692,81.7400000000001,1.0,1.0,1,445.19248102456,0.6000000001406737,4
scenario_2_bedroom_voc_rise_ep11_d057,scenario_2_bedroom_voc_rise_ep11,scenario_2_bedroom_voc_rise,57,D,train,5.843517201347948,6.122489,0,0.0,0.0,0.0,4.0,8.88888888888889,0.6577777777777778,81.7400000000001,1.0,1.0,1,72.6160316277851,-0.2974573129488669,0
scenario_2_bedroom_voc_rise_ep11_d060,scenario_2_bedroom_voc_rise_ep11,scenario_2_bedroom_voc_rise,60,A,train,5.463665680658629,5.6273127,0,0.0,0.0,0.0,5.656854249492381,12.57078722109418,0.9302382543609692,81.5000000000001,1.0,1.0,1,69.24986233174286,-0.3999999998566819,0
scenario_2_bedroom_voc_rise_ep11_d060,scenario_2_bedroom_voc_rise_ep11,scenario_2_bedroom_voc_rise,60,B,train,21.34175397069517,20.601759,0,450.0,0.0,0.0,4.0,8.88888888888889,0.6577777777777778,81.5000000000001,1.0,1.0,1,149.4480291341024,-0.08549221363682111,0
scenario_2_bedroom_voc_rise_ep11_d060,scenario_2_bedroom_voc_rise_ep11,scenario_2_bedroom_voc_rise,60,C,train,27.88260099292348,25.811974,0,900.0,810.0,0.0,4.0,8.88888888888889,0.6577777777777778,81.5000000000001,1.0,1.0,1,423.1072144224706,0.687867965742551,4
scenario_2_bedroom_voc_rise_ep11_d060,scenario_2_bedroom_voc_rise_ep11,scenario_2_bedroom_voc_rise,60,D,train,5.896648683141152,6.1938996,0,0.0,0.0,0.0,0.0,0.0,0.0,81.5000000000001,0.0,1.0,1,74.43589445760699,0.014655713934466439,3
scenario_2_bedroom_voc_rise_ep11_d063,scenario_2_bedroom_voc_rise_ep11,scenario_2_bedroom_voc_rise,63,A,train,5.705770660800199,5.992407,0,0.0,0.0,0.0,0.0,0.0,0.0,81.2600000000001,0.0,1.0,1,71.12464892872754,0.0,0
scenario_2_bedroom_voc_rise_ep11_d063,scenario_2_bedroom_voc_rise_ep11,scenario_2_bedroom_voc_rise,63,B,train,22.05895400257037,20.939165,0,540.0,0.0,0.0,4.0,8.88888888888889,0.6577777777777778,81.2600000000001,1.0,1.0,1,146.85203413994918,-0.08344994894429097,0
scenario_2_bedroom_voc_rise_ep11_d063,scenario_2_bedroom_voc_rise_ep11,scenario_2_bedroom_voc_rise,63,C,train,27.84191269968965,25.995426,0,990.0,900.0,0.0,4.0,8.88888888888889,0.6577777777777778,81.2600000000001,1.0,1.0,1,402.27164327341984,0.6878679657423572,4
scenario_2_bedroom_voc_rise_ep11_d063,scenario_2_bedroom_voc_rise_ep11,scenario_2_bedroom_voc_rise,63,D,train,5.727174049500936,6.3198895,0,0.0,0.0,0.0,5.656854249492381,12.57078722109418,0.9302382543609692,81.2600000000001,1.0,1.0,1,75.97149339138969,-0.38536346518953524,0
scenario_2_bedroom_voc_rise_ep11_d066,scenario_2_bedroom_voc_rise_ep11,scenario_2_bedroom_voc_rise,66,A,train,5.408179564054692,5.9281135,0,0.0,0.0,0.0,4.0,8.88888888888889,0.6577777777777778,81.02000000000011,1.0,1.0,1,72.70931071501263,-0.312132034254623,0
scenario_2_bedroom_voc_rise_ep11_d066,scenario_2_bedroom_voc_rise_ep11,scenario_2_bedroom_voc_rise,66,B,train,20.66252413831741,20.120417,0,630.0,0.0,0.0,5.656854249492381,12.57078722109418,0.9302382543609692,81.02000000000011,1.0,1.0,1,144.21518995180622,-0.16925718171277498,0
scenario_2_bedroom_voc_rise_ep11_d066,scenario_2_bedroom_voc_rise_ep11,scenario_2_bedroom_voc_rise,66,C,train,26.29850227051808,25.431433,0,1080.0,990.0,0.0,0.0,0.0,0.0,81.02000000000011,0.0,1.0,1,382.6035895998572,0.9999999999967731,4
scenario_2_bedroom_voc_rise_ep11_d066,scenario_2_bedroom_voc_rise_ep11,scenario_2_bedroom_voc_rise,66,D,train,6.501593365649675,6.373161,0,0.0,0.0,0.0,4.0,8.88888888888889,0.6577777777777778,81.02000000000011,1.0,1.0,1,77.23909177855148,-0.2975148522923594,0
scenario_2_bedroom_voc_rise_ep11_d069,scenario_2_bedroom_voc_rise_ep11,scenario_2_bedroom_voc_rise,69,A,train,5.6355401470803,5.9908595,0,0.0,0.0,0.0,5.656854249492381,12.57078722109418,0.9302382543609692,80.78000000000011,1.0,1.0,1,74.02698837488651,-0.3999999998566819,0
scenario_2_bedroom_voc_rise_ep11_d069,scenario_2_bedroom_voc_rise_ep11,scenario_2_bedroom_voc_rise,69,B,train,21.237045511874552,15.251048,-1,720.0,0.0,0.0,4.0,8.88888888888889,0.6577777777777778,80.78000000000011,1.0,1.0,1,141.5467356444144,-0.07930984954224424,0
scenario_2_bedroom_voc_rise_ep11_d069,scenario_2_bedroom_voc_rise_ep11,scenario_2_bedroom_voc_rise,69,C,train,26.389388084879617,24.982267,0,1170.0,1080.0,0.0,4.0,8.88888888888889,0.6577777777777778,80.78000000000011,1.0,1.0,1,364.0326308900397,0.6878679657419289,4
scenario_2_bedroom_voc_rise_ep11_d069,scenario_2_bedroom_voc_rise_ep11,scenario_2_bedroom_voc_rise,69,D,train,5.763555034113326,6.4616337,0,0.0,0.0,0.0,0.0,0.0,0.0,80.78000000000011,0.0,1.0,1,78.26039047914878,0.01459765426469752,3
scenario_2_bedroom_voc_rise_ep11_d072,scenario_2_bedroom_voc_rise_ep11,scenario_2_bedroom_voc_rise,72,A,train,6.034248263319052,5.8375034,0,0.0,0.0,0.0,4.0,8.88888888888889,0.6577777777777778,80.54000000000012,1.0,1.0,1,75.0992223637486,-0.312132034254623,0
scenario_2_bedroom_voc_rise_ep11_d072,scenario_2_bedroom_voc_rise_ep11,scenario_2_bedroom_voc_rise,72,B,train,20.43325301065004,13.185678,-1,810.0,0.0,0.0,0.0,0.0,0.0,80.54000000000012,0.0,1.0,1,138.8550855115334,0.23492035206863898,3
scenario_2_bedroom_voc_rise_ep11_d072,scenario_2_bedroom_voc_rise_ep11,scenario_2_bedroom_voc_rise,72,C,train,24.66501622629432,24.352406,0,1260.0,0.0,0.0,5.656854249492381,12.57078722109418,0.9302382543609692,80.54000000000012,1.0,1.0,1,346.49275036647225,0.6000000001396336,4
scenario_2_bedroom_voc_rise_ep11_d072,scenario_2_bedroom_voc_rise_ep11,scenario_2_bedroom_voc_rise,72,D,train,6.889451137037415,6.5995674,0,0.0,0.0,0.0,4.0,8.88888888888889,0.6577777777777778,80.54000000000012,1.0,1.0,1,79.05558364683452,-0.2975540842490074,0
scenario_2_bedroom_voc_rise_ep11_d075,scenario_2_bedroom_voc_rise_ep11,scenario_2_bedroom_voc_rise,75,A,train,5.54280163281714,5.8062115,0,0.0,0.0,0.0,4.0,8.88888888888889,0.6577777777777778,80.30000000000013,1.0,1.0,1,75.94605816806097,-0.312132034254623,0
scenario_2_bedroom_voc_rise_ep11_d075,scenario_2_bedroom_voc_rise_ep11,scenario_2_bedroom_voc_rise,75,B,train,21.92449126236483,12.470744,-1,900.0,0.0,0.0,5.656854249492381,12.57078722109418,0.9302382543609692,80.30000000000013,1.0,1.0,1,136.14789105879208,-0.16296251111972632,0
scenario_2_bedroom_voc_rise_ep11_d075,scenario_2_bedroom_voc_rise_ep11,scenario_2_bedroom_voc_rise,75,C,train,25.953264866513614,24.586205,0,1350.0,90.0,0.0,0.0,0.0,0.0,80.30000000000013,0.0,1.0,1,329.92205669587634,0.9999999999960627,4
scenario_2_bedroom_voc_rise_ep11_d075,scenario_2_bedroom_voc_rise_ep11,scenario_2_bedroom_voc_rise,75,D,train,6.221528184677516,6.391841,0,0.0,0.0,0.0,4.0,8.88888888888889,0.6577777777777778,80.30000000000013,1.0,1.0,1,79.64345792402764,-0.29757396665223435,0
scenario_2_bedroom_voc_rise_ep11_d078,scenario_2_bedroom_voc_rise_ep11,scenario_2_bedroom_voc_rise,78,A,train,5.306370306116741,6.155891,0,0.0,0.0,0.0,0.0,0.0,0.0,80.06000000000013,0.0,1.0,1,76.5861447771324,0.0,0
scenario_2_bedroom_voc_rise_ep11_d078,scenario_2_bedroom_voc_rise_ep11,scenario_2_bedroom_voc_rise,78,B,train,12.938205556143172,12.613084,0,0.0,0.0,0.0,4.0,8.88888888888889,0.6577777777777778,80.06000000000013,1.0,1.0,1,133.43209862328786,-0.07295826952912804,0
scenario_2_bedroom_voc_rise_ep11_d078,scenario_2_bedroom_voc_rise_ep11,scenario_2_bedroom_voc_rise,78,C,train,24.96346616196779,23.937365,0,1440.0,0.0,0.0,4.0,8.88888888888889,0.6577777777777778,80.06000000000013,1.0,1.0,1,314.26252166219604,0.6878679657411696,4
scenario_2_bedroom_voc_rise_ep11_d078,scenario_2_bedroom_voc_rise_ep11,scenario_2_bedroom_voc_rise,78,D,train,5.880584750178752,6.5291977,0,0.0,0.0,0.0,5.656854249492381,12.57078722109418,0.9302382543609692,80.06000000000013,1.0,1.0,1,80.04148524164293,-0.38546199439824735,0
scenario_3_multi_region_ep00_d012,scenario_3_multi_region_ep00,scenario_3_multi_region,12,A,train,2.13589032521746,8.567187,1,0.0,0.0,0.0,0.0,0.0,0.0,93.04000000000002,0.0,1.0,1,161.12251222041192,0.9999999999932354,4
scenario_3_multi_region_ep00_d012,scenario_3_multi_region_ep00,scenario_3_multi_region,12,B,train,4.56884201873375,5.173254,0,0.0,0.0,0.0,4.0,8.88888888888889,0.6577777777777778,93.04000000000002,1.0,1.0,1,30.11655101118617,-0.19834248561147227,0
scenario_3_multi_region_ep00_d012,scenario_3_multi_region_ep00,scenario_3_multi_region,12,C,train,3.9746189876746447,6.0115404,0,0.0,0.0,0.0,4.0,8.88888888888889,0.6577777777777778,93.04000000000002,1.0,1.0,1,13.295366863730123,-0.312132034254623,0
scenario_3_multi_region_ep00_d012,scenario_3_multi_region_ep00,scenario_3_multi_region,12,D,train,4.35641236037453,4.9584904,0,0.0,0.0,0.0,5.656854249492381,12.57078722109418,0.9302382543609692,93.04000000000002,1.0,1.0,1,36.739220456652674,-0.24141036101736094,0
scenario_3_multi_region_ep00_d015,scenario_3_multi_region_ep00,scenario_3_multi_region,15,A,train,2.924490778812579,9.70088,1,0.0,0.0,0.0,4.0,8.88888888888889,0.6577777777777778,92.80000000000004,1.0,1.0,1,242.88183995202476,0.6878679657409856,4
scenario_3_multi_region_ep00_d015,scenario_3_multi_region_ep00,scenario_3_multi_region,15,B,train,3.9637277838908727,5.1379724,0,0.0,0.0,0.0,0.0,0.0,0.0,92.80000000000004,0.0,1.0,1,34.66230849492695,0.08562972481622447,3
scenario_3_multi_region_ep00_d015,scenario_3_multi_region_ep00,scenario_3_multi_region,15,C,train,2.3062945740921847,4.6357894,0,0.0,0.0,0.0,5.656854249492381,12.57078722109418,0.9302382543609692,92.80000000000004,1.0,1.0,1,15.162788810150914,-0.3999999998566819,0
scenario_3_multi_region_ep00_d015,scenario_3_multi_region_ep00,scenario_3_multi_region,15,D,train,3.870612930400012,5.493665,0,0.0,0.0,0.0,4.0,8.88888888888889,0.6577777777777778,92.80000000000004,1.0,1.0,1,37.16892087363283,-0.21549483173231415,0
scenario_3_multi_region_ep00_d018,scenario_3_multi_region_ep00,scenario_3_multi_region,18,A,train,5.011584166654369,21.294268,1,0.0,0.0,0.0,5.656854249492381,12.57078722109418,0.9302382543609692,92.56000000000004,1.0,1.0,1,325.00207971844054,0.6000000001400653,4
scenario_3_multi_region_ep00_d018,scenario_3_multi_region_ep00,scenario_3_multi_region,18,B,train,3.532697525233596,5.219625,0,0.0,0.0,0.0,4.0,8.88888888888889,0.6577777777777778,92.56000000000004,1.0,1.0,1,41.79052232999072,-0.23342421081429568,0
scenario_3_multi_region_ep00_d018,scenario_3_multi_region_ep00,scenario_3_multi_region,18,C,train,3.469023897551883,5.3311152,0,0.0,0.0,0.0,4.0,8.88888888888889,0.6577777777777778,92.56000000000004,1.0,1.0,1,17.59519556784585,-0.312132034254623,0
scenario_3_multi_region_ep00_d018,scenario_3_multi_region_ep00,scenario_3_multi_region,18,D,train,4.6051704765819546,6.5208273,0,0.0,0.0,0.0,0.0,0.0,0.0,92.56000000000004,0.0,1.0,1,38.574210362517874,0.06824510405019567,3
scenario_3_multi_region_ep00_d021,scenario_3_multi_region_ep00,scenario_3_multi_region,21,A,train,9.269669702199366,23.203938,1,0.0,0.0,0.0,0.0,0.0,0.0,92.32000000000004,0.0,1.0,1,410.60960072247,0.999999999997434,4
scenario_3_multi_region_ep00_d021,scenario_3_multi_region_ep00,scenario_3_multi_region,21,B,train,4.1512822309239485,5.0155354,0,0.0,0.0,0.0,4.0,8.88888888888889,0.6577777777777778,92.32000000000004,1.0,1.0,1,49.73587382472897,-0.23812294126333788,0
scenario_3_multi_region_ep00_d021,scenario_3_multi_region_ep00,scenario_3_multi_region,21,C,train,4.207180873635906,4.542268,0,0.0,0.0,0.0,4.0,8.88888888888889,0.6577777777777778,92.32000000000004,1.0,1.0,1,20.893325793197164,-0.312132034254623,0
scenario_3_multi_region_ep00_d021,scenario_3_multi_region_ep00,scenario_3_multi_region,21,D,train,5.126640437226251,6.8328876,0,0.0,0.0,0.0,5.656854249492381,12.57078722109418,0.9302382543609692,92.32000000000004,1.0,1.0,1,41.41262231493579,-0.34734811477590133,0
scenario_3_multi_region_ep00_d024,scenario_3_multi_region_ep00,scenario_3_multi_region,24,A,train,14.773869413825649,27.263187,1,90.0,0.0,0.0,4.0,8.88888888888889,0.6577777777777778,92.08000000000004,1.0,1.0,1,477.2473789090027,0.6878679657431682,4
scenario_3_multi_region_ep00_d024,scenario_3_multi_region_ep00,scenario_3_multi_region,24,B,train,3.9492438304552726,5.92759,0,0.0,0.0,0.0,5.656854249492381,12.57078722109418,0.9302382543609692,92.08000000000004,1.0,1.0,1,58.53781685566469,-0.3248302023720815,0
scenario_3_multi_region_ep00_d024,scenario_3_multi_region_ep00,scenario_3_multi_region,24,C,train,3.343054693113269,5.510033,0,0.0,0.0,0.0,0.0,0.0,0.0,92.08000000000004,0.0,1.0,1,24.50528537163132,0.0,0
scenario_3_multi_region_ep00_d024,scenario_3_multi_region_ep00,scenario_3_multi_region,24,D,train,7.22148633099176,9.19334,0,0.0,0.0,0.0,4.0,8.88888888888889,0.6577777777777778,92.08000000000004,1.0,1.0,1,45.09519229380339,-0.26665380897794677,0
scenario_3_multi_region_ep00_d027,scenario_3_multi_region_ep00,scenario_3_multi_region,27,A,train,19.56144435636606,29.664986,1,180.0,0.0,0.0,5.656854249492381,12.57078722109418,0.9302382543609692,91.84000000000005,1.0,1.0,1,554.2627446726921,0.6000000001414144,4
scenario_3_multi_region_ep00_d027,scenario_3_multi_region_ep00,scenario_3_multi_region,27,B,train,5.662606081298355,7.4618273,0,0.0,0.0,0.0,4.0,8.88888888888889,0.6577777777777778,91.84000000000005,1.0,1.0,1,67.89474477595786,-0.23810698797864058,0
scenario_3_multi_region_ep00_d027,scenario_3_multi_region_ep00,scenario_3_multi_region,27,C,train,3.8342841966520593,4.466292,0,0.0,0.0,0.0,4.0,8.88888888888889,0.6577777777777778,91.84000000000005,1.0,1.0,1,29.013116763460403,-0.312132034254623,0
scenario_3_multi_region_ep00_d027,scenario_3_multi_region_ep00,scenario_3_multi_region,27,D,train,6.652940139656486,10.774905,1,0.0,0.0,0.0,0.0,0.0,0.0,91.84000000000005,0.0,1.0,1,50.36389107955324,0.040648813786007695,3
scenario_3_multi_region_ep00_d030,scenario_3_multi_region_ep00,scenario_3_multi_region,30,A,train,23.605257884206974,32.038162,1,270.0,0.0,0.0,4.0,8.88888888888889,0.6577777777777778,91.60000000000004,1.0,1.0,1,625.4571634670469,0.6878679657436861,4
scenario_3_multi_region_ep00_d030,scenario_3_multi_region_ep00,scenario_3_multi_region,30,B,train,6.703522799759187,10.394636,1,0.0,0.0,0.0,0.0,0.0,0.0,91.60000000000004,0.0,1.0,1,77.96932875012885,0.07423672924736034,3
scenario_3_multi_region_ep00_d030,scenario_3_multi_region_ep00,scenario_3_multi_region,30,C,train,3.4412304677785057,3.730042,0,0.0,0.0,0.0,5.656854249492381,12.57078722109418,0.9302382543609692,91.60000000000004,1.0,1.0,1,34.06641378663653,-0.3999999998566819,0
scenario_3_multi_region_ep00_d030,scenario_3_multi_region_ep00,scenario_3_multi_region,30,D,train,6.760223632022999,12.054964,1,0.0,0.0,0.0,4.0,8.88888888888889,0.6577777777777778,91.60000000000004,1.0,1.0,1,57.26357447439591,-0.27290727346785726,0
scenario_3_multi_region_ep00_d033,scenario_3_multi_region_ep00,scenario_3_multi_region,33,A,train,26.31397167281294,35.067875,1,360.0,90.0,0.0,4.0,8.88888888888889,0.6577777777777778,91.36000000000006,1.0,1.0,1,653.0684668642959,0.6878679657437492,4
scenario_3_multi_region_ep00_d033,scenario_3_multi_region_ep00,scenario_3_multi_region,33,B,train,7.228638481514586,11.007933,1,0.0,0.0,0.0,5.656854249492381,12.57078722109418,0.9302382543609692,91.36000000000006,1.0,1.0,1,86.8112803174813,-0.3217705954688107,0
scenario_3_multi_region_ep00_d033,scenario_3_multi_region_ep00,scenario_3_multi_region,33,C,train,5.311061759960053,6.355986,0,0.0,0.0,0.0,0.0,0.0,0.0,91.36000000000006,0.0,1.0,1,38.7538106554448,0.0,0
scenario_3_multi_region_ep00_d033,scenario_3_multi_region_ep00,scenario_3_multi_region,33,D,train,8.551632177275847,14.500283,1,0.0,0.0,0.0,4.0,8.88888888888889,0.6577777777777778,91.36000000000006,1.0,1.0,1,64.11352838438961,-0.27085071779473724,0
scenario_3_multi_region_ep00_d036,scenario_3_multi_region_ep00,scenario_3_multi_region,36,A,train,29.592577043921118,36.68688,1,450.0,180.0,0.0,0.0,0.0,0.0,91.12000000000006,0.0,1.0,1,680.3737309587441,0.9999999999984286,4
scenario_3_multi_region_ep00_d036,scenario_3_multi_region_ep00,scenario_3_multi_region,36,B,train,8.551700387110008,11.300849,0,0.0,0.0,0.0,4.0,8.88888888888889,0.6577777777777778,91.12000000000006,1.0,1.0,1,95.68290183202998,-0.23095660890500327,0
scenario_3_multi_region_ep00_d036,scenario_3_multi_region_ep00,scenario_3_multi_region,36,C,train,3.5342484521516027,6.40239,0,0.0,0.0,30.0,4.0,8.88888888888889,0.6577777777777778,91.12000000000006,1.0,1.0,1,44.02720164516472,-0.312132034254623,0
scenario_3_multi_region_ep00_d036,scenario_3_multi_region_ep00,scenario_3_multi_region,36,D,train,9.757793758538453,15.409217,1,0.0,0.0,0.0,5.656854249492381,12.57078722109418,0.9302382543609692,91.12000000000006,1.0,1.0,1,72.34719150075011,-0.35549596227500546,0
scenario_3_multi_region_ep00_d039,scenario_3_multi_region_ep00,scenario_3_multi_region,39,A,train,30.730662795265573,35.45322,1,540.0,270.0,0.0,4.0,8.88888888888889,0.6577777777777778,90.88000000000008,1.0,1.0,1,697.5419687594942,0.6878679657438339,4
scenario_3_multi_region_ep00_d039,scenario_3_multi_region_ep00,scenario_3_multi_region,39,B,train,9.176420605418771,12.694113,1,0.0,0.0,0.0,0.0,0.0,0.0,90.88000000000008,0.0,1.0,1,106.027328110991,0.08725349785531329,3
scenario_3_multi_region_ep00_d039,scenario_3_multi_region_ep00,scenario_3_multi_region,39,C,train,5.337652234247427,5.483772,0,0.0,0.0,0.0,5.656854249492381,12.57078722109418,0.9302382543609692,90.88000000000008,1.0,1.0,1,49.48181267157224,-0.3999999998566819,0
scenario_3_multi_region_ep00_d039,scenario_3_multi_region_ep00,scenario_3_multi_region,39,D,train,12.880955232847969,17.550085,1,60.0,0.0,0.0,4.0,8.88888888888889,0.6577777777777778,90.88000000000008,1.0,1.0,1,79.71222980423636,-0.2654844864172335,0
scenario_3_multi_region_ep00_d042,scenario_3_multi_region_ep00,scenario_3_multi_region,42,A,train,34.428797939591725,34.77461,0,630.0,360.0,0.0,5.656854249492381,12.57078722109418,0.9302382543609692,90.64000000000009,1.0,1.0,1,682.0310703603609,0.6000000001417247,4
scenario_3_multi_region_ep00_d042,scenario_3_multi_region_ep00,scenario_3_multi_region,42,B,train,9.476503727641216,13.31822,1,0.0,0.0,0.0,4.0,8.88888888888889,0.6577777777777778,90.64000000000009,1.0,1.0,1,114.09459489308142,-0.2171595044551054,0
scenario_3_multi_region_ep00_d042,scenario_3_multi_region_ep00,scenario_3_multi_region,42,C,train,5.5460428316826444,5.7282357,0,0.0,0.0,0.0,4.0,8.88888888888889,0.6577777777777778,90.64000000000009,1.0,1.0,1,54.49600190374849,-0.312132034254623,0
scenario_3_multi_region_ep00_d042,scenario_3_multi_region_ep00,scenario_3_multi_region,42,D,train,14.350149726926,18.904778,1,150.0,0.0,0.0,0.0,0.0,0.0,90.64000000000009,0.0,1.0,1,87.04172225040406,0.05186279139211789,3
scenario_3_multi_region_ep00_d045,scenario_3_multi_region_ep00,scenario_3_multi_region,45,A,train,37.98613090048411,34.016457,-1,720.0,450.0,0.0,0.0,0.0,0.0,90.40000000000008,0.0,1.0,1,660.3493692530258,0.9999999999983358,4
scenario_3_multi_region_ep00_d045,scenario_3_multi_region_ep00,scenario_3_multi_region,45,B,train,10.779194256670158,13.520234,0,0.0,0.0,0.0,4.0,8.88888888888889,0.6577777777777778,90.40000000000008,1.0,1.0,1,120.7306891964422,-0.21020504456069777,0
scenario_3_multi_region_ep00_d045,scenario_3_multi_region_ep00,scenario_3_multi_region,45,C,train,6.031916721143257,6.0754547,0,0.0,0.0,0.0,4.0,8.88888888888889,0.6577777777777778,90.40000000000008,1.0,1.0,1,59.48655090290458,-0.312132034254623,0
scenario_3_multi_region_ep00_d045,scenario_3_multi_region_ep00,scenario_3_multi_region,45,D,train,15.330267984720304,21.64922,1,240.0,0.0,0.0,5.656854249492381,12.57078722109418,0.9302382543609692,90.40000000000008,1.0,1.0,1,93.7917765025893,-0.3429067257316085,0
scenario_3_multi_region_ep00_d048,scenario_3_multi_region_ep00,scenario_3_multi_region,48,A,train,35.78556700881549,32.58266,-1,810.0,540.0,0.0,4.0,8.88888888888889,0.6577777777777778,90.16000000000008,1.0,1.0,1,626.1380141456666,0.6878679657435985,4
scenario_3_multi_region_ep00_d048,scenario_3_multi_region_ep00,scenario_3_multi_region,48,B,train,11.6962051522535,13.887499,0,0.0,0.0,0.0,5.656854249492381,12.57078722109418,0.9302382543609692,90.16000000000008,1.0,1.0,1,126.2405940695346,-0.2890705607944103,0
scenario_3_multi_region_ep00_d048,scenario_3_multi_region_ep00,scenario_3_multi_region,48,C,train,4.7658365800727065,6.9062724,0,0.0,0.0,0.0,0.0,0.0,0.0,90.16000000000008,0.0,1.0,1,63.86833383031944,0.0,0
scenario_3_multi_region_ep00_d048,scenario_3_multi_region_ep00,scenario_3_multi_region,48,D,train,13.170936688678896,17.43903,1,0.0,0.0,0.0,4.0,8.88888888888889,0.6577777777777778,90.16000000000008,1.0,1.0,1,99.4712933383355,-0.24881195715570328,0
scenario_3_multi_region_ep00_d051,scenario_3_multi_region_ep00,scenario_3_multi_region,51,A,train,34.37005493542403,31.94392,0,900.0,630.0,0.0,5.656854249492381,12.57078722109418,0.9302382543609692,89.92000000000009,1.0,1.0,1,593.9622686141558,0.6000000001414176,4
scenario_3_multi_region_ep00_d051,scenario_3_multi_region_ep00,scenario_3_multi_region,51,B,train,13.230543250553458,13.544634,0,0.0,0.0,0.0,4.0,8.88888888888889,0.6577777777777778,89.92000000000009,1.0,1.0,1,130.0535209873974,-0.19382753844082895,0
scenario_3_multi_region_ep00_d051,scenario_3_multi_region_ep00,scenario_3_multi_region,51,C,train,6.342263248045894,7.2211366,0,0.0,0.0,0.0,4.0,8.88888888888889,0.6577777777777778,89.92000000000009,1.0,1.0,1,67.80698549851968,-0.312132034254623,0
scenario_3_multi_region_ep00_d051,scenario_3_multi_region_ep00,scenario_3_multi_region,51,D,train,16.99298051276797,23.283087,1,90.0,0.0,0.0,0.0,0.0,0.0,89.92000000000009,0.0,1.0,1,104.07797032240704,0.06893589399889564,3
scenario_3_multi_region_ep00_d054,scenario_3_multi_region_ep00,scenario_3_multi_region,54,A,train,34.23563329144535,30.697897,-1,990.0,720.0,0.0,4.0,8.88888888888889,0.6577777777777778,89.68000000000009,1.0,1.0,1,563.6704450290695,0.687867965743346,4
scenario_3_multi_region_ep00_d054,scenario_3_multi_region_ep00,scenario_3_multi_region,54,B,train,12.8033793987214,13.60381,0,0.0,0.0,0.0,0.0,0.0,0.0,89.68000000000009,0.0,1.0,1,131.77754017233178,0.12281150050780086,3
scenario_3_multi_region_ep00_d054,scenario_3_multi_region_ep00,scenario_3_multi_region,54,C,train,5.936215402827184,7.746355,0,0.0,0.0,0.0,5.656854249492381,12.57078722109418,0.9302382543609692,89.68000000000009,1.0,1.0,1,71.31001724543853,-0.3999999998566819,0
scenario_3_multi_region_ep00_d054,scenario_3_multi_region_ep00,scenario_3_multi_region,54,D,train,19.21207722750265,23.878693,1,180.0,0.0,0.0,4.0,8.88888888888889,0.6577777777777778,89.68000000000009,1.0,1.0,1,107.48793434869208,-0.2386535110799731,0
scenario_3_multi_region_ep00_d057,scenario_3_multi_region_ep00,scenario_3_multi_region,57,A,train,32.91223579017243,30.793724,0,1080.0,810.0,0.0,4.0,8.88888888888889,0.6577777777777778,89.4400000000001,1.0,1.0,1,535.1240985522256,0.6878679657432066,4
scenario_3_multi_region_ep00_d057,scenario_3_multi_region_ep00,scenario_3_multi_region,57,B,train,13.504684835229089,12.978308,0,0.0,0.0,0.0,5.656854249492381,12.57078722109418,0.9302382543609692,89.4400000000001,1.0,1.0,1,131.96561943617462,-0.2750311604425433,0
scenario_3_multi_region_ep00_d057,scenario_3_multi_region_ep00,scenario_3_multi_region,57,C,train,6.694698368720907,7.672423,0,0.0,0.0,0.0,0.0,0.0,0.0,89.4400000000001,0.0,1.0,1,74.38795877150233,0.0,0
scenario_3_multi_region_ep00_d057,scenario_3_multi_region_ep00,scenario_3_multi_region,57,D,train,20.031955640759897,23.891115,1,270.0,0.0,0.0,4.0,8.88888888888889,0.6577777777777778,89.4400000000001,1.0,1.0,1,109.2357850213168,-0.2364969293845691,0
scenario_3_multi_region_ep00_d060,scenario_3_multi_region_ep00,scenario_3_multi_region,60,A,train,31.6558423140478,29.743086,0,1170.0,900.0,0.0,0.0,0.0,0.0,89.2000000000001,0.0,1.0,1,508.2041696448771,0.9999999999976806,4
scenario_3_multi_region_ep00_d060,scenario_3_multi_region_ep00,scenario_3_multi_region,60,B,train,14.248402336855134,12.128231,0,0.0,0.0,0.0,4.0,8.88888888888889,0.6577777777777778,89.2000000000001,1.0,1.0,1,131.41253668027116,-0.18606857541968908,0
scenario_3_multi_region_ep00_d060,scenario_3_multi_region_ep00,scenario_3_multi_region,60,C,train,6.217674290995219,7.279602,0,0.0,0.0,0.0,4.0,8.88888888888889,0.6577777777777778,89.2000000000001,1.0,1.0,1,77.06115729020212,-0.312132034254623,0
scenario_3_multi_region_ep00_d060,scenario_3_multi_region_ep00,scenario_3_multi_region,60,D,train,22.6460847635359,24.102928,0,360.0,0.0,0.0,5.656854249492381,12.57078722109418,0.9302382543609692,89.2000000000001,1.0,1.0,1,110.09521494704904,-0.32338027807027103,0
scenario_3_multi_region_ep00_d063,scenario_3_multi_region_ep00,scenario_3_multi_region,63,A,train,31.86223100323061,29.27166,0,1260.0,990.0,0.0,4.0,8.88888888888889,0.6577777777777778,88.96000000000011,1.0,1.0,1,482.8064143999589,0.6878679657428984,4
scenario_3_multi_region_ep00_d063,scenario_3_multi_region_ep00,scenario_3_multi_region,63,B,train,12.649302101167834,12.048563,0,0.0,0.0,0.0,0.0,0.0,0.0,88.96000000000011,0.0,1.0,1,130.6618663837578,0.12716809706148718,3
scenario_3_multi_region_ep00_d063,scenario_3_multi_region_ep00,scenario_3_multi_region,63,C,train,5.589078690005313,7.4867177,0,0.0,0.0,0.0,5.656854249492381,12.57078722109418,0.9302382543609692,88.96000000000011,1.0,1.0,1,79.35582233202058,-0.3999999998566819,0
scenario_3_multi_region_ep00_d063,scenario_3_multi_region_ep00,scenario_3_multi_region,63,D,train,23.52099640147105,23.845352,0,450.0,0.0,0.0,4.0,8.88888888888889,0.6577777777777778,88.96000000000011,1.0,1.0,1,110.47781747853128,-0.23499248914474044,0
scenario_3_multi_region_ep00_d066,scenario_3_multi_region_ep00,scenario_3_multi_region,66,A,train,30.97119601964553,27.66741,-1,1350.0,1080.0,0.0,5.656854249492381,12.57078722109418,0.9302382543609692,88.72000000000011,1.0,1.0,1,458.840776691744,0.6000000001406695,4
scenario_3_multi_region_ep00_d066,scenario_3_multi_region_ep00,scenario_3_multi_region,66,B,train,12.60729619161596,11.958516,0,0.0,0.0,0.0,4.0,8.88888888888889,0.6577777777777778,88.72000000000011,1.0,1.0,1,129.73546861587715,-0.1838491881148842,0
scenario_3_multi_region_ep00_d066,scenario_3_multi_region_ep00,scenario_3_multi_region,66,C,train,5.811703251666891,7.672789,0,0.0,0.0,0.0,4.0,8.88888888888889,0.6577777777777778,88.72000000000011,1.0,1.0,1,81.30397290326232,-0.312132034254623,0
scenario_3_multi_region_ep00_d066,scenario_3_multi_region_ep00,scenario_3_multi_region,66,D,train,23.659643889269645,22.856165,0,540.0,0.0,0.0,0.0,0.0,0.0,88.72000000000011,0.0,1.0,1,110.62503896186148,0.0776641264223577,3
scenario_3_multi_region_ep00_d069,scenario_3_multi_region_ep00,scenario_3_multi_region,69,A,train,29.79043660379088,26.779907,-1,1440.0,1170.0,0.0,0.0,0.0,0.0,88.48000000000012,0.0,1.0,1,436.2207089027054,0.9999999999971695,4
scenario_3_multi_region_ep00_d069,scenario_3_multi_region_ep00,scenario_3_multi_region,69,B,train,12.140846696430916,12.573976,0,0.0,0.0,0.0,4.0,8.88888888888889,0.6577777777777778,88.48000000000012,1.0,1.0,1,128.6514427627294,-0.18272423528699788,0
scenario_3_multi_region_ep00_d069,scenario_3_multi_region_ep00,scenario_3_multi_region,69,C,train,6.252097055049079,7.8230524,0,0.0,0.0,0.0,4.0,8.88888888888889,0.6577777777777778,88.48000000000012,1.0,1.0,1,82.93329629393133,-0.312132034254623,0
scenario_3_multi_region_ep00_d069,scenario_3_multi_region_ep00,scenario_3_multi_region,69,D,train,23.582696721207743,22.636148,0,630.0,0.0,0.0,5.656854249492381,12.57078722109418,0.9302382543609692,88.48000000000012,1.0,1.0,1,110.5580789268547,-0.32180649041671633,0
scenario_3_multi_region_ep00_d072,scenario_3_multi_region_ep00,scenario_3_multi_region,72,A,train,29.4795301939786,21.427729,-1,1530.0,1260.0,0.0,4.0,8.88888888888889,0.6577777777777778,88.24000000000012,1.0,1.0,1,414.86507888316805,0.6878679657423522,4
scenario_3_multi_region_ep00_d072,scenario_3_multi_region_ep00,scenario_3_multi_region,72,B,train,11.605501304928724,12.364372,0,0.0,0.0,0.0,5.656854249492381,12.57078722109418,0.9302382543609692,88.24000000000012,1.0,1.0,1,127.42650587060666,-0.26945695055358765,0
scenario_3_multi_region_ep00_d072,scenario_3_multi_region_ep00,scenario_3_multi_region,72,C,train,7.087255210293082,7.4693117,0,0.0,0.0,0.0,0.0,0.0,0.0,88.24000000000012,0.0,1.0,1,84.26955856177892,0.0,0
scenario_3_multi_region_ep00_d072,scenario_3_multi_region_ep00,scenario_3_multi_region,72,D,train,23.76644615557436,19.988249,-1,720.0,0.0,0.0,4.0,8.88888888888889,0.6577777777777778,88.24000000000012,1.0,1.0,1,110.29659616343632,-0.23340429597106602,0
scenario_3_multi_region_ep00_d075,scenario_3_multi_region_ep00,scenario_3_multi_region,75,A,train,28.817005345273795,20.79677,-1,1620.0,1350.0,0.0,5.656854249492381,12.57078722109418,0.9302382543609692,88.00000000000013,1.0,1.0,1,394.6978255591066,0.6000000001400858,4
scenario_3_multi_region_ep00_d075,scenario_3_multi_region_ep00,scenario_3_multi_region,75,B,train,12.177720885941357,12.292265,0,0.0,0.0,0.0,4.0,8.88888888888889,0.6577777777777778,88.00000000000013,1.0,1.0,1,126.07608911190118,-0.1804433424824361,0
scenario_3_multi_region_ep00_d075,scenario_3_multi_region_ep00,scenario_3_multi_region,75,C,train,6.443968669774105,7.7849717,0,0.0,0.0,0.0,4.0,8.88888888888889,0.6577777777777778,88.00000000000013,1.0,1.0,1,85.33673132715103,-0.312132034254623,0
scenario_3_multi_region_ep00_d075,scenario_3_multi_region_ep00,scenario_3_multi_region,75,D,train,23.83204572213141,18.717297,-1,810.0,0.0,0.0,0.0,0.0,0.0,88.00000000000013,0.0,1.0,1,109.85881309433626,0.07926685748247184,3
scenario_3_multi_region_ep00_d078,scenario_3_multi_region_ep00,scenario_3_multi_region,78,A,train,28.23000430663493,20.382765,-1,1710.0,1440.0,0.0,4.0,8.88888888888889,0.6577777777777778,87.76000000000013,1.0,1.0,1,375.6476365994472,0.6878679657419227,4
scenario_3_multi_region_ep00_d078,scenario_3_multi_region_ep00,scenario_3_multi_region,78,B,train,12.39624274395188,12.188069,0,0.0,0.0,0.0,0.0,0.0,0.0,87.76000000000013,0.0,1.0,1,124.6144277593587,0.13284482187718877,3
scenario_3_multi_region_ep00_d078,scenario_3_multi_region_ep00,scenario_3_multi_region,78,C,train,7.832964540793965,7.6848354,0,0.0,0.0,0.0,5.656854249492381,12.57078722109418,0.9302382543609692,87.76000000000013,1.0,1.0,1,86.15711036670336,-0.3999999998566819,0
scenario_3_multi_region_ep00_d078,scenario_3_multi_region_ep00,scenario_3_multi_region,78,D,train,24.056419936610865,19.281544,-1,900.0,0.0,0.0,4.0,8.88888888888889,0.6577777777777778,87.76000000000013,1.0,1.0,1,109.26161327452996,-0.23232112227620721,0
scenario_3_multi_region_ep01_d012,scenario_3_multi_region_ep01,scenario_3_multi_region,12,A,test,3.4997540645121568,5.2549577,0,0.0,0.0,0.0,4.0,8.88888888888889,0.6577777777777778,92.34000000000002,1.0,1.0,1,181.5164956061625,0.6878679657389961,4
scenario_3_multi_region_ep01_d012,scenario_3_multi_region_ep01,scenario_3_multi_region,12,B,test,2.9567468415642675,5.3251433,0,0.0,0.0,0.0,0.0,0.0,0.0,92.34000000000002,0.0,1.0,1,35.61406977513718,0.06899971753575722,3
scenario_3_multi_region_ep01_d012,scenario_3_multi_region_ep01,scenario_3_multi_region,12,C,test,4.680554554546393,10.283271,1,0.0,0.0,0.0,5.656854249492381,12.57078722109418,0.9302382543609692,92.34000000000002,1.0,1.0,1,29.11249339278436,-0.37248670322116384,0
scenario_3_multi_region_ep01_d012,scenario_3_multi_region_ep01,scenario_3_multi_region,12,D,test,5.104814217666638,5.8478594,0,0.0,0.0,0.0,4.0,8.88888888888889,0.6577777777777778,92.34000000000002,1.0,1.0,1,24.80072593431169,-0.312132034254623,0
scenario_3_multi_region_ep01_d015,scenario_3_multi_region_ep01,scenario_3_multi_region,15,A,test,4.534024567842638,5.421418,0,0.0,0.0,0.0,4.0,8.88888888888889,0.6577777777777778,92.10000000000002,1.0,1.0,1,264.2448699841456,0.6878679657411718,4
scenario_3_multi_region_ep01_d015,scenario_3_multi_region_ep01,scenario_3_multi_region,15,B,test,2.8855712310940254,4.8314834,0,0.0,0.0,0.0,5.656854249492381,12.57078722109418,0.9302382543609692,92.10000000000002,1.0,1.0,1,40.16829641624474,-0.3423022371641745,0
scenario_3_multi_region_ep01_d015,scenario_3_multi_region_ep01,scenario_3_multi_region,15,C,test,4.463214715119994,12.301809,1,0.0,0.0,0.0,0.0,0.0,0.0,92.10000000000002,0.0,1.0,1,30.32190592355562,0.016291043360416004,3
scenario_3_multi_region_ep01_d015,scenario_3_multi_region_ep01,scenario_3_multi_region,15,D,test,4.420480633417153,5.4592333,0,0.0,0.0,0.0,4.0,8.88888888888889,0.6577777777777778,92.10000000000002,1.0,1.0,1,26.447945922680447,-0.312132034254623,0
scenario_3_multi_region_ep01_d018,scenario_3_multi_region_ep01,scenario_3_multi_region,18,A,test,7.092946127002263,25.49196,1,0.0,0.0,0.0,0.0,0.0,0.0,91.86000000000004,0.0,1.0,1,335.73010894307765,0.9999999999967434,4
scenario_3_multi_region_ep01_d018,scenario_3_multi_region_ep01,scenario_3_multi_region,18,B,test,3.768010869908891,5.1452336,0,0.0,0.0,0.0,4.0,8.88888888888889,0.6577777777777778,91.86000000000004,1.0,1.0,1,46.42766507031729,-0.2542913383099308,0
scenario_3_multi_region_ep01_d018,scenario_3_multi_region_ep01,scenario_3_multi_region,18,C,test,4.798231318176152,8.795873,1,0.0,0.0,0.0,4.0,8.88888888888889,0.6577777777777778,91.86000000000004,1.0,1.0,1,31.847622049032225,-0.30177356141906053,0
scenario_3_multi_region_ep01_d018,scenario_3_multi_region_ep01,scenario_3_multi_region,18,D,test,4.772226248122506,7.5881963,0,0.0,0.0,0.0,5.656854249492381,12.57078722109418,0.9302382543609692,91.86000000000004,1.0,1.0,1,28.66691630932405,-0.3999999998566819,0
scenario_3_multi_region_ep01_d021,scenario_3_multi_region_ep01,scenario_3_multi_region,21,A,test,11.34849470737726,25.609081,1,0.0,0.0,0.0,4.0,8.88888888888889,0.6577777777777778,91.62000000000003,1.0,1.0,1,431.92298324481146,0.6878679657428727,4
scenario_3_multi_region_ep01_d021,scenario_3_multi_region_ep01,scenario_3_multi_region,21,B,test,3.930903654369044,5.72528,0,0.0,0.0,0.0,0.0,0.0,0.0,91.62000000000003,0.0,1.0,1,54.87145325468259,0.05572089457082046,3
scenario_3_multi_region_ep01_d021,scenario_3_multi_region_ep01,scenario_3_multi_region,21,C,test,4.4799037376397255,6.9020557,0,0.0,0.0,0.0,5.656854249492381,12.57078722109418,0.9302382543609692,91.62000000000003,1.0,1.0,1,34.69524237504561,-0.39480793979509243,0
scenario_3_multi_region_ep01_d021,scenario_3_multi_region_ep01,scenario_3_multi_region,21,D,test,5.840795943159463,9.309362,1,0.0,0.0,0.0,4.0,8.88888888888889,0.6577777777777778,91.62000000000003,1.0,1.0,1,32.62204793626961,-0.312132034254623,0
scenario_3_multi_region_ep01_d024,scenario_3_multi_region_ep01,scenario_3_multi_region,24,A,test,15.193033578957856,30.049572,1,90.0,0.0,0.0,5.656854249492381,12.57078722109418,0.9302382543609692,91.38000000000004,1.0,1.0,1,491.9855080317056,0.6000000001411203,4
scenario_3_multi_region_ep01_d024,scenario_3_multi_region_ep01,scenario_3_multi_region,24,B,test,4.952918858673004,7.4468484,0,0.0,0.0,0.0,4.0,8.88888888888889,0.6577777777777778,91.38000000000004,1.0,1.0,1,63.85529134243825,-0.2531395430766671,0
scenario_3_multi_region_ep01_d024,scenario_3_multi_region_ep01,scenario_3_multi_region,24,C,test,4.121912650217042,6.7362022,0,0.0,0.0,0.0,4.0,8.88888888888889,0.6577777777777778,91.38000000000004,1.0,1.0,1,37.50156339022237,-0.3110636393485953,0
scenario_3_multi_region_ep01_d024,scenario_3_multi_region_ep01,scenario_3_multi_region,24,D,test,7.7832493978263475,12.087767,1,0.0,0.0,0.0,0.0,0.0,0.0,91.38000000000004,0.0,1.0,1,37.0154757253099,0.0,0
scenario_3_multi_region_ep01_d027,scenario_3_multi_region_ep01,scenario_3_multi_region,27,A,test,19.312546744272293,31.895117,1,180.0,0.0,0.0,0.0,0.0,0.0,91.14000000000004,0.0,1.0,1,563.3147140220169,0.999999999998085,4
scenario_3_multi_region_ep01_d027,scenario_3_multi_region_ep01,scenario_3_multi_region,27,B,test,5.92432198121464,6.8209352,0,0.0,0.0,0.0,4.0,8.88888888888889,0.6577777777777778,91.14000000000004,1.0,1.0,1,71.96268577510523,-0.2531110232263829,0
scenario_3_multi_region_ep01_d027,scenario_3_multi_region_ep01,scenario_3_multi_region,27,C,test,5.214740432928199,8.425464,1,0.0,0.0,0.0,4.0,8.88888888888889,0.6577777777777778,91.14000000000004,1.0,1.0,1,41.143619868375936,-0.312132034254623,0
scenario_3_multi_region_ep01_d027,scenario_3_multi_region_ep01,scenario_3_multi_region,27,D,test,8.358368874352568,14.16751,1,0.0,0.0,0.0,5.656854249492381,12.57078722109418,0.9302382543609692,91.14000000000004,1.0,1.0,1,43.03851386682823,-0.3963711241497261,0
scenario_3_multi_region_ep01_d030,scenario_3_multi_region_ep01,scenario_3_multi_region,30,A,test,23.008093482167546,33.849846,1,270.0,0.0,0.0,4.0,8.88888888888889,0.6577777777777778,90.90000000000003,1.0,1.0,1,627.00121901937,0.6878679657436577,4
scenario_3_multi_region_ep01_d030,scenario_3_multi_region_ep01,scenario_3_multi_region,30,B,test,6.92907995867068,7.730902,0,0.0,0.0,0.0,5.656854249492381,12.57078722109418,0.9302382543609692,90.90000000000003,1.0,1.0,1,81.19788385628931,-0.33839820622272665,0
scenario_3_multi_region_ep01_d030,scenario_3_multi_region_ep01,scenario_3_multi_region,30,C,test,4.602354753719533,7.034709,0,0.0,0.0,0.0,0.0,0.0,0.0,90.90000000000003,0.0,1.0,1,45.368249710135615,0.0,0
scenario_3_multi_region_ep01_d030,scenario_3_multi_region_ep01,scenario_3_multi_region,30,D,test,8.629267759061799,14.948658,1,0.0,0.0,0.0,4.0,8.88888888888889,0.6577777777777778,90.90000000000003,1.0,1.0,1,50.4427260650491,-0.30340750070396927,0
scenario_3_multi_region_ep01_d033,scenario_3_multi_region_ep01,scenario_3_multi_region,33,A,test,25.627310703607687,35.21035,1,360.0,90.0,0.0,5.656854249492381,12.57078722109418,0.9302382543609692,90.66000000000004,1.0,1.0,1,671.7183508434075,0.6000000001417101,4
scenario_3_multi_region_ep01_d033,scenario_3_multi_region_ep01,scenario_3_multi_region,33,B,test,7.864210620961573,10.617975,0,0.0,0.0,0.0,4.0,8.88888888888889,0.6577777777777778,90.66000000000004,1.0,1.0,1,91.15798719423948,-0.24578584321074692,0
scenario_3_multi_region_ep01_d033,scenario_3_multi_region_ep01,scenario_3_multi_region,33,C,test,4.4620906899867325,7.127319,0,0.0,0.0,0.0,4.0,8.88888888888889,0.6577777777777778,90.66000000000004,1.0,1.0,1,49.90290053390504,-0.312132034254623,0
scenario_3_multi_region_ep01_d033,scenario_3_multi_region_ep01,scenario_3_multi_region,33,D,test,9.532434826850835,19.096268,1,30.0,0.0,0.0,0.0,0.0,0.0,90.66000000000004,0.0,1.0,1,58.3178122952836,0.013532812279232673,3
scenario_3_multi_region_ep01_d036,scenario_3_multi_region_ep01,scenario_3_multi_region,36,A,test,30.47716019517572,35.98359,1,450.0,180.0,0.0,4.0,8.88888888888889,0.6577777777777778,90.42000000000006,1.0,1.0,1,683.977552486811,0.6878679657437888,4
scenario_3_multi_region_ep01_d036,scenario_3_multi_region_ep01,scenario_3_multi_region,36,B,test,8.492756652277858,10.837373,0,0.0,0.0,0.0,0.0,0.0,0.0,90.42000000000006,0.0,1.0,1,101.41383033419288,0.0747659838589403,3
scenario_3_multi_region_ep01_d036,scenario_3_multi_region_ep01,scenario_3_multi_region,36,C,test,4.073813153015774,6.4905,0,0.0,0.0,0.0,5.656854249492381,12.57078722109418,0.9302382543609692,90.42000000000006,1.0,1.0,1,54.33822666259039,-0.3999999998566819,0
scenario_3_multi_region_ep01_d036,scenario_3_multi_region_ep01,scenario_3_multi_region,36,D,test,12.252128526760966,19.155071,1,120.0,0.0,0.0,4.0,8.88888888888889,0.6577777777777778,90.42000000000006,1.0,1.0,1,66.89945590682555,-0.29218215385639323,0
scenario_3_multi_region_ep01_d039,scenario_3_multi_region_ep01,scenario_3_multi_region,39,A,test,32.93191393930733,35.996944,1,540.0,270.0,0.0,4.0,8.88888888888889,0.6577777777777778,90.18000000000006,1.0,1.0,1,702.3241066645387,0.6878679657438221,4
scenario_3_multi_region_ep01_d039,scenario_3_multi_region_ep01,scenario_3_multi_region,39,B,test,8.97409278727623,11.410025,0,0.0,0.0,0.0,5.656854249492381,12.57078722109418,0.9302382543609692,90.18000000000006,1.0,1.0,1,109.51878552460516,-0.32174288742485346,0
scenario_3_multi_region_ep01_d039,scenario_3_multi_region_ep01,scenario_3_multi_region,39,C,test,4.834095909925377,6.303255,0,0.0,0.0,0.0,0.0,0.0,0.0,90.18000000000006,0.0,1.0,1,59.18887976411065,0.0,0
scenario_3_multi_region_ep01_d039,scenario_3_multi_region_ep01,scenario_3_multi_region,39,D,test,15.16325533404186,21.603508,1,210.0,0.0,0.0,4.0,8.88888888888889,0.6577777777777778,90.18000000000006,1.0,1.0,1,75.52636359824714,-0.2867291591658969,0
scenario_3_multi_region_ep01_d042,scenario_3_multi_region_ep01,scenario_3_multi_region,42,A,test,35.88258063626529,33.805237,0,630.0,360.0,0.0,0.0,0.0,0.0,89.94000000000007,0.0,1.0,1,695.0134364109945,0.9999999999984155,4
scenario_3_multi_region_ep01_d042,scenario_3_multi_region_ep01,scenario_3_multi_region,42,B,test,10.357493492920572,13.038358,0,0.0,0.0,0.0,4.0,8.88888888888889,0.6577777777777778,89.94000000000007,1.0,1.0,1,118.00879350364426,-0.22638004358563704,0
scenario_3_multi_region_ep01_d042,scenario_3_multi_region_ep01,scenario_3_multi_region,42,C,test,5.593451286728413,8.010583,0,0.0,0.0,0.0,4.0,8.88888888888889,0.6577777777777778,89.94000000000007,1.0,1.0,1,63.88858077182317,-0.312132034254623,0
scenario_3_multi_region_ep01_d042,scenario_3_multi_region_ep01,scenario_3_multi_region,42,D,test,13.879326458274448,21.725657,1,30.0,0.0,0.0,5.656854249492381,12.57078722109418,0.9302382543609692,89.94000000000007,1.0,1.0,1,82.91149814923733,-0.36985870973411406,0
scenario_3_multi_region_ep01_d045,scenario_3_multi_region_ep01,scenario_3_multi_region,45,A,test,36.98119486124315,33.43268,-1,720.0,450.0,0.0,4.0,8.88888888888889,0.6577777777777778,89.70000000000007,1.0,1.0,1,661.3881217565861,0.6878679657436915,4
scenario_3_multi_region_ep01_d045,scenario_3_multi_region_ep01,scenario_3_multi_region,45,B,test,11.179269931759364,13.66444,0,0.0,0.0,0.0,0.0,0.0,0.0,89.70000000000007,0.0,1.0,1,124.15689954030267,0.09445572897177032,3
scenario_3_multi_region_ep01_d045,scenario_3_multi_region_ep01,scenario_3_multi_region,45,C,test,6.161146644957554,8.199628,0,0.0,0.0,0.0,5.656854249492381,12.57078722109418,0.9302382543609692,89.70000000000007,1.0,1.0,1,68.1192563853092,-0.3999999998566819,0
scenario_3_multi_region_ep01_d045,scenario_3_multi_region_ep01,scenario_3_multi_region,45,D,test,15.829260316672825,22.172832,1,120.0,0.0,0.0,4.0,8.88888888888889,0.6577777777777778,89.70000000000007,1.0,1.0,1,90.25863690019604,-0.27481441688565095,0
scenario_3_multi_region_ep01_d048,scenario_3_multi_region_ep01,scenario_3_multi_region,48,A,test,37.51213143065718,32.345913,-1,810.0,540.0,0.0,5.656854249492381,12.57078722109418,0.9302382543609692,89.46000000000008,1.0,1.0,1,627.1875739201439,0.600000000141517,4
scenario_3_multi_region_ep01_d048,scenario_3_multi_region_ep01,scenario_3_multi_region,48,B,test,12.018352444470672,13.814678,0,0.0,0.0,0.0,4.0,8.88888888888889,0.6577777777777778,89.46000000000008,1.0,1.0,1,129.29328785572056,-0.2089349991329973,0
scenario_3_multi_region_ep01_d048,scenario_3_multi_region_ep01,scenario_3_multi_region,48,C,test,5.879190042763866,7.513622,0,0.0,0.0,0.0,4.0,8.88888888888889,0.6577777777777778,89.46000000000008,1.0,1.0,1,71.99952753355365,-0.312132034254623,0
scenario_3_multi_region_ep01_d048,scenario_3_multi_region_ep01,scenario_3_multi_region,48,D,test,17.59261959564785,21.921005,1,210.0,0.0,0.0,0.0,0.0,0.0,89.46000000000008,0.0,1.0,1,95.78591776563373,0.04284384432779056,3
scenario_3_multi_region_ep01_d051,scenario_3_multi_region_ep01,scenario_3_multi_region,51,A,test,35.83828076518854,28.905346,-1,900.0,630.0,0.0,0.0,0.0,0.0,89.22000000000008,0.0,1.0,1,595.0236620072064,0.9999999999980753,4
scenario_3_multi_region_ep01_d051,scenario_3_multi_region_ep01,scenario_3_multi_region,51,B,test,11.719281254678087,13.756614,0,0.0,0.0,0.0,4.0,8.88888888888889,0.6577777777777778,89.22000000000008,1.0,1.0,1,133.03668428347305,-0.20133513257827412,0
scenario_3_multi_region_ep01_d051,scenario_3_multi_region_ep01,scenario_3_multi_region,51,C,test,6.494231213562425,7.377843,0,0.0,0.0,0.0,4.0,8.88888888888889,0.6577777777777778,89.22000000000008,1.0,1.0,1,75.47196611816366,-0.312132034254623,0
scenario_3_multi_region_ep01_d051,scenario_3_multi_region_ep01,scenario_3_multi_region,51,D,test,20.053378994220488,22.240728,0,300.0,0.0,0.0,5.656854249492381,12.57078722109418,0.9302382543609692,89.22000000000008,1.0,1.0,1,100.37963083713134,-0.3520593138460272,0
scenario_3_multi_region_ep01_d054,scenario_3_multi_region_ep01,scenario_3_multi_region,54,A,test,34.226878759166354,29.161913,-1,990.0,720.0,0.0,4.0,8.88888888888889,0.6577777777777778,88.98000000000009,1.0,1.0,1,564.7446714209061,0.6878679657433203,4
scenario_3_multi_region_ep01_d054,scenario_3_multi_region_ep01,scenario_3_multi_region,54,B,test,13.362334672642948,14.071578,0,0.0,0.0,0.0,5.656854249492381,12.57078722109418,0.9302382543609692,88.98000000000009,1.0,1.0,1,135.0890192554309,-0.2836962078772333,0
scenario_3_multi_region_ep01_d054,scenario_3_multi_region_ep01,scenario_3_multi_region,54,C,test,6.649243151611652,8.251527,0,0.0,0.0,0.0,0.0,0.0,0.0,88.98000000000009,0.0,1.0,1,78.54177922110239,0.0,0
scenario_3_multi_region_ep01_d054,scenario_3_multi_region_ep01,scenario_3_multi_region,54,D,test,23.00312762802084,24.52216,0,390.0,0.0,0.0,4.0,8.88888888888889,0.6577777777777778,88.98000000000009,1.0,1.0,1,103.70364909946444,-0.2603802444524963,0
scenario_3_multi_region_ep01_d057,scenario_3_multi_region_ep01,scenario_3_multi_region,57,A,test,33.68031312171529,31.131868,0,1080.0,810.0,0.0,5.656854249492381,12.57078722109418,0.9302382543609692,88.7400000000001,1.0,1.0,1,536.1945706164081,0.6000000001411204,4
scenario_3_multi_region_ep01_d057,scenario_3_multi_region_ep01,scenario_3_multi_region,57,B,test,13.63587666230416,14.250652,0,0.0,0.0,0.0,4.0,8.88888888888889,0.6577777777777778,88.7400000000001,1.0,1.0,1,134.51934195054332,-0.19494484801836198,0
scenario_3_multi_region_ep01_d057,scenario_3_multi_region_ep01,scenario_3_multi_region,57,C,test,6.463116680289184,6.5488734,0,0.0,0.0,0.0,4.0,8.88888888888889,0.6577777777777778,88.7400000000001,1.0,1.0,1,81.19978304247115,-0.312132034254623,0
scenario_3_multi_region_ep01_d057,scenario_3_multi_region_ep01,scenario_3_multi_region,57,D,test,23.49704336007797,24.533627,0,480.0,0.0,0.0,0.0,0.0,0.0,88.7400000000001,0.0,1.0,1,105.87916887886809,0.05424102981033003,3
scenario_3_multi_region_ep01_d060,scenario_3_multi_region_ep01,scenario_3_multi_region,60,A,test,32.73184878640896,29.6578,-1,1170.0,900.0,0.0,4.0,8.88888888888889,0.6577777777777778,88.5000000000001,1.0,1.0,1,509.2772657902426,0.6878679657430284,4
scenario_3_multi_region_ep01_d060,scenario_3_multi_region_ep01,scenario_3_multi_region,60,B,test,13.2801550885995,13.533524,0,0.0,0.0,0.0,0.0,0.0,0.0,88.5000000000001,0.0,1.0,1,133.83163706127107,0.11823748159195054,3
scenario_3_multi_region_ep01_d060,scenario_3_multi_region_ep01,scenario_3_multi_region,60,C,test,6.490900171170765,7.027967,0,0.0,0.0,0.0,5.656854249492381,12.57078722109418,0.9302382543609692,88.5000000000001,1.0,1.0,1,83.48730433108881,-0.3999999998566819,0
scenario_3_multi_region_ep01_d060,scenario_3_multi_region_ep01,scenario_3_multi_region,60,D,test,23.719739266055143,24.524197,0,570.0,0.0,0.0,4.0,8.88888888888889,0.6577777777777778,88.5000000000001,1.0,1.0,1,107.04949903197372,-0.2567944339502769,0
scenario_3_multi_region_ep01_d063,scenario_3_multi_region_ep01,scenario_3_multi_region,63,A,test,31.396914106022766,27.583685,-1,1260.0,990.0,0.0,4.0,8.88888888888889,0.6577777777777778,88.2600000000001,1.0,1.0,1,483.8792243578878,0.6878679657428673,4
scenario_3_multi_region_ep01_d063,scenario_3_multi_region_ep01,scenario_3_multi_region,63,B,test,11.382736605037811,12.836858,0,0.0,0.0,0.0,5.656854249492381,12.57078722109418,0.9302382543609692,88.2600000000001,1.0,1.0,1,132.954586164494,-0.2807027074815158,0
scenario_3_multi_region_ep01_d063,scenario_3_multi_region_ep01,scenario_3_multi_region,63,C,test,7.221209404513987,7.5068955,0,0.0,0.0,0.0,0.0,0.0,0.0,88.2600000000001,0.0,1.0,1,85.41940908160541,0.0,0
scenario_3_multi_region_ep01_d063,scenario_3_multi_region_ep01,scenario_3_multi_region,63,D,test,25.90403549773253,24.46837,0,660.0,90.0,0.0,4.0,8.88888888888889,0.6577777777777778,88.2600000000001,1.0,1.0,1,107.70955460215804,-0.25619127268738384,0
scenario_3_multi_region_ep01_d066,scenario_3_multi_region_ep01,scenario_3_multi_region,66,A,test,30.71209861263192,27.513414,-1,1350.0,1080.0,0.0,0.0,0.0,0.0,88.02000000000011,0.0,1.0,1,459.91090587683607,0.9999999999973183,4
scenario_3_multi_region_ep01_d066,scenario_3_multi_region_ep01,scenario_3_multi_region,66,B,test,12.52194299135622,12.589987,0,0.0,0.0,0.0,4.0,8.88888888888889,0.6577777777777778,88.02000000000011,1.0,1.0,1,131.90971868949418,-0.19176533002682708,0
scenario_3_multi_region_ep01_d066,scenario_3_multi_region_ep01,scenario_3_multi_region,66,C,test,6.8706922036257945,7.0804834,0,0.0,0.0,0.0,4.0,8.88888888888889,0.6577777777777778,88.02000000000011,1.0,1.0,1,87.02689982119932,-0.312132034254623,0
scenario_3_multi_region_ep01_d066,scenario_3_multi_region_ep01,scenario_3_multi_region,66,D,test,25.732183334867013,24.485935,0,750.0,180.0,0.0,5.656854249492381,12.57078722109418,0.9302382543609692,88.02000000000011,1.0,1.0,1,108.11326178827312,-0.3434506128500666,0
scenario_3_multi_region_ep01_d069,scenario_3_multi_region_ep01,scenario_3_multi_region,69,A,test,30.54444904220356,25.373484,-1,1440.0,1170.0,0.0,4.0,8.88888888888889,0.6577777777777778,87.78000000000011,1.0,1.0,1,437.286006145946,0.6878679657425113,4
scenario_3_multi_region_ep01_d069,scenario_3_multi_region_ep01,scenario_3_multi_region,69,B,test,11.860001860289614,12.695749,0,0.0,0.0,0.0,0.0,0.0,0.0,87.78000000000011,0.0,1.0,1,130.71459271234494,0.12144580355222379,3
scenario_3_multi_region_ep01_d069,scenario_3_multi_region_ep01,scenario_3_multi_region,69,C,test,8.025020634341407,7.7143273,0,0.0,0.0,0.0,5.656854249492381,12.57078722109418,0.9302382543609692,87.78000000000011,1.0,1.0,1,88.33608971134163,-0.3999999998566819,0
scenario_3_multi_region_ep01_d069,scenario_3_multi_region_ep01,scenario_3_multi_region,69,D,test,25.66090111514649,24.145842,0,840.0,270.0,0.0,4.0,8.88888888888889,0.6577777777777778,87.78000000000011,1.0,1.0,1,108.28329726099628,-0.254968508458692,0
scenario_3_multi_region_ep01_d072,scenario_3_multi_region_ep01,scenario_3_multi_region,72,A,test,30.605307270373324,24.146587,-1,1530.0,1260.0,0.0,5.656854249492381,12.57078722109418,0.9302382543609692,87.54000000000012,1.0,1.0,1,415.9236171973776,0.600000000140256,4
scenario_3_multi_region_ep01_d072,scenario_3_multi_region_ep01,scenario_3_multi_region,72,B,test,12.05366061248313,12.691792,0,0.0,0.0,0.0,4.0,8.88888888888889,0.6577777777777778,87.54000000000012,1.0,1.0,1,129.385421972391,-0.18959735673676523,0
scenario_3_multi_region_ep01_d072,scenario_3_multi_region_ep01,scenario_3_multi_region,72,C,test,7.29988267487029,9.015806,0,0.0,0.0,0.0,4.0,8.88888888888889,0.6577777777777778,87.54000000000012,1.0,1.0,1,89.37145851541368,-0.312132034254623,0
scenario_3_multi_region_ep01_d072,scenario_3_multi_region_ep01,scenario_3_multi_region,72,D,test,24.133574607235253,22.172054,0,930.0,0.0,0.0,0.0,0.0,0.0,87.54000000000012,0.0,1.0,1,108.24069620596585,0.05778322754519451,3
scenario_3_multi_region_ep01_d075,scenario_3_multi_region_ep01,scenario_3_multi_region,75,A,test,30.016142521397548,22.63121,-1,1620.0,1350.0,0.0,0.0,0.0,0.0,87.30000000000013,0.0,1.0,1,395.7478842976996,0.9999999999967277,4
scenario_3_multi_region_ep01_d075,scenario_3_multi_region_ep01,scenario_3_multi_region,75,B,test,11.943943743668047,11.993362,0,0.0,0.0,0.0,4.0,8.88888888888889,0.6577777777777778,87.30000000000013,1.0,1.0,1,127.93716967474892,-0.1884986201868487,0
scenario_3_multi_region_ep01_d075,scenario_3_multi_region_ep01,scenario_3_multi_region,75,C,test,7.639809840194377,7.2579465,0,0.0,0.0,0.0,4.0,8.88888888888889,0.6577777777777778,87.30000000000013,1.0,1.0,1,90.15577373338192,-0.312132034254623,0
scenario_3_multi_region_ep01_d075,scenario_3_multi_region_ep01,scenario_3_multi_region,75,D,test,25.009221477256588,22.623165,0,1020.0,90.0,0.0,5.656854249492381,12.57078722109418,0.9302382543609692,87.30000000000013,1.0,1.0,1,108.00496345132046,-0.3415914575519765,0
scenario_3_multi_region_ep01_d078,scenario_3_multi_region_ep01,scenario_3_multi_region,78,A,test,20.18733899729749,20.329424,0,30.0,0.0,0.0,4.0,8.88888888888889,0.6577777777777778,87.06000000000013,1.0,1.0,1,376.68768491151536,0.6878679657418802,4
scenario_3_multi_region_ep01_d078,scenario_3_multi_region_ep01,scenario_3_multi_region,78,B,test,12.484977667134697,11.92935,0,0.0,0.0,0.0,5.656854249492381,12.57078722109418,0.9302382543609692,87.06000000000013,1.0,1.0,1,126.38363598588762,-0.27525789793131095,0
scenario_3_multi_region_ep01_d078,scenario_3_multi_region_ep01,scenario_3_multi_region,78,C,test,8.431421102700178,8.373165,0,0.0,0.0,0.0,0.0,0.0,0.0,87.06000000000013,0.0,1.0,1,90.7102039012152,0.0,0
scenario_3_multi_region_ep01_d078,scenario_3_multi_region_ep01,scenario_3_multi_region,78,D,test,25.32260478164835,23.673122,0,1110.0,180.0,0.0,4.0,8.88888888888889,0.6577777777777778,87.06000000000013,1.0,1.0,1,107.59417727361824,-0.25309251368574337,0
scenario_3_multi_region_ep02_d012,scenario_3_multi_region_ep02,scenario_3_multi_region,12,A,test,3.3826919641976274,4.2770424,0,0.0,0.0,0.0,4.0,8.88888888888889,0.6577777777777778,91.64,1.0,1.0,1,169.02621610724594,0.6878679657383712,4
scenario_3_multi_region_ep02_d012,scenario_3_multi_region_ep02,scenario_3_multi_region,12,B,test,3.918416923283094,5.476907,0,0.0,0.0,0.0,5.656854249492381,12.57078722109418,0.9302382543609692,91.64,1.0,1.0,1,28.178578655031515,-0.38676248428424054,0
scenario_3_multi_region_ep02_d012,scenario_3_multi_region_ep02,scenario_3_multi_region,12,C,test,3.06066559907339,7.0254025,1,0.0,0.0,0.0,0.0,0.0,0.0,91.64,0.0,1.0,1,26.2890937753848,0.0,0
scenario_3_multi_region_ep02_d012,scenario_3_multi_region_ep02,scenario_3_multi_region,12,D,test,4.396068411616398,4.771652,0,0.0,0.0,0.0,4.0,8.88888888888889,0.6577777777777778,91.64,1.0,1.0,1,42.536126539615,-0.19830717567058678,0
scenario_3_multi_region_ep02_d015,scenario_3_multi_region_ep02,scenario_3_multi_region,15,A,test,2.80189705205066,5.1656375,0,0.0,0.0,0.0,5.656854249492381,12.57078722109418,0.9302382543609692,91.40000000000002,1.0,1.0,1,248.7742702736421,0.6000000001387974,4
scenario_3_multi_region_ep02_d015,scenario_3_multi_region_ep02,scenario_3_multi_region,15,B,test,3.301543464234831,5.3729854,0,0.0,0.0,0.0,4.0,8.88888888888889,0.6577777777777778,91.40000000000002,1.0,1.0,1,33.07651424334608,-0.2872848797296471,0
scenario_3_multi_region_ep02_d015,scenario_3_multi_region_ep02,scenario_3_multi_region,15,C,test,3.1170440402055584,7.628441,1,0.0,0.0,0.0,4.0,8.88888888888889,0.6577777777777778,91.40000000000002,1.0,1.0,1,27.580477904356144,-0.312132034254623,0
scenario_3_multi_region_ep02_d015,scenario_3_multi_region_ep02,scenario_3_multi_region,15,D,test,3.789129108651332,4.442935,0,0.0,0.0,0.0,0.0,0.0,0.0,91.40000000000002,0.0,1.0,1,42.87275653686788,0.06913520704465315,3
scenario_3_multi_region_ep02_d018,scenario_3_multi_region_ep02,scenario_3_multi_region,18,A,test,5.544819746848866,22.68255,1,0.0,0.0,0.0,4.0,8.88888888888889,0.6577777777777778,91.16000000000004,1.0,1.0,1,334.1342470426724,0.6878679657420934,4
scenario_3_multi_region_ep02_d018,scenario_3_multi_region_ep02,scenario_3_multi_region,18,B,test,3.8589427217493832,4.6508064,0,0.0,0.0,0.0,0.0,0.0,0.0,91.16000000000004,0.0,1.0,1,40.100866251852494,0.03449067551067904,3
scenario_3_multi_region_ep02_d018,scenario_3_multi_region_ep02,scenario_3_multi_region,18,C,test,4.563430505747222,11.091883,1,0.0,0.0,0.0,5.656854249492381,12.57078722109418,0.9302382543609692,91.16000000000004,1.0,1.0,1,29.5971769875747,-0.3999999998566819,0
scenario_3_multi_region_ep02_d018,scenario_3_multi_region_ep02,scenario_3_multi_region,18,D,test,4.892132420718838,5.7325597,0,0.0,0.0,0.0,4.0,8.88888888888889,0.6577777777777778,91.16000000000004,1.0,1.0,1,44.2942800607143,-0.2638715611685968,0
scenario_3_multi_region_ep02_d021,scenario_3_multi_region_ep02,scenario_3_multi_region,21,A,test,9.47719366453757,22.700724,1,0.0,0.0,0.0,4.0,8.88888888888889,0.6577777777777778,90.92000000000004,1.0,1.0,1,416.0976409229692,0.6878679657427719,4
scenario_3_multi_region_ep02_d021,scenario_3_multi_region_ep02,scenario_3_multi_region,21,B,test,3.85058574666128,4.015055,0,0.0,0.0,0.0,5.656854249492381,12.57078722109418,0.9302382543609692,90.92000000000004,1.0,1.0,1,48.97096453443692,-0.35644542529814904,0
scenario_3_multi_region_ep02_d021,scenario_3_multi_region_ep02,scenario_3_multi_region,21,C,test,3.3617237751658124,7.5332203,1,0.0,0.0,0.0,0.0,0.0,0.0,90.92000000000004,0.0,1.0,1,32.252764233720654,0.0,0
scenario_3_multi_region_ep02_d021,scenario_3_multi_region_ep02,scenario_3_multi_region,21,D,test,5.30397376922046,6.548821,0,0.0,0.0,0.0,4.0,8.88888888888889,0.6577777777777778,90.92000000000004,1.0,1.0,1,46.74225869591032,-0.27438372669056954,0
scenario_3_multi_region_ep02_d024,scenario_3_multi_region_ep02,scenario_3_multi_region,24,A,test,14.685563406247027,26.987238,1,90.0,0.0,0.0,0.0,0.0,0.0,90.68000000000004,0.0,1.0,1,485.01957616403695,0.9999999999977759,4
scenario_3_multi_region_ep02_d024,scenario_3_multi_region_ep02,scenario_3_multi_region,24,B,test,5.0934825906651255,6.7863593,0,0.0,0.0,0.0,4.0,8.88888888888889,0.6577777777777778,90.68000000000004,1.0,1.0,1,58.16412166614896,-0.261515693298369,0
scenario_3_multi_region_ep02_d024,scenario_3_multi_region_ep02,scenario_3_multi_region,24,C,test,4.122840608976192,6.434736,0,0.0,0.0,0.0,4.0,8.88888888888889,0.6577777777777778,90.68000000000004,1.0,1.0,1,35.40634506220499,-0.312132034254623,0
scenario_3_multi_region_ep02_d024,scenario_3_multi_region_ep02,scenario_3_multi_region,24,D,test,6.813374384871003,8.826296,0,0.0,0.0,0.0,5.656854249492381,12.57078722109418,0.9302382543609692,90.68000000000004,1.0,1.0,1,50.46571687353685,-0.3665059414758963,0
scenario_3_multi_region_ep02_d027,scenario_3_multi_region_ep02,scenario_3_multi_region,27,A,test,17.72678454325157,29.744799,1,180.0,0.0,0.0,4.0,8.88888888888889,0.6577777777777778,90.44000000000004,1.0,1.0,1,548.1864485971885,0.6878679657434125,4
scenario_3_multi_region_ep02_d027,scenario_3_multi_region_ep02,scenario_3_multi_region,27,B,test,5.513368927555567,8.187763,0,0.0,0.0,0.0,0.0,0.0,0.0,90.44000000000004,0.0,1.0,1,67.57678789476745,0.055829543045749885,3
scenario_3_multi_region_ep02_d027,scenario_3_multi_region_ep02,scenario_3_multi_region,27,C,test,3.0229358805177977,5.829422,0,0.0,0.0,0.0,5.656854249492381,12.57078722109418,0.9302382543609692,90.44000000000004,1.0,1.0,1,39.15795997782379,-0.3999999998566819,0
scenario_3_multi_region_ep02_d027,scenario_3_multi_region_ep02,scenario_3_multi_region,27,D,test,7.836430621908295,9.693829,0,0.0,0.0,0.0,4.0,8.88888888888889,0.6577777777777778,90.44000000000004,1.0,1.0,1,55.59381377286104,-0.27984336247598873,0
scenario_3_multi_region_ep02_d030,scenario_3_multi_region_ep02,scenario_3_multi_region,30,A,test,22.904256713765264,31.414927,1,270.0,0.0,0.0,5.656854249492381,12.57078722109418,0.9302382543609692,90.20000000000005,1.0,1.0,1,624.5256616864278,0.6000000001415962,4
scenario_3_multi_region_ep02_d030,scenario_3_multi_region_ep02,scenario_3_multi_region,30,B,test,7.285670257988906,10.042378,0,0.0,0.0,0.0,4.0,8.88888888888889,0.6577777777777778,90.20000000000005,1.0,1.0,1,77.7733358908149,-0.253705113616772,0
scenario_3_multi_region_ep02_d030,scenario_3_multi_region_ep02,scenario_3_multi_region,30,C,test,4.178817222132059,6.610732,0,0.0,0.0,0.0,4.0,8.88888888888889,0.6577777777777778,90.20000000000005,1.0,1.0,1,43.84601208763252,-0.312132034254623,0
scenario_3_multi_region_ep02_d030,scenario_3_multi_region_ep02,scenario_3_multi_region,30,D,test,7.658826768308394,12.459575,1,0.0,0.0,0.0,0.0,0.0,0.0,90.20000000000005,0.0,1.0,1,62.366048061340734,0.03189372313369726,3
scenario_3_multi_region_ep02_d033,scenario_3_multi_region_ep02,scenario_3_multi_region,33,A,test,26.2476580977616,32.20487,1,360.0,90.0,0.0,0.0,0.0,0.0,89.96000000000005,0.0,1.0,1,665.9327375710013,0.9999999999983805,4
scenario_3_multi_region_ep02_d033,scenario_3_multi_region_ep02,scenario_3_multi_region,33,B,test,7.697443860210897,10.80101,1,0.0,0.0,0.0,4.0,8.88888888888889,0.6577777777777778,89.96000000000005,1.0,1.0,1,87.65448432657513,-0.24865584068499055,0
scenario_3_multi_region_ep02_d033,scenario_3_multi_region_ep02,scenario_3_multi_region,33,C,test,4.61681993373432,6.64222,0,0.0,0.0,0.0,4.0,8.88888888888889,0.6577777777777778,89.96000000000005,1.0,1.0,1,48.45964262786083,-0.312132034254623,0
scenario_3_multi_region_ep02_d033,scenario_3_multi_region_ep02,scenario_3_multi_region,33,D,test,8.332485113994444,13.8080845,1,0.0,0.0,0.0,5.656854249492381,12.57078722109418,0.9302382543609692,89.96000000000005,1.0,1.0,1,69.98368340463367,-0.3651417348520828,0
scenario_3_multi_region_ep02_d036,scenario_3_multi_region_ep02,scenario_3_multi_region,36,A,test,29.86019022873035,31.844797,0,450.0,180.0,0.0,4.0,8.88888888888889,0.6577777777777778,89.72000000000006,1.0,1.0,1,708.4440544793861,0.6878679657438496,4
scenario_3_multi_region_ep02_d036,scenario_3_multi_region_ep02,scenario_3_multi_region,36,B,test,8.31523554490742,12.643289,1,0.0,0.0,0.0,5.656854249492381,12.57078722109418,0.9302382543609692,89.72000000000006,1.0,1.0,1,98.43908287358408,-0.33176963078501825,0
scenario_3_multi_region_ep02_d036,scenario_3_multi_region_ep02,scenario_3_multi_region,36,C,test,4.638087354911468,6.372812,0,0.0,0.0,0.0,0.0,0.0,0.0,89.72000000000006,0.0,1.0,1,53.77046203989767,0.0,0
scenario_3_multi_region_ep02_d036,scenario_3_multi_region_ep02,scenario_3_multi_region,36,D,test,9.421873823532373,16.256218,1,0.0,0.0,0.0,4.0,8.88888888888889,0.6577777777777778,89.72000000000006,1.0,1.0,1,78.29079345396053,-0.2746777491006181,0
scenario_3_multi_region_ep02_d039,scenario_3_multi_region_ep02,scenario_3_multi_region,39,A,test,31.9434663670809,31.632677,0,540.0,270.0,0.0,5.656854249492381,12.57078722109418,0.9302382543609692,89.48000000000006,1.0,1.0,1,722.3816759594667,0.6000000001418111,4
scenario_3_multi_region_ep02_d039,scenario_3_multi_region_ep02,scenario_3_multi_region,39,B,test,10.31420202291078,12.399724,0,0.0,0.0,0.0,4.0,8.88888888888889,0.6577777777777778,89.48000000000006,1.0,1.0,1,106.37332331369998,-0.24056931415515512,0
scenario_3_multi_region_ep02_d039,scenario_3_multi_region_ep02,scenario_3_multi_region,39,C,test,4.385019917982618,7.3764925,0,0.0,0.0,0.0,4.0,8.88888888888889,0.6577777777777778,89.48000000000006,1.0,1.0,1,58.89221255507368,-0.312132034254623,0
scenario_3_multi_region_ep02_d039,scenario_3_multi_region_ep02,scenario_3_multi_region,39,D,test,12.158519736942615,20.332632,1,60.0,0.0,0.0,0.0,0.0,0.0,89.48000000000006,0.0,1.0,1,86.45735528844716,0.041545712861654205,3
scenario_3_multi_region_ep02_d042,scenario_3_multi_region_ep02,scenario_3_multi_region,42,A,test,35.865539776067166,28.654715,-1,630.0,360.0,0.0,4.0,8.88888888888889,0.6577777777777778,89.24000000000007,1.0,1.0,1,709.2470276121544,0.6878679657438278,4
scenario_3_multi_region_ep02_d042,scenario_3_multi_region_ep02,scenario_3_multi_region,42,B,test,10.725348142215983,13.279102,0,0.0,0.0,0.0,0.0,0.0,0.0,89.24000000000007,0.0,1.0,1,115.91922181115274,0.08079034573215399,3
scenario_3_multi_region_ep02_d042,scenario_3_multi_region_ep02,scenario_3_multi_region,42,C,test,4.710409285267875,4.5414343,0,0.0,0.0,0.0,5.656854249492381,12.57078722109418,0.9302382543609692,89.24000000000007,1.0,1.0,1,63.77098953282166,-0.3999999998566819,0
scenario_3_multi_region_ep02_d042,scenario_3_multi_region_ep02,scenario_3_multi_region,42,D,test,15.24792606979886,21.221546,1,150.0,0.0,0.0,4.0,8.88888888888889,0.6577777777777778,89.24000000000007,1.0,1.0,1,93.536981351029,-0.2660172444527701,0
scenario_3_multi_region_ep02_d045,scenario_3_multi_region_ep02,scenario_3_multi_region,45,A,test,37.92108292094799,28.480516,-1,720.0,450.0,0.0,4.0,8.88888888888889,0.6577777777777778,89.00000000000007,1.0,1.0,1,674.7277186385065,0.6878679657437282,4
scenario_3_multi_region_ep02_d045,scenario_3_multi_region_ep02,scenario_3_multi_region,45,B,test,11.81456380458573,13.745402,0,0.0,0.0,0.0,5.656854249492381,12.57078722109418,0.9302382543609692,89.00000000000007,1.0,1.0,1,123.64106675308948,-0.30862361130607807,0
scenario_3_multi_region_ep02_d045,scenario_3_multi_region_ep02,scenario_3_multi_region,45,C,test,5.563950404397695,6.605952,0,0.0,0.0,0.0,0.0,0.0,0.0,89.00000000000007,0.0,1.0,1,68.22064030445426,0.0,0
scenario_3_multi_region_ep02_d045,scenario_3_multi_region_ep02,scenario_3_multi_region,45,D,test,16.821552688707992,22.492674,1,240.0,0.0,0.0,4.0,8.88888888888889,0.6577777777777778,89.00000000000007,1.0,1.0,1,99.58404760367353,-0.26042050702015734,0
scenario_3_multi_region_ep02_d048,scenario_3_multi_region_ep02,scenario_3_multi_region,48,A,test,36.79145762120961,27.681961,-1,810.0,540.0,0.0,0.0,0.0,0.0,88.76000000000008,0.0,1.0,1,639.8336380461344,0.9999999999982381,4
scenario_3_multi_region_ep02_d048,scenario_3_multi_region_ep02,scenario_3_multi_region,48,B,test,12.28060958699687,13.666217,0,0.0,0.0,0.0,4.0,8.88888888888889,0.6577777777777778,88.76000000000008,1.0,1.0,1,128.35243072002618,-0.2133593900387189,0
scenario_3_multi_region_ep02_d048,scenario_3_multi_region_ep02,scenario_3_multi_region,48,C,test,4.915194948197234,7.2607293,0,0.0,0.0,0.0,4.0,8.88888888888889,0.6577777777777778,88.76000000000008,1.0,1.0,1,72.29515395162707,-0.312132034254623,0
scenario_3_multi_region_ep02_d048,scenario_3_multi_region_ep02,scenario_3_multi_region,48,D,test,18.673317163459284,23.203682,1,330.0,0.0,0.0,5.656854249492381,12.57078722109418,0.9302382543609692,88.76000000000008,1.0,1.0,1,104.61163392876848,-0.3430585220842194,0
scenario_3_multi_region_ep02_d051,scenario_3_multi_region_ep02,scenario_3_multi_region,51,A,test,35.86660050484741,27.43597,-1,900.0,630.0,0.0,4.0,8.88888888888889,0.6577777777777778,88.52000000000008,1.0,1.0,1,607.0271238689763,0.6878679657434941,4
scenario_3_multi_region_ep02_d051,scenario_3_multi_region_ep02,scenario_3_multi_region,51,B,test,12.219913179391,14.097935,0,0.0,0.0,0.0,0.0,0.0,0.0,88.52000000000008,0.0,1.0,1,131.9454534050958,0.10543135406004474,3
scenario_3_multi_region_ep02_d051,scenario_3_multi_region_ep02,scenario_3_multi_region,51,C,test,5.624382280080598,7.031902,0,0.0,0.0,0.0,5.656854249492381,12.57078722109418,0.9302382543609692,88.52000000000008,1.0,1.0,1,75.95365888653146,-0.3999999998566819,0
scenario_3_multi_region_ep02_d051,scenario_3_multi_region_ep02,scenario_3_multi_region,51,D,test,20.11436225606636,22.932028,0,420.0,0.0,0.0,4.0,8.88888888888889,0.6577777777777778,88.52000000000008,1.0,1.0,1,109.15154130026713,-0.24962113020339058,0
scenario_3_multi_region_ep02_d054,scenario_3_multi_region_ep02,scenario_3_multi_region,54,A,test,33.32056239097737,27.790075,-1,990.0,720.0,0.0,5.656854249492381,12.57078722109418,0.9302382543609692,88.28000000000009,1.0,1.0,1,576.1233076513433,0.600000000141306,4
scenario_3_multi_region_ep02_d054,scenario_3_multi_region_ep02,scenario_3_multi_region,54,B,test,12.11338677139198,13.681975,0,0.0,0.0,0.0,4.0,8.88888888888889,0.6577777777777778,88.28000000000009,1.0,1.0,1,132.92290760006836,-0.20397093448518575,0
scenario_3_multi_region_ep02_d054,scenario_3_multi_region_ep02,scenario_3_multi_region,54,C,test,4.624800891023253,8.26781,1,0.0,0.0,0.0,4.0,8.88888888888889,0.6577777777777778,88.28000000000009,1.0,1.0,1,79.17212068606887,-0.312132034254623,0
scenario_3_multi_region_ep02_d054,scenario_3_multi_region_ep02,scenario_3_multi_region,54,D,test,21.70667429132836,22.855658,0,510.0,0.0,0.0,0.0,0.0,0.0,88.28000000000009,0.0,1.0,1,112.7115966194358,0.06749048359883097,3
scenario_3_multi_region_ep02_d057,scenario_3_multi_region_ep02,scenario_3_multi_region,57,A,test,25.51463294392007,27.11751,0,30.0,810.0,0.0,0.0,0.0,0.0,88.04000000000009,0.0,1.0,1,547.0126874795524,0.9999999999978496,4
scenario_3_multi_region_ep02_d057,scenario_3_multi_region_ep02,scenario_3_multi_region,57,B,test,12.66109588418959,13.728163,0,0.0,0.0,0.0,4.0,8.88888888888889,0.6577777777777778,88.04000000000009,1.0,1.0,1,133.25416312754874,-0.20189484701276256,0
scenario_3_multi_region_ep02_d057,scenario_3_multi_region_ep02,scenario_3_multi_region,57,C,test,6.185220955265562,7.7121825,0,0.0,0.0,0.0,4.0,8.88888888888889,0.6577777777777778,88.04000000000009,1.0,1.0,1,81.9915397991715,-0.312132034254623,0
scenario_3_multi_region_ep02_d057,scenario_3_multi_region_ep02,scenario_3_multi_region,57,D,test,22.3210342023854,23.878042,0,600.0,0.0,0.0,5.656854249492381,12.57078722109418,0.9302382543609692,88.04000000000009,1.0,1.0,1,114.49653728751218,-0.3300999584275721,0
scenario_3_multi_region_ep02_d060,scenario_3_multi_region_ep02,scenario_3_multi_region,60,A,test,26.58518046237014,27.029652,0,120.0,900.0,0.0,4.0,8.88888888888889,0.6577777777777778,87.8000000000001,1.0,1.0,1,519.5453819383467,0.687867965743079,4
scenario_3_multi_region_ep02_d060,scenario_3_multi_region_ep02,scenario_3_multi_region,60,B,test,12.509266727072244,12.523575,0,0.0,0.0,0.0,5.656854249492381,12.57078722109418,0.9302382543609692,87.8000000000001,1.0,1.0,1,132.81121036385798,-0.28875290313607677,0
scenario_3_multi_region_ep02_d060,scenario_3_multi_region_ep02,scenario_3_multi_region,60,C,test,7.0219010404059325,7.538629,0,0.0,0.0,0.0,0.0,0.0,0.0,87.8000000000001,0.0,1.0,1,84.40286915712727,0.0,0
scenario_3_multi_region_ep02_d060,scenario_3_multi_region_ep02,scenario_3_multi_region,60,D,test,25.13904940440445,24.592213,0,690.0,90.0,0.0,4.0,8.88888888888889,0.6577777777777778,87.8000000000001,1.0,1.0,1,114.89591469243214,-0.24205603699032893,0
scenario_3_multi_region_ep02_d063,scenario_3_multi_region_ep02,scenario_3_multi_region,63,A,test,26.300381599196328,26.777927,0,210.0,990.0,0.0,5.656854249492381,12.57078722109418,0.9302382543609692,87.5600000000001,1.0,1.0,1,493.636725656655,0.6000000001408623,4
scenario_3_multi_region_ep02_d063,scenario_3_multi_region_ep02,scenario_3_multi_region,63,B,test,13.438533054749236,12.084306,0,0.0,0.0,0.0,4.0,8.88888888888889,0.6577777777777778,87.5600000000001,1.0,1.0,1,132.16621434785247,-0.19986573620053455,0
scenario_3_multi_region_ep02_d063,scenario_3_multi_region_ep02,scenario_3_multi_region,63,C,test,6.269283001859306,6.6219015,0,0.0,0.0,0.0,4.0,8.88888888888889,0.6577777777777778,87.5600000000001,1.0,1.0,1,86.4532307453187,-0.312132034254623,0
scenario_3_multi_region_ep02_d063,scenario_3_multi_region_ep02,scenario_3_multi_region,63,D,test,24.69506205063468,24.732468,0,780.0,0.0,0.0,0.0,0.0,0.0,87.5600000000001,0.0,1.0,1,115.2040785918623,0.07060906988072649,3
scenario_3_multi_region_ep02_d066,scenario_3_multi_region_ep02,scenario_3_multi_region,66,A,test,26.42812762585865,24.912796,0,300.0,1080.0,0.0,4.0,8.88888888888889,0.6577777777777778,87.3200000000001,1.0,1.0,1,469.1867296388264,0.6878679657427526,4
scenario_3_multi_region_ep02_d066,scenario_3_multi_region_ep02,scenario_3_multi_region,66,B,test,12.840683754250906,11.787812,0,0.0,0.0,0.0,0.0,0.0,0.0,87.3200000000001,0.0,1.0,1,131.333658824105,0.11329487750108644,3
scenario_3_multi_region_ep02_d066,scenario_3_multi_region_ep02,scenario_3_multi_region,66,C,test,6.9631168487150354,6.991581,0,0.0,0.0,0.0,5.656854249492381,12.57078722109418,0.9302382543609692,87.3200000000001,1.0,1.0,1,88.16595707049305,-0.3999999998566819,0
scenario_3_multi_region_ep02_d066,scenario_3_multi_region_ep02,scenario_3_multi_region,66,D,test,25.17789027239155,22.00291,-1,870.0,90.0,0.0,4.0,8.88888888888889,0.6577777777777778,87.3200000000001,1.0,1.0,1,115.27446008621176,-0.24098498672511898,0
scenario_3_multi_region_ep02_d069,scenario_3_multi_region_ep02,scenario_3_multi_region,69,A,test,25.59276949566513,25.948298,0,390.0,1170.0,0.0,4.0,8.88888888888889,0.6577777777777778,87.08000000000011,1.0,1.0,1,446.10732292229113,0.6878679657425723,4
scenario_3_multi_region_ep02_d069,scenario_3_multi_region_ep02,scenario_3_multi_region,69,B,test,11.791545256339598,11.756923,0,0.0,0.0,0.0,5.656854249492381,12.57078722109418,0.9302382543609692,87.08000000000011,1.0,1.0,1,130.3325162117667,-0.28566707772143196,0
scenario_3_multi_region_ep02_d069,scenario_3_multi_region_ep02,scenario_3_multi_region,69,C,test,6.993977961295594,7.480177,0,0.0,0.0,0.0,0.0,0.0,0.0,87.08000000000011,0.0,1.0,1,89.56837662664861,0.0,0
scenario_3_multi_region_ep02_d069,scenario_3_multi_region_ep02,scenario_3_multi_region,69,D,test,26.211539537991264,22.359232,-1,960.0,180.0,0.0,4.0,8.88888888888889,0.6577777777777778,87.08000000000011,1.0,1.0,1,115.12864504156325,-0.2404420585018806,0
scenario_3_multi_region_ep02_d072,scenario_3_multi_region_ep02,scenario_3_multi_region,72,A,test,25.29737289016384,25.824263,0,480.0,1260.0,0.0,0.0,0.0,0.0,86.84000000000012,0.0,1.0,1,424.3159426135192,0.9999999999970027,4
scenario_3_multi_region_ep02_d072,scenario_3_multi_region_ep02,scenario_3_multi_region,72,B,test,11.31993624268926,11.79964,0,0.0,0.0,0.0,4.0,8.88888888888889,0.6577777777777778,86.84000000000012,1.0,1.0,1,129.18031908653143,-0.1967515144015309,0
scenario_3_multi_region_ep02_d072,scenario_3_multi_region_ep02,scenario_3_multi_region,72,C,test,6.680629789642587,7.3814073,0,0.0,0.0,0.0,4.0,8.88888888888889,0.6577777777777778,86.84000000000012,1.0,1.0,1,90.68591280896383,-0.312132034254623,0
scenario_3_multi_region_ep02_d072,scenario_3_multi_region_ep02,scenario_3_multi_region,72,D,test,25.46672174923793,22.589111,0,1050.0,270.0,0.0,5.656854249492381,12.57078722109418,0.9302382543609692,86.84000000000012,1.0,1.0,1,114.78664571351806,-0.3277620993337569,0
scenario_3_multi_region_ep02_d075,scenario_3_multi_region_ep02,scenario_3_multi_region,75,A,test,26.3342567033846,24.753082,0,570.0,1350.0,0.0,4.0,8.88888888888889,0.6577777777777778,86.60000000000012,1.0,1.0,1,403.7351836981445,0.6878679657421739,4
scenario_3_multi_region_ep02_d075,scenario_3_multi_region_ep02,scenario_3_multi_region,75,B,test,11.68859188739065,12.529803,0,0.0,0.0,0.0,0.0,0.0,0.0,86.60000000000012,0.0,1.0,1,127.89326027742868,0.11643775938200157,3
scenario_3_multi_region_ep02_d075,scenario_3_multi_region_ep02,scenario_3_multi_region,75,C,test,6.184488488256452,6.134484,0,0.0,0.0,0.0,5.656854249492381,12.57078722109418,0.9302382543609692,86.60000000000012,1.0,1.0,1,91.54220991522516,-0.3999999998566819,0
scenario_3_multi_region_ep02_d075,scenario_3_multi_region_ep02,scenario_3_multi_region,75,D,test,24.62248003998983,22.91015,0,1140.0,0.0,0.0,4.0,8.88888888888889,0.6577777777777778,86.60000000000012,1.0,1.0,1,114.26700753760632,-0.23934116600750527,0
scenario_3_multi_region_ep02_d078,scenario_3_multi_region_ep02,scenario_3_multi_region,78,A,test,24.710742666946345,23.409067,0,660.0,0.0,0.0,5.656854249492381,12.57078722109418,0.9302382543609692,86.36000000000013,1.0,1.0,1,384.2924712787769,0.6000000001398952,4
scenario_3_multi_region_ep02_d078,scenario_3_multi_region_ep02,scenario_3_multi_region,78,B,test,11.158886806016907,12.560346,0,0.0,0.0,0.0,4.0,8.88888888888889,0.6577777777777778,86.36000000000013,1.0,1.0,1,126.4862862464363,-0.1946273039662514,0
scenario_3_multi_region_ep02_d078,scenario_3_multi_region_ep02,scenario_3_multi_region,78,C,test,7.141367709528837,6.7956,0,0.0,0.0,0.0,4.0,8.88888888888889,0.6577777777777778,86.36000000000013,1.0,1.0,1,92.159250987748,-0.312132034254623,0
scenario_3_multi_region_ep02_d078,scenario_3_multi_region_ep02,scenario_3_multi_region,78,D,test,24.510628245292864,22.836092,0,1230.0,0.0,0.0,0.0,0.0,0.0,86.36000000000013,0.0,1.0,1,113.58690887825333,0.07334892577121263,3
scenario_3_multi_region_ep03_d012,scenario_3_multi_region_ep03,scenario_3_multi_region,12,A,train,5.233740439488121,10.677664,1,0.0,0.0,0.0,5.656854249492381,12.57078722109418,0.9302382543609692,90.94000000000004,1.0,1.0,1,192.6481934530392,0.6000000001373876,4
scenario_3_multi_region_ep03_d012,scenario_3_multi_region_ep03,scenario_3_multi_region,12,B,train,6.1262509900510045,6.371126,0,0.0,0.0,0.0,4.0,8.88888888888889,0.6577777777777778,90.94000000000004,1.0,1.0,1,52.3497199077068,-0.14419931435581013,0
scenario_3_multi_region_ep03_d012,scenario_3_multi_region_ep03,scenario_3_multi_region,12,C,train,3.604516048514692,5.637201,0,0.0,0.0,0.0,4.0,8.88888888888889,0.6577777777777778,90.94000000000004,1.0,1.0,1,24.033855525415447,-0.312132034254623,0
scenario_3_multi_region_ep03_d012,scenario_3_multi_region_ep03,scenario_3_multi_region,12,D,train,5.735646369490415,6.4035726,0,0.0,0.0,0.0,0.0,0.0,0.0,90.94000000000004,0.0,1.0,1,41.30316766177009,0.10241900154223496,3
scenario_3_multi_region_ep03_d015,scenario_3_multi_region_ep03,scenario_3_multi_region,15,A,train,3.6874081638410257,12.481958,1,0.0,0.0,0.0,0.0,0.0,0.0,90.70000000000005,0.0,1.0,1,257.5451801468955,0.9999999999956903,4
scenario_3_multi_region_ep03_d015,scenario_3_multi_region_ep03,scenario_3_multi_region,15,B,train,5.807979984716289,5.89806,0,0.0,0.0,0.0,4.0,8.88888888888889,0.6577777777777778,90.70000000000005,1.0,1.0,1,55.68701092136018,-0.1820769288103498,0
scenario_3_multi_region_ep03_d015,scenario_3_multi_region_ep03,scenario_3_multi_region,15,C,train,3.297658958493183,5.105533,0,0.0,0.0,0.0,4.0,8.88888888888889,0.6577777777777778,90.70000000000005,1.0,1.0,1,25.50959894062544,-0.312132034254623,0
scenario_3_multi_region_ep03_d015,scenario_3_multi_region_ep03,scenario_3_multi_region,15,D,train,4.325982336756261,5.8291383,0,0.0,0.0,0.0,5.656854249492381,12.57078722109418,0.9302382543609692,90.70000000000005,1.0,1.0,1,41.70512455071366,-0.33020240448004323,0
scenario_3_multi_region_ep03_d018,scenario_3_multi_region_ep03,scenario_3_multi_region,18,A,train,8.016676737252894,23.032835,1,0.0,0.0,0.0,4.0,8.88888888888889,0.6577777777777778,90.46000000000004,1.0,1.0,1,345.33502800513963,0.6878679657422259,4
scenario_3_multi_region_ep03_d018,scenario_3_multi_region_ep03,scenario_3_multi_region,18,B,train,5.607349789226833,6.4819484,0,0.0,0.0,0.0,5.656854249492381,12.57078722109418,0.9302382543609692,90.46000000000004,1.0,1.0,1,62.42917674911678,-0.2914838715927598,0
scenario_3_multi_region_ep03_d018,scenario_3_multi_region_ep03,scenario_3_multi_region,18,C,train,3.890269424733224,4.236049,0,0.0,0.0,0.0,0.0,0.0,0.0,90.46000000000004,0.0,1.0,1,27.99238140717057,0.0,0
scenario_3_multi_region_ep03_d018,scenario_3_multi_region_ep03,scenario_3_multi_region,18,D,train,4.927382510682566,6.77182,0,0.0,0.0,0.0,4.0,8.88888888888889,0.6577777777777778,90.46000000000004,1.0,1.0,1,43.46714271915312,-0.2633684612592221,0
scenario_3_multi_region_ep03_d021,scenario_3_multi_region_ep03,scenario_3_multi_region,21,A,train,11.737931984292338,24.953083,1,0.0,0.0,0.0,5.656854249492381,12.57078722109418,0.9302382543609692,90.22000000000004,1.0,1.0,1,432.670113924685,0.6000000001408275,4
scenario_3_multi_region_ep03_d021,scenario_3_multi_region_ep03,scenario_3_multi_region,21,B,train,6.16809805708958,6.381106,0,0.0,0.0,0.0,4.0,8.88888888888889,0.6577777777777778,90.22000000000004,1.0,1.0,1,69.49369732138211,-0.21667748795018546,0
scenario_3_multi_region_ep03_d021,scenario_3_multi_region_ep03,scenario_3_multi_region,21,C,train,3.656258368162116,5.440508,0,0.0,0.0,0.0,4.0,8.88888888888889,0.6577777777777778,90.22000000000004,1.0,1.0,1,31.16854745323326,-0.312132034254623,0
scenario_3_multi_region_ep03_d021,scenario_3_multi_region_ep03,scenario_3_multi_region,21,D,train,5.964008156331444,8.520596,0,0.0,0.0,0.0,0.0,0.0,0.0,90.22000000000004,0.0,1.0,1,46.4396047010664,0.03803486343030479,3
scenario_3_multi_region_ep03_d024,scenario_3_multi_region_ep03,scenario_3_multi_region,24,A,train,16.45508598994125,31.306423,1,90.0,0.0,0.0,4.0,8.88888888888889,0.6577777777777778,89.98000000000005,1.0,1.0,1,502.2551820775736,0.6878679657432379,4
scenario_3_multi_region_ep03_d024,scenario_3_multi_region_ep03,scenario_3_multi_region,24,B,train,6.224974416166392,6.2776804,0,0.0,0.0,0.0,0.0,0.0,0.0,89.98000000000005,0.0,1.0,1,77.5821964644822,0.09160744320532223,3
scenario_3_multi_region_ep03_d024,scenario_3_multi_region_ep03,scenario_3_multi_region,24,C,train,3.9880975118855897,4.728881,0,0.0,0.0,0.0,5.656854249492381,12.57078722109418,0.9302382543609692,89.98000000000005,1.0,1.0,1,34.75577068689768,-0.3999999998566819,0
scenario_3_multi_region_ep03_d024,scenario_3_multi_region_ep03,scenario_3_multi_region,24,D,train,6.8288373349215785,9.869635,1,0.0,0.0,0.0,4.0,8.88888888888889,0.6577777777777778,89.98000000000005,1.0,1.0,1,50.40250577005145,-0.2786630400657838,0
scenario_3_multi_region_ep03_d027,scenario_3_multi_region_ep03,scenario_3_multi_region,27,A,train,22.32605276213128,33.068348,1,180.0,0.0,0.0,4.0,8.88888888888889,0.6577777777777778,89.74000000000005,1.0,1.0,1,585.0936681041958,0.6878679657435449,4
scenario_3_multi_region_ep03_d027,scenario_3_multi_region_ep03,scenario_3_multi_region,27,B,train,7.317967296855232,10.120481,0,0.0,0.0,0.0,5.656854249492381,12.57078722109418,0.9302382543609692,89.74000000000005,1.0,1.0,1,85.97083377170497,-0.31445914785157286,0
scenario_3_multi_region_ep03_d027,scenario_3_multi_region_ep03,scenario_3_multi_region,27,C,train,3.999478033820428,4.4621325,0,0.0,0.0,0.0,0.0,0.0,0.0,89.74000000000005,0.0,1.0,1,39.28160484583259,0.0,0
scenario_3_multi_region_ep03_d027,scenario_3_multi_region_ep03,scenario_3_multi_region,27,D,train,8.109641305044242,12.336773,1,0.0,0.0,0.0,4.0,8.88888888888889,0.6577777777777778,89.74000000000005,1.0,1.0,1,56.524862483684274,-0.2805401021619498,0
scenario_3_multi_region_ep03_d030,scenario_3_multi_region_ep03,scenario_3_multi_region,30,A,train,24.575655955976607,34.45718,1,270.0,0.0,0.0,0.0,0.0,0.0,89.50000000000006,0.0,1.0,1,636.1527808852265,0.9999999999983117,4
scenario_3_multi_region_ep03_d030,scenario_3_multi_region_ep03,scenario_3_multi_region,30,B,train,8.26851265618751,10.815335,0,0.0,0.0,0.0,4.0,8.88888888888889,0.6577777777777778,89.50000000000006,1.0,1.0,1,95.2900660062785,-0.22527306926687085,0
scenario_3_multi_region_ep03_d030,scenario_3_multi_region_ep03,scenario_3_multi_region,30,C,train,4.4972810636180345,4.4452624,0,0.0,0.0,0.0,4.0,8.88888888888889,0.6577777777777778,89.50000000000006,1.0,1.0,1,43.84261833538517,-0.312132034254623,0
scenario_3_multi_region_ep03_d030,scenario_3_multi_region_ep03,scenario_3_multi_region,30,D,train,8.689413891224582,14.635159,1,0.0,0.0,0.0,5.656854249492381,12.57078722109418,0.9302382543609692,89.50000000000006,1.0,1.0,1,63.0226526479521,-0.36761825879391463,0
scenario_3_multi_region_ep03_d033,scenario_3_multi_region_ep03,scenario_3_multi_region,33,A,train,28.79795783237079,36.425983,1,360.0,90.0,0.0,4.0,8.88888888888889,0.6577777777777778,89.26000000000006,1.0,1.0,1,691.6025476537918,0.6878679657438204,4
scenario_3_multi_region_ep03_d033,scenario_3_multi_region_ep03,scenario_3_multi_region,33,B,train,9.864507327758576,11.002109,0,0.0,0.0,0.0,0.0,0.0,0.0,89.26000000000006,0.0,1.0,1,104.9295639870179,0.08677092321892853,3
scenario_3_multi_region_ep03_d033,scenario_3_multi_region_ep03,scenario_3_multi_region,33,C,train,5.166192391336407,5.5673513,0,0.0,0.0,0.0,5.656854249492381,12.57078722109418,0.9302382543609692,89.26000000000006,1.0,1.0,1,49.186533333757325,-0.3999999998566819,0
scenario_3_multi_region_ep03_d033,scenario_3_multi_region_ep03,scenario_3_multi_region,33,D,train,8.52392341419289,15.35036,1,0.0,0.0,0.0,4.0,8.88888888888889,0.6577777777777778,89.26000000000006,1.0,1.0,1,70.8203820127112,-0.2784562724481267,0
scenario_3_multi_region_ep03_d036,scenario_3_multi_region_ep03,scenario_3_multi_region,36,A,train,32.691260359180006,37.047462,1,450.0,180.0,0.0,5.656854249492381,12.57078722109418,0.9302382543609692,89.02000000000007,1.0,1.0,1,721.2860396219535,0.6000000001418185,4
scenario_3_multi_region_ep03_d036,scenario_3_multi_region_ep03,scenario_3_multi_region,36,B,train,9.995967992582688,11.96385,0,0.0,0.0,0.0,4.0,8.88888888888889,0.6577777777777778,89.02000000000007,1.0,1.0,1,113.66761947426744,-0.22338439443700087,0
scenario_3_multi_region_ep03_d036,scenario_3_multi_region_ep03,scenario_3_multi_region,36,C,train,4.085569752095221,5.744813,0,0.0,0.0,0.0,4.0,8.88888888888889,0.6577777777777778,89.02000000000007,1.0,1.0,1,54.49114646396356,-0.312132034254623,0
scenario_3_multi_region_ep03_d036,scenario_3_multi_region_ep03,scenario_3_multi_region,36,D,train,11.766600765839492,18.748798,1,90.0,0.0,0.0,0.0,0.0,0.0,89.02000000000007,0.0,1.0,1,78.72454478582449,0.036343107259045465,3
scenario_3_multi_region_ep03_d039,scenario_3_multi_region_ep03,scenario_3_multi_region,39,A,train,34.3503705438904,35.833668,0,540.0,270.0,0.0,0.0,0.0,0.0,88.78000000000007,0.0,1.0,1,735.9679626681011,0.9999999999985208,4
scenario_3_multi_region_ep03_d039,scenario_3_multi_region_ep03,scenario_3_multi_region,39,B,train,10.271751128703247,13.223873,0,0.0,0.0,0.0,4.0,8.88888888888889,0.6577777777777778,88.78000000000007,1.0,1.0,1,122.34003923548336,-0.21979003083247972,0
scenario_3_multi_region_ep03_d039,scenario_3_multi_region_ep03,scenario_3_multi_region,39,C,train,5.359888114060668,6.8064985,0,0.0,0.0,0.0,4.0,8.88888888888889,0.6577777777777778,88.78000000000007,1.0,1.0,1,59.911644378313895,-0.312132034254623,0
scenario_3_multi_region_ep03_d039,scenario_3_multi_region_ep03,scenario_3_multi_region,39,D,train,14.505377304086707,20.159079,1,180.0,0.0,0.0,5.656854249492381,12.57078722109418,0.9302382543609692,88.78000000000007,1.0,1.0,1,86.49457216344695,-0.36067941802654635,0
scenario_3_multi_region_ep03_d042,scenario_3_multi_region_ep03,scenario_3_multi_region,42,A,train,37.71777011236773,33.886948,-1,630.0,360.0,0.0,4.0,8.88888888888889,0.6577777777777778,88.54000000000008,1.0,1.0,1,733.4221812744834,0.6878679657438804,4
scenario_3_multi_region_ep03_d042,scenario_3_multi_region_ep03,scenario_3_multi_region,42,B,train,11.305561943178876,13.507769,0,0.0,0.0,0.0,5.656854249492381,12.57078722109418,0.9302382543609692,88.54000000000008,1.0,1.0,1,130.3165622779677,-0.3026273170171374,0
scenario_3_multi_region_ep03_d042,scenario_3_multi_region_ep03,scenario_3_multi_region,42,C,train,3.691043934989956,7.476067,1,0.0,0.0,0.0,0.0,0.0,0.0,88.54000000000008,0.0,1.0,1,65.25536698627593,0.0,0
scenario_3_multi_region_ep03_d042,scenario_3_multi_region_ep03,scenario_3_multi_region,42,D,train,16.078849070668888,20.827328,1,270.0,0.0,0.0,4.0,8.88888888888889,0.6577777777777778,88.54000000000008,1.0,1.0,1,94.12642771744116,-0.2689226737869408,0
scenario_3_multi_region_ep03_d045,scenario_3_multi_region_ep03,scenario_3_multi_region,45,A,train,40.40016988563623,32.6048,-1,720.0,450.0,0.0,5.656854249492381,12.57078722109418,0.9302382543609692,88.30000000000008,1.0,1.0,1,697.6673979924167,0.6000000001417252,4
scenario_3_multi_region_ep03_d045,scenario_3_multi_region_ep03,scenario_3_multi_region,45,B,train,11.909995543139663,13.543913,0,0.0,0.0,0.0,4.0,8.88888888888889,0.6577777777777778,88.30000000000008,1.0,1.0,1,136.70408121585888,-0.2057989838966227,0
scenario_3_multi_region_ep03_d045,scenario_3_multi_region_ep03,scenario_3_multi_region,45,C,train,5.28365110680214,6.698707,0,0.0,0.0,0.0,4.0,8.88888888888889,0.6577777777777778,88.30000000000008,1.0,1.0,1,69.95780550789618,-0.312132034254623,0
scenario_3_multi_region_ep03_d045,scenario_3_multi_region_ep03,scenario_3_multi_region,45,D,train,17.78072624512834,22.50276,1,360.0,0.0,0.0,0.0,0.0,0.0,88.30000000000008,0.0,1.0,1,100.47910077258553,0.04862327361261949,3
scenario_3_multi_region_ep03_d048,scenario_3_multi_region_ep03,scenario_3_multi_region,48,A,train,38.11643828237404,28.948769,-1,810.0,540.0,0.0,4.0,8.88888888888889,0.6577777777777778,88.06000000000009,1.0,1.0,1,661.7437112267842,0.6878679657436747,4
scenario_3_multi_region_ep03_d048,scenario_3_multi_region_ep03,scenario_3_multi_region,48,B,train,13.24754022853918,13.825905,0,0.0,0.0,0.0,0.0,0.0,0.0,88.06000000000009,0.0,1.0,1,142.2044593632554,0.11555524756031142,3
scenario_3_multi_region_ep03_d048,scenario_3_multi_region_ep03,scenario_3_multi_region,48,C,train,5.394948859835974,6.8963747,0,0.0,0.0,0.0,5.656854249492381,12.57078722109418,0.9302382543609692,88.06000000000009,1.0,1.0,1,74.3251636798334,-0.3999999998566819,0
scenario_3_multi_region_ep03_d048,scenario_3_multi_region_ep03,scenario_3_multi_region,48,D,train,19.927949914791142,24.22556,1,450.0,0.0,0.0,4.0,8.88888888888889,0.6577777777777778,88.06000000000009,1.0,1.0,1,106.7793346956214,-0.2568832322696316,0
scenario_3_multi_region_ep03_d051,scenario_3_multi_region_ep03,scenario_3_multi_region,51,A,train,36.84646075709117,27.42363,-1,900.0,630.0,0.0,4.0,8.88888888888889,0.6577777777777778,87.82000000000009,1.0,1.0,1,627.9021433923497,0.6878679657435579,4
scenario_3_multi_region_ep03_d051,scenario_3_multi_region_ep03,scenario_3_multi_region,51,B,train,12.704215754196468,13.733097,0,0.0,0.0,0.0,5.656854249492381,12.57078722109418,0.9302382543609692,87.82000000000009,1.0,1.0,1,144.6257912067599,-0.2791417125241906,0
scenario_3_multi_region_ep03_d051,scenario_3_multi_region_ep03,scenario_3_multi_region,51,C,train,6.143556561652011,6.782268,0,0.0,0.0,0.0,0.0,0.0,0.0,87.82000000000009,0.0,1.0,1,78.1883199868555,0.0,0
scenario_3_multi_region_ep03_d051,scenario_3_multi_region_ep03,scenario_3_multi_region,51,D,train,21.750237091367588,23.89917,0,540.0,0.0,0.0,4.0,8.88888888888889,0.6577777777777778,87.82000000000009,1.0,1.0,1,111.11870119573632,-0.2522274442539274,0
scenario_3_multi_region_ep03_d054,scenario_3_multi_region_ep03,scenario_3_multi_region,54,A,train,35.91885110338736,27.639494,-1,990.0,720.0,0.0,0.0,0.0,0.0,87.5800000000001,0.0,1.0,1,596.0845017186675,0.9999999999980561,4
scenario_3_multi_region_ep03_d054,scenario_3_multi_region_ep03,scenario_3_multi_region,54,B,train,14.17501719824011,13.823885,0,0.0,0.0,0.0,4.0,8.88888888888889,0.6577777777777778,87.5800000000001,1.0,1.0,1,147.1558779262234,-0.18480499837532977,0
scenario_3_multi_region_ep03_d054,scenario_3_multi_region_ep03,scenario_3_multi_region,54,C,train,5.207265490615687,7.2114334,0,0.0,0.0,0.0,4.0,8.88888888888889,0.6577777777777778,87.5800000000001,1.0,1.0,1,81.65510806269958,-0.312132034254623,0
scenario_3_multi_region_ep03_d054,scenario_3_multi_region_ep03,scenario_3_multi_region,54,D,train,23.5769127849439,24.398003,0,630.0,0.0,0.0,5.656854249492381,12.57078722109418,0.9302382543609692,87.5800000000001,1.0,1.0,1,114.65873293410095,-0.3358442084529565,0
scenario_3_multi_region_ep03_d057,scenario_3_multi_region_ep03,scenario_3_multi_region,57,A,train,26.41302920903191,25.369576,0,0.0,810.0,0.0,4.0,8.88888888888889,0.6577777777777778,87.3400000000001,1.0,1.0,1,566.0783533848419,0.6878679657432998,4
scenario_3_multi_region_ep03_d057,scenario_3_multi_region_ep03,scenario_3_multi_region,57,B,train,14.596543388920365,13.198942,0,0.0,0.0,0.0,0.0,0.0,0.0,87.3400000000001,0.0,1.0,1,146.41039408311872,0.12825231096329484,3
scenario_3_multi_region_ep03_d057,scenario_3_multi_region_ep03,scenario_3_multi_region,57,C,train,8.353636027473373,7.8811193,0,0.0,0.0,0.0,5.656854249492381,12.57078722109418,0.9302382543609692,87.3400000000001,1.0,1.0,1,84.66846313828319,-0.3999999998566819,0
scenario_3_multi_region_ep03_d057,scenario_3_multi_region_ep03,scenario_3_multi_region,57,D,train,23.805736355487184,20.615854,-1,720.0,0.0,0.0,4.0,8.88888888888889,0.6577777777777778,87.3400000000001,1.0,1.0,1,117.3927391776815,-0.2441561228694824,0
scenario_3_multi_region_ep03_d060,scenario_3_multi_region_ep03,scenario_3_multi_region,60,A,train,26.54167559298796,27.987942,0,90.0,900.0,0.0,5.656854249492381,12.57078722109418,0.9302382543609692,87.10000000000011,1.0,1.0,1,537.7701672818073,0.6000000001410986,4
scenario_3_multi_region_ep03_d060,scenario_3_multi_region_ep03,scenario_3_multi_region,60,B,train,14.105447227366511,13.217725,0,0.0,0.0,0.0,4.0,8.88888888888889,0.6577777777777778,87.10000000000011,1.0,1.0,1,145.48393684362622,-0.18289250744478913,0
scenario_3_multi_region_ep03_d060,scenario_3_multi_region_ep03,scenario_3_multi_region,60,C,train,7.319349794165827,7.68013,0,0.0,0.0,0.0,4.0,8.88888888888889,0.6577777777777778,87.10000000000011,1.0,1.0,1,87.26024806015403,-0.312132034254623,0
scenario_3_multi_region_ep03_d060,scenario_3_multi_region_ep03,scenario_3_multi_region,60,D,train,26.191788655649773,20.641068,-1,810.0,90.0,0.0,0.0,0.0,0.0,87.10000000000011,0.0,1.0,1,118.32385795297,0.06895211085788228,3
scenario_3_multi_region_ep03_d063,scenario_3_multi_region_ep03,scenario_3_multi_region,63,A,train,26.874560716386075,27.356544,0,180.0,990.0,0.0,0.0,0.0,0.0,86.86000000000011,0.0,1.0,1,511.0555436417008,0.9999999999976281,4
scenario_3_multi_region_ep03_d063,scenario_3_multi_region_ep03,scenario_3_multi_region,63,B,train,12.71134678267166,12.54346,0,0.0,0.0,0.0,4.0,8.88888888888889,0.6577777777777778,86.86000000000011,1.0,1.0,1,144.36863113194067,-0.18189634928064793,0
scenario_3_multi_region_ep03_d063,scenario_3_multi_region_ep03,scenario_3_multi_region,63,C,train,6.669064762900759,7.2539487,0,0.0,0.0,0.0,4.0,8.88888888888889,0.6577777777777778,86.86000000000011,1.0,1.0,1,89.46212324606358,-0.312132034254623,0
scenario_3_multi_region_ep03_d063,scenario_3_multi_region_ep03,scenario_3_multi_region,63,D,train,26.23303743491717,21.49754,-1,900.0,180.0,0.0,5.656854249492381,12.57078722109418,0.9302382543609692,86.86000000000011,1.0,1.0,1,118.72743639486998,-0.3305840371472225,0
scenario_3_multi_region_ep03_d066,scenario_3_multi_region_ep03,scenario_3_multi_region,66,A,train,26.7605301313378,26.999084,0,270.0,1080.0,0.0,4.0,8.88888888888889,0.6577777777777778,86.62000000000012,1.0,1.0,1,485.84068444568334,0.6878679657428424,4
scenario_3_multi_region_ep03_d066,scenario_3_multi_region_ep03,scenario_3_multi_region,66,B,train,13.128337346425544,12.026418,0,0.0,0.0,0.0,5.656854249492381,12.57078722109418,0.9302382543609692,86.62000000000012,1.0,1.0,1,143.086477801799,-0.2687591339469053,0
scenario_3_multi_region_ep03_d066,scenario_3_multi_region_ep03,scenario_3_multi_region,66,C,train,7.548855604266887,7.1647863,0,0.0,0.0,0.0,0.0,0.0,0.0,86.62000000000012,0.0,1.0,1,91.30761630942423,0.0,0
scenario_3_multi_region_ep03_d066,scenario_3_multi_region_ep03,scenario_3_multi_region,66,D,train,19.05141573757664,18.595621,0,0.0,0.0,30.0,4.0,8.88888888888889,0.6577777777777778,86.62000000000012,1.0,1.0,1,118.87917152857813,-0.24224801832325962,0
scenario_3_multi_region_ep03_d069,scenario_3_multi_region_ep03,scenario_3_multi_region,69,A,train,27.140136800012097,26.532951,0,360.0,1170.0,0.0,5.656854249492381,12.57078722109418,0.9302382543609692,86.38000000000012,1.0,1.0,1,462.0352144214007,0.6000000001406097,4
scenario_3_multi_region_ep03_d069,scenario_3_multi_region_ep03,scenario_3_multi_region,69,B,train,13.639933862230228,12.655889,0,0.0,0.0,0.0,4.0,8.88888888888889,0.6577777777777778,86.38000000000012,1.0,1.0,1,141.6553897524998,-0.17987688346945005,0
scenario_3_multi_region_ep03_d069,scenario_3_multi_region_ep03,scenario_3_multi_region,69,C,train,7.333937404773183,7.66985,0,0.0,0.0,0.0,4.0,8.88888888888889,0.6577777777777778,86.38000000000012,1.0,1.0,1,92.82550380320843,-0.312132034254623,0
scenario_3_multi_region_ep03_d069,scenario_3_multi_region_ep03,scenario_3_multi_region,69,D,train,19.42164765131416,22.220556,0,60.0,0.0,0.0,0.0,0.0,0.0,86.38000000000012,0.0,1.0,1,118.8017360377819,0.07035630831867715,3
scenario_3_multi_region_ep03_d072,scenario_3_multi_region_ep03,scenario_3_multi_region,72,A,train,26.856483496968547,25.610857,0,450.0,1260.0,0.0,4.0,8.88888888888889,0.6577777777777778,86.14000000000013,1.0,1.0,1,439.5544027408862,0.6878679657424828,4
scenario_3_multi_region_ep03_d072,scenario_3_multi_region_ep03,scenario_3_multi_region,72,B,train,12.915311761853102,12.569729,0,0.0,0.0,0.0,0.0,0.0,0.0,86.14000000000013,0.0,1.0,1,140.09190008375185,0.13327862148811548,3
scenario_3_multi_region_ep03_d072,scenario_3_multi_region_ep03,scenario_3_multi_region,72,C,train,7.93415869262834,7.674312,0,0.0,0.0,0.0,5.656854249492381,12.57078722109418,0.9302382543609692,86.14000000000013,1.0,1.0,1,94.04255766394908,-0.3999999998566819,0
scenario_3_multi_region_ep03_d072,scenario_3_multi_region_ep03,scenario_3_multi_region,72,D,train,20.3860546720076,22.070719,0,150.0,0.0,0.0,4.0,8.88888888888889,0.6577777777777778,86.14000000000013,1.0,1.0,1,118.51615603452274,-0.24129915625284817,0
scenario_3_multi_region_ep03_d075,scenario_3_multi_region_ep03,scenario_3_multi_region,75,A,train,27.28064161407647,25.80092,0,540.0,1350.0,0.0,4.0,8.88888888888889,0.6577777777777778,85.90000000000013,1.0,1.0,1,418.3188045214058,0.6878679657422843,4
scenario_3_multi_region_ep03_d075,scenario_3_multi_region_ep03,scenario_3_multi_region,75,B,train,12.664136426917494,11.883212,0,0.0,0.0,0.0,5.656854249492381,12.57078722109418,0.9302382543609692,85.90000000000013,1.0,1.0,1,138.41125858422765,-0.2656886392238992,0
scenario_3_multi_region_ep03_d075,scenario_3_multi_region_ep03,scenario_3_multi_region,75,C,train,7.829149329432434,7.756008,0,0.0,0.0,0.0,0.0,0.0,0.0,85.90000000000013,0.0,1.0,1,94.98367776969826,0.0,0
scenario_3_multi_region_ep03_d075,scenario_3_multi_region_ep03,scenario_3_multi_region,75,D,train,20.43866332128795,21.887974,0,240.0,0.0,0.0,4.0,8.88888888888889,0.6577777777777778,85.90000000000013,1.0,1.0,1,118.0419225137532,-0.2408182708054377,0
scenario_3_multi_region_ep03_d078,scenario_3_multi_region_ep03,scenario_3_multi_region,78,A,train,26.656278095736507,25.608376,0,630.0,1440.0,0.0,0.0,0.0,0.0,85.66000000000014,0.0,1.0,1,398.2539252682325,0.9999999999966952,4
scenario_3_multi_region_ep03_d078,scenario_3_multi_region_ep03,scenario_3_multi_region,78,B,train,12.66524147180137,12.4511595,0,0.0,0.0,0.0,4.0,8.88888888888889,0.6577777777777778,85.66000000000014,1.0,1.0,1,136.627521726439,-0.17677858268880134,0
scenario_3_multi_region_ep03_d078,scenario_3_multi_region_ep03,scenario_3_multi_region,78,C,train,6.807778809245468,8.117703,0,0.0,0.0,0.0,4.0,8.88888888888889,0.6577777777777778,85.66000000000014,1.0,1.0,1,95.67201591380535,-0.312132034254623,0
scenario_3_multi_region_ep03_d078,scenario_3_multi_region_ep03,scenario_3_multi_region,78,D,train,20.88722749008063,22.180674,0,330.0,0.0,0.0,5.656854249492381,12.57078722109418,0.9302382543609692,85.66000000000014,1.0,1.0,1,117.3970954737299,-0.32820099638616956,0
scenario_3_multi_region_ep04_d012,scenario_3_multi_region_ep04,scenario_3_multi_region,12,A,train,4.532872920163872,8.336936,1,0.0,0.0,0.0,0.0,0.0,0.0,90.24000000000002,0.0,1.0,1,181.3386006357981,0.9999999999938328,4
scenario_3_multi_region_ep04_d012,scenario_3_multi_region_ep04,scenario_3_multi_region,12,B,train,5.561899306968448,5.719048,0,0.0,0.0,0.0,4.0,8.88888888888889,0.6577777777777778,90.24000000000002,1.0,1.0,1,40.50610705032966,-0.18067282446464403,0
scenario_3_multi_region_ep04_d012,scenario_3_multi_region_ep04,scenario_3_multi_region,12,C,train,3.976337419239188,5.9923205,0,0.0,0.0,0.0,4.0,8.88888888888889,0.6577777777777778,90.24000000000002,1.0,1.0,1,19.19020740772032,-0.312132034254623,0
scenario_3_multi_region_ep04_d012,scenario_3_multi_region_ep04,scenario_3_multi_region,12,D,train,4.523431202668312,6.0747833,0,0.0,0.0,0.0,5.656854249492381,12.57078722109418,0.9302382543609692,90.24000000000002,1.0,1.0,1,44.66471789628804,-0.2428938455417378,0
scenario_3_multi_region_ep04_d015,scenario_3_multi_region_ep04,scenario_3_multi_region,15,A,train,4.745612824505894,11.175762,1,0.0,0.0,30.0,4.0,8.88888888888889,0.6577777777777778,90.00000000000003,1.0,1.0,1,251.02438372198756,0.6878679657410324,4
scenario_3_multi_region_ep04_d015,scenario_3_multi_region_ep04,scenario_3_multi_region,15,B,train,5.580040112679504,6.008945,0,0.0,0.0,0.0,0.0,0.0,0.0,90.00000000000003,0.0,1.0,1,44.673198532076526,0.10347620832989415,3
scenario_3_multi_region_ep04_d015,scenario_3_multi_region_ep04,scenario_3_multi_region,15,C,train,3.9634752629334296,7.4704967,1,0.0,0.0,0.0,5.656854249492381,12.57078722109418,0.9302382543609692,90.00000000000003,1.0,1.0,1,20.85627540485143,-0.3999999998566819,0
scenario_3_multi_region_ep04_d015,scenario_3_multi_region_ep04,scenario_3_multi_region,15,D,train,4.793340135886504,6.5446954,0,0.0,0.0,0.0,4.0,8.88888888888889,0.6577777777777778,90.00000000000003,1.0,1.0,1,44.77178108689077,-0.20822751917304813,0
scenario_3_multi_region_ep04_d018,scenario_3_multi_region_ep04,scenario_3_multi_region,18,A,train,7.162983128964869,23.55884,1,0.0,0.0,0.0,5.656854249492381,12.57078722109418,0.9302382543609692,89.76000000000003,1.0,1.0,1,325.33565313945644,0.6000000001400101,4
scenario_3_multi_region_ep04_d018,scenario_3_multi_region_ep04,scenario_3_multi_region,18,B,train,4.615086399706697,6.174245,0,0.0,0.0,0.0,4.0,8.88888888888889,0.6577777777777778,89.76000000000003,1.0,1.0,1,50.8029506418028,-0.2203368903019636,0
scenario_3_multi_region_ep04_d018,scenario_3_multi_region_ep04,scenario_3_multi_region,18,C,train,3.1641455307443898,4.6806993,0,0.0,0.0,0.0,4.0,8.88888888888889,0.6577777777777778,89.76000000000003,1.0,1.0,1,23.055060088503524,-0.312132034254623,0
scenario_3_multi_region_ep04_d018,scenario_3_multi_region_ep04,scenario_3_multi_region,18,D,train,6.294116439557393,8.251602,0,0.0,0.0,0.0,0.0,0.0,0.0,89.76000000000003,0.0,1.0,1,45.82193583231447,0.0753170275138967,3
scenario_3_multi_region_ep04_d021,scenario_3_multi_region_ep04,scenario_3_multi_region,21,A,train,10.122154754378686,24.723679,1,0.0,0.0,0.0,0.0,0.0,0.0,89.52000000000004,0.0,1.0,1,415.6617817677245,0.9999999999974316,4
scenario_3_multi_region_ep04_d021,scenario_3_multi_region_ep04,scenario_3_multi_region,21,B,train,5.428544058178207,5.9788485,0,0.0,0.0,0.0,4.0,8.88888888888889,0.6577777777777778,89.52000000000004,1.0,1.0,1,59.15196105807877,-0.22777906423104557,0
scenario_3_multi_region_ep04_d021,scenario_3_multi_region_ep04,scenario_3_multi_region,21,C,train,3.6877126457014,4.2817135,0,0.0,0.0,0.0,4.0,8.88888888888889,0.6577777777777778,89.52000000000004,1.0,1.0,1,26.30888808891245,-0.312132034254623,0
scenario_3_multi_region_ep04_d021,scenario_3_multi_region_ep04,scenario_3_multi_region,21,D,train,6.56416047154031,9.086666,0,0.0,0.0,0.0,5.656854249492381,12.57078722109418,0.9302382543609692,89.52000000000004,1.0,1.0,1,48.39764584457976,-0.34326802710336723,0
scenario_3_multi_region_ep04_d024,scenario_3_multi_region_ep04,scenario_3_multi_region,24,A,train,14.865379197183588,30.07456,1,60.0,0.0,0.0,4.0,8.88888888888889,0.6577777777777778,89.28000000000004,1.0,1.0,1,480.06427555809137,0.6878679657431566,4
scenario_3_multi_region_ep04_d024,scenario_3_multi_region_ep04,scenario_3_multi_region,24,B,train,6.56548166208378,7.3798785,0,0.0,0.0,0.0,5.656854249492381,12.57078722109418,0.9302382543609692,89.28000000000004,1.0,1.0,1,67.38475671585616,-0.3163647960006676,0
scenario_3_multi_region_ep04_d024,scenario_3_multi_region_ep04,scenario_3_multi_region,24,C,train,3.5321201234826605,5.090727,0,0.0,0.0,0.0,0.0,0.0,0.0,89.28000000000004,0.0,1.0,1,29.72013250627151,0.0,0
scenario_3_multi_region_ep04_d024,scenario_3_multi_region_ep04,scenario_3_multi_region,24,D,train,7.806718988945429,11.798681,1,0.0,0.0,0.0,4.0,8.88888888888889,0.6577777777777778,89.28000000000004,1.0,1.0,1,51.778987650131285,-0.26314981591305453,0
scenario_3_multi_region_ep04_d027,scenario_3_multi_region_ep04,scenario_3_multi_region,27,A,train,20.191135924395613,31.88435,1,150.0,0.0,0.0,5.656854249492381,12.57078722109418,0.9302382543609692,89.04000000000005,1.0,1.0,1,558.6162781735079,0.6000000001414116,4
scenario_3_multi_region_ep04_d027,scenario_3_multi_region_ep04,scenario_3_multi_region,27,B,train,6.7600373484077085,8.0847225,0,0.0,0.0,0.0,4.0,8.88888888888889,0.6577777777777778,89.04000000000005,1.0,1.0,1,76.01727942503794,-0.23227218201609634,0
scenario_3_multi_region_ep04_d027,scenario_3_multi_region_ep04,scenario_3_multi_region,27,C,train,3.6494532777946778,3.906737,0,0.0,0.0,0.0,4.0,8.88888888888889,0.6577777777777778,89.04000000000005,1.0,1.0,1,34.132046154481486,-0.312132034254623,0
scenario_3_multi_region_ep04_d027,scenario_3_multi_region_ep04,scenario_3_multi_region,27,D,train,8.536219989908172,13.957462,1,0.0,0.0,0.0,0.0,0.0,0.0,89.04000000000005,0.0,1.0,1,56.928539500496754,0.04346459236384599,3
scenario_3_multi_region_ep04_d030,scenario_3_multi_region_ep04,scenario_3_multi_region,30,A,train,23.818249100750105,33.77993,1,240.0,0.0,0.0,4.0,8.88888888888889,0.6577777777777778,88.80000000000005,1.0,1.0,1,614.0722407394442,0.6878679657436391,4
scenario_3_multi_region_ep04_d030,scenario_3_multi_region_ep04,scenario_3_multi_region,30,B,train,8.140807276642283,10.801562,0,0.0,0.0,0.0,0.0,0.0,0.0,88.80000000000005,0.0,1.0,1,85.6173275540516,0.08156673862869622,3
scenario_3_multi_region_ep04_d030,scenario_3_multi_region_ep04,scenario_3_multi_region,30,C,train,3.3795866871064195,4.3603263,0,0.0,0.0,0.0,5.656854249492381,12.57078722109418,0.9302382543609692,88.80000000000005,1.0,1.0,1,38.68485505565127,-0.3999999998566819,0
scenario_3_multi_region_ep04_d030,scenario_3_multi_region_ep04,scenario_3_multi_region,30,D,train,8.521471283429628,15.4614725,1,0.0,0.0,30.0,4.0,8.88888888888889,0.6577777777777778,88.80000000000005,1.0,1.0,1,63.20656732840803,-0.2695142903088248,0
scenario_3_multi_region_ep04_d033,scenario_3_multi_region_ep04,scenario_3_multi_region,33,A,train,26.03668758454453,35.86781,1,330.0,90.0,0.0,4.0,8.88888888888889,0.6577777777777778,88.56000000000006,1.0,1.0,1,664.7956386144715,0.6878679657437667,4
scenario_3_multi_region_ep04_d033,scenario_3_multi_region_ep04,scenario_3_multi_region,33,B,train,8.890720696986063,10.874028,0,0.0,0.0,0.0,5.656854249492381,12.57078722109418,0.9302382543609692,88.56000000000006,1.0,1.0,1,94.41763302474624,-0.318469627866776,0
scenario_3_multi_region_ep04_d033,scenario_3_multi_region_ep04,scenario_3_multi_region,33,C,train,4.003853891966506,3.7628603,0,0.0,0.0,0.0,0.0,0.0,0.0,88.56000000000006,0.0,1.0,1,43.78652933607714,0.0,0
scenario_3_multi_region_ep04_d033,scenario_3_multi_region_ep04,scenario_3_multi_region,33,D,train,10.646246372519292,18.536028,1,60.0,0.0,0.0,4.0,8.88888888888889,0.6577777777777778,88.56000000000006,1.0,1.0,1,71.27560930759637,-0.2678668543067524,0
scenario_3_multi_region_ep04_d036,scenario_3_multi_region_ep04,scenario_3_multi_region,36,A,train,29.368810936885875,36.1886,1,420.0,180.0,0.0,0.0,0.0,0.0,88.32000000000006,0.0,1.0,1,693.6441519561474,0.9999999999984489,4
scenario_3_multi_region_ep04_d036,scenario_3_multi_region_ep04,scenario_3_multi_region,36,B,train,9.714853677147476,11.372919,0,0.0,0.0,0.0,4.0,8.88888888888889,0.6577777777777778,88.32000000000006,1.0,1.0,1,104.00056466946694,-0.22676205837011532,0
scenario_3_multi_region_ep04_d036,scenario_3_multi_region_ep04,scenario_3_multi_region,36,C,train,4.553521941980642,4.5754957,0,0.0,0.0,0.0,4.0,8.88888888888889,0.6577777777777778,88.32000000000006,1.0,1.0,1,48.96425763823436,-0.312132034254623,0
scenario_3_multi_region_ep04_d036,scenario_3_multi_region_ep04,scenario_3_multi_region,36,D,train,12.4998999405575,18.432137,1,150.0,0.0,0.0,5.656854249492381,12.57078722109418,0.9302382543609692,88.32000000000006,1.0,1.0,1,78.35340638289722,-0.35441280378674445,0
scenario_3_multi_region_ep04_d039,scenario_3_multi_region_ep04,scenario_3_multi_region,39,A,train,32.414600157436865,35.656982,1,510.0,270.0,0.0,4.0,8.88888888888889,0.6577777777777778,88.08000000000007,1.0,1.0,1,710.3662558874673,0.6878679657438528,4
scenario_3_multi_region_ep04_d039,scenario_3_multi_region_ep04,scenario_3_multi_region,39,B,train,11.08984864542918,12.277837,0,0.0,0.0,0.0,0.0,0.0,0.0,88.08000000000007,0.0,1.0,1,111.52708251109402,0.08720337285591581,3
scenario_3_multi_region_ep04_d039,scenario_3_multi_region_ep04,scenario_3_multi_region,39,C,train,5.038265797374915,5.0625854,0,0.0,0.0,0.0,5.656854249492381,12.57078722109418,0.9302382543609692,88.08000000000007,1.0,1.0,1,54.3174104287798,-0.3999999998566819,0
scenario_3_multi_region_ep04_d039,scenario_3_multi_region_ep04,scenario_3_multi_region,39,D,train,15.431439669000218,18.030704,0,240.0,0.0,0.0,4.0,8.88888888888889,0.6577777777777778,88.08000000000007,1.0,1.0,1,86.16746689072806,-0.263583733800514,0
scenario_3_multi_region_ep04_d042,scenario_3_multi_region_ep04,scenario_3_multi_region,42,A,train,35.03860910321993,34.890343,0,600.0,360.0,0.0,5.656854249492381,12.57078722109418,0.9302382543609692,87.84000000000007,1.0,1.0,1,700.5778784371039,0.6000000001417586,4
scenario_3_multi_region_ep04_d042,scenario_3_multi_region_ep04,scenario_3_multi_region,42,B,train,10.585009451110354,13.307325,0,0.0,0.0,0.0,4.0,8.88888888888889,0.6577777777777778,87.84000000000007,1.0,1.0,1,119.89175765987352,-0.21780272225979647,0
scenario_3_multi_region_ep04_d042,scenario_3_multi_region_ep04,scenario_3_multi_region,42,C,train,5.540956153891492,6.120721,0,0.0,0.0,0.0,4.0,8.88888888888889,0.6577777777777778,87.84000000000007,1.0,1.0,1,59.410919554575,-0.312132034254623,0
scenario_3_multi_region_ep04_d042,scenario_3_multi_region_ep04,scenario_3_multi_region,42,D,train,17.470485616124204,19.493671,0,330.0,0.0,0.0,0.0,0.0,0.0,87.84000000000007,0.0,1.0,1,93.74150045530293,0.05354390213823267,3
scenario_3_multi_region_ep04_d045,scenario_3_multi_region_ep04,scenario_3_multi_region,45,A,train,38.44693571677457,33.591698,-1,690.0,450.0,0.0,0.0,0.0,0.0,87.60000000000008,0.0,1.0,1,665.1184559218768,0.9999999999983366,4
scenario_3_multi_region_ep04_d045,scenario_3_multi_region_ep04,scenario_3_multi_region,45,B,train,11.47099917850252,13.78107,0,0.0,0.0,0.0,4.0,8.88888888888889,0.6577777777777778,87.60000000000008,1.0,1.0,1,125.89306773053204,-0.2091382729947644,0
scenario_3_multi_region_ep04_d045,scenario_3_multi_region_ep04,scenario_3_multi_region,45,C,train,4.904059035529464,5.6228957,0,0.0,0.0,0.0,4.0,8.88888888888889,0.6577777777777778,87.60000000000008,1.0,1.0,1,63.97950626552006,-0.312132034254623,0
scenario_3_multi_region_ep04_d045,scenario_3_multi_region_ep04,scenario_3_multi_region,45,D,train,18.24706090509959,21.598663,1,420.0,0.0,0.0,5.656854249492381,12.57078722109418,0.9302382543609692,87.60000000000008,1.0,1.0,1,100.13343483370544,-0.33985761748602905,0
scenario_3_multi_region_ep04_d048,scenario_3_multi_region_ep04,scenario_3_multi_region,48,A,train,37.04678907121572,33.248753,-1,780.0,540.0,0.0,4.0,8.88888888888889,0.6577777777777778,87.36000000000008,1.0,1.0,1,630.8403732717879,0.6878679657435994,4
scenario_3_multi_region_ep04_d048,scenario_3_multi_region_ep04,scenario_3_multi_region,48,B,train,12.058656978296344,13.977902,0,0.0,0.0,0.0,5.656854249492381,12.57078722109418,0.9302382543609692,87.36000000000008,1.0,1.0,1,131.95743566737335,-0.2868082861160606,0
scenario_3_multi_region_ep04_d048,scenario_3_multi_region_ep04,scenario_3_multi_region,48,C,train,5.091781299504143,5.645339,0,0.0,0.0,0.0,0.0,0.0,0.0,87.36000000000008,0.0,1.0,1,68.2802964948196,0.0,0
scenario_3_multi_region_ep04_d048,scenario_3_multi_region_ep04,scenario_3_multi_region,48,D,train,15.419702103714048,18.606466,1,0.0,0.0,30.0,4.0,8.88888888888889,0.6577777777777778,87.36000000000008,1.0,1.0,1,105.81403247785944,-0.24541251836218317,0
scenario_3_multi_region_ep04_d051,scenario_3_multi_region_ep04,scenario_3_multi_region,51,A,train,35.47456908682627,31.667213,-1,870.0,630.0,0.0,5.656854249492381,12.57078722109418,0.9302382543609692,87.12000000000009,1.0,1.0,1,598.5954167956297,0.6000000001414187,4
scenario_3_multi_region_ep04_d051,scenario_3_multi_region_ep04,scenario_3_multi_region,51,B,train,13.21176342582062,13.754087,0,0.0,0.0,0.0,4.0,8.88888888888889,0.6577777777777778,87.12000000000009,1.0,1.0,1,136.4579620488571,-0.18995726565725854,0
scenario_3_multi_region_ep04_d051,scenario_3_multi_region_ep04,scenario_3_multi_region,51,C,train,4.824507217170649,5.3037996,0,0.0,0.0,0.0,4.0,8.88888888888889,0.6577777777777778,87.12000000000009,1.0,1.0,1,72.13816970959283,-0.312132034254623,0
scenario_3_multi_region_ep04_d051,scenario_3_multi_region_ep04,scenario_3_multi_region,51,D,train,18.096627627377632,23.638012,1,60.0,0.0,0.0,0.0,0.0,0.0,87.12000000000009,0.0,1.0,1,109.94357514780631,0.07181096973666179,3
scenario_3_multi_region_ep04_d054,scenario_3_multi_region_ep04,scenario_3_multi_region,54,A,train,34.157058714256635,29.6139,-1,960.0,720.0,0.0,4.0,8.88888888888889,0.6577777777777778,86.8800000000001,1.0,1.0,1,568.2125570555208,0.6878679657433473,4
scenario_3_multi_region_ep04_d054,scenario_3_multi_region_ep04,scenario_3_multi_region,54,B,train,14.34977378296447,13.925202,0,0.0,0.0,0.0,0.0,0.0,0.0,86.8800000000001,0.0,1.0,1,137.48658206788036,0.12573399268680494,3
scenario_3_multi_region_ep04_d054,scenario_3_multi_region_ep04,scenario_3_multi_region,54,C,train,5.770283642380354,7.0870676,0,0.0,0.0,0.0,5.656854249492381,12.57078722109418,0.9302382543609692,86.8800000000001,1.0,1.0,1,75.54102300894556,-0.3999999998566819,0
scenario_3_multi_region_ep04_d054,scenario_3_multi_region_ep04,scenario_3_multi_region,54,D,train,19.58374267286355,23.853018,1,150.0,0.0,0.0,4.0,8.88888888888889,0.6577777777777778,86.8800000000001,1.0,1.0,1,113.37799169697882,-0.2353324506107677,0
scenario_3_multi_region_ep04_d057,scenario_3_multi_region_ep04,scenario_3_multi_region,57,A,train,34.61477493506222,31.153952,-1,1050.0,810.0,0.0,4.0,8.88888888888889,0.6577777777777778,86.6400000000001,1.0,1.0,1,539.5795808933308,0.6878679657432081,4
scenario_3_multi_region_ep04_d057,scenario_3_multi_region_ep04,scenario_3_multi_region,57,B,train,14.624652096252502,13.243503,0,0.0,0.0,0.0,5.656854249492381,12.57078722109418,0.9302382543609692,86.6400000000001,1.0,1.0,1,137.13056740333695,-0.2728887026393153,0
scenario_3_multi_region_ep04_d057,scenario_3_multi_region_ep04,scenario_3_multi_region,57,C,train,5.101288701275611,6.839786,0,0.0,0.0,0.0,0.0,0.0,0.0,86.6400000000001,0.0,1.0,1,78.52536836064928,0.0,0
scenario_3_multi_region_ep04_d057,scenario_3_multi_region_ep04,scenario_3_multi_region,57,D,train,21.191900679510752,23.847168,0,240.0,0.0,0.0,4.0,8.88888888888889,0.6577777777777778,86.6400000000001,1.0,1.0,1,115.21041106649136,-0.23256429209206309,0
scenario_3_multi_region_ep04_d060,scenario_3_multi_region_ep04,scenario_3_multi_region,60,A,train,33.195148016008005,29.317076,-1,1140.0,900.0,0.0,0.0,0.0,0.0,86.4000000000001,0.0,1.0,1,512.5794240110818,0.9999999999976823,4
scenario_3_multi_region_ep04_d060,scenario_3_multi_region_ep04,scenario_3_multi_region,60,B,train,13.269691025567257,13.32176,0,0.0,0.0,0.0,4.0,8.88888888888889,0.6577777777777778,86.4000000000001,1.0,1.0,1,136.40916506357735,-0.1839740062751293,0
scenario_3_multi_region_ep04_d060,scenario_3_multi_region_ep04,scenario_3_multi_region,60,C,train,7.213019379077831,6.8428817,0,0.0,0.0,0.0,4.0,8.88888888888889,0.6577777777777778,86.4000000000001,1.0,1.0,1,81.11332003830262,-0.312132034254623,0
scenario_3_multi_region_ep04_d060,scenario_3_multi_region_ep04,scenario_3_multi_region,60,D,train,23.155470166635588,23.954144,0,330.0,0.0,0.0,5.656854249492381,12.57078722109418,0.9302382543609692,86.4000000000001,1.0,1.0,1,116.00335984539606,-0.3191360814961013,0
scenario_3_multi_region_ep04_d063,scenario_3_multi_region_ep04,scenario_3_multi_region,63,A,train,32.43207570356134,28.65551,-1,1230.0,990.0,0.0,4.0,8.88888888888889,0.6577777777777778,86.16000000000011,1.0,1.0,1,487.0981140254205,0.6878679657429004,4
scenario_3_multi_region_ep04_d063,scenario_3_multi_region_ep04,scenario_3_multi_region,63,B,train,13.352307045704038,12.229074,0,0.0,0.0,0.0,0.0,0.0,0.0,86.16000000000011,0.0,1.0,1,135.49487349360788,0.1292142140638669,3
scenario_3_multi_region_ep04_d063,scenario_3_multi_region_ep04,scenario_3_multi_region,63,C,train,6.912066656154138,7.0866275,0,0.0,0.0,0.0,5.656854249492381,12.57078722109418,0.9302382543609692,86.16000000000011,1.0,1.0,1,83.32115049362278,-0.3999999998566819,0
scenario_3_multi_region_ep04_d063,scenario_3_multi_region_ep04,scenario_3_multi_region,63,D,train,23.78165832162432,23.865276,0,420.0,0.0,0.0,4.0,8.88888888888889,0.6577777777777778,86.16000000000011,1.0,1.0,1,116.19258524955558,-0.23072215274893196,0
scenario_3_multi_region_ep04_d066,scenario_3_multi_region_ep04,scenario_3_multi_region,66,A,train,31.6460125454134,28.603603,-1,1320.0,1080.0,0.0,5.656854249492381,12.57078722109418,0.9302382543609692,85.92000000000012,1.0,1.0,1,463.04844042529385,0.6000000001406718,4
scenario_3_multi_region_ep04_d066,scenario_3_multi_region_ep04,scenario_3_multi_region,66,B,train,12.73225094958007,12.112925,0,0.0,0.0,0.0,4.0,8.88888888888889,0.6577777777777778,85.92000000000012,1.0,1.0,1,134.41175118073716,-0.18185209418990667,0
scenario_3_multi_region_ep04_d066,scenario_3_multi_region_ep04,scenario_3_multi_region,66,C,train,7.482141806090634,7.3740954,0,0.0,0.0,0.0,4.0,8.88888888888889,0.6577777777777778,85.92000000000012,1.0,1.0,1,85.183533791841,-0.312132034254623,0
scenario_3_multi_region_ep04_d066,scenario_3_multi_region_ep04,scenario_3_multi_region,66,D,train,24.55150360662268,23.770329,0,510.0,0.0,0.0,0.0,0.0,0.0,85.92000000000012,0.0,1.0,1,116.15363477006872,0.08196077601932018,3
scenario_3_multi_region_ep04_d069,scenario_3_multi_region_ep04,scenario_3_multi_region,69,A,train,30.96874948942781,28.276983,0,1410.0,1170.0,0.0,0.0,0.0,0.0,85.68000000000012,0.0,1.0,1,440.34407689405793,0.9999999999971722,4
scenario_3_multi_region_ep04_d069,scenario_3_multi_region_ep04,scenario_3_multi_region,69,B,train,12.042227068307238,11.985116,0,0.0,0.0,0.0,4.0,8.88888888888889,0.6577777777777778,85.68000000000012,1.0,1.0,1,133.17752051742036,-0.18077674293641097,0
scenario_3_multi_region_ep04_d069,scenario_3_multi_region_ep04,scenario_3_multi_region,69,C,train,5.63688268905597,7.5141735,0,0.0,0.0,0.0,4.0,8.88888888888889,0.6577777777777778,85.68000000000012,1.0,1.0,1,86.72820459696004,-0.312132034254623,0
scenario_3_multi_region_ep04_d069,scenario_3_multi_region_ep04,scenario_3_multi_region,69,D,train,24.5530061304904,23.539778,0,600.0,0.0,0.0,5.656854249492381,12.57078722109418,0.9302382543609692,85.68000000000012,1.0,1.0,1,115.90740035609974,-0.31748335384328785,0
scenario_3_multi_region_ep04_d072,scenario_3_multi_region_ep04,scenario_3_multi_region,72,A,train,30.36851890485201,27.311962,-1,1500.0,1260.0,0.0,4.0,8.88888888888889,0.6577777777777778,85.44000000000013,1.0,1.0,1,418.9040914156478,0.6878679657423552,4
scenario_3_multi_region_ep04_d072,scenario_3_multi_region_ep04,scenario_3_multi_region,72,B,train,12.673492355448769,13.072279,0,0.0,0.0,0.0,5.656854249492381,12.57078722109418,0.9302382543609692,85.44000000000013,1.0,1.0,1,131.8085457420416,-0.2675596459479809,0
scenario_3_multi_region_ep04_d072,scenario_3_multi_region_ep04,scenario_3_multi_region,72,C,train,7.479541615597868,8.521783,0,0.0,0.0,0.0,0.0,0.0,0.0,85.44000000000013,0.0,1.0,1,87.980970489936,0.0,0
scenario_3_multi_region_ep04_d072,scenario_3_multi_region_ep04,scenario_3_multi_region,72,D,train,24.637905092070557,22.53821,0,690.0,0.0,0.0,4.0,8.88888888888889,0.6577777777777778,85.44000000000013,1.0,1.0,1,115.47324797751752,-0.22905449826803922,0
scenario_3_multi_region_ep04_d075,scenario_3_multi_region_ep04,scenario_3_multi_region,75,A,train,30.04199376231968,25.7745,-1,1590.0,1350.0,0.0,5.656854249492381,12.57078722109418,0.9302382543609692,85.20000000000013,1.0,1.0,1,398.6526035283762,0.6000000001400891,4
scenario_3_multi_region_ep04_d075,scenario_3_multi_region_ep04,scenario_3_multi_region,75,B,train,12.68842704875114,12.390561,0,0.0,0.0,0.0,4.0,8.88888888888889,0.6577777777777778,85.20000000000013,1.0,1.0,1,130.3199277524118,-0.17859681957963383,0
scenario_3_multi_region_ep04_d075,scenario_3_multi_region_ep04,scenario_3_multi_region,75,C,train,7.637234566945356,7.8286257,0,0.0,0.0,0.0,4.0,8.88888888888889,0.6577777777777778,85.20000000000013,1.0,1.0,1,88.96583919502086,-0.312132034254623,0
scenario_3_multi_region_ep04_d075,scenario_3_multi_region_ep04,scenario_3_multi_region,75,D,train,24.786167315287503,23.324183,0,780.0,0.0,0.0,0.0,0.0,0.0,85.20000000000013,0.0,1.0,1,114.86912122703916,0.08364349082756295,3
scenario_3_multi_region_ep04_d078,scenario_3_multi_region_ep04,scenario_3_multi_region,78,A,train,28.702457662504543,26.755806,0,1680.0,1440.0,0.0,4.0,8.88888888888889,0.6577777777777778,84.96000000000014,1.0,1.0,1,379.5184635194103,0.6878679657419265,4
scenario_3_multi_region_ep04_d078,scenario_3_multi_region_ep04,scenario_3_multi_region,78,B,train,12.0343227146266,12.245222,0,0.0,0.0,0.0,0.0,0.0,0.0,84.96000000000014,0.0,1.0,1,128.72559254210614,0.13463996121664168,3
scenario_3_multi_region_ep04_d078,scenario_3_multi_region_ep04,scenario_3_multi_region,78,C,train,7.705634134791504,7.811545,0,0.0,0.0,0.0,5.656854249492381,12.57078722109418,0.9302382543609692,84.96000000000014,1.0,1.0,1,89.70513757702247,-0.3999999998566819,0
scenario_3_multi_region_ep04_d078,scenario_3_multi_region_ep04,scenario_3_multi_region,78,D,train,24.793259582756978,23.172602,0,870.0,0.0,0.0,4.0,8.88888888888889,0.6577777777777778,84.96000000000014,1.0,1.0,1,114.11163809155391,-0.22791747843637533,0
scenario_3_multi_region_ep05_d012,scenario_3_multi_region_ep05,scenario_3_multi_region,12,A,train,5.189857255454531,9.700291,1,0.0,0.0,0.0,4.0,8.88888888888889,0.6577777777777778,89.54000000000002,1.0,1.0,1,186.34374412402576,0.6878679657391145,4
scenario_3_multi_region_ep05_d012,scenario_3_multi_region_ep05,scenario_3_multi_region,12,B,train,4.555147821411543,5.517781,0,0.0,0.0,0.0,0.0,0.0,0.0,89.54000000000002,0.0,1.0,1,47.67587960773005,0.1315710989916028,3
scenario_3_multi_region_ep05_d012,scenario_3_multi_region_ep05,scenario_3_multi_region,12,C,train,2.484234248935366,4.1032543,0,0.0,0.0,0.0,5.656854249492381,12.57078722109418,0.9302382543609692,89.54000000000002,1.0,1.0,1,26.66704018728467,-0.3999999998566819,0
scenario_3_multi_region_ep05_d012,scenario_3_multi_region_ep05,scenario_3_multi_region,12,D,train,4.8346746484925385,6.605313,0,0.0,0.0,0.0,4.0,8.88888888888889,0.6577777777777778,89.54000000000002,1.0,1.0,1,36.871263673284375,-0.24822650993982756,0
scenario_3_multi_region_ep05_d015,scenario_3_multi_region_ep05,scenario_3_multi_region,15,A,train,4.479623567223562,9.754045,1,0.0,0.0,0.0,4.0,8.88888888888889,0.6577777777777778,89.30000000000003,1.0,1.0,1,266.1521394078165,0.6878679657411741,4
scenario_3_multi_region_ep05_d015,scenario_3_multi_region_ep05,scenario_3_multi_region,15,B,train,3.8669860578010216,5.980156,0,0.0,0.0,0.0,5.656854249492381,12.57078722109418,0.9302382543609692,89.30000000000003,1.0,1.0,1,51.46235418269646,-0.3023114912178143,0
scenario_3_multi_region_ep05_d015,scenario_3_multi_region_ep05,scenario_3_multi_region,15,C,train,3.879542472842464,4.1921372,0,0.0,0.0,0.0,0.0,0.0,0.0,89.30000000000003,0.0,1.0,1,28.21902287246212,0.0,0
scenario_3_multi_region_ep05_d015,scenario_3_multi_region_ep05,scenario_3_multi_region,15,D,train,5.589826412003156,6.790489,0,0.0,0.0,0.0,4.0,8.88888888888889,0.6577777777777778,89.30000000000003,1.0,1.0,1,37.8980775434984,-0.271452305379818,0
scenario_3_multi_region_ep05_d018,scenario_3_multi_region_ep05,scenario_3_multi_region,18,A,train,6.944482557576681,22.330584,1,0.0,0.0,0.0,0.0,0.0,0.0,89.06000000000003,0.0,1.0,1,352.6734506815982,0.999999999996897,4
scenario_3_multi_region_ep05_d018,scenario_3_multi_region_ep05,scenario_3_multi_region,18,B,train,4.8993413746271015,5.7380023,0,0.0,0.0,0.0,4.0,8.88888888888889,0.6577777777777778,89.06000000000003,1.0,1.0,1,57.527257056922736,-0.22796758734969794,0
scenario_3_multi_region_ep05_d018,scenario_3_multi_region_ep05,scenario_3_multi_region,18,C,train,2.9230104111719863,2.652914,0,0.0,0.0,0.0,4.0,8.88888888888889,0.6577777777777778,89.06000000000003,1.0,1.0,1,30.403592706211384,-0.312132034254623,0
scenario_3_multi_region_ep05_d018,scenario_3_multi_region_ep05,scenario_3_multi_region,18,D,train,5.891224950986009,6.9855924,0,0.0,0.0,0.0,5.656854249492381,12.57078722109418,0.9302382543609692,89.06000000000003,1.0,1.0,1,39.8927595516443,-0.3705552143436408,0
scenario_3_multi_region_ep05_d021,scenario_3_multi_region_ep05,scenario_3_multi_region,21,A,train,11.801767621908036,28.039185,1,30.0,0.0,0.0,4.0,8.88888888888889,0.6577777777777778,88.82000000000004,1.0,1.0,1,430.32903897294807,0.687867965742859,4
scenario_3_multi_region_ep05_d021,scenario_3_multi_region_ep05,scenario_3_multi_region,21,B,train,4.882020968071882,5.905472,0,0.0,0.0,0.0,0.0,0.0,0.0,88.82000000000004,0.0,1.0,1,65.50510807332262,0.08134980707704031,3
scenario_3_multi_region_ep05_d021,scenario_3_multi_region_ep05,scenario_3_multi_region,21,C,train,3.0091795611127314,4.236355,0,0.0,0.0,0.0,5.656854249492381,12.57078722109418,0.9302382543609692,88.82000000000004,1.0,1.0,1,33.198625557466585,-0.3999999998566819,0
scenario_3_multi_region_ep05_d021,scenario_3_multi_region_ep05,scenario_3_multi_region,21,D,train,6.67944631477029,9.18551,0,0.0,0.0,0.0,4.0,8.88888888888889,0.6577777777777778,88.82000000000004,1.0,1.0,1,42.91017030687976,-0.2876777380805639,0
scenario_3_multi_region_ep05_d024,scenario_3_multi_region_ep05,scenario_3_multi_region,24,A,train,16.06763310355076,30.315495,1,120.0,0.0,0.0,5.656854249492381,12.57078722109418,0.9302382543609692,88.58000000000004,1.0,1.0,1,513.0480092267384,0.6000000001412182,4
scenario_3_multi_region_ep05_d024,scenario_3_multi_region_ep05,scenario_3_multi_region,24,B,train,6.662020166556397,7.351704,0,0.0,0.0,0.0,4.0,8.88888888888889,0.6577777777777778,88.58000000000004,1.0,1.0,1,74.53351406153934,-0.2330202677117547,0
scenario_3_multi_region_ep05_d024,scenario_3_multi_region_ep05,scenario_3_multi_region,24,C,train,3.9664403709399374,3.7817862,0,0.0,0.0,0.0,4.0,8.88888888888889,0.6577777777777778,88.58000000000004,1.0,1.0,1,36.86156310499905,-0.312132034254623,0
scenario_3_multi_region_ep05_d024,scenario_3_multi_region_ep05,scenario_3_multi_region,24,D,train,7.112022649625229,11.969092,1,0.0,0.0,0.0,0.0,0.0,0.0,88.58000000000004,0.0,1.0,1,47.40041698145569,0.022131780444965044,3
scenario_3_multi_region_ep05_d027,scenario_3_multi_region_ep05,scenario_3_multi_region,27,A,train,20.81728077050803,31.792955,1,210.0,0.0,0.0,0.0,0.0,0.0,88.34000000000005,0.0,1.0,1,562.9594565901032,0.9999999999980861,4
scenario_3_multi_region_ep05_d027,scenario_3_multi_region_ep05,scenario_3_multi_region,27,B,train,6.667829057336048,10.032165,1,0.0,0.0,0.0,4.0,8.88888888888889,0.6577777777777778,88.34000000000005,1.0,1.0,1,83.91024824577153,-0.22897709467350771,0
scenario_3_multi_region_ep05_d027,scenario_3_multi_region_ep05,scenario_3_multi_region,27,C,train,3.936331852626288,5.028215,0,0.0,0.0,0.0,4.0,8.88888888888889,0.6577777777777778,88.34000000000005,1.0,1.0,1,40.46200415735666,-0.312132034254623,0
scenario_3_multi_region_ep05_d027,scenario_3_multi_region_ep05,scenario_3_multi_region,27,D,train,7.63594968652405,12.6989155,1,0.0,0.0,0.0,5.656854249492381,12.57078722109418,0.9302382543609692,88.34000000000005,1.0,1.0,1,52.79322887243302,-0.3763994547102154,0
scenario_3_multi_region_ep05_d030,scenario_3_multi_region_ep05,scenario_3_multi_region,30,A,train,22.990262841989484,33.723904,1,300.0,0.0,0.0,4.0,8.88888888888889,0.6577777777777778,88.10000000000005,1.0,1.0,1,631.1120595286452,0.6878679657436705,4
scenario_3_multi_region_ep05_d030,scenario_3_multi_region_ep05,scenario_3_multi_region,30,B,train,8.232366701577764,10.650954,0,0.0,0.0,0.0,5.656854249492381,12.57078722109418,0.9302382543609692,88.10000000000005,1.0,1.0,1,92.32325067732631,-0.31949282132479895,0
scenario_3_multi_region_ep05_d030,scenario_3_multi_region_ep05,scenario_3_multi_region,30,C,train,3.9329310298533313,4.706797,0,0.0,0.0,0.0,0.0,0.0,0.0,88.10000000000005,0.0,1.0,1,45.14901960938073,0.0,0
scenario_3_multi_region_ep05_d030,scenario_3_multi_region_ep05,scenario_3_multi_region,30,D,train,9.17014384124583,15.415257,1,0.0,0.0,0.0,4.0,8.88888888888889,0.6577777777777778,88.10000000000005,1.0,1.0,1,59.78393999575337,-0.28715619211214916,0
scenario_3_multi_region_ep05_d033,scenario_3_multi_region_ep05,scenario_3_multi_region,33,A,train,27.07345198103778,35.498966,1,390.0,90.0,0.0,5.656854249492381,12.57078722109418,0.9302382543609692,87.86000000000006,1.0,1.0,1,667.6179032914897,0.6000000001416999,4
scenario_3_multi_region_ep05_d033,scenario_3_multi_region_ep05,scenario_3_multi_region,33,B,train,9.160495302475208,11.211953,0,0.0,0.0,0.0,4.0,8.88888888888889,0.6577777777777778,87.86000000000006,1.0,1.0,1,100.88302934885974,-0.22934654677417918,0
scenario_3_multi_region_ep05_d033,scenario_3_multi_region_ep05,scenario_3_multi_region,33,C,train,3.906895566108585,4.4545536,0,0.0,0.0,0.0,4.0,8.88888888888889,0.6577777777777778,87.86000000000006,1.0,1.0,1,49.7309573186094,-0.312132034254623,0
scenario_3_multi_region_ep05_d033,scenario_3_multi_region_ep05,scenario_3_multi_region,33,D,train,10.224809106531382,15.899986,1,0.0,0.0,0.0,0.0,0.0,0.0,87.86000000000006,0.0,1.0,1,67.23238740213128,0.028324647732987894,3
scenario_3_multi_region_ep05_d036,scenario_3_multi_region_ep05,scenario_3_multi_region,36,A,train,31.76449961059025,37.198498,1,480.0,180.0,0.0,4.0,8.88888888888889,0.6577777777777778,87.62000000000006,1.0,1.0,1,699.6938523793117,0.6878679657438264,4
scenario_3_multi_region_ep05_d036,scenario_3_multi_region_ep05,scenario_3_multi_region,36,B,train,9.26114990266159,12.196825,0,0.0,0.0,0.0,0.0,0.0,0.0,87.62000000000006,0.0,1.0,1,110.47057611259152,0.0863157024909489,3
scenario_3_multi_region_ep05_d036,scenario_3_multi_region_ep05,scenario_3_multi_region,36,C,train,3.750932608940182,3.9102755,0,0.0,0.0,0.0,5.656854249492381,12.57078722109418,0.9302382543609692,87.62000000000006,1.0,1.0,1,54.80668744369064,-0.3999999998566819,0
scenario_3_multi_region_ep05_d036,scenario_3_multi_region_ep05,scenario_3_multi_region,36,D,train,12.468437822122006,19.725063,1,90.0,0.0,0.0,4.0,8.88888888888889,0.6577777777777778,87.62000000000006,1.0,1.0,1,76.11428431660897,-0.2790912202464664,0
scenario_3_multi_region_ep05_d039,scenario_3_multi_region_ep05,scenario_3_multi_region,39,A,train,33.73348263052177,36.673706,0,570.0,270.0,0.0,4.0,8.88888888888889,0.6577777777777778,87.38000000000007,1.0,1.0,1,702.9399274796829,0.6878679657438225,4
scenario_3_multi_region_ep05_d039,scenario_3_multi_region_ep05,scenario_3_multi_region,39,B,train,10.12393327820314,13.14692,1,0.0,0.0,0.0,5.656854249492381,12.57078722109418,0.9302382543609692,87.38000000000007,1.0,1.0,1,118.80184919798852,-0.30805546657493754,0
scenario_3_multi_region_ep05_d039,scenario_3_multi_region_ep05,scenario_3_multi_region,39,C,train,4.131751276343914,4.07791,0,0.0,0.0,0.0,0.0,0.0,0.0,87.38000000000007,0.0,1.0,1,59.65534884828958,0.0,0
scenario_3_multi_region_ep05_d039,scenario_3_multi_region_ep05,scenario_3_multi_region,39,D,train,15.092833882999368,21.085676,1,180.0,0.0,0.0,4.0,8.88888888888889,0.6577777777777778,87.38000000000007,1.0,1.0,1,83.09181567041014,-0.2756995320610435,0
scenario_3_multi_region_ep05_d042,scenario_3_multi_region_ep05,scenario_3_multi_region,42,A,train,36.3824435815682,34.631184,0,660.0,360.0,0.0,0.0,0.0,0.0,87.14000000000007,0.0,1.0,1,708.9394159055867,0.9999999999984474,4
scenario_3_multi_region_ep05_d042,scenario_3_multi_region_ep05,scenario_3_multi_region,42,B,train,10.862639149161058,13.551557,0,0.0,0.0,0.0,4.0,8.88888888888889,0.6577777777777778,87.14000000000007,1.0,1.0,1,127.21585693766724,-0.2153526001781273,0
scenario_3_multi_region_ep05_d042,scenario_3_multi_region_ep05,scenario_3_multi_region,42,C,train,4.145753823660977,5.0426655,0,0.0,0.0,0.0,4.0,8.88888888888889,0.6577777777777778,87.14000000000007,1.0,1.0,1,64.8845959478183,-0.312132034254623,0
scenario_3_multi_region_ep05_d042,scenario_3_multi_region_ep05,scenario_3_multi_region,42,D,train,16.818370924881936,22.05657,1,270.0,0.0,0.0,5.656854249492381,12.57078722109418,0.9302382543609692,87.14000000000007,1.0,1.0,1,91.30710212975872,-0.3589747557887437,0
scenario_3_multi_region_ep05_d045,scenario_3_multi_region_ep05,scenario_3_multi_region,45,A,train,38.59097156781377,34.766968,-1,750.0,450.0,0.0,4.0,8.88888888888889,0.6577777777777778,86.90000000000008,1.0,1.0,1,673.4889579698881,0.6878679657437219,4
scenario_3_multi_region_ep05_d045,scenario_3_multi_region_ep05,scenario_3_multi_region,45,B,train,11.159546137116688,13.56601,0,0.0,0.0,0.0,0.0,0.0,0.0,86.90000000000008,0.0,1.0,1,133.56603729011476,0.1063408088175044,3
scenario_3_multi_region_ep05_d045,scenario_3_multi_region_ep05,scenario_3_multi_region,45,C,train,5.2556120500085175,5.4963245,0,0.0,0.0,0.0,5.656854249492381,12.57078722109418,0.9302382543609692,86.90000000000008,1.0,1.0,1,69.31801002109546,-0.3999999998566819,0
scenario_3_multi_region_ep05_d045,scenario_3_multi_region_ep05,scenario_3_multi_region,45,D,train,18.71497132339372,22.117971,1,360.0,0.0,0.0,4.0,8.88888888888889,0.6577777777777778,86.90000000000008,1.0,1.0,1,97.96713110888368,-0.2647131353734259,0
scenario_3_multi_region_ep05_d048,scenario_3_multi_region_ep05,scenario_3_multi_region,48,A,train,37.02123446808781,32.790333,-1,840.0,540.0,0.0,5.656854249492381,12.57078722109418,0.9302382543609692,86.66000000000008,1.0,1.0,1,638.8234637344005,0.6000000001415495,4
scenario_3_multi_region_ep05_d048,scenario_3_multi_region_ep05,scenario_3_multi_region,48,B,train,12.422157677562035,13.816303,0,0.0,0.0,0.0,4.0,8.88888888888889,0.6577777777777778,86.66000000000008,1.0,1.0,1,138.85417938964474,-0.19644524593824692,0
scenario_3_multi_region_ep05_d048,scenario_3_multi_region_ep05,scenario_3_multi_region,48,C,train,4.222675209343309,6.0747795,0,0.0,0.0,0.0,4.0,8.88888888888889,0.6577777777777778,86.66000000000008,1.0,1.0,1,73.44766957093748,-0.312132034254623,0
scenario_3_multi_region_ep05_d048,scenario_3_multi_region_ep05,scenario_3_multi_region,48,D,train,20.271566315278815,22.378077,0,450.0,0.0,0.0,0.0,0.0,0.0,86.66000000000008,0.0,1.0,1,104.5224831136586,0.054963112788804176,3
scenario_3_multi_region_ep05_d051,scenario_3_multi_region_ep05,scenario_3_multi_region,51,A,train,36.52037925943692,31.3442,-1,930.0,630.0,0.0,0.0,0.0,0.0,86.42000000000009,0.0,1.0,1,606.1518458282251,0.99999999999811,4
scenario_3_multi_region_ep05_d051,scenario_3_multi_region_ep05,scenario_3_multi_region,51,B,train,13.11156588437809,14.075527,0,0.0,0.0,0.0,4.0,8.88888888888889,0.6577777777777778,86.42000000000009,1.0,1.0,1,140.90998978301036,-0.1914869331416203,0
scenario_3_multi_region_ep05_d051,scenario_3_multi_region_ep05,scenario_3_multi_region,51,C,train,6.002124033988286,6.069457,0,0.0,0.0,0.0,4.0,8.88888888888889,0.6577777777777778,86.42000000000009,1.0,1.0,1,77.08007215164275,-0.312132034254623,0
scenario_3_multi_region_ep05_d051,scenario_3_multi_region_ep05,scenario_3_multi_region,51,D,train,22.688878950561563,23.371893,0,540.0,0.0,0.0,5.656854249492381,12.57078722109418,0.9302382543609692,86.42000000000009,1.0,1.0,1,108.61934243067684,-0.34038753922623777,0
scenario_3_multi_region_ep05_d054,scenario_3_multi_region_ep05,scenario_3_multi_region,54,A,train,34.21432181911616,31.31789,0,1020.0,720.0,0.0,4.0,8.88888888888889,0.6577777777777778,86.18000000000009,1.0,1.0,1,575.4245607821956,0.6878679657433572,4
scenario_3_multi_region_ep05_d054,scenario_3_multi_region_ep05,scenario_3_multi_region,54,B,train,14.646012224735957,13.88602,0,0.0,0.0,0.0,5.656854249492381,12.57078722109418,0.9302382543609692,86.18000000000009,1.0,1.0,1,142.7877153059228,-0.2738391953688445,0
scenario_3_multi_region_ep05_d054,scenario_3_multi_region_ep05,scenario_3_multi_region,54,C,train,6.598025346688091,6.999638,0,0.0,0.0,0.0,0.0,0.0,0.0,86.18000000000009,0.0,1.0,1,80.32563674866356,0.0,0
scenario_3_multi_region_ep05_d054,scenario_3_multi_region_ep05,scenario_3_multi_region,54,D,train,17.593925879944994,20.11143,0,0.0,0.0,30.0,4.0,8.88888888888889,0.6577777777777778,86.18000000000009,1.0,1.0,1,111.90068151457716,-0.24835681028804596,0
scenario_3_multi_region_ep05_d057,scenario_3_multi_region_ep05,scenario_3_multi_region,57,A,train,34.96277583977353,30.98553,-1,1110.0,810.0,0.0,5.656854249492381,12.57078722109418,0.9302382543609692,85.9400000000001,1.0,1.0,1,546.4537218119847,0.6000000001411598,4
scenario_3_multi_region_ep05_d057,scenario_3_multi_region_ep05,scenario_3_multi_region,57,B,train,14.457247497228176,13.172417,0,0.0,0.0,0.0,4.0,8.88888888888889,0.6577777777777778,85.9400000000001,1.0,1.0,1,142.27648374787805,-0.1845055455282178,0
scenario_3_multi_region_ep05_d057,scenario_3_multi_region_ep05,scenario_3_multi_region,57,C,train,6.69187170138537,6.7040205,0,0.0,0.0,0.0,4.0,8.88888888888889,0.6577777777777778,85.9400000000001,1.0,1.0,1,83.14616737447295,-0.312132034254623,0
scenario_3_multi_region_ep05_d057,scenario_3_multi_region_ep05,scenario_3_multi_region,57,D,train,18.484327248070944,23.36089,1,60.0,0.0,0.0,0.0,0.0,0.0,85.9400000000001,0.0,1.0,1,113.90105844546156,0.06638115605142862,3
scenario_3_multi_region_ep05_d060,scenario_3_multi_region_ep05,scenario_3_multi_region,60,A,train,33.01725072712834,29.4959,-1,1200.0,900.0,0.0,4.0,8.88888888888889,0.6577777777777778,85.7000000000001,1.0,1.0,1,519.1254996473419,0.6878679657430705,4
scenario_3_multi_region_ep05_d060,scenario_3_multi_region_ep05,scenario_3_multi_region,60,B,train,13.697690402546533,13.358262,0,0.0,0.0,0.0,0.0,0.0,0.0,85.7000000000001,0.0,1.0,1,141.3709676929334,0.12870967087052107,3
scenario_3_multi_region_ep05_d060,scenario_3_multi_region_ep05,scenario_3_multi_region,60,C,train,6.359786561601831,7.308166,0,0.0,0.0,0.0,5.656854249492381,12.57078722109418,0.9302382543609692,85.7000000000001,1.0,1.0,1,85.56791347287094,-0.3999999998566819,0
scenario_3_multi_region_ep05_d060,scenario_3_multi_region_ep05,scenario_3_multi_region,60,D,train,21.17287716954112,23.442719,0,150.0,0.0,0.0,4.0,8.88888888888889,0.6577777777777778,85.7000000000001,1.0,1.0,1,114.61636039738369,-0.24513182978177092,0
scenario_3_multi_region_ep05_d063,scenario_3_multi_region_ep05,scenario_3_multi_region,63,A,train,31.93798314045729,27.82417,-1,1290.0,990.0,0.0,4.0,8.88888888888889,0.6577777777777778,85.46000000000011,1.0,1.0,1,493.3412491162221,0.6878679657429123,4
scenario_3_multi_region_ep05_d063,scenario_3_multi_region_ep05,scenario_3_multi_region,63,B,train,13.362554237091484,11.957716,0,0.0,0.0,0.0,5.656854249492381,12.57078722109418,0.9302382543609692,85.46000000000011,1.0,1.0,1,140.28660731444938,-0.27019727487045586,0
scenario_3_multi_region_ep05_d063,scenario_3_multi_region_ep05,scenario_3_multi_region,63,C,train,6.75317807983522,6.5293117,0,0.0,0.0,30.0,0.0,0.0,0.0,85.46000000000011,0.0,1.0,1,87.62331372471658,0.0,0
scenario_3_multi_region_ep05_d063,scenario_3_multi_region_ep05,scenario_3_multi_region,63,D,train,22.185036124418367,23.545345,0,240.0,0.0,0.0,4.0,8.88888888888889,0.6577777777777778,85.46000000000011,1.0,1.0,1,115.04135400346944,-0.2445529654312847,0
scenario_3_multi_region_ep05_d066,scenario_3_multi_region_ep05,scenario_3_multi_region,66,A,train,31.888798259034807,25.645218,-1,1380.0,1080.0,0.0,0.0,0.0,0.0,85.22000000000011,0.0,1.0,1,469.00556730124094,0.9999999999973661,4
scenario_3_multi_region_ep05_d066,scenario_3_multi_region_ep05,scenario_3_multi_region,66,B,train,12.310346214534702,12.863242,0,0.0,0.0,0.0,4.0,8.88888888888889,0.6577777777777778,85.22000000000011,1.0,1.0,1,139.04008241229235,-0.18122629325539294,0
scenario_3_multi_region_ep05_d066,scenario_3_multi_region_ep05,scenario_3_multi_region,66,C,train,6.343536269031361,7.2400837,0,0.0,0.0,0.0,4.0,8.88888888888889,0.6577777777777778,85.22000000000011,1.0,1.0,1,89.33963179218222,-0.312132034254623,0
scenario_3_multi_region_ep05_d066,scenario_3_multi_region_ep05,scenario_3_multi_region,66,D,train,22.406557551762525,24.158413,0,330.0,0.0,0.0,5.656854249492381,12.57078722109418,0.9302382543609692,85.22000000000011,1.0,1.0,1,115.21888024329589,-0.3318367910179789,0
scenario_3_multi_region_ep05_d069,scenario_3_multi_region_ep05,scenario_3_multi_region,69,A,train,31.10879803093048,23.88107,-1,1470.0,1170.0,0.0,4.0,8.88888888888889,0.6577777777777778,84.98000000000012,1.0,1.0,1,446.0310779680308,0.6878679657425624,4
scenario_3_multi_region_ep05_d069,scenario_3_multi_region_ep05,scenario_3_multi_region,69,B,train,12.505150772104818,12.523481,0,0.0,0.0,0.0,0.0,0.0,0.0,84.98000000000012,0.0,1.0,1,137.64882123509415,0.13201880965353505,3
scenario_3_multi_region_ep05_d069,scenario_3_multi_region_ep05,scenario_3_multi_region,69,C,train,7.583948901807881,7.3767014,0,0.0,0.0,0.0,5.656854249492381,12.57078722109418,0.9302382543609692,84.98000000000012,1.0,1.0,1,90.74428124611768,-0.3999999998566819,0
scenario_3_multi_region_ep05_d069,scenario_3_multi_region_ep05,scenario_3_multi_region,69,D,train,22.78614067191524,23.802183,0,420.0,0.0,0.0,4.0,8.88888888888889,0.6577777777777778,84.98000000000012,1.0,1.0,1,115.17119805162338,-0.2433793616790751,0
scenario_3_multi_region_ep05_d072,scenario_3_multi_region_ep05,scenario_3_multi_region,72,A,train,30.91851927169603,22.653334,-1,1560.0,1260.0,0.0,5.656854249492381,12.57078722109418,0.9302382543609692,84.74000000000012,1.0,1.0,1,424.3358672393913,0.6000000001403105,4
scenario_3_multi_region_ep05_d072,scenario_3_multi_region_ep05,scenario_3_multi_region,72,B,train,13.180075553467644,12.637207,0,0.0,0.0,0.0,4.0,8.88888888888889,0.6577777777777778,84.74000000000012,1.0,1.0,1,136.128908026893,-0.178990011735732,0
scenario_3_multi_region_ep05_d072,scenario_3_multi_region_ep05,scenario_3_multi_region,72,C,train,7.1838513245803925,6.9953346,0,0.0,0.0,0.0,4.0,8.88888888888889,0.6577777777777778,84.74000000000012,1.0,1.0,1,91.8627670320252,-0.312132034254623,0
scenario_3_multi_region_ep05_d072,scenario_3_multi_region_ep05,scenario_3_multi_region,72,D,train,22.728906692377063,23.65479,0,510.0,0.0,0.0,0.0,0.0,0.0,84.74000000000012,0.0,1.0,1,114.9189481839844,0.06934750852778623,3
scenario_3_multi_region_ep05_d075,scenario_3_multi_region_ep05,scenario_3_multi_region,75,A,train,30.32873832666119,23.089405,-1,1650.0,1350.0,0.0,0.0,0.0,0.0,84.50000000000013,0.0,1.0,1,403.8431363698023,0.9999999999967859,4
scenario_3_multi_region_ep05_d075,scenario_3_multi_region_ep05,scenario_3_multi_region,75,B,train,12.265585948073058,11.968951,0,0.0,0.0,0.0,4.0,8.88888888888889,0.6577777777777778,84.50000000000013,1.0,1.0,1,134.49517712226725,-0.17785656225634056,0
scenario_3_multi_region_ep05_d075,scenario_3_multi_region_ep05,scenario_3_multi_region,75,C,train,6.706932736105998,7.4510794,0,0.0,0.0,0.0,4.0,8.88888888888889,0.6577777777777778,84.50000000000013,1.0,1.0,1,92.71881155786286,-0.312132034254623,0
scenario_3_multi_region_ep05_d075,scenario_3_multi_region_ep05,scenario_3_multi_region,75,D,train,22.996258243067235,22.830101,0,600.0,0.0,0.0,5.656854249492381,12.57078722109418,0.9302382543609692,84.50000000000013,1.0,1.0,1,114.48126291185145,-0.33005223422609975,0
scenario_3_multi_region_ep05_d078,scenario_3_multi_region_ep05,scenario_3_multi_region,78,A,train,20.116590593680044,20.988926,0,30.0,0.0,0.0,4.0,8.88888888888889,0.6577777777777778,84.26000000000013,1.0,1.0,1,384.4808767563288,0.6878679657419423,4
scenario_3_multi_region_ep05_d078,scenario_3_multi_region_ep05,scenario_3_multi_region,78,B,train,11.816955976594269,11.861871,0,0.0,0.0,0.0,5.656854249492381,12.57078722109418,0.9302382543609692,84.26000000000013,1.0,1.0,1,132.76130070186355,-0.26458074852119795,0
scenario_3_multi_region_ep05_d078,scenario_3_multi_region_ep05,scenario_3_multi_region,78,C,train,6.68833244142142,6.956396,0,0.0,0.0,0.0,0.0,0.0,0.0,84.26000000000013,0.0,1.0,1,93.33447262528377,0.0,0
scenario_3_multi_region_ep05_d078,scenario_3_multi_region_ep05,scenario_3_multi_region,78,D,train,23.926609746604765,20.7445,-1,690.0,0.0,0.0,4.0,8.88888888888889,0.6577777777777778,84.26000000000013,1.0,1.0,1,113.87586848816476,-0.24157854099023515,0
scenario_3_multi_region_ep06_d012,scenario_3_multi_region_ep06,scenario_3_multi_region,12,A,train,2.766348624411112,7.5930166,1,0.0,0.0,0.0,4.0,8.88888888888889,0.6577777777777778,88.84000000000002,1.0,1.0,1,155.40076201843772,0.6878679657374296,4
scenario_3_multi_region_ep06_d012,scenario_3_multi_region_ep06,scenario_3_multi_region,12,B,train,3.733982093306514,4.7592144,0,0.0,0.0,0.0,5.656854249492381,12.57078722109418,0.9302382543609692,88.84000000000002,1.0,1.0,1,29.57328460875021,-0.3999999998566819,0
scenario_3_multi_region_ep06_d012,scenario_3_multi_region_ep06,scenario_3_multi_region,12,C,train,3.7929076097743577,5.0375876,0,0.0,0.0,0.0,0.0,0.0,0.0,88.84000000000002,0.0,1.0,1,36.90274271479677,0.05825005997794894,3
scenario_3_multi_region_ep06_d012,scenario_3_multi_region_ep06,scenario_3_multi_region,12,D,train,4.241686001996406,5.7654724,0,0.0,0.0,0.0,4.0,8.88888888888889,0.6577777777777778,88.84000000000002,1.0,1.0,1,31.732570139566405,-0.29497135063248764,0
scenario_3_multi_region_ep06_d015,scenario_3_multi_region_ep06,scenario_3_multi_region,15,A,train,4.12190052312568,9.022596,1,0.0,0.0,0.0,5.656854249492381,12.57078722109418,0.9302382543609692,88.60000000000002,1.0,1.0,1,233.39347274194347,0.6000000001383371,4
scenario_3_multi_region_ep06_d015,scenario_3_multi_region_ep06,scenario_3_multi_region,15,B,train,3.3442516713280024,4.9870872,0,0.0,0.0,0.0,4.0,8.88888888888889,0.6577777777777778,88.60000000000002,1.0,1.0,1,33.959603475910285,-0.30555543309007344,0
scenario_3_multi_region_ep06_d015,scenario_3_multi_region_ep06,scenario_3_multi_region,15,C,train,4.518855265105302,6.1738286,0,0.0,0.0,0.0,4.0,8.88888888888889,0.6577777777777778,88.60000000000002,1.0,1.0,1,37.40585648914976,-0.2883888986682033,0
scenario_3_multi_region_ep06_d015,scenario_3_multi_region_ep06,scenario_3_multi_region,15,D,train,3.637922538836848,5.867488,0,0.0,0.0,0.0,0.0,0.0,0.0,88.60000000000002,0.0,1.0,1,32.63932350423886,0.0,0
scenario_3_multi_region_ep06_d018,scenario_3_multi_region_ep06,scenario_3_multi_region,18,A,train,6.859542356390937,21.405632,1,0.0,0.0,0.0,4.0,8.88888888888889,0.6577777777777778,88.36000000000003,1.0,1.0,1,328.9077076648482,0.6878679657419772,4
scenario_3_multi_region_ep06_d018,scenario_3_multi_region_ep06,scenario_3_multi_region,18,B,train,3.4037142989331115,5.194083,0,0.0,0.0,0.0,0.0,0.0,0.0,88.36000000000003,0.0,1.0,1,41.69300675068848,0.0235098203302207,3
scenario_3_multi_region_ep06_d018,scenario_3_multi_region_ep06,scenario_3_multi_region,18,C,train,4.546304213198342,6.771684,0,0.0,0.0,0.0,5.656854249492381,12.57078722109418,0.9302382543609692,88.36000000000003,1.0,1.0,1,38.88106307714031,-0.38605039832534305,0
scenario_3_multi_region_ep06_d018,scenario_3_multi_region_ep06,scenario_3_multi_region,18,D,train,5.034367261831743,7.3311954,0,0.0,0.0,0.0,4.0,8.88888888888889,0.6577777777777778,88.36000000000003,1.0,1.0,1,34.77807185907807,-0.312132034254623,0
scenario_3_multi_region_ep06_d021,scenario_3_multi_region_ep06,scenario_3_multi_region,21,A,train,9.893939210465229,23.072786,1,0.0,0.0,0.0,4.0,8.88888888888889,0.6577777777777778,88.12000000000003,1.0,1.0,1,407.62211463897256,0.6878679657426724,4
scenario_3_multi_region_ep06_d021,scenario_3_multi_region_ep06,scenario_3_multi_region,21,B,train,3.962288316142347,5.0406847,0,0.0,0.0,0.0,5.656854249492381,12.57078722109418,0.9302382543609692,88.12000000000003,1.0,1.0,1,50.26371937809586,-0.3665112122201972,0
scenario_3_multi_region_ep06_d021,scenario_3_multi_region_ep06,scenario_3_multi_region,21,C,train,3.44766149167378,4.001172,0,0.0,0.0,0.0,0.0,0.0,0.0,88.12000000000003,0.0,1.0,1,40.87300461736709,0.008090668469028893,3
scenario_3_multi_region_ep06_d021,scenario_3_multi_region_ep06,scenario_3_multi_region,21,D,train,6.485459134054346,7.1590843,0,0.0,0.0,0.0,4.0,8.88888888888889,0.6577777777777778,88.12000000000003,1.0,1.0,1,37.88155634061332,-0.312132034254623,0
scenario_3_multi_region_ep06_d024,scenario_3_multi_region_ep06,scenario_3_multi_region,24,A,train,14.859956517144942,26.81195,1,60.0,0.0,0.0,0.0,0.0,0.0,87.88000000000004,0.0,1.0,1,483.99600035398464,0.9999999999977357,4
scenario_3_multi_region_ep06_d024,scenario_3_multi_region_ep06,scenario_3_multi_region,24,B,train,5.150590568579762,7.616297,0,0.0,0.0,0.0,4.0,8.88888888888889,0.6577777777777778,87.88000000000004,1.0,1.0,1,59.74974482410744,-0.27276201006732836,0
scenario_3_multi_region_ep06_d024,scenario_3_multi_region_ep06,scenario_3_multi_region,24,C,train,5.301359739835016,4.4397335,0,0.0,0.0,0.0,4.0,8.88888888888889,0.6577777777777778,87.88000000000004,1.0,1.0,1,43.69828135210582,-0.3091076861124177,0
scenario_3_multi_region_ep06_d024,scenario_3_multi_region_ep06,scenario_3_multi_region,24,D,train,6.771282912326256,7.990184,0,0.0,0.0,0.0,5.656854249492381,12.57078722109418,0.9302382543609692,87.88000000000004,1.0,1.0,1,42.36262828374629,-0.3999999998566819,0
scenario_3_multi_region_ep06_d027,scenario_3_multi_region_ep06,scenario_3_multi_region,27,A,train,21.173524722908507,30.441017,1,150.0,0.0,0.0,4.0,8.88888888888889,0.6577777777777778,87.64000000000004,1.0,1.0,1,570.1477346394968,0.687867965743464,4
scenario_3_multi_region_ep06_d027,scenario_3_multi_region_ep06,scenario_3_multi_region,27,B,train,6.2065550472961615,9.83669,1,0.0,0.0,0.0,0.0,0.0,0.0,87.64000000000004,0.0,1.0,1,69.22518373147705,0.04173947640095152,3
scenario_3_multi_region_ep06_d027,scenario_3_multi_region_ep06,scenario_3_multi_region,27,C,train,3.633084738190287,5.4814734,0,0.0,0.0,0.0,5.656854249492381,12.57078722109418,0.9302382543609692,87.64000000000004,1.0,1.0,1,47.40622690557757,-0.3999999998566819,0
scenario_3_multi_region_ep06_d027,scenario_3_multi_region_ep06,scenario_3_multi_region,27,D,train,7.280403507173864,10.459561,1,0.0,0.0,0.0,4.0,8.88888888888889,0.6577777777777778,87.64000000000004,1.0,1.0,1,48.25157287435991,-0.3105148947004191,0
scenario_3_multi_region_ep06_d030,scenario_3_multi_region_ep06,scenario_3_multi_region,30,A,train,22.705665496710072,31.913214,1,240.0,0.0,0.0,5.656854249492381,12.57078722109418,0.9302382543609692,87.40000000000005,1.0,1.0,1,629.1820564374218,0.6000000001415876,4
scenario_3_multi_region_ep06_d030,scenario_3_multi_region_ep06,scenario_3_multi_region,30,B,train,8.270627358304084,10.102417,0,0.0,0.0,0.0,4.0,8.88888888888889,0.6577777777777778,87.40000000000005,1.0,1.0,1,78.95792881488387,-0.264357928697047,0
scenario_3_multi_region_ep06_d030,scenario_3_multi_region_ep06,scenario_3_multi_region,30,C,train,3.7901030913721954,5.570407,0,0.0,0.0,0.0,4.0,8.88888888888889,0.6577777777777778,87.40000000000005,1.0,1.0,1,51.352645544568986,-0.312132034254623,0
scenario_3_multi_region_ep06_d030,scenario_3_multi_region_ep06,scenario_3_multi_region,30,D,train,7.19984175487768,12.585765,1,0.0,0.0,0.0,0.0,0.0,0.0,87.40000000000005,0.0,1.0,1,55.36894412715833,0.006950664862102591,3
scenario_3_multi_region_ep06_d033,scenario_3_multi_region_ep06,scenario_3_multi_region,33,A,train,23.87617792354213,34.137417,1,30.0,0.0,0.0,0.0,0.0,0.0,87.16000000000005,0.0,1.0,1,661.6666049655623,0.9999999999983508,4
scenario_3_multi_region_ep06_d033,scenario_3_multi_region_ep06,scenario_3_multi_region,33,B,train,7.469291024000864,12.234223,1,0.0,0.0,0.0,4.0,8.88888888888889,0.6577777777777778,87.16000000000005,1.0,1.0,1,88.4776031359529,-0.2574901309540621,0
scenario_3_multi_region_ep06_d033,scenario_3_multi_region_ep06,scenario_3_multi_region,33,C,train,4.95302172026412,5.7820334,0,0.0,0.0,0.0,4.0,8.88888888888889,0.6577777777777778,87.16000000000005,1.0,1.0,1,55.34715434588884,-0.312132034254623,0
scenario_3_multi_region_ep06_d033,scenario_3_multi_region_ep06,scenario_3_multi_region,33,D,train,8.693689321119434,14.186616,1,0.0,0.0,0.0,5.656854249492381,12.57078722109418,0.9302382543609692,87.16000000000005,1.0,1.0,1,63.422269553426986,-0.3866817479034057,0
scenario_3_multi_region_ep06_d036,scenario_3_multi_region_ep06,scenario_3_multi_region,36,A,train,26.8770798800042,33.851818,1,120.0,90.0,0.0,4.0,8.88888888888889,0.6577777777777778,86.92000000000006,1.0,1.0,1,691.0961905609388,0.6878679657437928,4
scenario_3_multi_region_ep06_d036,scenario_3_multi_region_ep06,scenario_3_multi_region,36,B,train,9.15898379799764,11.873421,0,0.0,0.0,30.0,5.656854249492381,12.57078722109418,0.9302382543609692,86.92000000000006,1.0,1.0,1,98.19731310858036,-0.3392413371410614,0
scenario_3_multi_region_ep06_d036,scenario_3_multi_region_ep06,scenario_3_multi_region,36,C,train,3.738821805843905,6.112486,0,0.0,0.0,0.0,0.0,0.0,0.0,86.92000000000006,0.0,1.0,1,59.84322722069373,0.0,0
scenario_3_multi_region_ep06_d036,scenario_3_multi_region_ep06,scenario_3_multi_region,36,D,train,9.147060941930112,15.755092,1,0.0,0.0,0.0,4.0,8.88888888888889,0.6577777777777778,86.92000000000006,1.0,1.0,1,71.97025788088536,-0.29292098675949074,0
scenario_3_multi_region_ep06_d039,scenario_3_multi_region_ep06,scenario_3_multi_region,39,A,train,29.63218294589543,33.758343,1,210.0,180.0,0.0,5.656854249492381,12.57078722109418,0.9302382543609692,86.68000000000006,1.0,1.0,1,700.787499126061,0.600000000141747,4
scenario_3_multi_region_ep06_d039,scenario_3_multi_region_ep06,scenario_3_multi_region,39,B,train,9.13288678345372,12.566099,1,0.0,0.0,0.0,4.0,8.88888888888889,0.6577777777777778,86.68000000000006,1.0,1.0,1,107.43580593527464,-0.2444252550928953,0
scenario_3_multi_region_ep06_d039,scenario_3_multi_region_ep06,scenario_3_multi_region,39,C,train,4.1365177328585,5.844627,0,0.0,0.0,0.0,4.0,8.88888888888889,0.6577777777777778,86.68000000000006,1.0,1.0,1,64.34428584457714,-0.312132034254623,0
scenario_3_multi_region_ep06_d039,scenario_3_multi_region_ep06,scenario_3_multi_region,39,D,train,10.949080956508212,16.430502,1,0.0,0.0,0.0,0.0,0.0,0.0,86.68000000000006,0.0,1.0,1,79.18833999817753,0.02332345422781951,3
scenario_3_multi_region_ep06_d042,scenario_3_multi_region_ep06,scenario_3_multi_region,42,A,train,33.56838150005916,33.564327,0,300.0,270.0,0.0,4.0,8.88888888888889,0.6577777777777778,86.44000000000007,1.0,1.0,1,693.2432513073732,0.6878679657437755,4
scenario_3_multi_region_ep06_d042,scenario_3_multi_region_ep06,scenario_3_multi_region,42,B,train,9.951744171048253,13.063085,1,0.0,0.0,0.0,0.0,0.0,0.0,86.44000000000007,0.0,1.0,1,116.6994064018213,0.07667202561129853,3
scenario_3_multi_region_ep06_d042,scenario_3_multi_region_ep06,scenario_3_multi_region,42,C,train,5.276686223803256,5.6707673,0,0.0,0.0,0.0,5.656854249492381,12.57078722109418,0.9302382543609692,86.44000000000007,1.0,1.0,1,68.823910728707,-0.3999999998566819,0
scenario_3_multi_region_ep06_d042,scenario_3_multi_region_ep06,scenario_3_multi_region,42,D,train,14.50006526943427,21.558586,1,90.0,0.0,0.0,4.0,8.88888888888889,0.6577777777777778,86.44000000000007,1.0,1.0,1,87.22738754419538,-0.2826590893608856,0
scenario_3_multi_region_ep06_d045,scenario_3_multi_region_ep06,scenario_3_multi_region,45,A,train,36.74282846487268,33.68254,-1,390.0,360.0,0.0,4.0,8.88888888888889,0.6577777777777778,86.20000000000007,1.0,1.0,1,660.6307531103773,0.6878679657436757,4
scenario_3_multi_region_ep06_d045,scenario_3_multi_region_ep06,scenario_3_multi_region,45,B,train,12.19568847419938,13.744855,0,0.0,0.0,0.0,5.656854249492381,12.57078722109418,0.9302382543609692,86.20000000000007,1.0,1.0,1,121.83510498924306,-0.31665041190552523,0
scenario_3_multi_region_ep06_d045,scenario_3_multi_region_ep06,scenario_3_multi_region,45,C,train,5.261941734253545,5.8967447,0,0.0,0.0,0.0,0.0,0.0,0.0,86.20000000000007,0.0,1.0,1,72.84325960242904,0.0,0
scenario_3_multi_region_ep06_d045,scenario_3_multi_region_ep06,scenario_3_multi_region,45,D,train,16.354639951542044,22.871735,1,180.0,0.0,0.0,4.0,8.88888888888889,0.6577777777777778,86.20000000000007,1.0,1.0,1,94.38342990300612,-0.2754858474295385,0
scenario_3_multi_region_ep06_d048,scenario_3_multi_region_ep06,scenario_3_multi_region,48,A,train,35.63612587214677,33.385296,0,480.0,450.0,0.0,0.0,0.0,0.0,85.96000000000008,0.0,1.0,1,626.5616523415272,0.9999999999981819,4
scenario_3_multi_region_ep06_d048,scenario_3_multi_region_ep06,scenario_3_multi_region,48,B,train,11.786197456783391,13.758595,0,0.0,0.0,0.0,4.0,8.88888888888889,0.6577777777777778,85.96000000000008,1.0,1.0,1,128.0421608317372,-0.21849490045149345,0
scenario_3_multi_region_ep06_d048,scenario_3_multi_region_ep06,scenario_3_multi_region,48,C,train,5.668491727957834,6.2113047,0,0.0,0.0,0.0,4.0,8.88888888888889,0.6577777777777778,85.96000000000008,1.0,1.0,1,76.53967979350296,-0.312132034254623,0
scenario_3_multi_region_ep06_d048,scenario_3_multi_region_ep06,scenario_3_multi_region,48,D,train,18.6553406579748,23.238588,1,270.0,0.0,0.0,5.656854249492381,12.57078722109418,0.9302382543609692,85.96000000000008,1.0,1.0,1,99.27752617287638,-0.3586601125172779,0
scenario_3_multi_region_ep06_d051,scenario_3_multi_region_ep06,scenario_3_multi_region,51,A,train,34.92877438053059,32.114502,0,570.0,540.0,0.0,4.0,8.88888888888889,0.6577777777777778,85.72000000000008,1.0,1.0,1,594.5224072053506,0.6878679657434341,4
scenario_3_multi_region_ep06_d051,scenario_3_multi_region_ep06,scenario_3_multi_region,51,B,train,12.333658109050877,14.552948,0,0.0,0.0,0.0,0.0,0.0,0.0,85.72000000000008,0.0,1.0,1,131.45355349844044,0.10028287477436099,3
scenario_3_multi_region_ep06_d051,scenario_3_multi_region_ep06,scenario_3_multi_region,51,C,train,6.062379754302637,6.2022753,0,0.0,0.0,0.0,5.656854249492381,12.57078722109418,0.9302382543609692,85.72000000000008,1.0,1.0,1,79.83969113403214,-0.3999999998566819,0
scenario_3_multi_region_ep06_d051,scenario_3_multi_region_ep06,scenario_3_multi_region,51,D,train,20.71422986339842,24.330063,1,360.0,0.0,0.0,4.0,8.88888888888889,0.6577777777777778,85.72000000000008,1.0,1.0,1,104.67332289495651,-0.2638816637148146,0
scenario_3_multi_region_ep06_d054,scenario_3_multi_region_ep06,scenario_3_multi_region,54,A,train,33.51722892172524,30.464022,-1,660.0,630.0,0.0,5.656854249492381,12.57078722109418,0.9302382543609692,85.48000000000009,1.0,1.0,1,564.3572157071967,0.6000000001412419,4
scenario_3_multi_region_ep06_d054,scenario_3_multi_region_ep06,scenario_3_multi_region,54,B,train,13.588715523822826,15.6124735,0,0.0,0.0,0.0,4.0,8.88888888888889,0.6577777777777778,85.48000000000009,1.0,1.0,1,133.69384348050266,-0.20634088105859164,0
scenario_3_multi_region_ep06_d054,scenario_3_multi_region_ep06,scenario_3_multi_region,54,C,train,5.661472127022798,6.319406,0,0.0,0.0,0.0,4.0,8.88888888888889,0.6577777777777778,85.48000000000009,1.0,1.0,1,82.74335808763408,-0.312132034254623,0
scenario_3_multi_region_ep06_d054,scenario_3_multi_region_ep06,scenario_3_multi_region,54,D,train,22.823711193718285,24.465353,0,450.0,0.0,0.0,0.0,0.0,0.0,85.48000000000009,0.0,1.0,1,107.9745680793676,0.05238887875110068,3
scenario_3_multi_region_ep06_d057,scenario_3_multi_region_ep06,scenario_3_multi_region,57,A,train,31.75118453722081,30.718174,0,750.0,720.0,0.0,0.0,0.0,0.0,85.2400000000001,0.0,1.0,1,535.9130074443967,0.9999999999977811,4
scenario_3_multi_region_ep06_d057,scenario_3_multi_region_ep06,scenario_3_multi_region,57,B,train,13.08714196673663,13.514292,0,0.0,0.0,0.0,4.0,8.88888888888889,0.6577777777777778,85.2400000000001,1.0,1.0,1,133.57310069337404,-0.20489240110248685,0
scenario_3_multi_region_ep06_d057,scenario_3_multi_region_ep06,scenario_3_multi_region,57,C,train,6.910026980364472,7.73969,0,0.0,0.0,0.0,4.0,8.88888888888889,0.6577777777777778,85.2400000000001,1.0,1.0,1,85.24346420324491,-0.312132034254623,0
scenario_3_multi_region_ep06_d057,scenario_3_multi_region_ep06,scenario_3_multi_region,57,D,train,22.49372393098372,24.724386,0,540.0,0.0,0.0,5.656854249492381,12.57078722109418,0.9302382543609692,85.2400000000001,1.0,1.0,1,109.78375834920509,-0.3455470320137356,0
scenario_3_multi_region_ep06_d060,scenario_3_multi_region_ep06,scenario_3_multi_region,60,A,train,31.606473005811548,29.22835,0,840.0,810.0,0.0,4.0,8.88888888888889,0.6577777777777778,85.0000000000001,1.0,1.0,1,509.0959329638297,0.6878679657430058,4
scenario_3_multi_region_ep06_d060,scenario_3_multi_region_ep06,scenario_3_multi_region,60,B,train,13.914485570938565,13.872805,0,0.0,0.0,0.0,5.656854249492381,12.57078722109418,0.9302382543609692,85.0000000000001,1.0,1.0,1,133.06003801620773,-0.29168614146809413,0
scenario_3_multi_region_ep06_d060,scenario_3_multi_region_ep06,scenario_3_multi_region,60,C,train,5.573418218368293,7.919468,0,0.0,0.0,0.0,0.0,0.0,0.0,85.0000000000001,0.0,1.0,1,87.38264462206371,0.0,0
scenario_3_multi_region_ep06_d060,scenario_3_multi_region_ep06,scenario_3_multi_region,60,D,train,25.74484592676524,24.741869,0,630.0,90.0,0.0,4.0,8.88888888888889,0.6577777777777778,85.0000000000001,1.0,1.0,1,110.85247064179543,-0.25647852114868647,0
scenario_3_multi_region_ep06_d063,scenario_3_multi_region_ep06,scenario_3_multi_region,63,A,train,30.257922499654192,28.060648,0,930.0,900.0,0.0,5.656854249492381,12.57078722109418,0.9302382543609692,84.7600000000001,1.0,1.0,1,483.78973514593554,0.6000000001407841,4
scenario_3_multi_region_ep06_d063,scenario_3_multi_region_ep06,scenario_3_multi_region,63,B,train,14.057361570601929,12.077008,0,0.0,0.0,0.0,4.0,8.88888888888889,0.6577777777777778,84.7600000000001,1.0,1.0,1,132.34269752556816,-0.20273406835736024,0
scenario_3_multi_region_ep06_d063,scenario_3_multi_region_ep06,scenario_3_multi_region,63,C,train,5.7041537633565484,7.748919,0,0.0,0.0,30.0,4.0,8.88888888888889,0.6577777777777778,84.7600000000001,1.0,1.0,1,89.17235930022207,-0.312132034254623,0
scenario_3_multi_region_ep06_d063,scenario_3_multi_region_ep06,scenario_3_multi_region,63,D,train,25.19648334803677,24.610006,0,720.0,180.0,0.0,0.0,0.0,0.0,84.7600000000001,0.0,1.0,1,111.34506783924849,0.056187866769554666,3
scenario_3_multi_region_ep06_d066,scenario_3_multi_region_ep06,scenario_3_multi_region,66,A,train,30.51414558721718,27.930828,0,1020.0,990.0,0.0,4.0,8.88888888888889,0.6577777777777778,84.52000000000011,1.0,1.0,1,459.9068715677631,0.687867965742669,4
scenario_3_multi_region_ep06_d066,scenario_3_multi_region_ep06,scenario_3_multi_region,66,B,train,13.288849703299247,12.706255,0,0.0,0.0,0.0,0.0,0.0,0.0,84.52000000000011,0.0,1.0,1,131.4451253336547,0.1104920473934243,3
scenario_3_multi_region_ep06_d066,scenario_3_multi_region_ep06,scenario_3_multi_region,66,C,train,7.785786509895183,7.8809505,0,0.0,0.0,0.0,5.656854249492381,12.57078722109418,0.9302382543609692,84.52000000000011,1.0,1.0,1,90.6445785531714,-0.3999999998566819,0
scenario_3_multi_region_ep06_d066,scenario_3_multi_region_ep06,scenario_3_multi_region,66,D,train,26.38574010881545,24.153318,0,810.0,270.0,0.0,4.0,8.88888888888889,0.6577777777777778,84.52000000000011,1.0,1.0,1,111.59177108463837,-0.25540489766994473,0
scenario_3_multi_region_ep06_d069,scenario_3_multi_region_ep06,scenario_3_multi_region,69,A,train,30.53114584021688,26.85841,-1,1110.0,1080.0,0.0,4.0,8.88888888888889,0.6577777777777778,84.28000000000011,1.0,1.0,1,437.3614111977695,0.687867965742483,4
scenario_3_multi_region_ep06_d069,scenario_3_multi_region_ep06,scenario_3_multi_region,69,B,train,12.249812366302397,12.497798,0,0.0,0.0,0.0,5.656854249492381,12.57078722109418,0.9302382543609692,84.28000000000011,1.0,1.0,1,130.38573256619702,-0.2884038043983358,0
scenario_3_multi_region_ep06_d069,scenario_3_multi_region_ep06,scenario_3_multi_region,69,C,train,6.586336482315523,9.622238,1,0.0,0.0,0.0,0.0,0.0,0.0,84.28000000000011,0.0,1.0,1,91.8252067574258,0.0,0
scenario_3_multi_region_ep06_d069,scenario_3_multi_region_ep06,scenario_3_multi_region,69,D,train,26.1995773371471,23.861965,0,900.0,360.0,0.0,4.0,8.88888888888889,0.6577777777777778,84.28000000000011,1.0,1.0,1,111.61453794301178,-0.2548606660702645,0
scenario_3_multi_region_ep06_d072,scenario_3_multi_region_ep06,scenario_3_multi_region,72,A,train,28.996223920573676,26.524004,0,1200.0,1170.0,0.0,0.0,0.0,0.0,84.04000000000012,0.0,1.0,1,416.0727981343212,0.9999999999969073,4
scenario_3_multi_region_ep06_d072,scenario_3_multi_region_ep06,scenario_3_multi_region,72,B,train,12.827283622060232,12.524458,0,0.0,0.0,0.0,4.0,8.88888888888889,0.6577777777777778,84.04000000000012,1.0,1.0,1,129.18152892094872,-0.19942153070691318,0
scenario_3_multi_region_ep06_d072,scenario_3_multi_region_ep06,scenario_3_multi_region,72,C,train,7.923568340255286,8.097178,0,0.0,0.0,0.0,4.0,8.88888888888889,0.6577777777777778,84.04000000000012,1.0,1.0,1,92.73833924510632,-0.312132034254623,0
scenario_3_multi_region_ep06_d072,scenario_3_multi_region_ep06,scenario_3_multi_region,72,D,train,25.409696230098263,23.520102,0,990.0,450.0,0.0,5.656854249492381,12.57078722109418,0.9302382543609692,84.04000000000012,1.0,1.0,1,111.43373412671258,-0.34217939222403204,0
scenario_3_multi_region_ep06_d075,scenario_3_multi_region_ep06,scenario_3_multi_region,75,A,train,28.429536620057828,26.19591,0,1290.0,1260.0,0.0,4.0,8.88888888888889,0.6577777777777778,83.80000000000013,1.0,1.0,1,395.9655098024368,0.6878679657420719,4
scenario_3_multi_region_ep06_d075,scenario_3_multi_region_ep06,scenario_3_multi_region,75,B,train,12.119151941416858,12.27891,0,0.0,0.0,0.0,0.0,0.0,0.0,83.80000000000013,0.0,1.0,1,127.84822026477536,0.11383506600018654,3
scenario_3_multi_region_ep06_d075,scenario_3_multi_region_ep06,scenario_3_multi_region,75,C,train,6.945893751310322,8.3134775,0,0.0,0.0,0.0,5.656854249492381,12.57078722109418,0.9302382543609692,83.80000000000013,1.0,1.0,1,93.40638198004012,-0.3999999998566819,0
scenario_3_multi_region_ep06_d075,scenario_3_multi_region_ep06,scenario_3_multi_region,75,D,train,25.840486329229588,24.17637,0,1080.0,540.0,0.0,4.0,8.88888888888889,0.6577777777777778,83.80000000000013,1.0,1.0,1,111.06824124312357,-0.2537571328257934,0
scenario_3_multi_region_ep06_d078,scenario_3_multi_region_ep06,scenario_3_multi_region,78,A,train,29.42296221957793,25.784184,-1,1380.0,1350.0,0.0,5.656854249492381,12.57078722109418,0.9302382543609692,83.56000000000013,1.0,1.0,1,376.9687370446695,0.6000000001397862,4
scenario_3_multi_region_ep06_d078,scenario_3_multi_region_ep06,scenario_3_multi_region,78,B,train,11.616218875710208,12.147779,0,0.0,0.0,0.0,4.0,8.88888888888889,0.6577777777777778,83.56000000000013,1.0,1.0,1,126.40029967253076,-0.1971620562085895,0
scenario_3_multi_region_ep06_d078,scenario_3_multi_region_ep06,scenario_3_multi_region,78,C,train,7.355485657535948,8.08038,0,0.0,0.0,0.0,4.0,8.88888888888889,0.6577777777777778,83.56000000000013,1.0,1.0,1,93.8501634859449,-0.312132034254623,0
scenario_3_multi_region_ep06_d078,scenario_3_multi_region_ep06,scenario_3_multi_region,78,D,train,24.348981945072072,24.046518,0,1170.0,0.0,0.0,0.0,0.0,0.0,83.56000000000013,0.0,1.0,1,110.53555744806454,0.058934296511633864,3
scenario_3_multi_region_ep07_d012,scenario_3_multi_region_ep07,scenario_3_multi_region,12,A,train,4.397413071979341,9.180621,1,0.0,0.0,0.0,5.656854249492381,12.57078722109418,0.9302382543609692,88.14000000000001,1.0,1.0,1,181.88522550739333,0.6000000001368722,4
scenario_3_multi_region_ep07_d012,scenario_3_multi_region_ep07,scenario_3_multi_region,12,B,train,3.5352093584063056,4.476904,0,0.0,0.0,0.0,4.0,8.88888888888889,0.6577777777777778,88.14000000000001,1.0,1.0,1,26.75408603135384,-0.312132034254623,0
scenario_3_multi_region_ep07_d012,scenario_3_multi_region_ep07,scenario_3_multi_region,12,C,train,4.270724074498503,6.2018647,0,0.0,0.0,0.0,4.0,8.88888888888889,0.6577777777777778,88.14000000000001,1.0,1.0,1,40.34874125896454,-0.224498724311568,0
scenario_3_multi_region_ep07_d012,scenario_3_multi_region_ep07,scenario_3_multi_region,12,D,train,4.640151763853603,6.578904,0,0.0,0.0,0.0,0.0,0.0,0.0,88.14000000000001,0.0,1.0,1,46.54159513824152,0.12755343107510903,3
scenario_3_multi_region_ep07_d015,scenario_3_multi_region_ep07,scenario_3_multi_region,15,A,train,4.948847665848937,8.94373,1,0.0,0.0,0.0,0.0,0.0,0.0,87.90000000000002,0.0,1.0,1,251.68607087952543,0.9999999999954515,4
scenario_3_multi_region_ep07_d015,scenario_3_multi_region_ep07,scenario_3_multi_region,15,B,train,2.652261689486377,4.6095634,0,0.0,0.0,0.0,4.0,8.88888888888889,0.6577777777777778,87.90000000000002,1.0,1.0,1,31.836506759776967,-0.312132034254623,0
scenario_3_multi_region_ep07_d015,scenario_3_multi_region_ep07,scenario_3_multi_region,15,C,train,3.937211494311624,5.3280034,0,0.0,0.0,0.0,4.0,8.88888888888889,0.6577777777777778,87.90000000000002,1.0,1.0,1,40.77473546586828,-0.2714759213265021,0
scenario_3_multi_region_ep07_d015,scenario_3_multi_region_ep07,scenario_3_multi_region,15,D,train,4.848610486905491,6.6703568,0,0.0,0.0,0.0,5.656854249492381,12.57078722109418,0.9302382543609692,87.90000000000002,1.0,1.0,1,46.641140641876746,-0.33266016253970365,0
scenario_3_multi_region_ep07_d018,scenario_3_multi_region_ep07,scenario_3_multi_region,18,A,train,7.0386520126509335,24.116802,1,0.0,0.0,0.0,4.0,8.88888888888889,0.6577777777777778,87.66000000000003,1.0,1.0,1,346.3339081308518,0.6878679657421196,4
scenario_3_multi_region_ep07_d018,scenario_3_multi_region_ep07,scenario_3_multi_region,18,B,train,2.9491255843336632,5.099309,0,0.0,0.0,0.0,5.656854249492381,12.57078722109418,0.9302382543609692,87.66000000000003,1.0,1.0,1,39.34423696774502,-0.3999999998566819,0
scenario_3_multi_region_ep07_d018,scenario_3_multi_region_ep07,scenario_3_multi_region,18,C,train,4.139946537262507,5.7850413,0,0.0,0.0,0.0,0.0,0.0,0.0,87.66000000000003,0.0,1.0,1,42.28684318567889,0.009585359034313729,3
scenario_3_multi_region_ep07_d018,scenario_3_multi_region_ep07,scenario_3_multi_region,18,D,train,5.263315045528517,6.6728783,0,0.0,0.0,0.0,4.0,8.88888888888889,0.6577777777777778,87.66000000000003,1.0,1.0,1,48.139828251768,-0.28348093582948697,0
scenario_3_multi_region_ep07_d021,scenario_3_multi_region_ep07,scenario_3_multi_region,21,A,train,10.59638289227846,24.314583,1,0.0,0.0,0.0,5.656854249492381,12.57078722109418,0.9302382543609692,87.42000000000003,1.0,1.0,1,430.2371735350447,0.6000000001407255,4
scenario_3_multi_region_ep07_d021,scenario_3_multi_region_ep07,scenario_3_multi_region,21,B,train,3.570448303131642,6.812055,1,0.0,0.0,0.0,4.0,8.88888888888889,0.6577777777777778,87.42000000000003,1.0,1.0,1,49.06294306613359,-0.3004032184543439,0
scenario_3_multi_region_ep07_d021,scenario_3_multi_region_ep07,scenario_3_multi_region,21,C,train,3.913982230168092,5.2015796,0,0.0,0.0,0.0,4.0,8.88888888888889,0.6577777777777778,87.42000000000003,1.0,1.0,1,44.53916213588718,-0.312132034254623,0
scenario_3_multi_region_ep07_d021,scenario_3_multi_region_ep07,scenario_3_multi_region,21,D,train,5.887747940277735,8.998267,1,0.0,0.0,0.0,0.0,0.0,0.0,87.42000000000003,0.0,1.0,1,50.79688057564249,0.016224399024092954,3
scenario_3_multi_region_ep07_d024,scenario_3_multi_region_ep07,scenario_3_multi_region,24,A,train,15.841716762238248,29.562647,1,90.0,0.0,0.0,4.0,8.88888888888889,0.6577777777777778,87.18000000000004,1.0,1.0,1,513.3343013292368,0.6878679657432305,4
scenario_3_multi_region_ep07_d024,scenario_3_multi_region_ep07,scenario_3_multi_region,24,B,train,4.290700891726563,6.4212017,0,0.0,0.0,0.0,0.0,0.0,0.0,87.18000000000004,0.0,1.0,1,58.45726180844804,0.023615369794893575,3
scenario_3_multi_region_ep07_d024,scenario_3_multi_region_ep07,scenario_3_multi_region,24,C,train,3.9553366399983863,5.1461587,0,0.0,0.0,0.0,5.656854249492381,12.57078722109418,0.9302382543609692,87.18000000000004,1.0,1.0,1,47.45535828887205,-0.3999999998566819,0
scenario_3_multi_region_ep07_d024,scenario_3_multi_region_ep07,scenario_3_multi_region,24,D,train,7.8949203360499585,9.94791,0,0.0,0.0,0.0,4.0,8.88888888888889,0.6577777777777778,87.18000000000004,1.0,1.0,1,54.83297374006497,-0.2962961276067927,0
scenario_3_multi_region_ep07_d027,scenario_3_multi_region_ep07,scenario_3_multi_region,27,A,train,20.84377332284068,32.1251,1,180.0,0.0,0.0,4.0,8.88888888888889,0.6577777777777778,86.94000000000004,1.0,1.0,1,584.1323111180714,0.6878679657435016,4
scenario_3_multi_region_ep07_d027,scenario_3_multi_region_ep07,scenario_3_multi_region,27,B,train,4.279512118713742,7.0047364,0,0.0,0.0,0.0,5.656854249492381,12.57078722109418,0.9302382543609692,86.94000000000004,1.0,1.0,1,67.72954674149514,-0.3684410462587584,0
scenario_3_multi_region_ep07_d027,scenario_3_multi_region_ep07,scenario_3_multi_region,27,C,train,4.14128235108624,5.724271,0,0.0,0.0,0.0,0.0,0.0,0.0,86.94000000000004,0.0,1.0,1,50.90133511273575,0.0,0
scenario_3_multi_region_ep07_d027,scenario_3_multi_region_ep07,scenario_3_multi_region,27,D,train,8.487724287231616,13.139549,1,0.0,0.0,0.0,4.0,8.88888888888889,0.6577777777777778,86.94000000000004,1.0,1.0,1,59.997102346973406,-0.29507419695049464,0
scenario_3_multi_region_ep07_d030,scenario_3_multi_region_ep07,scenario_3_multi_region,30,A,train,24.58954139659797,33.708374,1,270.0,0.0,0.0,0.0,0.0,0.0,86.70000000000005,0.0,1.0,1,647.0160086553276,0.9999999999983111,4
scenario_3_multi_region_ep07_d030,scenario_3_multi_region_ep07,scenario_3_multi_region,30,B,train,6.810576441610143,10.534307,1,0.0,0.0,0.0,4.0,8.88888888888889,0.6577777777777778,86.70000000000005,1.0,1.0,1,77.40364275916272,-0.27417156967481304,0
scenario_3_multi_region_ep07_d030,scenario_3_multi_region_ep07,scenario_3_multi_region,30,C,train,3.2701573096363004,5.6333723,0,0.0,0.0,0.0,4.0,8.88888888888889,0.6577777777777778,86.70000000000005,1.0,1.0,1,54.927695312349215,-0.312132034254623,0
scenario_3_multi_region_ep07_d030,scenario_3_multi_region_ep07,scenario_3_multi_region,30,D,train,9.83363492388582,14.69568,1,0.0,0.0,0.0,5.656854249492381,12.57078722109418,0.9302382543609692,86.70000000000005,1.0,1.0,1,66.34058868837133,-0.38072433925199145,0
scenario_3_multi_region_ep07_d033,scenario_3_multi_region_ep07,scenario_3_multi_region,33,A,train,28.96365211752984,35.981388,1,360.0,90.0,0.0,4.0,8.88888888888889,0.6577777777777778,86.46000000000005,1.0,1.0,1,693.0347970368721,0.6878679657437989,4
scenario_3_multi_region_ep07_d033,scenario_3_multi_region_ep07,scenario_3_multi_region,33,B,train,7.0625451589074295,11.907061,1,0.0,0.0,0.0,0.0,0.0,0.0,86.46000000000005,0.0,1.0,1,87.58531107352132,0.04452650659490577,3
scenario_3_multi_region_ep07_d033,scenario_3_multi_region_ep07,scenario_3_multi_region,33,C,train,3.623385989074877,6.2632174,0,0.0,0.0,0.0,5.656854249492381,12.57078722109418,0.9302382543609692,86.46000000000005,1.0,1.0,1,59.370451408917006,-0.3999999998566819,0
scenario_3_multi_region_ep07_d033,scenario_3_multi_region_ep07,scenario_3_multi_region,33,D,train,9.06701036684925,15.226909,1,0.0,0.0,0.0,4.0,8.88888888888889,0.6577777777777778,86.46000000000005,1.0,1.0,1,74.61686940388427,-0.2880713180408456,0
scenario_3_multi_region_ep07_d036,scenario_3_multi_region_ep07,scenario_3_multi_region,36,A,train,30.67050663102644,33.54672,0,450.0,180.0,0.0,5.656854249492381,12.57078722109418,0.9302382543609692,86.22000000000006,1.0,1.0,1,724.2432539961897,0.6000000001418035,4
scenario_3_multi_region_ep07_d036,scenario_3_multi_region_ep07,scenario_3_multi_region,36,B,train,7.840864035361156,12.329252,1,0.0,0.0,0.0,4.0,8.88888888888889,0.6577777777777778,86.22000000000006,1.0,1.0,1,97.86665814339516,-0.2609086504089917,0
scenario_3_multi_region_ep07_d036,scenario_3_multi_region_ep07,scenario_3_multi_region,36,C,train,4.56261375695768,6.0745463,0,0.0,0.0,0.0,4.0,8.88888888888889,0.6577777777777778,86.22000000000006,1.0,1.0,1,64.04928927590777,-0.312132034254623,0
scenario_3_multi_region_ep07_d036,scenario_3_multi_region_ep07,scenario_3_multi_region,36,D,train,12.62144174035419,18.837925,1,90.0,0.0,0.0,0.0,0.0,0.0,86.22000000000006,0.0,1.0,1,82.03750189481957,0.027246860135272513,3
scenario_3_multi_region_ep07_d039,scenario_3_multi_region_ep07,scenario_3_multi_region,39,A,train,34.51077372779498,33.571922,0,540.0,270.0,0.0,0.0,0.0,0.0,85.98000000000006,0.0,1.0,1,732.2432282490424,0.9999999999984929,4
scenario_3_multi_region_ep07_d039,scenario_3_multi_region_ep07,scenario_3_multi_region,39,B,train,9.183922182585604,12.849257,1,0.0,0.0,0.0,4.0,8.88888888888889,0.6577777777777778,85.98000000000006,1.0,1.0,1,108.18593495890444,-0.2526735709709037,0
scenario_3_multi_region_ep07_d039,scenario_3_multi_region_ep07,scenario_3_multi_region,39,C,train,4.592214539983009,5.388764,0,0.0,0.0,0.0,4.0,8.88888888888889,0.6577777777777778,85.98000000000006,1.0,1.0,1,68.73473986375211,-0.312132034254623,0
scenario_3_multi_region_ep07_d039,scenario_3_multi_region_ep07,scenario_3_multi_region,39,D,train,14.892655070699456,20.74913,1,180.0,0.0,0.0,5.656854249492381,12.57078722109418,0.9302382543609692,85.98000000000006,1.0,1.0,1,89.64113208553158,-0.3684911456555463,0
scenario_3_multi_region_ep07_d042,scenario_3_multi_region_ep07,scenario_3_multi_region,42,A,train,36.74853667367193,32.91475,-1,630.0,360.0,0.0,4.0,8.88888888888889,0.6577777777777778,85.74000000000007,1.0,1.0,1,730.772333458794,0.6878679657438556,4
scenario_3_multi_region_ep07_d042,scenario_3_multi_region_ep07,scenario_3_multi_region,42,B,train,9.731662787280706,13.147265,1,0.0,0.0,0.0,5.656854249492381,12.57078722109418,0.9302382543609692,85.74000000000007,1.0,1.0,1,116.676778245356,-0.33431866507811336,0
scenario_3_multi_region_ep07_d042,scenario_3_multi_region_ep07,scenario_3_multi_region,42,C,train,5.016843133941771,5.909879,0,0.0,0.0,0.0,0.0,0.0,0.0,85.74000000000007,0.0,1.0,1,73.50669372337848,0.0,0
scenario_3_multi_region_ep07_d042,scenario_3_multi_region_ep07,scenario_3_multi_region,42,D,train,15.887244114118293,21.453335,1,270.0,0.0,0.0,4.0,8.88888888888889,0.6577777777777778,85.74000000000007,1.0,1.0,1,97.45280493120026,-0.2756991070481667,0
scenario_3_multi_region_ep07_d045,scenario_3_multi_region_ep07,scenario_3_multi_region,45,A,train,33.04788011213852,26.439476,-1,0.0,450.0,0.0,5.656854249492381,12.57078722109418,0.9302382543609692,85.50000000000007,1.0,1.0,1,701.3826607258311,0.6000000001417145,4
scenario_3_multi_region_ep07_d045,scenario_3_multi_region_ep07,scenario_3_multi_region,45,B,train,11.196597420778245,13.87145,0,0.0,0.0,0.0,4.0,8.88888888888889,0.6577777777777778,85.50000000000007,1.0,1.0,1,124.73480888149264,-0.2369051283160866,0
scenario_3_multi_region_ep07_d045,scenario_3_multi_region_ep07,scenario_3_multi_region,45,C,train,4.348113887705341,6.442888,0,0.0,0.0,0.0,4.0,8.88888888888889,0.6577777777777778,85.50000000000007,1.0,1.0,1,77.82661703530425,-0.312132034254623,0
scenario_3_multi_region_ep07_d045,scenario_3_multi_region_ep07,scenario_3_multi_region,45,D,train,19.636663549583325,23.432568,1,360.0,0.0,0.0,0.0,0.0,0.0,85.50000000000007,0.0,1.0,1,104.02345782484986,0.042012006867028585,3
scenario_3_multi_region_ep07_d048,scenario_3_multi_region_ep07,scenario_3_multi_region,48,A,train,33.083118818795604,29.912477,-1,90.0,540.0,0.0,4.0,8.88888888888889,0.6577777777777778,85.26000000000008,1.0,1.0,1,665.1491396650401,0.6878679657436632,4
scenario_3_multi_region_ep07_d048,scenario_3_multi_region_ep07,scenario_3_multi_region,48,B,train,11.052454278078692,13.514159,0,0.0,0.0,0.0,0.0,0.0,0.0,85.26000000000008,0.0,1.0,1,129.4471760845929,0.08190459945944817,3
scenario_3_multi_region_ep07_d048,scenario_3_multi_region_ep07,scenario_3_multi_region,48,C,train,6.377088841470274,6.545401,0,0.0,0.0,0.0,5.656854249492381,12.57078722109418,0.9302382543609692,85.26000000000008,1.0,1.0,1,81.65644025153574,-0.3999999998566819,0
scenario_3_multi_region_ep07_d048,scenario_3_multi_region_ep07,scenario_3_multi_region,48,D,train,21.227558840856048,24.610453,1,450.0,0.0,0.0,4.0,8.88888888888889,0.6577777777777778,85.26000000000008,1.0,1.0,1,109.93059495831426,-0.2636752930903381,0
scenario_3_multi_region_ep07_d051,scenario_3_multi_region_ep07,scenario_3_multi_region,51,A,train,29.19308459840735,26.511707,0,30.0,630.0,0.0,4.0,8.88888888888889,0.6577777777777778,85.02000000000008,1.0,1.0,1,631.0824131101324,0.6878679657435456,4
scenario_3_multi_region_ep07_d051,scenario_3_multi_region_ep07,scenario_3_multi_region,51,B,train,11.720625360697875,13.658134,0,0.0,0.0,0.0,5.656854249492381,12.57078722109418,0.9302382543609692,85.02000000000008,1.0,1.0,1,133.66605270870286,-0.3110135909807039,0
scenario_3_multi_region_ep07_d051,scenario_3_multi_region_ep07,scenario_3_multi_region,51,C,train,6.08923894316229,6.692862,0,0.0,0.0,0.0,0.0,0.0,0.0,85.02000000000008,0.0,1.0,1,85.07918632204587,0.0,0
scenario_3_multi_region_ep07_d051,scenario_3_multi_region_ep07,scenario_3_multi_region,51,D,train,22.360718688776192,25.187767,0,540.0,0.0,0.0,4.0,8.88888888888889,0.6577777777777778,85.02000000000008,1.0,1.0,1,114.80283471725738,-0.2576934395049012,0
scenario_3_multi_region_ep07_d054,scenario_3_multi_region_ep07,scenario_3_multi_region,54,A,train,28.79698182004393,25.737728,-1,120.0,720.0,0.0,0.0,0.0,0.0,84.78000000000009,0.0,1.0,1,598.9927305014664,0.9999999999980428,4
scenario_3_multi_region_ep07_d054,scenario_3_multi_region_ep07,scenario_3_multi_region,54,B,train,14.721896661347897,13.63216,0,0.0,0.0,0.0,4.0,8.88888888888889,0.6577777777777778,84.78000000000009,1.0,1.0,1,136.02427591469905,-0.21827466034984844,0
scenario_3_multi_region_ep07_d054,scenario_3_multi_region_ep07,scenario_3_multi_region,54,C,train,6.86469070523741,6.9868,0,0.0,0.0,0.0,4.0,8.88888888888889,0.6577777777777778,84.78000000000009,1.0,1.0,1,88.07045264560884,-0.312132034254623,0
scenario_3_multi_region_ep07_d054,scenario_3_multi_region_ep07,scenario_3_multi_region,54,D,train,23.50670032922369,25.055614,0,630.0,0.0,0.0,5.656854249492381,12.57078722109418,0.9302382543609692,84.78000000000009,1.0,1.0,1,117.62768826778188,-0.3421492524863471,0
scenario_3_multi_region_ep07_d057,scenario_3_multi_region_ep07,scenario_3_multi_region,57,A,train,28.934876740556103,26.278915,0,210.0,810.0,0.0,4.0,8.88888888888889,0.6577777777777778,84.54000000000009,1.0,1.0,1,568.7548108037795,0.6878679657432853,4
scenario_3_multi_region_ep07_d057,scenario_3_multi_region_ep07,scenario_3_multi_region,57,B,train,13.38656661889256,13.765742,0,0.0,0.0,0.0,0.0,0.0,0.0,84.54000000000009,0.0,1.0,1,136.5119333627949,0.09590612041103486,3
scenario_3_multi_region_ep07_d057,scenario_3_multi_region_ep07,scenario_3_multi_region,57,C,train,6.70992405010897,6.952283,0,0.0,0.0,0.0,5.656854249492381,12.57078722109418,0.9302382543609692,84.54000000000009,1.0,1.0,1,90.65968462330557,-0.3999999998566819,0
scenario_3_multi_region_ep07_d057,scenario_3_multi_region_ep07,scenario_3_multi_region,57,D,train,24.20530728010416,23.765467,0,720.0,0.0,0.0,4.0,8.88888888888889,0.6577777777777778,84.54000000000009,1.0,1.0,1,119.4735618907098,-0.25186395016529234,0
scenario_3_multi_region_ep07_d060,scenario_3_multi_region_ep07,scenario_3_multi_region,60,A,train,24.753176792509265,25.583857,0,0.0,0.0,0.0,5.656854249492381,12.57078722109418,0.9302382543609692,84.3000000000001,1.0,1.0,1,540.2282452279596,0.600000000141083,4
scenario_3_multi_region_ep07_d060,scenario_3_multi_region_ep07,scenario_3_multi_region,60,B,train,12.945370274872678,13.517429,0,0.0,0.0,0.0,4.0,8.88888888888889,0.6577777777777778,84.3000000000001,1.0,1.0,1,136.19996984857812,-0.21523677433743282,0
scenario_3_multi_region_ep07_d060,scenario_3_multi_region_ep07,scenario_3_multi_region,60,C,train,5.849759723459651,6.98904,0,0.0,0.0,0.0,4.0,8.88888888888889,0.6577777777777778,84.3000000000001,1.0,1.0,1,92.85126064649104,-0.312132034254623,0
scenario_3_multi_region_ep07_d060,scenario_3_multi_region_ep07,scenario_3_multi_region,60,D,train,25.865120305971978,22.148087,-1,810.0,90.0,0.0,0.0,0.0,0.0,84.3000000000001,0.0,1.0,1,120.11352207276308,0.06093800612410932,3
scenario_3_multi_region_ep07_d063,scenario_3_multi_region_ep07,scenario_3_multi_region,63,A,train,25.942319058888312,26.855944,0,90.0,90.0,0.0,0.0,0.0,0.0,84.0600000000001,0.0,1.0,1,513.3134498734976,0.9999999999976112,4
scenario_3_multi_region_ep07_d063,scenario_3_multi_region_ep07,scenario_3_multi_region,63,B,train,12.08814510198982,12.994769,0,0.0,0.0,0.0,4.0,8.88888888888889,0.6577777777777778,84.0600000000001,1.0,1.0,1,135.66246986074634,-0.2142385364292903,0
scenario_3_multi_region_ep07_d063,scenario_3_multi_region_ep07,scenario_3_multi_region,63,C,train,7.0926136058283005,6.908321,0,0.0,0.0,0.0,4.0,8.88888888888889,0.6577777777777778,84.0600000000001,1.0,1.0,1,94.68108318235522,-0.312132034254623,0
scenario_3_multi_region_ep07_d063,scenario_3_multi_region_ep07,scenario_3_multi_region,63,D,train,25.861002550487257,20.324297,-1,900.0,180.0,0.0,5.656854249492381,12.57078722109418,0.9302382543609692,84.0600000000001,1.0,1.0,1,120.40030985800196,-0.3385636926765436,0
scenario_3_multi_region_ep07_d066,scenario_3_multi_region_ep07,scenario_3_multi_region,66,A,train,25.187128098415297,26.362509,0,180.0,180.0,0.0,4.0,8.88888888888889,0.6577777777777778,83.8200000000001,1.0,1.0,1,487.9121118883986,0.6878679657428243,4
scenario_3_multi_region_ep07_d066,scenario_3_multi_region_ep07,scenario_3_multi_region,66,B,train,12.454640926350423,12.932255,0,0.0,0.0,0.0,5.656854249492381,12.57078722109418,0.9302382543609692,83.8200000000001,1.0,1.0,1,134.92052321188157,-0.3010990813016578,0
scenario_3_multi_region_ep07_d066,scenario_3_multi_region_ep07,scenario_3_multi_region,66,C,train,6.645685886673775,7.2663755,0,0.0,0.0,0.0,0.0,0.0,0.0,83.8200000000001,0.0,1.0,1,96.17762236859016,0.0,0
scenario_3_multi_region_ep07_d066,scenario_3_multi_region_ep07,scenario_3_multi_region,66,D,train,26.255655959480585,20.90438,-1,990.0,270.0,0.0,4.0,8.88888888888889,0.6577777777777778,83.8200000000001,1.0,1.0,1,120.44134017625332,-0.25019284213155035,0
scenario_3_multi_region_ep07_d069,scenario_3_multi_region_ep07,scenario_3_multi_region,69,A,train,25.489958305394644,26.575985,0,270.0,270.0,0.0,5.656854249492381,12.57078722109418,0.9302382543609692,83.58000000000011,1.0,1.0,1,463.9329393159665,0.6000000001405902,4
scenario_3_multi_region_ep07_d069,scenario_3_multi_region_ep07,scenario_3_multi_region,69,B,train,11.534707621254308,12.638369,0,0.0,0.0,0.0,4.0,8.88888888888889,0.6577777777777778,83.58000000000011,1.0,1.0,1,133.99449411189585,-0.21221442693207043,0
scenario_3_multi_region_ep07_d069,scenario_3_multi_region_ep07,scenario_3_multi_region,69,C,train,7.617337896360143,7.3208733,0,0.0,0.0,0.0,4.0,8.88888888888889,0.6577777777777778,83.58000000000011,1.0,1.0,1,97.36822492052896,-0.312132034254623,0
scenario_3_multi_region_ep07_d069,scenario_3_multi_region_ep07,scenario_3_multi_region,69,D,train,18.34569677878667,18.35802,0,0.0,0.0,30.0,0.0,0.0,0.0,83.58000000000011,0.0,1.0,1,120.25898295079423,0.06244670349123963,3
scenario_3_multi_region_ep07_d072,scenario_3_multi_region_ep07,scenario_3_multi_region,72,A,train,26.48963218392647,24.8103,0,360.0,360.0,0.0,4.0,8.88888888888889,0.6577777777777778,83.34000000000012,1.0,1.0,1,441.29034605989295,0.6878679657424617,4
scenario_3_multi_region_ep07_d072,scenario_3_multi_region_ep07,scenario_3_multi_region,72,B,train,12.08152593873933,11.6534,0,0.0,0.0,0.0,0.0,0.0,0.0,83.34000000000012,0.0,1.0,1,132.903207975618,0.10094365014867224,3
scenario_3_multi_region_ep07_d072,scenario_3_multi_region_ep07,scenario_3_multi_region,72,C,train,7.155866025932276,7.472461,0,0.0,0.0,0.0,5.656854249492381,12.57078722109418,0.9302382543609692,83.34000000000012,1.0,1.0,1,98.2783222469559,-0.3999999998566819,0
scenario_3_multi_region_ep07_d072,scenario_3_multi_region_ep07,scenario_3_multi_region,72,D,train,17.765746308515137,21.508629,1,60.0,0.0,0.0,4.0,8.88888888888889,0.6577777777777778,83.34000000000012,1.0,1.0,1,119.87397654187748,-0.2491731500300983,0
scenario_3_multi_region_ep07_d075,scenario_3_multi_region_ep07,scenario_3_multi_region,75,A,train,25.56883482817885,22.178389,-1,450.0,450.0,0.0,4.0,8.88888888888889,0.6577777777777778,83.10000000000012,1.0,1.0,1,419.9040892697519,0.6878679657422615,4
scenario_3_multi_region_ep07_d075,scenario_3_multi_region_ep07,scenario_3_multi_region,75,B,train,12.88913808168672,11.746936,0,0.0,0.0,0.0,5.656854249492381,12.57078722109418,0.9302382543609692,83.10000000000012,1.0,1.0,1,131.6640581799643,-0.2980208659901942,0
scenario_3_multi_region_ep07_d075,scenario_3_multi_region_ep07,scenario_3_multi_region,75,C,train,7.4741316994803535,7.062079,0,0.0,0.0,0.0,0.0,0.0,0.0,83.10000000000012,0.0,1.0,1,98.93155738313112,0.0,0
scenario_3_multi_region_ep07_d075,scenario_3_multi_region_ep07,scenario_3_multi_region,75,D,train,19.42703477570713,21.314487,0,150.0,0.0,0.0,4.0,8.88888888888889,0.6577777777777778,83.10000000000012,1.0,1.0,1,119.3055384548752,-0.248656256586279,0
scenario_3_multi_region_ep07_d078,scenario_3_multi_region_ep07,scenario_3_multi_region,78,A,train,26.109095298351548,21.593729,-1,540.0,540.0,0.0,0.0,0.0,0.0,82.86000000000013,0.0,1.0,1,399.6989299434331,0.9999999999966706,4
scenario_3_multi_region_ep07_d078,scenario_3_multi_region_ep07,scenario_3_multi_region,78,B,train,12.14975404615811,11.724029,0,0.0,0.0,0.0,4.0,8.88888888888889,0.6577777777777778,82.86000000000013,1.0,1.0,1,130.29310566597746,-0.20910788812528963,0
scenario_3_multi_region_ep07_d078,scenario_3_multi_region_ep07,scenario_3_multi_region,78,C,train,8.201721910529756,7.8758616,0,0.0,0.0,0.0,4.0,8.88888888888889,0.6577777777777778,82.86000000000013,1.0,1.0,1,99.34990369595084,-0.312132034254623,0
scenario_3_multi_region_ep07_d078,scenario_3_multi_region_ep07,scenario_3_multi_region,78,D,train,19.627684611108787,21.239275,0,240.0,0.0,0.0,5.656854249492381,12.57078722109418,0.9302382543609692,82.86000000000013,1.0,1.0,1,118.57146875127272,-0.336002572279142,0
scenario_3_multi_region_ep08_d012,scenario_3_multi_region_ep08,scenario_3_multi_region,12,A,train,4.576870152291827,7.365923,0,0.0,0.0,0.0,0.0,0.0,0.0,87.44000000000003,0.0,1.0,1,172.43757278014726,0.9999999999937651,4
scenario_3_multi_region_ep08_d012,scenario_3_multi_region_ep08,scenario_3_multi_region,12,B,train,4.030327580202744,7.0334206,1,0.0,0.0,0.0,4.0,8.88888888888889,0.6577777777777778,87.44000000000003,1.0,1.0,1,30.616524912962177,-0.1963785124132097,0
scenario_3_multi_region_ep08_d012,scenario_3_multi_region_ep08,scenario_3_multi_region,12,C,train,4.306483690003701,7.858218,1,0.0,0.0,0.0,4.0,8.88888888888889,0.6577777777777778,87.44000000000003,1.0,1.0,1,27.253929808729595,-0.21734410900896003,0
scenario_3_multi_region_ep08_d012,scenario_3_multi_region_ep08,scenario_3_multi_region,12,D,train,3.700266282528596,5.075117,0,0.0,0.0,0.0,5.656854249492381,12.57078722109418,0.9302382543609692,87.44000000000003,1.0,1.0,1,12.051242305144,-0.3999999998566819,0
scenario_3_multi_region_ep08_d015,scenario_3_multi_region_ep08,scenario_3_multi_region,15,A,train,3.876496736273639,7.9122233,1,0.0,0.0,0.0,4.0,8.88888888888889,0.6577777777777778,87.20000000000003,1.0,1.0,1,243.1710577209211,0.6878679657410143,4
scenario_3_multi_region_ep08_d015,scenario_3_multi_region_ep08,scenario_3_multi_region,15,B,train,5.025697821185405,6.5926366,0,0.0,0.0,0.0,0.0,0.0,0.0,87.20000000000003,0.0,1.0,1,34.93343031819131,0.0915001851162794,3
scenario_3_multi_region_ep08_d015,scenario_3_multi_region_ep08,scenario_3_multi_region,15,C,train,4.851018654437967,7.958415,1,0.0,0.0,0.0,5.656854249492381,12.57078722109418,0.9302382543609692,87.20000000000003,1.0,1.0,1,28.17616073067325,-0.33798045301850455,0
scenario_3_multi_region_ep08_d015,scenario_3_multi_region_ep08,scenario_3_multi_region,15,D,train,2.4752698014379644,4.9490137,0,0.0,0.0,0.0,4.0,8.88888888888889,0.6577777777777778,87.20000000000003,1.0,1.0,1,13.960634128843935,-0.312132034254623,0
scenario_3_multi_region_ep08_d018,scenario_3_multi_region_ep08,scenario_3_multi_region,18,A,train,6.453302226599549,23.87938,1,0.0,0.0,0.0,5.656854249492381,12.57078722109418,0.9302382543609692,86.96000000000004,1.0,1.0,1,340.10459894207395,0.6000000001402219,4
scenario_3_multi_region_ep08_d018,scenario_3_multi_region_ep08,scenario_3_multi_region,18,B,train,4.672929540513245,7.5737205,0,0.0,0.0,0.0,4.0,8.88888888888889,0.6577777777777778,86.96000000000004,1.0,1.0,1,41.60108309042505,-0.23639841428601996,0
scenario_3_multi_region_ep08_d018,scenario_3_multi_region_ep08,scenario_3_multi_region,18,C,train,4.729015334040516,7.396884,0,0.0,0.0,0.0,4.0,8.88888888888889,0.6577777777777778,86.96000000000004,1.0,1.0,1,30.1310979925712,-0.2719133112383246,0
scenario_3_multi_region_ep08_d018,scenario_3_multi_region_ep08,scenario_3_multi_region,18,D,train,4.012284982789689,4.5210853,0,0.0,0.0,0.0,0.0,0.0,0.0,86.96000000000004,0.0,1.0,1,17.141952782008502,0.0,0
scenario_3_multi_region_ep08_d021,scenario_3_multi_region_ep08,scenario_3_multi_region,21,A,train,10.50059674981208,23.877838,1,0.0,0.0,0.0,0.0,0.0,0.0,86.72000000000004,0.0,1.0,1,426.81627276195695,0.9999999999975334,4
scenario_3_multi_region_ep08_d021,scenario_3_multi_region_ep08,scenario_3_multi_region,21,B,train,5.532275952703656,6.8871984,0,0.0,0.0,0.0,4.0,8.88888888888889,0.6577777777777778,86.72000000000004,1.0,1.0,1,50.31511928654754,-0.2408118480112694,0
scenario_3_multi_region_ep08_d021,scenario_3_multi_region_ep08,scenario_3_multi_region,21,C,train,5.0057948494355005,4.5089765,0,0.0,0.0,0.0,4.0,8.88888888888889,0.6577777777777778,86.72000000000004,1.0,1.0,1,32.78291830678654,-0.28405687127425583,0
scenario_3_multi_region_ep08_d021,scenario_3_multi_region_ep08,scenario_3_multi_region,21,D,train,4.532918970799697,6.5218544,0,0.0,0.0,0.0,5.656854249492381,12.57078722109418,0.9302382543609692,86.72000000000004,1.0,1.0,1,21.400813204934597,-0.3999999998566819,0
scenario_3_multi_region_ep08_d024,scenario_3_multi_region_ep08,scenario_3_multi_region,24,A,train,15.298431093678904,29.723867,1,90.0,0.0,0.0,4.0,8.88888888888889,0.6577777777777778,86.48000000000005,1.0,1.0,1,500.2297200527952,0.6878679657432649,4
scenario_3_multi_region_ep08_d024,scenario_3_multi_region_ep08,scenario_3_multi_region,24,B,train,5.871365292145273,7.006383,0,0.0,0.0,0.0,5.656854249492381,12.57078722109418,0.9302382543609692,86.48000000000005,1.0,1.0,1,59.54197047887578,-0.33078650138817545,0
scenario_3_multi_region_ep08_d024,scenario_3_multi_region_ep08,scenario_3_multi_region,24,C,train,4.97692051923861,7.592126,0,0.0,0.0,0.0,0.0,0.0,0.0,86.48000000000005,0.0,1.0,1,35.96670794381453,0.019419656550135524,3
scenario_3_multi_region_ep08_d024,scenario_3_multi_region_ep08,scenario_3_multi_region,24,D,train,5.92818807220136,8.922253,0,0.0,0.0,0.0,4.0,8.88888888888889,0.6577777777777778,86.48000000000005,1.0,1.0,1,26.772327998987294,-0.312132034254623,0
scenario_3_multi_region_ep08_d027,scenario_3_multi_region_ep08,scenario_3_multi_region,27,A,train,20.788854239993466,30.599934,1,180.0,0.0,0.0,5.656854249492381,12.57078722109418,0.9302382543609692,86.24000000000005,1.0,1.0,1,570.2037238797828,0.6000000001414548,4
scenario_3_multi_region_ep08_d027,scenario_3_multi_region_ep08,scenario_3_multi_region,27,B,train,7.726333703326755,10.479738,0,0.0,0.0,0.0,4.0,8.88888888888889,0.6577777777777778,86.24000000000005,1.0,1.0,1,68.62677113735299,-0.2467791674934209,0
scenario_3_multi_region_ep08_d027,scenario_3_multi_region_ep08,scenario_3_multi_region,27,C,train,4.313348222190149,7.221379,0,0.0,0.0,0.0,4.0,8.88888888888889,0.6577777777777778,86.24000000000005,1.0,1.0,1,39.755531318085104,-0.300578333070177,0
scenario_3_multi_region_ep08_d027,scenario_3_multi_region_ep08,scenario_3_multi_region,27,D,train,7.333223706445384,10.90652,1,0.0,0.0,0.0,0.0,0.0,0.0,86.24000000000005,0.0,1.0,1,33.55525527067334,0.0,0
scenario_3_multi_region_ep08_d030,scenario_3_multi_region_ep08,scenario_3_multi_region,30,A,train,23.83838888686143,33.50418,1,270.0,0.0,0.0,4.0,8.88888888888889,0.6577777777777778,86.00000000000006,1.0,1.0,1,632.0713015469598,0.6878679657436841,4
scenario_3_multi_region_ep08_d030,scenario_3_multi_region_ep08,scenario_3_multi_region,30,B,train,7.659575952557428,10.522558,0,0.0,0.0,0.0,0.0,0.0,0.0,86.00000000000006,0.0,1.0,1,77.9376070351982,0.061942462889038596,3
scenario_3_multi_region_ep08_d030,scenario_3_multi_region_ep08,scenario_3_multi_region,30,C,train,4.801522622508101,6.673022,0,0.0,0.0,0.0,5.656854249492381,12.57078722109418,0.9302382543609692,86.00000000000006,1.0,1.0,1,44.17302807751503,-0.39521543603112175,0
scenario_3_multi_region_ep08_d030,scenario_3_multi_region_ep08,scenario_3_multi_region,30,D,train,7.341429462506932,13.132287,1,0.0,0.0,0.0,4.0,8.88888888888889,0.6577777777777778,86.00000000000006,1.0,1.0,1,41.34666836672886,-0.312132034254623,0
scenario_3_multi_region_ep08_d033,scenario_3_multi_region_ep08,scenario_3_multi_region,33,A,train,26.77902918217793,37.051624,1,360.0,90.0,0.0,4.0,8.88888888888889,0.6577777777777778,85.76000000000006,1.0,1.0,1,683.2135738760412,0.6878679657438,4
scenario_3_multi_region_ep08_d033,scenario_3_multi_region_ep08,scenario_3_multi_region,33,B,train,7.753299435760051,12.408845,1,0.0,0.0,0.0,5.656854249492381,12.57078722109418,0.9302382543609692,85.76000000000006,1.0,1.0,1,87.55259850105222,-0.3393166258093834,0
scenario_3_multi_region_ep08_d033,scenario_3_multi_region_ep08,scenario_3_multi_region,33,C,train,4.688606986613599,7.933348,1,0.0,0.0,0.0,0.0,0.0,0.0,85.76000000000006,0.0,1.0,1,49.07066730191264,0.0,0
scenario_3_multi_region_ep08_d033,scenario_3_multi_region_ep08,scenario_3_multi_region,33,D,train,8.500793036169735,14.314789,1,0.0,0.0,0.0,4.0,8.88888888888889,0.6577777777777778,85.76000000000006,1.0,1.0,1,50.66769557525095,-0.3096136298748224,0
scenario_3_multi_region_ep08_d036,scenario_3_multi_region_ep08,scenario_3_multi_region,36,A,train,30.46207814159819,36.466007,1,450.0,180.0,0.0,0.0,0.0,0.0,85.52000000000007,0.0,1.0,1,716.6258735527076,0.9999999999984904,4
scenario_3_multi_region_ep08_d036,scenario_3_multi_region_ep08,scenario_3_multi_region,36,B,train,9.270883509930522,12.340216,1,0.0,0.0,0.0,4.0,8.88888888888889,0.6577777777777778,85.52000000000007,1.0,1.0,1,98.55547543141802,-0.24514387908814758,0
scenario_3_multi_region_ep08_d036,scenario_3_multi_region_ep08,scenario_3_multi_region,36,C,train,4.58054736299322,7.4583664,0,0.0,0.0,0.0,4.0,8.88888888888889,0.6577777777777778,85.52000000000007,1.0,1.0,1,54.17940886539418,-0.312132034254623,0
scenario_3_multi_region_ep08_d036,scenario_3_multi_region_ep08,scenario_3_multi_region,36,D,train,10.615558566219905,17.988419,1,30.0,0.0,0.0,5.656854249492381,12.57078722109418,0.9302382543609692,85.52000000000007,1.0,1.0,1,59.721320642489445,-0.3916341739786575,0
scenario_3_multi_region_ep08_d039,scenario_3_multi_region_ep08,scenario_3_multi_region,39,A,train,33.45419453733262,35.772095,0,540.0,270.0,0.0,4.0,8.88888888888889,0.6577777777777778,85.28000000000007,1.0,1.0,1,734.5289153298299,0.687867965743896,4
scenario_3_multi_region_ep08_d039,scenario_3_multi_region_ep08,scenario_3_multi_region,39,B,train,10.58060997682091,12.701902,0,0.0,0.0,0.0,0.0,0.0,0.0,85.28000000000007,0.0,1.0,1,106.83904011247137,0.07036082186752207,3
scenario_3_multi_region_ep08_d039,scenario_3_multi_region_ep08,scenario_3_multi_region,39,C,train,6.016780403743552,7.070161,0,0.0,0.0,0.0,5.656854249492381,12.57078722109418,0.9302382543609692,85.28000000000007,1.0,1.0,1,59.33160224070775,-0.3999999998566819,0
scenario_3_multi_region_ep08_d039,scenario_3_multi_region_ep08,scenario_3_multi_region,39,D,train,12.883688993901126,20.388256,1,120.0,0.0,0.0,4.0,8.88888888888889,0.6577777777777778,85.28000000000007,1.0,1.0,1,68.60994945301627,-0.2983903515902696,0
scenario_3_multi_region_ep08_d042,scenario_3_multi_region_ep08,scenario_3_multi_region,42,A,train,36.15042978060978,34.01943,0,630.0,360.0,0.0,5.656854249492381,12.57078722109418,0.9302382543609692,85.04000000000008,1.0,1.0,1,721.2557546807559,0.6000000001417963,4
scenario_3_multi_region_ep08_d042,scenario_3_multi_region_ep08,scenario_3_multi_region,42,B,train,11.747322043303525,13.68158,0,0.0,0.0,0.0,4.0,8.88888888888889,0.6577777777777778,85.04000000000008,1.0,1.0,1,116.21424836324036,-0.23292198707259848,0
scenario_3_multi_region_ep08_d042,scenario_3_multi_region_ep08,scenario_3_multi_region,42,C,train,4.970525245311726,6.701981,0,0.0,0.0,0.0,4.0,8.88888888888889,0.6577777777777778,85.04000000000008,1.0,1.0,1,64.16614975410312,-0.312132034254623,0
scenario_3_multi_region_ep08_d042,scenario_3_multi_region_ep08,scenario_3_multi_region,42,D,train,14.558955052228226,21.856747,1,210.0,0.0,0.0,0.0,0.0,0.0,85.04000000000008,0.0,1.0,1,77.13914019775143,0.019743107098881395,3
scenario_3_multi_region_ep08_d045,scenario_3_multi_region_ep08,scenario_3_multi_region,45,A,train,40.44496277337546,33.750954,-1,720.0,450.0,0.0,0.0,0.0,0.0,84.80000000000008,0.0,1.0,1,679.6855620871647,0.9999999999983642,4
scenario_3_multi_region_ep08_d045,scenario_3_multi_region_ep08,scenario_3_multi_region,45,B,train,11.583378426250489,13.860487,0,0.0,0.0,0.0,4.0,8.88888888888889,0.6577777777777778,84.80000000000008,1.0,1.0,1,122.24004535529866,-0.22403337722349403,0
scenario_3_multi_region_ep08_d045,scenario_3_multi_region_ep08,scenario_3_multi_region,45,C,train,4.852335599967668,5.9019556,0,0.0,0.0,0.0,4.0,8.88888888888889,0.6577777777777778,84.80000000000008,1.0,1.0,1,68.38531449998322,-0.312132034254623,0
scenario_3_multi_region_ep08_d045,scenario_3_multi_region_ep08,scenario_3_multi_region,45,D,train,17.790720211594437,23.056055,1,300.0,0.0,0.0,5.656854249492381,12.57078722109418,0.9302382543609692,84.80000000000008,1.0,1.0,1,84.58588161771331,-0.37349818314443994,0
scenario_3_multi_region_ep08_d048,scenario_3_multi_region_ep08,scenario_3_multi_region,48,A,train,38.14430041924595,30.839205,-1,810.0,540.0,0.0,4.0,8.88888888888889,0.6577777777777778,84.56000000000009,1.0,1.0,1,644.4164369124005,0.6878679657436289,4
scenario_3_multi_region_ep08_d048,scenario_3_multi_region_ep08,scenario_3_multi_region,48,B,train,11.651841086928949,13.750598,0,0.0,0.0,0.0,5.656854249492381,12.57078722109418,0.9302382543609692,84.56000000000009,1.0,1.0,1,126.98546162943944,-0.3045541432534542,0
scenario_3_multi_region_ep08_d048,scenario_3_multi_region_ep08,scenario_3_multi_region,48,C,train,5.966879935068979,7.100176,0,0.0,0.0,0.0,0.0,0.0,0.0,84.56000000000009,0.0,1.0,1,72.38768765477721,0.0,0
scenario_3_multi_region_ep08_d048,scenario_3_multi_region_ep08,scenario_3_multi_region,48,D,train,18.54431244981688,23.5579,1,390.0,0.0,0.0,4.0,8.88888888888889,0.6577777777777778,84.56000000000009,1.0,1.0,1,90.3184660730883,-0.2807860950137191,0
scenario_3_multi_region_ep08_d051,scenario_3_multi_region_ep08,scenario_3_multi_region,51,A,train,36.09912958204371,27.398111,-1,900.0,630.0,0.0,5.656854249492381,12.57078722109418,0.9302382543609692,84.32000000000009,1.0,1.0,1,611.2709494186165,0.60000000014145,4
scenario_3_multi_region_ep08_d051,scenario_3_multi_region_ep08,scenario_3_multi_region,51,B,train,12.384422777483016,13.893945,0,0.0,0.0,0.0,4.0,8.88888888888889,0.6577777777777778,84.32000000000009,1.0,1.0,1,130.8258523950069,-0.20969049475858859,0
scenario_3_multi_region_ep08_d051,scenario_3_multi_region_ep08,scenario_3_multi_region,51,C,train,7.221980301762816,7.2885756,0,0.0,0.0,0.0,4.0,8.88888888888889,0.6577777777777778,84.32000000000009,1.0,1.0,1,75.99094464438781,-0.312132034254623,0
scenario_3_multi_region_ep08_d051,scenario_3_multi_region_ep08,scenario_3_multi_region,51,D,train,21.169804741653845,25.121254,1,480.0,0.0,0.0,0.0,0.0,0.0,84.32000000000009,0.0,1.0,1,95.91428671699214,0.037220411550718036,3
scenario_3_multi_region_ep08_d054,scenario_3_multi_region_ep08,scenario_3_multi_region,54,A,train,35.30252571469937,26.822807,-1,990.0,720.0,0.0,4.0,8.88888888888889,0.6577777777777778,84.0800000000001,1.0,1.0,1,580.0670027900542,0.6878679657433806,4
scenario_3_multi_region_ep08_d054,scenario_3_multi_region_ep08,scenario_3_multi_region,54,B,train,13.456067096566253,14.734707,0,0.0,0.0,0.0,0.0,0.0,0.0,84.0800000000001,0.0,1.0,1,132.74080800763545,0.10694076328586768,3
scenario_3_multi_region_ep08_d054,scenario_3_multi_region_ep08,scenario_3_multi_region,54,C,train,5.221981033887313,7.320876,0,0.0,0.0,0.0,5.656854249492381,12.57078722109418,0.9302382543609692,84.0800000000001,1.0,1.0,1,79.17503908517119,-0.3999999998566819,0
scenario_3_multi_region_ep08_d054,scenario_3_multi_region_ep08,scenario_3_multi_region,54,D,train,22.873653807856737,25.020237,0,570.0,0.0,0.0,4.0,8.88888888888889,0.6577777777777778,84.0800000000001,1.0,1.0,1,100.0919778796574,-0.27037265237168995,0
scenario_3_multi_region_ep08_d057,scenario_3_multi_region_ep08,scenario_3_multi_region,57,A,train,34.048771536408694,27.109262,-1,1080.0,810.0,0.0,4.0,8.88888888888889,0.6577777777777778,83.8400000000001,1.0,1.0,1,550.6589626689097,0.6878679657432435,4
scenario_3_multi_region_ep08_d057,scenario_3_multi_region_ep08,scenario_3_multi_region,57,B,train,14.376069404570549,13.385733,0,0.0,0.0,0.0,5.656854249492381,12.57078722109418,0.9302382543609692,83.8400000000001,1.0,1.0,1,132.6716685119154,-0.2917766476801944,0
scenario_3_multi_region_ep08_d057,scenario_3_multi_region_ep08,scenario_3_multi_region,57,C,train,5.973844501769168,7.129304,0,0.0,0.0,0.0,0.0,0.0,0.0,83.8400000000001,0.0,1.0,1,81.94597811470499,0.0,0
scenario_3_multi_region_ep08_d057,scenario_3_multi_region_ep08,scenario_3_multi_region,57,D,train,23.51036191038834,24.717562,0,660.0,0.0,0.0,4.0,8.88888888888889,0.6577777777777778,83.8400000000001,1.0,1.0,1,102.83774082042942,-0.2675594207488331,0
scenario_3_multi_region_ep08_d060,scenario_3_multi_region_ep08,scenario_3_multi_region,60,A,train,25.00113799621299,27.292858,0,30.0,900.0,0.0,0.0,0.0,0.0,83.60000000000011,0.0,1.0,1,522.9289227464756,0.99999999999772,4
scenario_3_multi_region_ep08_d060,scenario_3_multi_region_ep08,scenario_3_multi_region,60,B,train,13.13102163508442,13.40969,0,0.0,0.0,0.0,4.0,8.88888888888889,0.6577777777777778,83.60000000000011,1.0,1.0,1,132.22265931094785,-0.20293281990953627,0
scenario_3_multi_region_ep08_d060,scenario_3_multi_region_ep08,scenario_3_multi_region,60,C,train,6.843934812057717,7.1729584,0,0.0,0.0,0.0,4.0,8.88888888888889,0.6577777777777778,83.60000000000011,1.0,1.0,1,84.32775655150954,-0.312132034254623,0
scenario_3_multi_region_ep08_d060,scenario_3_multi_region_ep08,scenario_3_multi_region,60,D,train,24.481026729091816,24.987883,0,750.0,0.0,0.0,5.656854249492381,12.57078722109418,0.9302382543609692,83.60000000000011,1.0,1.0,1,104.2531628754241,-0.35457055766725565,0
scenario_3_multi_region_ep08_d063,scenario_3_multi_region_ep08,scenario_3_multi_region,63,A,train,25.081970213782817,26.211878,0,120.0,990.0,0.0,4.0,8.88888888888889,0.6577777777777778,83.36000000000011,1.0,1.0,1,496.7692990522808,0.6878679657429405,4
scenario_3_multi_region_ep08_d063,scenario_3_multi_region_ep08,scenario_3_multi_region,63,B,train,12.834044702495992,13.115696,0,0.0,0.0,0.0,0.0,0.0,0.0,83.36000000000011,0.0,1.0,1,131.56771938866086,0.11018403695050635,3
scenario_3_multi_region_ep08_d063,scenario_3_multi_region_ep08,scenario_3_multi_region,63,C,train,6.614708639877616,6.467382,0,0.0,0.0,0.0,5.656854249492381,12.57078722109418,0.9302382543609692,83.36000000000011,1.0,1.0,1,86.34557681184629,-0.3999999998566819,0
scenario_3_multi_region_ep08_d063,scenario_3_multi_region_ep08,scenario_3_multi_region,63,D,train,24.87913400350236,24.666586,0,840.0,0.0,0.0,4.0,8.88888888888889,0.6577777777777778,83.36000000000011,1.0,1.0,1,105.18257894879775,-0.26623555918228187,0
scenario_3_multi_region_ep08_d066,scenario_3_multi_region_ep08,scenario_3_multi_region,66,A,train,26.378321152555944,26.794682,0,210.0,1080.0,0.0,5.656854249492381,12.57078722109418,0.9302382543609692,83.12000000000012,1.0,1.0,1,472.0861547038489,0.6000000001407144,4
scenario_3_multi_region_ep08_d066,scenario_3_multi_region_ep08,scenario_3_multi_region,66,B,train,12.85441282349664,12.921704,0,0.0,0.0,0.0,4.0,8.88888888888889,0.6577777777777778,83.12000000000012,1.0,1.0,1,130.72834373979322,-0.20095413141346596,0
scenario_3_multi_region_ep08_d066,scenario_3_multi_region_ep08,scenario_3_multi_region,66,C,train,7.273819700229718,9.385568,0,0.0,0.0,0.0,4.0,8.88888888888889,0.6577777777777778,83.12000000000012,1.0,1.0,1,88.02975910417672,-0.312132034254623,0
scenario_3_multi_region_ep08_d066,scenario_3_multi_region_ep08,scenario_3_multi_region,66,D,train,25.45557073048564,24.24708,0,930.0,90.0,0.0,0.0,0.0,0.0,83.12000000000012,0.0,1.0,1,105.8376079216598,0.046367796556626095,3
scenario_3_multi_region_ep08_d069,scenario_3_multi_region_ep08,scenario_3_multi_region,69,A,train,26.158207784250724,25.310448,0,300.0,1170.0,0.0,0.0,0.0,0.0,82.88000000000012,0.0,1.0,1,448.7902197015251,0.9999999999972174,4
scenario_3_multi_region_ep08_d069,scenario_3_multi_region_ep08,scenario_3_multi_region,69,B,train,13.562893548980355,12.693793,0,0.0,0.0,0.0,4.0,8.88888888888889,0.6577777777777778,82.88000000000012,1.0,1.0,1,129.72320586010733,-0.19995113861261576,0
scenario_3_multi_region_ep08_d069,scenario_3_multi_region_ep08,scenario_3_multi_region,69,C,train,6.95430701447136,7.530989,0,0.0,0.0,0.0,4.0,8.88888888888889,0.6577777777777778,82.88000000000012,1.0,1.0,1,89.40730906652993,-0.312132034254623,0
scenario_3_multi_region_ep08_d069,scenario_3_multi_region_ep08,scenario_3_multi_region,69,D,train,25.73903166035872,24.642794,0,1020.0,180.0,0.0,5.656854249492381,12.57078722109418,0.9302382543609692,82.88000000000012,1.0,1.0,1,106.24204314196707,-0.35315655355689834,0
scenario_3_multi_region_ep08_d072,scenario_3_multi_region_ep08,scenario_3_multi_region,72,A,train,25.680380947561844,25.517904,0,390.0,1260.0,0.0,4.0,8.88888888888889,0.6577777777777778,82.64000000000013,1.0,1.0,1,426.797810243567,0.6878679657424035,4
scenario_3_multi_region_ep08_d072,scenario_3_multi_region_ep08,scenario_3_multi_region,72,B,train,12.88085925901243,12.183646,0,0.0,0.0,0.0,5.656854249492381,12.57078722109418,0.9302382543609692,82.64000000000013,1.0,1.0,1,128.5695621546788,-0.28680690009463483,0
scenario_3_multi_region_ep08_d072,scenario_3_multi_region_ep08,scenario_3_multi_region,72,C,train,7.922551139174177,7.823039,0,0.0,0.0,0.0,0.0,0.0,0.0,82.64000000000013,0.0,1.0,1,90.5033497370248,0.0,0
scenario_3_multi_region_ep08_d072,scenario_3_multi_region_ep08,scenario_3_multi_region,72,D,train,25.06103958276089,24.555798,0,1110.0,270.0,0.0,4.0,8.88888888888889,0.6577777777777778,82.64000000000013,1.0,1.0,1,106.41796864361118,-0.2648085699234898,0
scenario_3_multi_region_ep08_d075,scenario_3_multi_region_ep08,scenario_3_multi_region,75,A,train,25.96214356970832,24.303326,0,480.0,1350.0,0.0,5.656854249492381,12.57078722109418,0.9302382543609692,82.40000000000013,1.0,1.0,1,406.0304735283132,0.6000000001401405,4
scenario_3_multi_region_ep08_d075,scenario_3_multi_region_ep08,scenario_3_multi_region,75,B,train,11.862428694493463,11.981311,0,0.0,0.0,0.0,4.0,8.88888888888889,0.6577777777777778,82.40000000000013,1.0,1.0,1,127.28335044770574,-0.19791743385277197,0
scenario_3_multi_region_ep08_d075,scenario_3_multi_region_ep08,scenario_3_multi_region,75,C,train,8.273521372514212,7.399082,0,0.0,0.0,0.0,4.0,8.88888888888889,0.6577777777777778,82.40000000000013,1.0,1.0,1,91.34124608430716,-0.312132034254623,0
scenario_3_multi_region_ep08_d075,scenario_3_multi_region_ep08,scenario_3_multi_region,75,D,train,24.98671827072208,23.495256,0,1200.0,0.0,0.0,0.0,0.0,0.0,82.40000000000013,0.0,1.0,1,106.38587438629908,0.047807891055378006,3
scenario_3_multi_region_ep08_d078,scenario_3_multi_region_ep08,scenario_3_multi_region,78,A,train,25.644736693178693,25.460897,0,570.0,1440.0,0.0,4.0,8.88888888888889,0.6577777777777778,82.16000000000014,1.0,1.0,1,386.4146553026321,0.6878679657419812,4
scenario_3_multi_region_ep08_d078,scenario_3_multi_region_ep08,scenario_3_multi_region,78,B,train,12.011082275117856,11.889551,0,0.0,0.0,0.0,0.0,0.0,0.0,82.16000000000014,0.0,1.0,1,125.87928188155728,0.11524548356117828,3
scenario_3_multi_region_ep08_d078,scenario_3_multi_region_ep08,scenario_3_multi_region,78,C,train,7.736319764082071,7.968863,0,0.0,0.0,0.0,5.656854249492381,12.57078722109418,0.9302382543609692,82.16000000000014,1.0,1.0,1,91.94272147192714,-0.3999999998566819,0
scenario_3_multi_region_ep08_d078,scenario_3_multi_region_ep08,scenario_3_multi_region,78,D,train,25.56821291830064,23.044395,0,1290.0,90.0,0.0,4.0,8.88888888888889,0.6577777777777778,82.16000000000014,1.0,1.0,1,106.16476392368963,-0.26383526699839077,0
scenario_3_multi_region_ep09_d012,scenario_3_multi_region_ep09,scenario_3_multi_region,12,A,test,3.873709575381176,4.7562513,0,0.0,0.0,0.0,4.0,8.88888888888889,0.6577777777777778,86.74000000000002,1.0,1.0,1,176.20194255200877,0.6878679657389509,4
scenario_3_multi_region_ep09_d012,scenario_3_multi_region_ep09,scenario_3_multi_region,12,B,test,3.930265682151337,6.001647,0,0.0,0.0,30.0,0.0,0.0,0.0,86.74000000000002,0.0,1.0,1,39.53814384915575,0.12178514765336733,3
scenario_3_multi_region_ep09_d012,scenario_3_multi_region_ep09,scenario_3_multi_region,12,C,test,3.65000749058308,6.292785,0,0.0,0.0,0.0,5.656854249492381,12.57078722109418,0.9302382543609692,86.74000000000002,1.0,1.0,1,20.58649339648321,-0.3999999998566819,0
scenario_3_multi_region_ep09_d012,scenario_3_multi_region_ep09,scenario_3_multi_region,12,D,test,3.943147962226028,4.186507,0,0.0,0.0,0.0,4.0,8.88888888888889,0.6577777777777778,86.74000000000002,1.0,1.0,1,38.31813723370567,-0.1981867676803055,0
scenario_3_multi_region_ep09_d015,scenario_3_multi_region_ep09,scenario_3_multi_region,15,A,test,4.273046657802428,5.0130186,0,0.0,0.0,0.0,4.0,8.88888888888889,0.6577777777777778,86.50000000000003,1.0,1.0,1,250.8552578774088,0.6878679657410032,4
scenario_3_multi_region_ep09_d015,scenario_3_multi_region_ep09,scenario_3_multi_region,15,B,test,3.4403965507131518,5.4071636,0,0.0,0.0,0.0,5.656854249492381,12.57078722109418,0.9302382543609692,86.50000000000003,1.0,1.0,1,43.447546056872056,-0.30717937346882457,0
scenario_3_multi_region_ep09_d015,scenario_3_multi_region_ep09,scenario_3_multi_region,15,C,test,2.732595709850851,5.92059,1,0.0,0.0,0.0,0.0,0.0,0.0,86.50000000000003,0.0,1.0,1,22.22603872443335,0.0,0
scenario_3_multi_region_ep09_d015,scenario_3_multi_region_ep09,scenario_3_multi_region,15,D,test,4.203827073235921,4.260245,0,0.0,0.0,0.0,4.0,8.88888888888889,0.6577777777777778,86.50000000000003,1.0,1.0,1,38.894997925953135,-0.2392237714210186,0
scenario_3_multi_region_ep09_d018,scenario_3_multi_region_ep09,scenario_3_multi_region,18,A,test,7.062508830774964,22.610758,1,0.0,0.0,0.0,0.0,0.0,0.0,86.26000000000003,0.0,1.0,1,333.15306020302546,0.9999999999967601,4
scenario_3_multi_region_ep09_d018,scenario_3_multi_region_ep09,scenario_3_multi_region,18,B,test,3.414931864960748,5.607422,0,0.0,0.0,0.0,4.0,8.88888888888889,0.6577777777777778,86.26000000000003,1.0,1.0,1,49.804895569527616,-0.2301340772759957,0
scenario_3_multi_region_ep09_d018,scenario_3_multi_region_ep09,scenario_3_multi_region,18,C,test,3.391209142769105,4.646341,0,0.0,0.0,0.0,4.0,8.88888888888889,0.6577777777777778,86.26000000000003,1.0,1.0,1,24.495615715199847,-0.312132034254623,0
scenario_3_multi_region_ep09_d018,scenario_3_multi_region_ep09,scenario_3_multi_region,18,D,test,5.19014958025057,6.443425,0,0.0,0.0,0.0,5.656854249492381,12.57078722109418,0.9302382543609692,86.26000000000003,1.0,1.0,1,40.449471234823136,-0.34831209857814693,0
scenario_3_multi_region_ep09_d021,scenario_3_multi_region_ep09,scenario_3_multi_region,21,A,test,10.47508058719829,22.354628,1,0.0,0.0,0.0,4.0,8.88888888888889,0.6577777777777778,86.02000000000004,1.0,1.0,1,401.8811748688432,0.6878679657427081,4
scenario_3_multi_region_ep09_d021,scenario_3_multi_region_ep09,scenario_3_multi_region,21,B,test,4.104678491772624,5.5997033,0,0.0,0.0,0.0,0.0,0.0,0.0,86.02000000000004,0.0,1.0,1,58.32042335317488,0.08307029908677682,3
scenario_3_multi_region_ep09_d021,scenario_3_multi_region_ep09,scenario_3_multi_region,21,C,test,2.517404719152584,4.971064,0,0.0,0.0,0.0,5.656854249492381,12.57078722109418,0.9302382543609692,86.02000000000004,1.0,1.0,1,27.19514258787399,-0.3999999998566819,0
scenario_3_multi_region_ep09_d021,scenario_3_multi_region_ep09,scenario_3_multi_region,21,D,test,6.205515192979007,6.73033,0,0.0,0.0,0.0,4.0,8.88888888888889,0.6577777777777778,86.02000000000004,1.0,1.0,1,42.92986782680532,-0.2701376072323469,0
scenario_3_multi_region_ep09_d024,scenario_3_multi_region_ep09,scenario_3_multi_region,24,A,test,14.495683559454294,24.751158,1,90.0,0.0,0.0,5.656854249492381,12.57078722109418,0.9302382543609692,85.78000000000004,1.0,1.0,1,486.2090457193351,0.600000000141122,4
scenario_3_multi_region_ep09_d024,scenario_3_multi_region_ep09,scenario_3_multi_region,24,B,test,4.855337438310162,7.1328764,0,0.0,0.0,0.0,4.0,8.88888888888889,0.6577777777777778,85.78000000000004,1.0,1.0,1,66.65462159813183,-0.2335764795646678,0
scenario_3_multi_region_ep09_d024,scenario_3_multi_region_ep09,scenario_3_multi_region,24,C,test,2.9457626783151216,3.5200222,0,0.0,0.0,0.0,4.0,8.88888888888889,0.6577777777777778,85.78000000000004,1.0,1.0,1,30.886507006638794,-0.312132034254623,0
scenario_3_multi_region_ep09_d024,scenario_3_multi_region_ep09,scenario_3_multi_region,24,D,test,5.959101223761715,8.637088,0,0.0,0.0,0.0,0.0,0.0,0.0,85.78000000000004,0.0,1.0,1,46.97893295027097,0.03534291535203573,3
scenario_3_multi_region_ep09_d027,scenario_3_multi_region_ep09,scenario_3_multi_region,27,A,test,18.26819182914444,26.619225,1,180.0,0.0,0.0,0.0,0.0,0.0,85.54000000000005,0.0,1.0,1,563.5732055818462,0.9999999999981073,4
scenario_3_multi_region_ep09_d027,scenario_3_multi_region_ep09,scenario_3_multi_region,27,B,test,6.536576579792359,7.9878135,0,0.0,0.0,0.0,4.0,8.88888888888889,0.6577777777777778,85.54000000000005,1.0,1.0,1,75.310533089317,-0.23625579175801695,0
scenario_3_multi_region_ep09_d027,scenario_3_multi_region_ep09,scenario_3_multi_region,27,C,test,3.8311154110773216,4.983004,0,0.0,0.0,0.0,4.0,8.88888888888889,0.6577777777777778,85.54000000000005,1.0,1.0,1,35.221165578360115,-0.312132034254623,0
scenario_3_multi_region_ep09_d027,scenario_3_multi_region_ep09,scenario_3_multi_region,27,D,test,7.327823828836919,9.303059,0,0.0,0.0,0.0,5.656854249492381,12.57078722109418,0.9302382543609692,85.54000000000005,1.0,1.0,1,52.68279280960087,-0.3669507714840754,0
scenario_3_multi_region_ep09_d030,scenario_3_multi_region_ep09,scenario_3_multi_region,30,A,test,22.523089423658107,26.933695,1,270.0,0.0,0.0,4.0,8.88888888888889,0.6577777777777778,85.30000000000005,1.0,1.0,1,623.6124189506224,0.6878679657436638,4
scenario_3_multi_region_ep09_d030,scenario_3_multi_region_ep09,scenario_3_multi_region,30,B,test,7.392505285980944,10.355455,0,0.0,0.0,0.0,5.656854249492381,12.57078722109418,0.9302382543609692,85.30000000000005,1.0,1.0,1,84.73289580111259,-0.32321447722233254,0
scenario_3_multi_region_ep09_d030,scenario_3_multi_region_ep09,scenario_3_multi_region,30,C,test,2.869588693015779,5.6530485,0,0.0,0.0,0.0,0.0,0.0,0.0,85.30000000000005,0.0,1.0,1,39.91325005624572,0.0,0
scenario_3_multi_region_ep09_d030,scenario_3_multi_region_ep09,scenario_3_multi_region,30,D,test,6.62528037400501,11.523464,1,0.0,0.0,0.0,4.0,8.88888888888889,0.6577777777777778,85.30000000000005,1.0,1.0,1,59.42449177731373,-0.27870515486058156,0
scenario_3_multi_region_ep09_d033,scenario_3_multi_region_ep09,scenario_3_multi_region,33,A,test,26.054704913172788,30.155788,1,360.0,90.0,0.0,5.656854249492381,12.57078722109418,0.9302382543609692,85.06000000000006,1.0,1.0,1,666.1043016824246,0.6000000001417086,4
scenario_3_multi_region_ep09_d033,scenario_3_multi_region_ep09,scenario_3_multi_region,33,B,test,7.805634385439484,10.835558,1,0.0,0.0,30.0,4.0,8.88888888888889,0.6577777777777778,85.06000000000006,1.0,1.0,1,94.27484189516372,-0.23256285815652664,0
scenario_3_multi_region_ep09_d033,scenario_3_multi_region_ep09,scenario_3_multi_region,33,C,test,3.5970915315160337,4.156885,0,0.0,0.0,0.0,4.0,8.88888888888889,0.6577777777777778,85.06000000000006,1.0,1.0,1,44.84147025829566,-0.312132034254623,0
scenario_3_multi_region_ep09_d033,scenario_3_multi_region_ep09,scenario_3_multi_region,33,D,test,8.129199576041767,13.273554,1,0.0,0.0,0.0,0.0,0.0,0.0,85.06000000000006,0.0,1.0,1,66.8710036683508,0.03545928115403442,3
scenario_3_multi_region_ep09_d036,scenario_3_multi_region_ep09,scenario_3_multi_region,36,A,test,30.46619472141043,29.945843,0,450.0,180.0,0.0,4.0,8.88888888888889,0.6577777777777778,84.82000000000006,1.0,1.0,1,689.4820912494849,0.6878679657438135,4
scenario_3_multi_region_ep09_d036,scenario_3_multi_region_ep09,scenario_3_multi_region,36,B,test,7.949940254782918,11.144231,1,0.0,0.0,0.0,0.0,0.0,0.0,84.82000000000006,0.0,1.0,1,103.50002932912092,0.08380210587977799,3
scenario_3_multi_region_ep09_d036,scenario_3_multi_region_ep09,scenario_3_multi_region,36,C,test,3.725463243530928,5.995072,0,0.0,0.0,0.0,5.656854249492381,12.57078722109418,0.9302382543609692,84.82000000000006,1.0,1.0,1,49.90185898630512,-0.3999999998566819,0
scenario_3_multi_region_ep09_d036,scenario_3_multi_region_ep09,scenario_3_multi_region,36,D,test,9.52825191286004,14.7669,1,0.0,0.0,0.0,4.0,8.88888888888889,0.6577777777777778,84.82000000000006,1.0,1.0,1,74.90501505604766,-0.27303896225452573,0
scenario_3_multi_region_ep09_d039,scenario_3_multi_region_ep09,scenario_3_multi_region,39,A,test,32.64703019475771,30.311056,0,540.0,270.0,0.0,4.0,8.88888888888889,0.6577777777777778,84.58000000000007,1.0,1.0,1,699.5976546877514,0.6878679657438254,4
scenario_3_multi_region_ep09_d039,scenario_3_multi_region_ep09,scenario_3_multi_region,39,B,test,8.772947565761514,12.829251,1,0.0,0.0,0.0,5.656854249492381,12.57078722109418,0.9302382543609692,84.58000000000007,1.0,1.0,1,112.61354804328607,-0.3107828280461208,0
scenario_3_multi_region_ep09_d039,scenario_3_multi_region_ep09,scenario_3_multi_region,39,C,test,3.877890539566727,7.407106,1,0.0,0.0,0.0,0.0,0.0,0.0,84.58000000000007,0.0,1.0,1,55.11459190160895,0.0,0
scenario_3_multi_region_ep09_d039,scenario_3_multi_region_ep09,scenario_3_multi_region,39,D,test,11.52835587502532,19.676716,1,60.0,0.0,0.0,4.0,8.88888888888889,0.6577777777777778,84.58000000000007,1.0,1.0,1,82.63533686843743,-0.26942998891643866,0
scenario_3_multi_region_ep09_d042,scenario_3_multi_region_ep09,scenario_3_multi_region,42,A,test,36.25437825770918,28.715652,-1,630.0,360.0,0.0,0.0,0.0,0.0,84.34000000000007,0.0,1.0,1,702.7345566689166,0.9999999999984431,4
scenario_3_multi_region_ep09_d042,scenario_3_multi_region_ep09,scenario_3_multi_region,42,B,test,10.840051832042032,13.232103,0,0.0,0.0,0.0,4.0,8.88888888888889,0.6577777777777778,84.34000000000007,1.0,1.0,1,119.93205904792036,-0.21946781765276702,0
scenario_3_multi_region_ep09_d042,scenario_3_multi_region_ep09,scenario_3_multi_region,42,C,test,4.928838610296517,6.258818,0,0.0,0.0,0.0,4.0,8.88888888888889,0.6577777777777778,84.34000000000007,1.0,1.0,1,60.411716233390734,-0.312132034254623,0
scenario_3_multi_region_ep09_d042,scenario_3_multi_region_ep09,scenario_3_multi_region,42,D,test,14.249158760203311,20.3972,1,150.0,0.0,0.0,5.656854249492381,12.57078722109418,0.9302382543609692,84.34000000000007,1.0,1.0,1,90.47576798959608,-0.35319479558312117,0
scenario_3_multi_region_ep09_d045,scenario_3_multi_region_ep09,scenario_3_multi_region,45,A,test,37.77122451611292,31.004873,-1,720.0,450.0,0.0,4.0,8.88888888888889,0.6577777777777778,84.10000000000008,1.0,1.0,1,672.0069939786786,0.6878679657437292,4
scenario_3_multi_region_ep09_d045,scenario_3_multi_region_ep09,scenario_3_multi_region,45,B,test,11.272021123022284,13.4776,0,0.0,0.0,0.0,0.0,0.0,0.0,84.10000000000008,0.0,1.0,1,127.4124365797345,0.10263713172595655,3
scenario_3_multi_region_ep09_d045,scenario_3_multi_region_ep09,scenario_3_multi_region,45,C,test,5.06642419261317,7.3271065,0,0.0,0.0,0.0,5.656854249492381,12.57078722109418,0.9302382543609692,84.10000000000008,1.0,1.0,1,65.12367324745537,-0.3999999998566819,0
scenario_3_multi_region_ep09_d045,scenario_3_multi_region_ep09,scenario_3_multi_region,45,D,test,16.708371709485274,22.777065,1,240.0,0.0,0.0,4.0,8.88888888888889,0.6577777777777778,84.10000000000008,1.0,1.0,1,96.94265521110948,-0.2597018868495773,0
scenario_3_multi_region_ep09_d048,scenario_3_multi_region_ep09,scenario_3_multi_region,48,A,test,36.91440997903483,28.262447,-1,810.0,540.0,0.0,5.656854249492381,12.57078722109418,0.9302382543609692,83.86000000000008,1.0,1.0,1,637.327769129945,0.6000000001415574,4
scenario_3_multi_region_ep09_d048,scenario_3_multi_region_ep09,scenario_3_multi_region,48,B,test,12.179775397161436,13.757696,0,0.0,0.0,0.0,4.0,8.88888888888889,0.6577777777777778,83.86000000000008,1.0,1.0,1,132.3001414225182,-0.2013786442760659,0
scenario_3_multi_region_ep09_d048,scenario_3_multi_region_ep09,scenario_3_multi_region,48,C,test,5.659703881986535,7.97806,0,0.0,0.0,0.0,4.0,8.88888888888889,0.6577777777777778,83.86000000000008,1.0,1.0,1,69.40024259671532,-0.312132034254623,0
scenario_3_multi_region_ep09_d048,scenario_3_multi_region_ep09,scenario_3_multi_region,48,D,test,18.38883337169721,24.25762,1,330.0,0.0,0.0,0.0,0.0,0.0,83.86000000000008,0.0,1.0,1,103.11129200574874,0.059358012834409814,3
scenario_3_multi_region_ep09_d051,scenario_3_multi_region_ep09,scenario_3_multi_region,51,A,test,35.78471156930384,26.315525,-1,900.0,630.0,0.0,0.0,0.0,0.0,83.62000000000009,0.0,1.0,1,604.7173392867858,0.9999999999981185,4
scenario_3_multi_region_ep09_d051,scenario_3_multi_region_ep09,scenario_3_multi_region,51,B,test,12.64360804557502,13.812757,0,0.0,0.0,0.0,4.0,8.88888888888889,0.6577777777777778,83.62000000000009,1.0,1.0,1,136.4588110660659,-0.19319096406693317,0
scenario_3_multi_region_ep09_d051,scenario_3_multi_region_ep09,scenario_3_multi_region,51,C,test,5.411730881262704,6.627272,0,0.0,0.0,0.0,4.0,8.88888888888889,0.6577777777777778,83.62000000000009,1.0,1.0,1,73.24491176075094,-0.312132034254623,0
scenario_3_multi_region_ep09_d051,scenario_3_multi_region_ep09,scenario_3_multi_region,51,D,test,20.68834368693605,24.788202,1,420.0,0.0,0.0,5.656854249492381,12.57078722109418,0.9302382543609692,83.62000000000009,1.0,1.0,1,107.62188413567378,-0.3353174865325562,0
scenario_3_multi_region_ep09_d054,scenario_3_multi_region_ep09,scenario_3_multi_region,54,A,test,34.21473713193716,29.47684,-1,990.0,720.0,0.0,4.0,8.88888888888889,0.6577777777777778,83.3800000000001,1.0,1.0,1,573.9637182340371,0.6878679657433664,4
scenario_3_multi_region_ep09_d054,scenario_3_multi_region_ep09,scenario_3_multi_region,54,B,test,13.29447657874881,13.774909,0,0.0,0.0,0.0,5.656854249492381,12.57078722109418,0.9302382543609692,83.3800000000001,1.0,1.0,1,136.82385846259876,-0.27892485624749713,0
scenario_3_multi_region_ep09_d054,scenario_3_multi_region_ep09,scenario_3_multi_region,54,C,test,6.140674002670296,6.8618298,0,0.0,0.0,0.0,0.0,0.0,0.0,83.3800000000001,0.0,1.0,1,76.60622903227022,0.0,0
scenario_3_multi_region_ep09_d054,scenario_3_multi_region_ep09,scenario_3_multi_region,54,D,test,22.53343273643564,24.13342,0,510.0,0.0,0.0,4.0,8.88888888888889,0.6577777777777778,83.3800000000001,1.0,1.0,1,110.78752592724186,-0.24340622306846368,0
scenario_3_multi_region_ep09_d057,scenario_3_multi_region_ep09,scenario_3_multi_region,57,A,test,33.68815818829617,29.391254,-1,1080.0,810.0,0.0,5.656854249492381,12.57078722109418,0.9302382543609692,83.1400000000001,1.0,1.0,1,544.9980751928938,0.6000000001411697,4
scenario_3_multi_region_ep09_d057,scenario_3_multi_region_ep09,scenario_3_multi_region,57,B,test,13.638297955573146,13.27496,0,0.0,0.0,0.0,4.0,8.88888888888889,0.6577777777777778,83.1400000000001,1.0,1.0,1,136.41020630089315,-0.1899991443531353,0
scenario_3_multi_region_ep09_d057,scenario_3_multi_region_ep09,scenario_3_multi_region,57,C,test,5.876713098060405,7.2026463,0,0.0,0.0,0.0,4.0,8.88888888888889,0.6577777777777778,83.1400000000001,1.0,1.0,1,79.56559208474778,-0.312132034254623,0
scenario_3_multi_region_ep09_d057,scenario_3_multi_region_ep09,scenario_3_multi_region,57,D,test,23.874550417876407,24.502478,0,600.0,0.0,0.0,0.0,0.0,0.0,83.1400000000001,0.0,1.0,1,112.7698635661452,0.0713406835285514,3
scenario_3_multi_region_ep09_d060,scenario_3_multi_region_ep09,scenario_3_multi_region,60,A,test,33.0713456166155,27.698704,-1,1170.0,900.0,0.0,4.0,8.88888888888889,0.6577777777777778,82.9000000000001,1.0,1.0,1,517.6794626661363,0.6878679657430811,4
scenario_3_multi_region_ep09_d060,scenario_3_multi_region_ep09,scenario_3_multi_region,60,B,test,12.40734491224666,11.895846,0,0.0,0.0,0.0,0.0,0.0,0.0,82.9000000000001,0.0,1.0,1,135.73783232974233,0.12309575182113208,3
scenario_3_multi_region_ep09_d060,scenario_3_multi_region_ep09,scenario_3_multi_region,60,C,test,7.403492204732151,7.1608276,0,0.0,0.0,0.0,5.656854249492381,12.57078722109418,0.9302382543609692,82.9000000000001,1.0,1.0,1,82.12263747145448,-0.3999999998566819,0
scenario_3_multi_region_ep09_d060,scenario_3_multi_region_ep09,scenario_3_multi_region,60,D,test,23.90501530077324,24.437649,0,690.0,0.0,0.0,4.0,8.88888888888889,0.6577777777777778,82.9000000000001,1.0,1.0,1,113.51317056358266,-0.24006214285061295,0
scenario_3_multi_region_ep09_d063,scenario_3_multi_region_ep09,scenario_3_multi_region,63,A,test,31.57832789986033,25.750322,-1,1260.0,990.0,0.0,4.0,8.88888888888889,0.6577777777777778,82.66000000000011,1.0,1.0,1,491.9035428946936,0.6878679657429236,4
scenario_3_multi_region_ep09_d063,scenario_3_multi_region_ep09,scenario_3_multi_region,63,B,test,12.466575613822943,12.032918,0,0.0,0.0,0.0,5.656854249492381,12.57078722109418,0.9302382543609692,82.66000000000011,1.0,1.0,1,134.87430496888214,-0.27593265893494223,0
scenario_3_multi_region_ep09_d063,scenario_3_multi_region_ep09,scenario_3_multi_region,63,C,test,6.157633282027293,7.1895204,0,0.0,0.0,0.0,0.0,0.0,0.0,82.66000000000011,0.0,1.0,1,84.30458625613687,0.0,0
scenario_3_multi_region_ep09_d063,scenario_3_multi_region_ep09,scenario_3_multi_region,63,D,test,25.120272993866894,24.04332,0,780.0,90.0,0.0,4.0,8.88888888888889,0.6577777777777778,82.66000000000011,1.0,1.0,1,113.88767342585152,-0.23955312626719352,0
scenario_3_multi_region_ep09_d066,scenario_3_multi_region_ep09,scenario_3_multi_region,66,A,test,31.309375783883542,26.661108,-1,1350.0,1080.0,0.0,0.0,0.0,0.0,82.42000000000012,0.0,1.0,1,467.57706116593954,0.9999999999973783,4
scenario_3_multi_region_ep09_d066,scenario_3_multi_region_ep09,scenario_3_multi_region,66,B,test,12.815720341742484,11.900769,0,0.0,0.0,0.0,4.0,8.88888888888889,0.6577777777777778,82.42000000000012,1.0,1.0,1,133.83897544565684,-0.18708429843302868,0
scenario_3_multi_region_ep09_d066,scenario_3_multi_region_ep09,scenario_3_multi_region,66,C,test,5.715064297533123,7.094977,0,0.0,0.0,0.0,4.0,8.88888888888889,0.6577777777777778,82.42000000000012,1.0,1.0,1,86.14129674307333,-0.312132034254623,0
scenario_3_multi_region_ep09_d066,scenario_3_multi_region_ep09,scenario_3_multi_region,66,D,test,25.14445420857429,21.832321,-1,870.0,180.0,0.0,5.656854249492381,12.57078722109418,0.9302382543609692,82.42000000000012,1.0,1.0,1,114.02140482537196,-0.3269074619180601,0
scenario_3_multi_region_ep09_d069,scenario_3_multi_region_ep09,scenario_3_multi_region,69,A,test,31.30337281631128,26.765585,-1,1440.0,1170.0,0.0,4.0,8.88888888888889,0.6577777777777778,82.18000000000012,1.0,1.0,1,444.6125901578917,0.6878679657425756,4
scenario_3_multi_region_ep09_d069,scenario_3_multi_region_ep09,scenario_3_multi_region,69,B,test,12.541363534621544,12.695667,0,0.0,0.0,0.0,0.0,0.0,0.0,82.18000000000012,0.0,1.0,1,132.64972085054455,0.12603701583839622,3
scenario_3_multi_region_ep09_d069,scenario_3_multi_region_ep09,scenario_3_multi_region,69,C,test,7.294739905225724,9.967947,0,0.0,0.0,0.0,5.656854249492381,12.57078722109418,0.9302382543609692,82.18000000000012,1.0,1.0,1,87.66055104293946,-0.3999999998566819,0
scenario_3_multi_region_ep09_d069,scenario_3_multi_region_ep09,scenario_3_multi_region,69,D,test,25.104325619403383,22.240744,0,960.0,270.0,0.0,4.0,8.88888888888889,0.6577777777777778,82.18000000000012,1.0,1.0,1,113.93608434676366,-0.2385212114424052,0
scenario_3_multi_region_ep09_d072,scenario_3_multi_region_ep09,scenario_3_multi_region,72,A,test,30.021823682002523,26.785238,-1,1530.0,1260.0,0.0,5.656854249492381,12.57078722109418,0.9302382543609692,81.94000000000013,1.0,1.0,1,422.9281657755319,0.6000000001403246,4
scenario_3_multi_region_ep09_d072,scenario_3_multi_region_ep09,scenario_3_multi_region,72,B,test,11.472581291766655,11.8804455,0,0.0,0.0,0.0,4.0,8.88888888888889,0.6577777777777778,81.94000000000013,1.0,1.0,1,131.32305276790655,-0.18509677325931254,0
scenario_3_multi_region_ep09_d072,scenario_3_multi_region_ep09,scenario_3_multi_region,72,C,test,5.978078707391994,10.352142,1,0.0,0.0,0.0,4.0,8.88888888888889,0.6577777777777778,81.94000000000013,1.0,1.0,1,88.88819831908472,-0.312132034254623,0
scenario_3_multi_region_ep09_d072,scenario_3_multi_region_ep09,scenario_3_multi_region,72,D,test,25.500109110652897,21.324575,-1,1050.0,360.0,0.0,0.0,0.0,0.0,81.94000000000013,0.0,1.0,1,113.6518519725978,0.0741338045324402,3
scenario_3_multi_region_ep09_d075,scenario_3_multi_region_ep09,scenario_3_multi_region,75,A,test,28.82523155886406,26.550375,0,1620.0,1350.0,0.0,0.0,0.0,0.0,81.70000000000013,0.0,1.0,1,402.4469400608641,0.999999999996801,4
scenario_3_multi_region_ep09_d075,scenario_3_multi_region_ep09,scenario_3_multi_region,75,B,test,11.377328851002927,12.588338,0,0.0,0.0,0.0,4.0,8.88888888888889,0.6577777777777778,81.70000000000013,1.0,1.0,1,129.87421240138656,-0.1840894822275506,0
scenario_3_multi_region_ep09_d075,scenario_3_multi_region_ep09,scenario_3_multi_region,75,C,test,6.7609607737200985,10.057004,1,0.0,0.0,0.0,4.0,8.88888888888889,0.6577777777777778,81.70000000000013,1.0,1.0,1,89.8482825308829,-0.312132034254623,0
scenario_3_multi_region_ep09_d075,scenario_3_multi_region_ep09,scenario_3_multi_region,75,D,test,25.194143546446917,21.39875,-1,1140.0,450.0,0.0,5.656854249492381,12.57078722109418,0.9302382543609692,81.70000000000013,1.0,1.0,1,113.18737513898328,-0.3253384744603763,0
scenario_3_multi_region_ep09_d078,scenario_3_multi_region_ep09,scenario_3_multi_region,78,A,test,28.45833361168961,26.144846,0,1710.0,1440.0,0.0,4.0,8.88888888888889,0.6577777777777778,81.46000000000014,1.0,1.0,1,383.096856318472,0.6878679657419586,4
scenario_3_multi_region_ep09_d078,scenario_3_multi_region_ep09,scenario_3_multi_region,78,B,test,11.943088735394456,12.458551,0,0.0,0.0,0.0,5.656854249492381,12.57078722109418,0.9302382543609692,81.46000000000014,1.0,1.0,1,128.31725931151095,-0.2709410294705208,0
scenario_3_multi_region_ep09_d078,scenario_3_multi_region_ep09,scenario_3_multi_region,78,C,test,7.763381439351344,10.302601,0,0.0,0.0,0.0,0.0,0.0,0.0,81.46000000000014,0.0,1.0,1,90.56316190743335,0.0,0
scenario_3_multi_region_ep09_d078,scenario_3_multi_region_ep09,scenario_3_multi_region,78,D,test,24.48643207315452,21.580608,0,1230.0,0.0,0.0,4.0,8.88888888888889,0.6577777777777778,81.46000000000014,1.0,1.0,1,112.55994873847862,-0.23693800617776695,0
scenario_3_multi_region_ep10_d012,scenario_3_multi_region_ep10,scenario_3_multi_region,12,A,val,4.989588969936499,5.28748,0,0.0,0.0,0.0,4.0,8.88888888888889,0.6577777777777778,86.04000000000002,1.0,1.0,1,198.3165728726475,0.6878679657392762,4
scenario_3_multi_region_ep10_d012,scenario_3_multi_region_ep10,scenario_3_multi_region,12,B,val,5.293709157244634,6.3126097,0,0.0,0.0,0.0,5.656854249492381,12.57078722109418,0.9302382543609692,86.04000000000002,1.0,1.0,1,38.729893380103135,-0.37361992840859626,0
scenario_3_multi_region_ep10_d012,scenario_3_multi_region_ep10,scenario_3_multi_region,12,C,val,5.351202307504215,7.7106047,0,0.0,0.0,0.0,0.0,0.0,0.0,86.04000000000002,0.0,1.0,1,40.45866714335864,0.0369271208209083,3
scenario_3_multi_region_ep10_d012,scenario_3_multi_region_ep10,scenario_3_multi_region,12,D,val,4.45529285694473,6.2494617,0,0.0,0.0,0.0,4.0,8.88888888888889,0.6577777777777778,86.04000000000002,1.0,1.0,1,34.40591860951281,-0.312132034254623,0
scenario_3_multi_region_ep10_d015,scenario_3_multi_region_ep10,scenario_3_multi_region,15,A,val,5.231910472175633,7.3822265,0,0.0,0.0,0.0,5.656854249492381,12.57078722109418,0.9302382543609692,85.80000000000003,1.0,1.0,1,263.0297132736804,0.6000000001389254,4
scenario_3_multi_region_ep10_d015,scenario_3_multi_region_ep10,scenario_3_multi_region,15,B,val,4.919894100117043,6.4425197,0,0.0,0.0,0.0,4.0,8.88888888888889,0.6577777777777778,85.80000000000003,1.0,1.0,1,43.72060076331786,-0.27553214473984766,0
scenario_3_multi_region_ep10_d015,scenario_3_multi_region_ep10,scenario_3_multi_region,15,C,val,4.447066486968893,7.9610114,1,0.0,0.0,0.0,4.0,8.88888888888889,0.6577777777777778,85.80000000000003,1.0,1.0,1,40.96040244274377,-0.28765738357078974,0
scenario_3_multi_region_ep10_d015,scenario_3_multi_region_ep10,scenario_3_multi_region,15,D,val,3.981895322812393,6.4604077,0,0.0,0.0,0.0,0.0,0.0,0.0,85.80000000000003,0.0,1.0,1,35.388974889352994,0.0,0
scenario_3_multi_region_ep10_d018,scenario_3_multi_region_ep10,scenario_3_multi_region,18,A,val,7.248456495192358,12.7764225,1,0.0,0.0,0.0,4.0,8.88888888888889,0.6577777777777778,85.56000000000003,1.0,1.0,1,346.1910737579615,0.6878679657421384,4
scenario_3_multi_region_ep10_d018,scenario_3_multi_region_ep10,scenario_3_multi_region,18,B,val,3.96645840295396,6.5434346,0,0.0,0.0,0.0,0.0,0.0,0.0,85.56000000000003,0.0,1.0,1,49.93855999377979,0.04052692406658084,3
scenario_3_multi_region_ep10_d018,scenario_3_multi_region_ep10,scenario_3_multi_region,18,C,val,5.140520217773265,8.034132,0,0.0,0.0,0.0,5.656854249492381,12.57078722109418,0.9302382543609692,85.56000000000003,1.0,1.0,1,42.280193269582696,-0.3842762296405212,0
scenario_3_multi_region_ep10_d018,scenario_3_multi_region_ep10,scenario_3_multi_region,18,D,val,5.745426349479262,5.950924,0,0.0,0.0,0.0,4.0,8.88888888888889,0.6577777777777778,85.56000000000003,1.0,1.0,1,37.42523009318302,-0.312132034254623,0
scenario_3_multi_region_ep10_d021,scenario_3_multi_region_ep10,scenario_3_multi_region,21,A,val,10.53962800527452,25.150015,1,0.0,0.0,0.0,4.0,8.88888888888889,0.6577777777777778,85.32000000000004,1.0,1.0,1,434.0453416291915,0.6878679657428322,4
scenario_3_multi_region_ep10_d021,scenario_3_multi_region_ep10,scenario_3_multi_region,21,B,val,4.325977553614179,6.1448865,0,0.0,0.0,0.0,5.656854249492381,12.57078722109418,0.9302382543609692,85.32000000000004,1.0,1.0,1,57.771573278358346,-0.35757267744223953,0
scenario_3_multi_region_ep10_d021,scenario_3_multi_region_ep10,scenario_3_multi_region,21,C,val,4.300279249281937,7.784822,1,0.0,0.0,0.0,0.0,0.0,0.0,85.32000000000004,0.0,1.0,1,44.70244511916303,0.00916792168627973,3
scenario_3_multi_region_ep10_d021,scenario_3_multi_region_ep10,scenario_3_multi_region,21,D,val,6.20688897032504,7.4976454,0,0.0,0.0,0.0,4.0,8.88888888888889,0.6577777777777778,85.32000000000004,1.0,1.0,1,41.09995256523075,-0.312132034254623,0
scenario_3_multi_region_ep10_d024,scenario_3_multi_region_ep10,scenario_3_multi_region,24,A,val,16.877928249658623,31.430944,1,90.0,0.0,0.0,0.0,0.0,0.0,85.08000000000004,0.0,1.0,1,512.3878025417529,0.9999999999978576,4
scenario_3_multi_region_ep10_d024,scenario_3_multi_region_ep10,scenario_3_multi_region,24,B,val,5.22694944847586,9.022698,1,0.0,0.0,0.0,4.0,8.88888888888889,0.6577777777777778,85.08000000000004,1.0,1.0,1,67.48471197885306,-0.26530722148112573,0
scenario_3_multi_region_ep10_d024,scenario_3_multi_region_ep10,scenario_3_multi_region,24,C,val,4.815381186269763,7.675739,0,0.0,0.0,0.0,4.0,8.88888888888889,0.6577777777777778,85.08000000000004,1.0,1.0,1,47.61326473918393,-0.3078804713525216,0
scenario_3_multi_region_ep10_d024,scenario_3_multi_region_ep10,scenario_3_multi_region,24,D,val,7.003045806983884,9.5895815,0,0.0,0.0,0.0,5.656854249492381,12.57078722109418,0.9302382543609692,85.08000000000004,1.0,1.0,1,45.62880952022715,-0.3999999998566819,0
scenario_3_multi_region_ep10_d027,scenario_3_multi_region_ep10,scenario_3_multi_region,27,A,val,20.56344530711281,30.927444,1,180.0,0.0,0.0,4.0,8.88888888888889,0.6577777777777778,84.84000000000005,1.0,1.0,1,589.4620799150787,0.6878679657435193,4
scenario_3_multi_region_ep10_d027,scenario_3_multi_region_ep10,scenario_3_multi_region,27,B,val,7.174571833750148,10.670188,1,0.0,0.0,0.0,0.0,0.0,0.0,84.84000000000005,0.0,1.0,1,75.93387007016145,0.045986773036620944,3
scenario_3_multi_region_ep10_d027,scenario_3_multi_region_ep10,scenario_3_multi_region,27,C,val,4.931331118621252,5.0951786,0,0.0,0.0,0.0,5.656854249492381,12.57078722109418,0.9302382543609692,84.84000000000005,1.0,1.0,1,51.18001491738278,-0.3999999998566819,0
scenario_3_multi_region_ep10_d027,scenario_3_multi_region_ep10,scenario_3_multi_region,27,D,val,8.414886233089389,12.444828,1,0.0,0.0,0.0,4.0,8.88888888888889,0.6577777777777778,84.84000000000005,1.0,1.0,1,51.653435969010616,-0.3112525305846856,0
scenario_3_multi_region_ep10_d030,scenario_3_multi_region_ep10,scenario_3_multi_region,30,A,val,24.586433312837467,32.2374,1,270.0,0.0,0.0,5.656854249492381,12.57078722109418,0.9302382543609692,84.60000000000005,1.0,1.0,1,641.1712107634082,0.6000000001416121,4
scenario_3_multi_region_ep10_d030,scenario_3_multi_region_ep10,scenario_3_multi_region,30,B,val,7.137128286921923,10.903681,1,0.0,0.0,0.0,4.0,8.88888888888889,0.6577777777777778,84.60000000000005,1.0,1.0,1,85.48970742639472,-0.260183220837092,0
scenario_3_multi_region_ep10_d030,scenario_3_multi_region_ep10,scenario_3_multi_region,30,C,val,4.741782696381117,5.765422,0,0.0,0.0,30.0,4.0,8.88888888888889,0.6577777777777778,84.60000000000005,1.0,1.0,1,55.04093509740346,-0.312132034254623,0
scenario_3_multi_region_ep10_d030,scenario_3_multi_region_ep10,scenario_3_multi_region,30,D,val,9.123489557631876,14.546943,1,0.0,0.0,0.0,0.0,0.0,0.0,84.60000000000005,0.0,1.0,1,58.463283755203065,0.005838887359819516,3
scenario_3_multi_region_ep10_d033,scenario_3_multi_region_ep10,scenario_3_multi_region,33,A,val,27.56003116140087,34.84149,1,360.0,90.0,0.0,0.0,0.0,0.0,84.36000000000006,0.0,1.0,1,696.1762065745086,0.9999999999984291,4
scenario_3_multi_region_ep10_d033,scenario_3_multi_region_ep10,scenario_3_multi_region,33,B,val,8.62357437092362,11.3529825,0,0.0,0.0,0.0,4.0,8.88888888888889,0.6577777777777778,84.36000000000006,1.0,1.0,1,95.086723612289,-0.2563885358485305,0
scenario_3_multi_region_ep10_d033,scenario_3_multi_region_ep10,scenario_3_multi_region,33,C,val,5.46335862635604,4.5920873,0,0.0,0.0,0.0,4.0,8.88888888888889,0.6577777777777778,84.36000000000006,1.0,1.0,1,59.6018415077765,-0.312132034254623,0
scenario_3_multi_region_ep10_d033,scenario_3_multi_region_ep10,scenario_3_multi_region,33,D,val,10.552910630252724,15.247745,1,0.0,0.0,0.0,5.656854249492381,12.57078722109418,0.9302382543609692,84.36000000000006,1.0,1.0,1,66.97159981240088,-0.3884227848303743,0
scenario_3_multi_region_ep10_d036,scenario_3_multi_region_ep10,scenario_3_multi_region,36,A,val,30.85931301866215,34.733482,1,450.0,180.0,0.0,4.0,8.88888888888889,0.6577777777777778,84.12000000000006,1.0,1.0,1,723.6945455459982,0.6878679657438608,4
scenario_3_multi_region_ep10_d036,scenario_3_multi_region_ep10,scenario_3_multi_region,36,B,val,8.34242235607983,12.732522,1,0.0,0.0,0.0,5.656854249492381,12.57078722109418,0.9302382543609692,84.12000000000006,1.0,1.0,1,105.34287021415048,-0.33760459285826727,0
scenario_3_multi_region_ep10_d036,scenario_3_multi_region_ep10,scenario_3_multi_region,36,C,val,5.076809692345618,7.9446754,0,0.0,0.0,0.0,0.0,0.0,0.0,84.12000000000006,0.0,1.0,1,64.19300305423212,0.0,0
scenario_3_multi_region_ep10_d036,scenario_3_multi_region_ep10,scenario_3_multi_region,36,D,val,11.2805437831474,20.314737,1,60.0,0.0,0.0,4.0,8.88888888888889,0.6577777777777778,84.12000000000006,1.0,1.0,1,75.26245246494341,-0.29534746485259966,0
scenario_3_multi_region_ep10_d039,scenario_3_multi_region_ep10,scenario_3_multi_region,39,A,val,34.548255685500905,33.80838,0,540.0,270.0,0.0,5.656854249492381,12.57078722109418,0.9302382543609692,83.88000000000007,1.0,1.0,1,734.0250242938357,0.6000000001418149,4
scenario_3_multi_region_ep10_d039,scenario_3_multi_region_ep10,scenario_3_multi_region,39,B,val,9.383472954390909,13.246797,1,0.0,0.0,0.0,4.0,8.88888888888889,0.6577777777777778,83.88000000000007,1.0,1.0,1,113.73172949438504,-0.24463563602474603,0
scenario_3_multi_region_ep10_d039,scenario_3_multi_region_ep10,scenario_3_multi_region,39,C,val,5.9213478610421335,7.0829086,0,0.0,0.0,0.0,4.0,8.88888888888889,0.6577777777777778,83.88000000000007,1.0,1.0,1,68.83371176480341,-0.312132034254623,0
scenario_3_multi_region_ep10_d039,scenario_3_multi_region_ep10,scenario_3_multi_region,39,D,val,14.447542271105476,21.772373,1,150.0,0.0,0.0,0.0,0.0,0.0,83.88000000000007,0.0,1.0,1,83.08682856032897,0.021427094020988212,3
scenario_3_multi_region_ep10_d042,scenario_3_multi_region_ep10,scenario_3_multi_region,42,A,val,37.59114375616438,32.74006,-1,630.0,360.0,0.0,4.0,8.88888888888889,0.6577777777777778,83.64000000000007,1.0,1.0,1,714.6587019725309,0.6878679657438181,4
scenario_3_multi_region_ep10_d042,scenario_3_multi_region_ep10,scenario_3_multi_region,42,B,val,9.54251499235505,13.593374,1,0.0,0.0,0.0,0.0,0.0,0.0,83.64000000000007,0.0,1.0,1,121.67812329099866,0.07564419252669669,3
scenario_3_multi_region_ep10_d042,scenario_3_multi_region_ep10,scenario_3_multi_region,42,C,val,5.331979175896046,7.2049303,0,0.0,0.0,0.0,5.656854249492381,12.57078722109418,0.9302382543609692,83.64000000000007,1.0,1.0,1,73.15185592100761,-0.3999999998566819,0
scenario_3_multi_region_ep10_d042,scenario_3_multi_region_ep10,scenario_3_multi_region,42,D,val,16.474624277932286,22.563969,1,240.0,0.0,0.0,4.0,8.88888888888889,0.6577777777777778,83.64000000000007,1.0,1.0,1,90.58445858825552,-0.2849575734136851,0
scenario_3_multi_region_ep10_d045,scenario_3_multi_region_ep10,scenario_3_multi_region,45,A,val,39.06195943682732,32.09614,-1,720.0,450.0,0.0,4.0,8.88888888888889,0.6577777777777778,83.40000000000008,1.0,1.0,1,691.5985947119282,0.6878679657437485,4
scenario_3_multi_region_ep10_d045,scenario_3_multi_region_ep10,scenario_3_multi_region,45,B,val,12.525289467725717,14.012971,0,0.0,0.0,0.0,5.656854249492381,12.57078722109418,0.9302382543609692,83.40000000000008,1.0,1.0,1,129.84957932947145,-0.3148167922638183,0
scenario_3_multi_region_ep10_d045,scenario_3_multi_region_ep10,scenario_3_multi_region,45,C,val,5.781969751397432,7.7334394,0,0.0,0.0,0.0,0.0,0.0,0.0,83.40000000000008,0.0,1.0,1,77.542293991404,0.0,0
scenario_3_multi_region_ep10_d045,scenario_3_multi_region_ep10,scenario_3_multi_region,45,D,val,18.81190155883976,22.59484,1,330.0,0.0,0.0,4.0,8.88888888888889,0.6577777777777778,83.40000000000008,1.0,1.0,1,98.15513930421208,-0.2785637029980465,0
scenario_3_multi_region_ep10_d048,scenario_3_multi_region_ep10,scenario_3_multi_region,48,A,val,37.75656681402252,31.09191,-1,810.0,540.0,0.0,0.0,0.0,0.0,83.16000000000008,0.0,1.0,1,655.949840613936,0.9999999999982597,4
scenario_3_multi_region_ep10_d048,scenario_3_multi_region_ep10,scenario_3_multi_region,48,B,val,13.00677296594299,13.705218,0,0.0,0.0,0.0,4.0,8.88888888888889,0.6577777777777778,83.16000000000008,1.0,1.0,1,134.737071838455,-0.2191736500083574,0
scenario_3_multi_region_ep10_d048,scenario_3_multi_region_ep10,scenario_3_multi_region,48,C,val,6.010258913299365,7.4525614,0,0.0,0.0,0.0,4.0,8.88888888888889,0.6577777777777778,83.16000000000008,1.0,1.0,1,81.32045236645627,-0.312132034254623,0
scenario_3_multi_region_ep10_d048,scenario_3_multi_region_ep10,scenario_3_multi_region,48,D,val,20.255332936186704,22.397768,0,420.0,0.0,0.0,5.656854249492381,12.57078722109418,0.9302382543609692,83.16000000000008,1.0,1.0,1,103.70233456604365,-0.3610498823421404,0
scenario_3_multi_region_ep10_d051,scenario_3_multi_region_ep10,scenario_3_multi_region,51,A,val,36.77438218111691,28.103546,-1,900.0,630.0,0.0,4.0,8.88888888888889,0.6577777777777778,82.92000000000009,1.0,1.0,1,622.4299851165283,0.6878679657435174,4
scenario_3_multi_region_ep10_d051,scenario_3_multi_region_ep10,scenario_3_multi_region,51,B,val,13.30484112368609,13.695271,0,0.0,0.0,0.0,0.0,0.0,0.0,82.92000000000009,0.0,1.0,1,138.25656248699897,0.09960423783303142,3
scenario_3_multi_region_ep10_d051,scenario_3_multi_region_ep10,scenario_3_multi_region,51,C,val,6.994440822637453,7.2934175,0,0.0,0.0,0.0,5.656854249492381,12.57078722109418,0.9302382543609692,82.92000000000009,1.0,1.0,1,84.69597639088056,-0.3999999998566819,0
scenario_3_multi_region_ep10_d051,scenario_3_multi_region_ep10,scenario_3_multi_region,51,D,val,22.120942734392724,22.450792,0,510.0,0.0,0.0,4.0,8.88888888888889,0.6577777777777778,82.92000000000009,1.0,1.0,1,108.79854423519396,-0.26730956170655373,0
scenario_3_multi_region_ep10_d054,scenario_3_multi_region_ep10,scenario_3_multi_region,54,A,val,35.93756065001504,29.119452,-1,990.0,720.0,0.0,5.656854249492381,12.57078722109418,0.9302382543609692,82.68000000000009,1.0,1.0,1,590.8463320205815,0.600000000141331,4
scenario_3_multi_region_ep10_d054,scenario_3_multi_region_ep10,scenario_3_multi_region,54,B,val,14.859985450185803,15.926633,0,0.0,0.0,0.0,4.0,8.88888888888889,0.6577777777777778,82.68000000000009,1.0,1.0,1,140.03395322416236,-0.20800953194256905,0
scenario_3_multi_region_ep10_d054,scenario_3_multi_region_ep10,scenario_3_multi_region,54,C,val,7.556728940584049,7.3202567,0,0.0,0.0,0.0,4.0,8.88888888888889,0.6577777777777778,82.68000000000009,1.0,1.0,1,87.63871718488531,-0.312132034254623,0
scenario_3_multi_region_ep10_d054,scenario_3_multi_region_ep10,scenario_3_multi_region,54,D,val,22.642314251332348,24.376133,0,600.0,0.0,0.0,0.0,0.0,0.0,82.68000000000009,0.0,1.0,1,111.77518060581384,0.04796521894598403,3
scenario_3_multi_region_ep10_d057,scenario_3_multi_region_ep10,scenario_3_multi_region,57,A,val,34.59317264625453,31.28255,-1,1080.0,810.0,0.0,0.0,0.0,0.0,82.4400000000001,0.0,1.0,1,561.1004713094419,0.9999999999978764,4
scenario_3_multi_region_ep10_d057,scenario_3_multi_region_ep10,scenario_3_multi_region,57,B,val,14.138917430608217,13.383688,0,0.0,0.0,0.0,4.0,8.88888888888889,0.6577777777777778,82.4400000000001,1.0,1.0,1,140.03499252688198,-0.20630740259849376,0
scenario_3_multi_region_ep10_d057,scenario_3_multi_region_ep10,scenario_3_multi_region,57,C,val,7.358021060815235,7.1634793,0,0.0,0.0,0.0,4.0,8.88888888888889,0.6577777777777778,82.4400000000001,1.0,1.0,1,90.20237492983142,-0.312132034254623,0
scenario_3_multi_region_ep10_d057,scenario_3_multi_region_ep10,scenario_3_multi_region,57,D,val,25.82679536958324,24.606726,0,690.0,90.0,0.0,5.656854249492381,12.57078722109418,0.9302382543609692,82.4400000000001,1.0,1.0,1,114.40153378934042,-0.348610624861312,0
scenario_3_multi_region_ep10_d060,scenario_3_multi_region_ep10,scenario_3_multi_region,60,A,val,34.115002575039696,30.696676,-1,1170.0,900.0,0.0,4.0,8.88888888888889,0.6577777777777778,82.2000000000001,1.0,1.0,1,533.0424851183582,0.6878679657431077,4
scenario_3_multi_region_ep10_d060,scenario_3_multi_region_ep10,scenario_3_multi_region,60,B,val,13.531744219584429,14.816232,0,0.0,0.0,0.0,5.656854249492381,12.57078722109418,0.9302382543609692,82.2000000000001,1.0,1.0,1,139.46993370063683,-0.29313705260427425,0
scenario_3_multi_region_ep10_d060,scenario_3_multi_region_ep10,scenario_3_multi_region,60,C,val,7.840836790781249,8.075557,0,0.0,0.0,0.0,0.0,0.0,0.0,82.2000000000001,0.0,1.0,1,92.37937500881162,0.0,0
scenario_3_multi_region_ep10_d060,scenario_3_multi_region_ep10,scenario_3_multi_region,60,D,val,26.24631286757376,24.60542,0,780.0,180.0,0.0,4.0,8.88888888888889,0.6577777777777778,82.2000000000001,1.0,1.0,1,115.68746636992228,-0.2592388130470128,0
scenario_3_multi_region_ep10_d063,scenario_3_multi_region_ep10,scenario_3_multi_region,63,A,val,33.46476297148608,29.422085,-1,1260.0,990.0,0.0,5.656854249492381,12.57078722109418,0.9302382543609692,81.96000000000011,1.0,1.0,1,506.5609340032461,0.6000000001408933,4
scenario_3_multi_region_ep10_d063,scenario_3_multi_region_ep10,scenario_3_multi_region,63,B,val,13.643862988829786,12.440852,0,0.0,0.0,0.0,4.0,8.88888888888889,0.6577777777777778,81.96000000000011,1.0,1.0,1,138.69056368545876,-0.20422131974437005,0
scenario_3_multi_region_ep10_d063,scenario_3_multi_region_ep10,scenario_3_multi_region,63,C,val,6.7416159220985,8.349815,0,0.0,0.0,0.0,4.0,8.88888888888889,0.6577777777777778,81.96000000000011,1.0,1.0,1,94.19148141427286,-0.312132034254623,0
scenario_3_multi_region_ep10_d063,scenario_3_multi_region_ep10,scenario_3_multi_region,63,D,val,25.88440094859349,24.164223,0,870.0,270.0,0.0,0.0,0.0,0.0,81.96000000000011,0.0,1.0,1,116.2245922574648,0.05343051165601224,3
scenario_3_multi_region_ep10_d066,scenario_3_multi_region_ep10,scenario_3_multi_region,66,A,val,31.831564491750523,28.297642,-1,1350.0,1080.0,0.0,4.0,8.88888888888889,0.6577777777777778,81.72000000000011,1.0,1.0,1,481.56742550172544,0.6878679657427856,4
scenario_3_multi_region_ep10_d066,scenario_3_multi_region_ep10,scenario_3_multi_region,66,B,val,13.539032732400509,11.871709,0,0.0,0.0,0.0,0.0,0.0,0.0,81.72000000000011,0.0,1.0,1,137.7248906666689,0.10896801931803146,3
scenario_3_multi_region_ep10_d066,scenario_3_multi_region_ep10,scenario_3_multi_region,66,C,val,7.915218162963784,8.275411,0,0.0,0.0,0.0,5.656854249492381,12.57078722109418,0.9302382543609692,81.72000000000011,1.0,1.0,1,95.67495217882744,-0.3999999998566819,0
scenario_3_multi_region_ep10_d066,scenario_3_multi_region_ep10,scenario_3_multi_region,66,D,val,26.72521975107115,22.97431,-1,960.0,360.0,0.0,4.0,8.88888888888889,0.6577777777777778,81.72000000000011,1.0,1.0,1,116.5026081409576,-0.2581593413364885,0
scenario_3_multi_region_ep10_d069,scenario_3_multi_region_ep10,scenario_3_multi_region,69,A,val,31.668997983462305,27.943426,-1,1440.0,1170.0,0.0,4.0,8.88888888888889,0.6577777777777778,81.48000000000012,1.0,1.0,1,457.97220209771535,0.6878679657426079,4
scenario_3_multi_region_ep10_d069,scenario_3_multi_region_ep10,scenario_3_multi_region,69,B,val,13.393962373069652,11.900024,0,0.0,0.0,0.0,5.656854249492381,12.57078722109418,0.9302382543609692,81.48000000000012,1.0,1.0,1,136.5920047280365,-0.28996505151482854,0
scenario_3_multi_region_ep10_d069,scenario_3_multi_region_ep10,scenario_3_multi_region,69,C,val,7.990626535514451,7.97538,0,0.0,0.0,0.0,0.0,0.0,0.0,81.48000000000012,0.0,1.0,1,96.85667652622648,0.0,0
scenario_3_multi_region_ep10_d069,scenario_3_multi_region_ep10,scenario_3_multi_region,69,D,val,26.17791588702996,23.878927,0,1050.0,450.0,0.0,4.0,8.88888888888889,0.6577777777777778,81.48000000000012,1.0,1.0,1,116.54462616481328,-0.25761222481864043,0
scenario_3_multi_region_ep10_d072,scenario_3_multi_region_ep10,scenario_3_multi_region,72,A,val,29.77618855546328,27.712934,0,1530.0,1260.0,0.0,0.0,0.0,0.0,81.24000000000012,0.0,1.0,1,435.69111667583593,0.9999999999970408,4
scenario_3_multi_region_ep10_d072,scenario_3_multi_region_ep10,scenario_3_multi_region,72,B,val,13.634860308528122,12.549885,0,0.0,0.0,0.0,4.0,8.88888888888889,0.6577777777777778,81.24000000000012,1.0,1.0,1,135.30954268868777,-0.20102044522203677,0
scenario_3_multi_region_ep10_d072,scenario_3_multi_region_ep10,scenario_3_multi_region,72,C,val,8.521464492191956,7.624499,0,0.0,0.0,0.0,4.0,8.88888888888889,0.6577777777777778,81.24000000000012,1.0,1.0,1,97.76166424845906,-0.312132034254623,0
scenario_3_multi_region_ep10_d072,scenario_3_multi_region_ep10,scenario_3_multi_region,72,D,val,25.67420167189963,24.554726,0,1140.0,540.0,0.0,5.656854249492381,12.57078722109418,0.9302382543609692,81.24000000000012,1.0,1.0,1,116.37208330546446,-0.34492809380271094,0
scenario_3_multi_region_ep10_d075,scenario_3_multi_region_ep10,scenario_3_multi_region,75,A,val,29.32310244327444,27.384262,0,1620.0,1350.0,0.0,4.0,8.88888888888889,0.6577777777777778,81.00000000000013,1.0,1.0,1,414.6452759623269,0.6878679657422148,4
scenario_3_multi_region_ep10_d075,scenario_3_multi_region_ep10,scenario_3_multi_region,75,B,val,13.406812788700648,12.681468,0,0.0,0.0,0.0,0.0,0.0,0.0,81.00000000000013,0.0,1.0,1,133.89378925791084,0.11219802963287907,3
scenario_3_multi_region_ep10_d075,scenario_3_multi_region_ep10,scenario_3_multi_region,75,C,val,7.735385815372572,9.437614,0,0.0,0.0,0.0,5.656854249492381,12.57078722109418,0.9302382543609692,81.00000000000013,1.0,1.0,1,98.41317007002658,-0.3999999998566819,0
scenario_3_multi_region_ep10_d075,scenario_3_multi_region_ep10,scenario_3_multi_region,75,D,val,25.10869309356313,23.205513,0,1230.0,630.0,0.0,4.0,8.88888888888889,0.6577777777777778,81.00000000000013,1.0,1.0,1,116.0048547503925,-0.2565030062320809,0
scenario_3_multi_region_ep10_d078,scenario_3_multi_region_ep10,scenario_3_multi_region,78,A,val,29.274213538303677,26.611046,0,1710.0,1440.0,0.0,5.656854249492381,12.57078722109418,0.9302382543609692,80.76000000000013,1.0,1.0,1,394.76070679478494,0.600000000139939,4
scenario_3_multi_region_ep10_d078,scenario_3_multi_region_ep10,scenario_3_multi_region,78,B,val,12.55906207668013,11.835339,0,0.0,0.0,0.0,4.0,8.88888888888889,0.6577777777777778,80.76000000000013,1.0,1.0,1,132.35977139728902,-0.19883767507030842,0
scenario_3_multi_region_ep10_d078,scenario_3_multi_region_ep10,scenario_3_multi_region,78,C,val,7.538604828588367,9.977778,0,0.0,0.0,0.0,4.0,8.88888888888889,0.6577777777777778,80.76000000000013,1.0,1.0,1,98.83280996058284,-0.312132034254623,0
scenario_3_multi_region_ep10_d078,scenario_3_multi_region_ep10,scenario_3_multi_region,78,D,val,25.58487846795262,22.866423,0,1320.0,720.0,0.0,0.0,0.0,0.0,80.76000000000013,0.0,1.0,1,115.46135981225734,0.0561912210018331,3
scenario_3_multi_region_ep11_d012,scenario_3_multi_region_ep11,scenario_3_multi_region,12,A,val,5.45868211445123,6.2755823,0,0.0,0.0,0.0,5.656854249492381,12.57078722109418,0.9302382543609692,85.34000000000002,1.0,1.0,1,191.09667796657743,0.6000000001369994,4
scenario_3_multi_region_ep11_d012,scenario_3_multi_region_ep11,scenario_3_multi_region,12,B,val,4.136030079376343,5.064055,0,0.0,0.0,0.0,4.0,8.88888888888889,0.6577777777777778,85.34000000000002,1.0,1.0,1,32.84043129559757,-0.312132034254623,0
scenario_3_multi_region_ep11_d012,scenario_3_multi_region_ep11,scenario_3_multi_region,12,C,val,4.646344391357309,12.47659,1,0.0,0.0,0.0,4.0,8.88888888888889,0.6577777777777778,85.34000000000002,1.0,1.0,1,42.40441396879646,-0.25169851030645113,0
scenario_3_multi_region_ep11_d012,scenario_3_multi_region_ep11,scenario_3_multi_region,12,D,val,4.232964217784442,4.354356,0,0.0,0.0,0.0,0.0,0.0,0.0,85.34000000000002,0.0,1.0,1,36.73148870543844,0.024587069968276976,3
scenario_3_multi_region_ep11_d015,scenario_3_multi_region_ep11,scenario_3_multi_region,15,A,val,6.319059125506928,7.126163,0,0.0,0.0,0.0,0.0,0.0,0.0,85.10000000000002,0.0,1.0,1,261.745154909962,0.9999999999955387,4
scenario_3_multi_region_ep11_d015,scenario_3_multi_region_ep11,scenario_3_multi_region,15,B,val,4.706747220325918,5.216501,0,0.0,0.0,0.0,4.0,8.88888888888889,0.6577777777777778,85.10000000000002,1.0,1.0,1,37.95202100375343,-0.31054738287151223,0
scenario_3_multi_region_ep11_d015,scenario_3_multi_region_ep11,scenario_3_multi_region,15,C,val,3.931641843834492,12.7902355,1,0.0,0.0,0.0,4.0,8.88888888888889,0.6577777777777778,85.10000000000002,1.0,1.0,1,42.81269633346688,-0.2888622991108927,0
scenario_3_multi_region_ep11_d015,scenario_3_multi_region_ep11,scenario_3_multi_region,15,D,val,3.95506509513777,4.41242,0,0.0,0.0,0.0,5.656854249492381,12.57078722109418,0.9302382543609692,85.10000000000002,1.0,1.0,1,37.59682404121872,-0.3999999998566819,0
scenario_3_multi_region_ep11_d018,scenario_3_multi_region_ep11,scenario_3_multi_region,18,A,val,7.207194932154716,24.827845,1,0.0,0.0,0.0,4.0,8.88888888888889,0.6577777777777778,84.86000000000003,1.0,1.0,1,349.77887517821307,0.6878679657421524,4
scenario_3_multi_region_ep11_d018,scenario_3_multi_region_ep11,scenario_3_multi_region,18,B,val,4.620244439062569,5.2565827,0,0.0,0.0,0.0,5.656854249492381,12.57078722109418,0.9302382543609692,84.86000000000003,1.0,1.0,1,45.306795215114334,-0.3818333960149387,0
scenario_3_multi_region_ep11_d018,scenario_3_multi_region_ep11,scenario_3_multi_region,18,C,val,3.4546316917645723,9.410811,1,0.0,0.0,0.0,0.0,0.0,0.0,84.86000000000003,0.0,1.0,1,44.14897670420101,0.014432977819813812,3
scenario_3_multi_region_ep11_d018,scenario_3_multi_region_ep11,scenario_3_multi_region,18,D,val,4.598997052940032,5.4527607,0,0.0,0.0,0.0,4.0,8.88888888888889,0.6577777777777778,84.86000000000003,1.0,1.0,1,39.67322878803816,-0.312132034254623,0
scenario_3_multi_region_ep11_d021,scenario_3_multi_region_ep11,scenario_3_multi_region,21,A,val,12.01932576004524,31.181267,1,30.0,0.0,0.0,5.656854249492381,12.57078722109418,0.9302382543609692,84.62000000000003,1.0,1.0,1,451.7267323969354,0.60000000014087,4
scenario_3_multi_region_ep11_d021,scenario_3_multi_region_ep11,scenario_3_multi_region,21,B,val,5.231117096130776,5.269668,0,0.0,0.0,0.0,4.0,8.88888888888889,0.6577777777777778,84.62000000000003,1.0,1.0,1,53.589848136639375,-0.2869002695245838,0
scenario_3_multi_region_ep11_d021,scenario_3_multi_region_ep11,scenario_3_multi_region,21,C,val,2.8742516335010784,10.290777,1,0.0,0.0,0.0,4.0,8.88888888888889,0.6577777777777778,84.62000000000003,1.0,1.0,1,46.638560698913125,-0.3039192759426872,0
scenario_3_multi_region_ep11_d021,scenario_3_multi_region_ep11,scenario_3_multi_region,21,D,val,6.42447007207846,6.654819,0,0.0,0.0,0.0,0.0,0.0,0.0,84.62000000000003,0.0,1.0,1,43.28412024097224,0.0,0
scenario_3_multi_region_ep11_d024,scenario_3_multi_region_ep11,scenario_3_multi_region,24,A,val,17.554891410914596,35.971375,1,120.0,0.0,0.0,4.0,8.88888888888889,0.6577777777777778,84.38000000000004,1.0,1.0,1,511.1766987061096,0.6878679657432202,4
scenario_3_multi_region_ep11_d024,scenario_3_multi_region_ep11,scenario_3_multi_region,24,B,val,5.704352265447201,10.195275,1,0.0,0.0,0.0,0.0,0.0,0.0,84.38000000000004,0.0,1.0,1,63.67659017644724,0.034796728472962744,3
scenario_3_multi_region_ep11_d024,scenario_3_multi_region_ep11,scenario_3_multi_region,24,C,val,3.903122471043236,7.0499063,1,0.0,0.0,0.0,5.656854249492381,12.57078722109418,0.9302382543609692,84.38000000000004,1.0,1.0,1,49.15924818356666,-0.39651541124311107,0
scenario_3_multi_region_ep11_d024,scenario_3_multi_region_ep11,scenario_3_multi_region,24,D,val,6.806959127058954,8.475477,0,0.0,0.0,0.0,4.0,8.88888888888889,0.6577777777777778,84.38000000000004,1.0,1.0,1,47.54367783817133,-0.312132034254623,0
scenario_3_multi_region_ep11_d027,scenario_3_multi_region_ep11,scenario_3_multi_region,27,A,val,21.330118244766364,34.618877,1,210.0,0.0,0.0,4.0,8.88888888888889,0.6577777777777778,84.14000000000004,1.0,1.0,1,594.8535001960292,0.6878679657435323,4
scenario_3_multi_region_ep11_d027,scenario_3_multi_region_ep11,scenario_3_multi_region,27,B,val,6.830186981821913,10.30412,1,0.0,0.0,0.0,5.656854249492381,12.57078722109418,0.9302382543609692,84.14000000000004,1.0,1.0,1,72.76016183554066,-0.3631215182213611,0
scenario_3_multi_region_ep11_d027,scenario_3_multi_region_ep11,scenario_3_multi_region,27,C,val,3.593378729792089,7.312393,1,0.0,0.0,0.0,0.0,0.0,0.0,84.14000000000004,0.0,1.0,1,52.76890504856783,0.0,0
scenario_3_multi_region_ep11_d027,scenario_3_multi_region_ep11,scenario_3_multi_region,27,D,val,7.077796185324098,9.488165,0,0.0,0.0,0.0,4.0,8.88888888888889,0.6577777777777778,84.14000000000004,1.0,1.0,1,53.26774246557147,-0.31121181364428263,0
scenario_3_multi_region_ep11_d030,scenario_3_multi_region_ep11,scenario_3_multi_region,30,A,val,25.33308764561413,33.42681,1,300.0,90.0,0.0,0.0,0.0,0.0,83.90000000000005,0.0,1.0,1,647.3582537142477,0.9999999999983076,4
scenario_3_multi_region_ep11_d030,scenario_3_multi_region_ep11,scenario_3_multi_region,30,B,val,7.444348680830936,10.36436,0,0.0,0.0,0.0,4.0,8.88888888888889,0.6577777777777778,83.90000000000005,1.0,1.0,1,82.55323248150489,-0.26801729382705186,0
scenario_3_multi_region_ep11_d030,scenario_3_multi_region_ep11,scenario_3_multi_region,30,C,val,4.437090245444786,8.926866,1,0.0,0.0,0.0,4.0,8.88888888888889,0.6577777777777778,83.90000000000005,1.0,1.0,1,56.487105135780894,-0.312132034254623,0
scenario_3_multi_region_ep11_d030,scenario_3_multi_region_ep11,scenario_3_multi_region,30,D,val,9.420781690553865,12.539072,1,0.0,0.0,0.0,5.656854249492381,12.57078722109418,0.9302382543609692,83.90000000000005,1.0,1.0,1,60.19083574229262,-0.3937317455758357,0
scenario_3_multi_region_ep11_d033,scenario_3_multi_region_ep11,scenario_3_multi_region,33,A,val,28.857620384859437,34.738617,1,390.0,180.0,0.0,4.0,8.88888888888889,0.6577777777777778,83.66000000000005,1.0,1.0,1,695.8017828057802,0.6878679657438019,4
scenario_3_multi_region_ep11_d033,scenario_3_multi_region_ep11,scenario_3_multi_region,33,B,val,8.264432541599152,11.109915,0,0.0,0.0,0.0,0.0,0.0,0.0,83.66000000000005,0.0,1.0,1,93.71791437884532,0.05164376255664621,3
scenario_3_multi_region_ep11_d033,scenario_3_multi_region_ep11,scenario_3_multi_region,33,C,val,4.7628406058447865,7.526654,0,0.0,0.0,0.0,5.656854249492381,12.57078722109418,0.9302382543609692,83.66000000000005,1.0,1.0,1,60.93078744002287,-0.3999999998566819,0
scenario_3_multi_region_ep11_d033,scenario_3_multi_region_ep11,scenario_3_multi_region,33,D,val,9.026064752315826,14.314264,1,0.0,0.0,0.0,4.0,8.88888888888889,0.6577777777777778,83.66000000000005,1.0,1.0,1,68.92356601440179,-0.29954242371530143,0
scenario_3_multi_region_ep11_d036,scenario_3_multi_region_ep11,scenario_3_multi_region,36,A,val,32.400139640062605,34.73038,0,480.0,270.0,0.0,5.656854249492381,12.57078722109418,0.9302382543609692,83.42000000000006,1.0,1.0,1,723.0983177588435,0.6000000001417974,4
scenario_3_multi_region_ep11_d036,scenario_3_multi_region_ep11,scenario_3_multi_region,36,B,val,9.063555913823071,12.544177,1,0.0,0.0,0.0,4.0,8.88888888888889,0.6577777777777778,83.42000000000006,1.0,1.0,1,103.7355528621963,-0.2540415557747061,0
scenario_3_multi_region_ep11_d036,scenario_3_multi_region_ep11,scenario_3_multi_region,36,C,val,4.825032837903606,7.2838864,0,0.0,0.0,0.0,4.0,8.88888888888889,0.6577777777777778,83.42000000000006,1.0,1.0,1,65.53753219935766,-0.312132034254623,0
scenario_3_multi_region_ep11_d036,scenario_3_multi_region_ep11,scenario_3_multi_region,36,D,val,10.041416594434402,15.339485,1,0.0,0.0,0.0,0.0,0.0,0.0,83.42000000000006,0.0,1.0,1,77.06857368114811,0.01753608447310575,3
scenario_3_multi_region_ep11_d039,scenario_3_multi_region_ep11,scenario_3_multi_region,39,A,val,34.236612306236495,33.672855,0,570.0,360.0,0.0,0.0,0.0,0.0,83.18000000000006,0.0,1.0,1,752.7950907152735,0.9999999999985341,4
scenario_3_multi_region_ep11_d039,scenario_3_multi_region_ep11,scenario_3_multi_region,39,B,val,9.73792884473043,13.083999,1,0.0,0.0,0.0,4.0,8.88888888888889,0.6577777777777778,83.18000000000006,1.0,1.0,1,113.55015372725416,-0.24920352062343445,0
scenario_3_multi_region_ep11_d039,scenario_3_multi_region_ep11,scenario_3_multi_region,39,C,val,5.199815900360537,7.599232,0,0.0,0.0,0.0,4.0,8.88888888888889,0.6577777777777778,83.18000000000006,1.0,1.0,1,70.62201610259763,-0.312132034254623,0
scenario_3_multi_region_ep11_d039,scenario_3_multi_region_ep11,scenario_3_multi_region,39,D,val,11.754285068219987,20.29531,1,60.0,0.0,0.0,5.656854249492381,12.57078722109418,0.9302382543609692,83.18000000000006,1.0,1.0,1,84.99740886387508,-0.37892705913790836,0
scenario_3_multi_region_ep11_d042,scenario_3_multi_region_ep11,scenario_3_multi_region,42,A,val,37.28181827925207,33.1362,-1,660.0,450.0,0.0,4.0,8.88888888888889,0.6577777777777778,82.94000000000007,1.0,1.0,1,731.6735580711847,0.6878679657438543,4
scenario_3_multi_region_ep11_d042,scenario_3_multi_region_ep11,scenario_3_multi_region,42,B,val,10.394506904922851,13.150944,0,0.0,0.0,0.0,5.656854249492381,12.57078722109418,0.9302382543609692,82.94000000000007,1.0,1.0,1,122.43975186367652,-0.32769836633627736,0
scenario_3_multi_region_ep11_d042,scenario_3_multi_region_ep11,scenario_3_multi_region,42,C,val,5.136674613220396,6.1769843,0,0.0,0.0,0.0,0.0,0.0,0.0,82.94000000000007,0.0,1.0,1,74.95815549967392,0.0,0
scenario_3_multi_region_ep11_d042,scenario_3_multi_region_ep11,scenario_3_multi_region,42,D,val,15.071816642647809,23.586462,1,150.0,0.0,0.0,4.0,8.88888888888889,0.6577777777777778,82.94000000000007,1.0,1.0,1,93.17781950873176,-0.284388412074167,0
scenario_3_multi_region_ep11_d045,scenario_3_multi_region_ep11,scenario_3_multi_region,45,A,val,40.50210599304226,31.526802,-1,750.0,540.0,0.0,5.656854249492381,12.57078722109418,0.9302382543609692,82.70000000000007,1.0,1.0,1,701.1079567229147,0.6000000001417103,4
scenario_3_multi_region_ep11_d045,scenario_3_multi_region_ep11,scenario_3_multi_region,45,B,val,11.901867482496684,13.76381,0,0.0,0.0,0.0,4.0,8.88888888888889,0.6577777777777778,82.70000000000007,1.0,1.0,1,129.57261485102595,-0.2311233337070914,0
scenario_3_multi_region_ep11_d045,scenario_3_multi_region_ep11,scenario_3_multi_region,45,C,val,5.542460175358496,7.5493474,0,0.0,0.0,0.0,4.0,8.88888888888889,0.6577777777777778,82.70000000000007,1.0,1.0,1,79.19201234728416,-0.312132034254623,0
scenario_3_multi_region_ep11_d045,scenario_3_multi_region_ep11,scenario_3_multi_region,45,D,val,16.507723433618608,23.458452,1,240.0,0.0,0.0,0.0,0.0,0.0,82.70000000000007,0.0,1.0,1,100.22250245265629,0.033815647107185466,3
scenario_3_multi_region_ep11_d048,scenario_3_multi_region_ep11,scenario_3_multi_region,48,A,val,39.080154000644406,30.46339,-1,840.0,630.0,0.0,4.0,8.88888888888889,0.6577777777777778,82.46000000000008,1.0,1.0,1,664.9521139329895,0.6878679657436587,4
scenario_3_multi_region_ep11_d048,scenario_3_multi_region_ep11,scenario_3_multi_region,48,B,val,12.578639872333058,13.91059,0,0.0,0.0,0.0,0.0,0.0,0.0,82.46000000000008,0.0,1.0,1,134.6895320847418,0.08887200332403827,3
scenario_3_multi_region_ep11_d048,scenario_3_multi_region_ep11,scenario_3_multi_region,48,C,val,6.6558441888510895,7.9796124,0,0.0,0.0,0.0,5.656854249492381,12.57078722109418,0.9302382543609692,82.46000000000008,1.0,1.0,1,82.96738315654966,-0.3999999998566819,0
scenario_3_multi_region_ep11_d048,scenario_3_multi_region_ep11,scenario_3_multi_region,48,D,val,18.995218061806803,23.575363,1,330.0,0.0,0.0,4.0,8.88888888888889,0.6577777777777778,82.46000000000008,1.0,1.0,1,105.79471574210264,-0.2729087842647835,0
scenario_3_multi_region_ep11_d051,scenario_3_multi_region_ep11,scenario_3_multi_region,51,A,val,37.55956429565666,28.398743,-1,930.0,720.0,0.0,4.0,8.88888888888889,0.6577777777777778,82.22000000000008,1.0,1.0,1,630.9794930926548,0.6878679657435409,4
scenario_3_multi_region_ep11_d051,scenario_3_multi_region_ep11,scenario_3_multi_region,51,B,val,13.121286643858369,14.494742,0,0.0,0.0,0.0,5.656854249492381,12.57078722109418,0.9302382543609692,82.22000000000008,1.0,1.0,1,139.3480086369375,-0.302709818468772,0
scenario_3_multi_region_ep11_d051,scenario_3_multi_region_ep11,scenario_3_multi_region,51,C,val,5.291262633589073,8.092126,0,0.0,0.0,0.0,0.0,0.0,0.0,82.22000000000008,0.0,1.0,1,86.36208191649803,0.0,0
scenario_3_multi_region_ep11_d051,scenario_3_multi_region_ep11,scenario_3_multi_region,51,D,val,20.52142474809396,22.87852,0,420.0,0.0,0.0,4.0,8.88888888888889,0.6577777777777778,82.22000000000008,1.0,1.0,1,111.14824624906736,-0.26662088491586877,0
scenario_3_multi_region_ep11_d054,scenario_3_multi_region_ep11,scenario_3_multi_region,54,A,val,35.508963034896546,27.547417,-1,1020.0,810.0,0.0,0.0,0.0,0.0,81.98000000000009,0.0,1.0,1,598.9307111866879,0.9999999999980379,4
scenario_3_multi_region_ep11_d054,scenario_3_multi_region_ep11,scenario_3_multi_region,54,B,val,13.353500307739216,14.017413,0,0.0,0.0,0.0,4.0,8.88888888888889,0.6577777777777778,81.98000000000009,1.0,1.0,1,140.48649745688886,-0.21166070710740145,0
scenario_3_multi_region_ep11_d054,scenario_3_multi_region_ep11,scenario_3_multi_region,54,C,val,6.7542938171608125,8.186215,0,0.0,0.0,0.0,4.0,8.88888888888889,0.6577777777777778,81.98000000000009,1.0,1.0,1,89.28134973166857,-0.312132034254623,0
scenario_3_multi_region_ep11_d054,scenario_3_multi_region_ep11,scenario_3_multi_region,54,D,val,22.339334809296314,24.441063,0,510.0,0.0,0.0,5.656854249492381,12.57078722109418,0.9302382543609692,81.98000000000009,1.0,1.0,1,113.91932287339456,-0.351657011510071,0
scenario_3_multi_region_ep11_d057,scenario_3_multi_region_ep11,scenario_3_multi_region,57,A,val,36.26095714208862,27.415447,-1,1110.0,900.0,0.0,4.0,8.88888888888889,0.6577777777777778,81.7400000000001,1.0,1.0,1,568.7568257461276,0.6878679657432802,4
scenario_3_multi_region_ep11_d057,scenario_3_multi_region_ep11,scenario_3_multi_region,57,B,val,14.023039035315914,16.11375,0,0.0,0.0,0.0,0.0,0.0,0.0,81.7400000000001,0.0,1.0,1,140.59163763547986,0.10224077911770277,3
scenario_3_multi_region_ep11_d057,scenario_3_multi_region_ep11,scenario_3_multi_region,57,C,val,5.958850410282116,8.461134,0,0.0,0.0,0.0,5.656854249492381,12.57078722109418,0.9302382543609692,81.7400000000001,1.0,1.0,1,91.83029784039468,-0.3999999998566819,0
scenario_3_multi_region_ep11_d057,scenario_3_multi_region_ep11,scenario_3_multi_region,57,D,val,23.421821574225625,24.506536,0,600.0,0.0,0.0,4.0,8.88888888888889,0.6577777777777778,81.7400000000001,1.0,1.0,1,116.31166596934236,-0.2608005047706199,0
scenario_3_multi_region_ep11_d060,scenario_3_multi_region_ep11,scenario_3_multi_region,60,A,val,33.400357896524085,30.00346,-1,1200.0,990.0,0.0,5.656854249492381,12.57078722109418,0.9302382543609692,81.5000000000001,1.0,1.0,1,540.2945366432159,0.6000000001410776,4
scenario_3_multi_region_ep11_d060,scenario_3_multi_region_ep11,scenario_3_multi_region,60,B,val,14.07906200254605,13.262826,0,0.0,0.0,0.0,4.0,8.88888888888889,0.6577777777777778,81.5000000000001,1.0,1.0,1,140.09769469736898,-0.20882166904953542,0
scenario_3_multi_region_ep11_d060,scenario_3_multi_region_ep11,scenario_3_multi_region,60,C,val,7.104764466766027,9.055886,0,0.0,0.0,0.0,4.0,8.88888888888889,0.6577777777777778,81.5000000000001,1.0,1.0,1,93.9897881362458,-0.312132034254623,0
scenario_3_multi_region_ep11_d060,scenario_3_multi_region_ep11,scenario_3_multi_region,60,D,val,24.60941812931992,22.956802,0,690.0,0.0,0.0,0.0,0.0,0.0,81.5000000000001,0.0,1.0,1,117.44890390542378,0.05256299837186034,3
scenario_3_multi_region_ep11_d063,scenario_3_multi_region_ep11,scenario_3_multi_region,63,A,val,33.571716797955034,28.66496,-1,1290.0,1080.0,0.0,0.0,0.0,0.0,81.2600000000001,0.0,1.0,1,513.4341408449945,0.9999999999976057,4
scenario_3_multi_region_ep11_d063,scenario_3_multi_region_ep11,scenario_3_multi_region,63,B,val,13.303438579871676,12.028862,0,0.0,0.0,0.0,4.0,8.88888888888889,0.6577777777777778,81.2600000000001,1.0,1.0,1,139.3832834427808,-0.20774234798418728,0
scenario_3_multi_region_ep11_d063,scenario_3_multi_region_ep11,scenario_3_multi_region,63,C,val,6.2237277063026,8.61888,0,0.0,0.0,0.0,4.0,8.88888888888889,0.6577777777777778,81.2600000000001,1.0,1.0,1,95.78502306667316,-0.312132034254623,0
scenario_3_multi_region_ep11_d063,scenario_3_multi_region_ep11,scenario_3_multi_region,63,D,val,25.56374674988232,22.571644,0,780.0,90.0,0.0,5.656854249492381,12.57078722109418,0.9302382543609692,81.2600000000001,1.0,1.0,1,117.95864542471077,-0.34690848974901833,0
scenario_3_multi_region_ep11_d066,scenario_3_multi_region_ep11,scenario_3_multi_region,66,A,val,32.8282161899489,27.796741,-1,1380.0,1170.0,0.0,4.0,8.88888888888889,0.6577777777777778,81.02000000000011,1.0,1.0,1,488.0833864595229,0.6878679657428184,4
scenario_3_multi_region_ep11_d066,scenario_3_multi_region_ep11,scenario_3_multi_region,66,B,val,12.803994085936507,12.772387,0,0.0,0.0,0.0,5.656854249492381,12.57078722109418,0.9302382543609692,81.02000000000011,1.0,1.0,1,138.47464329256786,-0.29452116910447823,0
scenario_3_multi_region_ep11_d066,scenario_3_multi_region_ep11,scenario_3_multi_region,66,C,val,6.81845740124904,8.892536,0,0.0,0.0,0.0,0.0,0.0,0.0,81.02000000000011,0.0,1.0,1,97.24999404126766,0.0,0
scenario_3_multi_region_ep11_d066,scenario_3_multi_region_ep11,scenario_3_multi_region,66,D,val,25.92003399154873,21.937252,-1,870.0,180.0,0.0,4.0,8.88888888888889,0.6577777777777778,81.02000000000011,1.0,1.0,1,118.2083690814568,-0.25850720217347206,0
scenario_3_multi_region_ep11_d069,scenario_3_multi_region_ep11,scenario_3_multi_region,69,A,val,31.954561798652016,27.803228,-1,1470.0,1260.0,0.0,5.656854249492381,12.57078722109418,0.9302382543609692,80.78000000000011,1.0,1.0,1,464.1512093192384,0.6000000001405841,4
scenario_3_multi_region_ep11_d069,scenario_3_multi_region_ep11,scenario_3_multi_region,69,B,val,12.311475996071309,12.787476,0,0.0,0.0,0.0,4.0,8.88888888888889,0.6577777777777778,80.78000000000011,1.0,1.0,1,137.39151072441268,-0.2055541463653709,0
scenario_3_multi_region_ep11_d069,scenario_3_multi_region_ep11,scenario_3_multi_region,69,C,val,7.724155584489132,8.548056,0,0.0,0.0,0.0,4.0,8.88888888888889,0.6577777777777778,80.78000000000011,1.0,1.0,1,98.41177421286012,-0.312132034254623,0
scenario_3_multi_region_ep11_d069,scenario_3_multi_region_ep11,scenario_3_multi_region,69,D,val,26.571505504578457,22.508049,-1,960.0,270.0,0.0,0.0,0.0,0.0,80.78000000000011,0.0,1.0,1,118.2213221588263,0.05416300798996489,3
scenario_3_multi_region_ep11_d072,scenario_3_multi_region_ep11,scenario_3_multi_region,72,A,val,31.59521325780893,26.077728,-1,1560.0,1350.0,0.0,4.0,8.88888888888889,0.6577777777777778,80.54000000000012,1.0,1.0,1,441.5522374076511,0.6878679657424552,4
scenario_3_multi_region_ep11_d072,scenario_3_multi_region_ep11,scenario_3_multi_region,72,B,val,13.05062348182536,12.697341,0,0.0,0.0,0.0,0.0,0.0,0.0,80.54000000000012,0.0,1.0,1,136.15212210676555,0.10768694772801105,3
scenario_3_multi_region_ep11_d072,scenario_3_multi_region_ep11,scenario_3_multi_region,72,C,val,7.23636183594457,8.584436,0,0.0,0.0,0.0,5.656854249492381,12.57078722109418,0.9302382543609692,80.54000000000012,1.0,1.0,1,99.29554338822618,-0.3999999998566819,0
scenario_3_multi_region_ep11_d072,scenario_3_multi_region_ep11,scenario_3_multi_region,72,D,val,25.30652524130718,22.708122,0,1050.0,360.0,0.0,4.0,8.88888888888889,0.6577777777777778,80.54000000000012,1.0,1.0,1,118.01906613143888,-0.2574259523274268,0
scenario_3_multi_region_ep11_d075,scenario_3_multi_region_ep11,scenario_3_multi_region,75,A,val,30.5699456612654,25.990868,-1,1650.0,1440.0,0.0,4.0,8.88888888888889,0.6577777777777778,80.30000000000013,1.0,1.0,1,420.2064290980156,0.6878679657422548,4
scenario_3_multi_region_ep11_d075,scenario_3_multi_region_ep11,scenario_3_multi_region,75,B,val,13.109743683505071,11.631971,0,0.0,0.0,0.0,5.656854249492381,12.57078722109418,0.9302382543609692,80.30000000000013,1.0,1.0,1,134.77331808619897,-0.29119389872691714,0
scenario_3_multi_region_ep11_d075,scenario_3_multi_region_ep11,scenario_3_multi_region,75,C,val,8.281540233568537,8.716209,0,0.0,0.0,0.0,0.0,0.0,0.0,80.30000000000013,0.0,1.0,1,99.92471333024788,0.0,0
scenario_3_multi_region_ep11_d075,scenario_3_multi_region_ep11,scenario_3_multi_region,75,D,val,24.827086817146174,23.106798,0,1140.0,0.0,0.0,4.0,8.88888888888889,0.6577777777777778,80.30000000000013,1.0,1.0,1,117.62159076422812,-0.25687793586969754,0
scenario_3_multi_region_ep11_d078,scenario_3_multi_region_ep11,scenario_3_multi_region,78,A,val,29.671029027042596,25.401114,-1,1740.0,1530.0,0.0,0.0,0.0,0.0,80.06000000000013,0.0,1.0,1,400.0387345544857,0.9999999999966636,4
scenario_3_multi_region_ep11_d078,scenario_3_multi_region_ep11,scenario_3_multi_region,78,B,val,13.478741624483328,11.767623,0,0.0,0.0,0.0,4.0,8.88888888888889,0.6577777777777778,80.06000000000013,1.0,1.0,1,133.270640964241,-0.20219659447668578,0
scenario_3_multi_region_ep11_d078,scenario_3_multi_region_ep11,scenario_3_multi_region,78,C,val,7.954791118747785,9.163977,0,0.0,0.0,0.0,4.0,8.88888888888889,0.6577777777777778,80.06000000000013,1.0,1.0,1,100.3210449480166,-0.312132034254623,0
scenario_3_multi_region_ep11_d078,scenario_3_multi_region_ep11,scenario_3_multi_region,78,D,val,25.11003602941305,22.616503,0,1230.0,90.0,0.0,5.656854249492381,12.57078722109418,0.9302382543609692,80.06000000000013,1.0,1.0,1,117.04742070042404,-0.3441928975988423,0
